run_id,finished_at_lima,order_id,status,detection_origin,site,appointment_date,appointment_hour,slots,submission_outcome,confirmation_source,defense_signal,duration_seconds,total_from_available_seconds,selection_seconds,captcha_solver_seconds,captcha_field_fill_seconds,pre_click_validation_seconds,submission_intent_seconds,selection_stabilization_mode,click_to_portal_response_seconds,screenshot_path,evidence_paths,message
***-080931-54d410da,2026-08-01 08:09:51,order-***,partial,normal,LIMA-LA VICTORIA,01/08/2026,11:00,27,blocked_by_order_rule,,,19.943,6.421,1.953,,,,,,,screenshots\2026-08\01-08-2026\captchas\captcha-080931-order-***,screenshots\2026-08\01-08-2026\captchas\captcha-080931-order-***,"Se encontro un horario disponible, pero no cumple la regla de reserva de la orden."
***-081040-d787dbae,2026-08-01 08:11:11,order-***,partial,normal,LIMA-LA VICTORIA,01/08/2026,11:00,30,blocked_by_order_rule,,,31.549,6.407,1.953,,,,,,,screenshots\2026-08\01-08-2026\captchas\captcha-081040-order-***,screenshots\2026-08\01-08-2026\captchas\captcha-081040-order-***,"Se encontro un horario disponible, pero no cumple la regla de reserva de la orden."
***-094647-d0fd252c,2026-08-01 09:47:39,order-***,partial,normal,LIMA-LA VICTORIA,24/08/2026,12:00,10,blocked_by_order_rule,,,51.286,6.516,1.969,,,,,,,screenshots\2026-08\01-08-2026\captchas\captcha-094647-order-***,screenshots\2026-08\01-08-2026\captchas\captcha-094647-order-***,"Se encontro un horario disponible, pero no cumple la regla de reserva de la orden."
***-094740-ee6f33f7,2026-08-01 09:48:10,order-***,unavailable,normal,LIMA-LA VICTORIA,24/08/2026,12:00,15,slot_lost,,,30.381,15.047,1.656,7.484,,,,,0.046,screenshots\2026-08\01-08-2026\portal-1-094740-order-***,screenshots\2026-08\01-08-2026\portal-1-094740-order-*** | screenshots\2026-08\01-08-2026\preenvio-1-094740-order-*** | screenshots\2026-08\01-08-2026\cupo-094740-order-*** | screenshots\2026-08\01-08-2026\captchas\captcha-094740-order-*** | screenshots\2026-08\01-08-2026\diagnostics\portal-html-1-094740-order-***,El cupo dejo de estar disponible antes de completar la reserva.
***-094813-168770b4,2026-08-01 09:48:27,order-***,partial,normal,LIMA-LA VICTORIA,24/08/2026,12:00,20,blocked_by_order_rule,,,13.877,6.468,1.953,,,,,,,screenshots\2026-08\01-08-2026\captchas\captcha-094813-order-***,screenshots\2026-08\01-08-2026\captchas\captcha-094813-order-***,"Se encontro un horario disponible, pero no cumple la regla de reserva de la orden."
***-095224-508a8e4c,2026-08-01 09:52:48,order-***,unavailable,normal,LIMA-LA VICTORIA,22/08/2026,11:00,5,slot_lost,,,23.929,8.718,1.672,1.265,,,,,0.047,screenshots\2026-08\01-08-2026\portal-1-095224-order-***,screenshots\2026-08\01-08-2026\portal-1-095224-order-*** | screenshots\2026-08\01-08-2026\preenvio-1-095224-order-*** | screenshots\2026-08\01-08-2026\cupo-095224-order-*** | screenshots\2026-08\01-08-2026\captchas\captcha-095224-order-*** | screenshots\2026-08\01-08-2026\diagnostics\portal-html-1-095224-order-***,El cupo dejo de estar disponible antes de completar la reserva.
***-101311-2014f36a,2026-08-01 10:13:21,order-***,partial,normal,LIMA-LA VICTORIA,08/08/2026,10:00,18,blocked_by_order_rule,,,10.242,6.422,1.937,,,,,,,screenshots\2026-08\01-08-2026\captchas\captcha-101311-order-***,screenshots\2026-08\01-08-2026\captchas\captcha-101311-order-***,"Se encontro un horario disponible, pero no cumple la regla de reserva de la orden."
***-101414-8f03fedb,2026-08-01 10:14:51,order-***,unavailable,normal,LIMA-LA VICTORIA,08/08/2026,11:00,15,slot_lost,,,37.272,14.390,1.656,6.938,,,,,0.031,screenshots\2026-08\01-08-2026\portal-1-101414-order-***,screenshots\2026-08\01-08-2026\portal-1-101414-order-*** | screenshots\2026-08\01-08-2026\preenvio-1-101414-order-*** | screenshots\2026-08\01-08-2026\cupo-101414-order-*** | screenshots\2026-08\01-08-2026\captchas\captcha-101414-order-*** | screenshots\2026-08\01-08-2026\diagnostics\portal-html-1-101414-order-***,El cupo dejo de estar disponible antes de completar la reserva.
***-101544-d5912f78,2026-08-01 10:16:09,order-***,unavailable,normal,LIMA-LA VICTORIA,12/08/2026,08:00,30,slot_lost,,,24.627,14.578,1.672,6.828,,,,,0.047,screenshots\2026-08\01-08-2026\portal-1-101544-order-***,screenshots\2026-08\01-08-2026\portal-1-101544-order-*** | screenshots\2026-08\01-08-2026\preenvio-1-101544-order-*** | screenshots\2026-08\01-08-2026\cupo-101544-order-*** | screenshots\2026-08\01-08-2026\captchas\captcha-101544-order-*** | screenshots\2026-08\01-08-2026\diagnostics\portal-html-1-101544-order-***,El cupo dejo de estar disponible antes de completar la reserva.
***-115205-2d959208,2026-08-01 11:52:55,order-***,unavailable,normal,LIMA-LA VICTORIA,12/08/2026,09:00,30,slot_lost,,,50.937,8.922,1.641,1.406,,,,,0.031,screenshots\2026-08\01-08-2026\portal-1-115205-order-***,screenshots\2026-08\01-08-2026\portal-1-115205-order-*** | screenshots\2026-08\01-08-2026\preenvio-1-115205-order-*** | screenshots\2026-08\01-08-2026\cupo-115205-order-*** | screenshots\2026-08\01-08-2026\captchas\captcha-115205-order-*** | screenshots\2026-08\01-08-2026\diagnostics\portal-html-1-115205-order-***,El cupo dejo de estar disponible antes de completar la reserva.
***-115350-8cf208ed,2026-08-01 11:54:25,order-***,unavailable,normal,LIMA-LA VICTORIA,12/08/2026,10:00,30,slot_lost,,,35.335,20.718,1.656,1.234,,,,,0.047,screenshots\2026-08\01-08-2026\portal-2-115350-order-***,screenshots\2026-08\01-08-2026\portal-2-115350-order-*** | screenshots\2026-08\01-08-2026\preenvio-1-115350-order-*** | screenshots\2026-08\01-08-2026\portal-1-115350-order-*** | screenshots\2026-08\01-08-2026\preenvio-2-115350-order-*** | screenshots\2026-08\01-08-2026\cupo-115350-order-*** | screenshots\2026-08\01-08-2026\captchas\captcha-115350-order-*** | screenshots\2026-08\01-08-2026\captchas\captcha-115350-order-*** | screenshots\2026-08\01-08-2026\diagnostics\portal-html-1-115350-order-*** | screenshots\2026-08\01-08-2026\diagnostics\portal-html-2-115350-order-***,El cupo dejo de estar disponible antes de completar la reserva.
***-115428-06d7fd16,2026-08-01 11:55:10,order-***,unavailable,normal,LIMA-LA VICTORIA,14/08/2026,08:00,30,slot_lost,,,42.721,8.703,1.656,1.219,,,,,0.047,screenshots\2026-08\01-08-2026\portal-1-115428-order-***,screenshots\2026-08\01-08-2026\portal-1-115428-order-*** | screenshots\2026-08\01-08-2026\preenvio-1-115428-order-*** | screenshots\2026-08\01-08-2026\cupo-115428-order-*** | screenshots\2026-08\01-08-2026\captchas\captcha-115428-order-*** | screenshots\2026-08\01-08-2026\diagnostics\portal-html-1-115428-order-***,El cupo dejo de estar disponible antes de completar la reserva.
***-115513-9cf61e73,2026-08-01 11:55:56,order-***,partial,normal,LIMA-LA VICTORIA,15/08/2026,11:00,20,blocked_by_order_rule,,,43.098,6.406,1.953,,,,,,,screenshots\2026-08\01-08-2026\captchas\captcha-115513-order-***,screenshots\2026-08\01-08-2026\captchas\captcha-115513-order-***,"Se encontro un horario disponible, pero no cumple la regla de reserva de la orden."
***-074845-e6528760,2026-08-03 07:49:36,order-***,partial,normal,LIMA-LA VICTORIA,03/08/2026,10:00,30,blocked_by_order_rule,,,51.629,2.812,1.953,,,,,,,screenshots\2026-08\03-08-2026\captchas\captcha-074845-order-***,screenshots\2026-08\03-08-2026\captchas\captcha-074845-order-***,"Se encontro un horario disponible, pero no cumple la regla de reserva de la orden."
***-102647-47a36bf3,2026-08-03 10:27:24,order-***,unavailable,normal,LIMA-LA VICTORIA,06/08/2026,08:00,20,slot_lost,,,36.335,10.735,1.657,7.157,,,,,0.047,screenshots\2026-08\03-08-2026\portal-1-102647-order-***,screenshots\2026-08\03-08-2026\portal-1-102647-order-*** | screenshots\2026-08\03-08-2026\preenvio-1-102647-order-*** | screenshots\2026-08\03-08-2026\cupo-102647-order-*** | screenshots\2026-08\03-08-2026\captchas\captcha-102647-order-*** | screenshots\2026-08\03-08-2026\diagnostics\portal-html-1-102647-order-***,El cupo dejo de estar disponible antes de completar la reserva.
***-102817-bb47dca9,2026-08-03 10:29:15,order-***,unavailable,normal,LIMA-LA VICTORIA,06/08/2026,09:00,20,slot_lost,,,58.570,10.609,1.672,6.985,,,,,0.047,screenshots\2026-08\03-08-2026\portal-1-102817-order-***,screenshots\2026-08\03-08-2026\portal-1-102817-order-*** | screenshots\2026-08\03-08-2026\preenvio-1-102817-order-*** | screenshots\2026-08\03-08-2026\cupo-102817-order-*** | screenshots\2026-08\03-08-2026\captchas\captcha-102817-order-*** | screenshots\2026-08\03-08-2026\diagnostics\portal-html-1-102817-order-***,El cupo dejo de estar disponible antes de completar la reserva.
***-112125-dc6e3d04,2026-08-03 11:21:59,order-***,unavailable,normal,LIMA-LA VICTORIA,05/08/2026,08:00,30,slot_lost,,,34.438,5.735,1.688,1.641,,,,,0.047,screenshots\2026-08\03-08-2026\portal-1-112125-order-***,screenshots\2026-08\03-08-2026\portal-1-112125-order-*** | screenshots\2026-08\03-08-2026\preenvio-1-112125-order-*** | screenshots\2026-08\03-08-2026\cupo-112125-order-*** | screenshots\2026-08\03-08-2026\captchas\captcha-112125-order-*** | screenshots\2026-08\03-08-2026\diagnostics\portal-html-1-112125-order-***,El cupo dejo de estar disponible antes de completar la reserva.
***-112249-bc78ee36,2026-08-03 11:23:47,order-***,unavailable,normal,LIMA-LA VICTORIA,05/08/2026,09:00,30,slot_lost,,,58.357,10.766,1.672,7.063,,,,,0.047,screenshots\2026-08\03-08-2026\portal-1-112249-order-***,screenshots\2026-08\03-08-2026\portal-1-112249-order-*** | screenshots\2026-08\03-08-2026\preenvio-1-112249-order-*** | screenshots\2026-08\03-08-2026\cupo-112249-order-*** | screenshots\2026-08\03-08-2026\captchas\captcha-112249-order-*** | screenshots\2026-08\03-08-2026\diagnostics\portal-html-1-112249-order-***,El cupo dejo de estar disponible antes de completar la reserva.
***-112350-579697c9,2026-08-03 11:24:11,order-***,unavailable,normal,LIMA-LA VICTORIA,05/08/2026,10:00,30,slot_lost,,,21.804,4.984,1.687,1.359,,,,,0.047,screenshots\2026-08\03-08-2026\portal-1-112350-order-***,screenshots\2026-08\03-08-2026\portal-1-112350-order-*** | screenshots\2026-08\03-08-2026\preenvio-1-112350-order-*** | screenshots\2026-08\03-08-2026\cupo-112350-order-*** | screenshots\2026-08\03-08-2026\captchas\captcha-112350-order-*** | screenshots\2026-08\03-08-2026\diagnostics\portal-html-1-112350-order-***,El cupo dejo de estar disponible antes de completar la reserva.
***-112414-c5d533d0,2026-08-03 11:24:41,order-***,unavailable,normal,LIMA-LA VICTORIA,05/08/2026,11:00,30,slot_lost,,,26.931,4.891,1.672,1.297,,,,,0.047,screenshots\2026-08\03-08-2026\portal-1-112414-order-***,screenshots\2026-08\03-08-2026\portal-1-112414-order-*** | screenshots\2026-08\03-08-2026\preenvio-1-112414-order-*** | screenshots\2026-08\03-08-2026\cupo-112414-order-*** | screenshots\2026-08\03-08-2026\captchas\captcha-112414-order-*** | screenshots\2026-08\03-08-2026\diagnostics\portal-html-1-112414-order-***,El cupo dejo de estar disponible antes de completar la reserva.
***-112852-b068ed55,2026-08-03 11:28:59,order-***,completed,normal,,05/08/2026 10:00,,,,,,6.971,,,,,,,,,screenshots\2026-08\03-08-2026\etapas-112852-order-***,screenshots\2026-08\03-08-2026\etapas-112852-order-***,La etapa Separa Cita Peritaje ya esta en estado Programado. No hay una cita pendiente por reservar.
***-115612-f1530eeb,2026-08-03 11:56:54,order-***,registered,normal,LIMA-LA VICTORIA,24/08/2026,08:00,30,confirmed,portal_success_text,,41.750,6.266,1.719,1.969,,,,,0.031,screenshots\2026-08\03-08-2026\portal-1-115612-order-***,screenshots\2026-08\03-08-2026\portal-1-115612-order-*** | screenshots\2026-08\03-08-2026\preenvio-1-115612-order-*** | screenshots\2026-08\03-08-2026\cupo-115612-order-*** | screenshots\2026-08\03-08-2026\captchas\captcha-115612-order-*** | screenshots\2026-08\03-08-2026\diagnostics\portal-html-1-115612-order-***,La reserva fue confirmada por mensaje de exito del portal.
***-115803-817ee99e,2026-08-03 11:58:26,order-***,partial,normal,LIMA-LA VICTORIA,24/08/2026,09:00,30,blocked_by_order_rule,,,22.739,2.890,2.000,,,,,,,screenshots\2026-08\03-08-2026\captchas\captcha-115803-order-***,screenshots\2026-08\03-08-2026\captchas\captcha-115803-order-***,"Se encontro un horario disponible, pero no cumple la regla de reserva de la orden."
***-120014-38dea1f0,2026-08-03 12:00:51,order-***,registered,normal,LIMA-LA VICTORIA,24/08/2026,10:00,25,confirmed,portal_success_text,,36.964,5.204,1.719,1.406,,,,,0.046,screenshots\2026-08\03-08-2026\portal-1-120014-order-***,screenshots\2026-08\03-08-2026\portal-1-120014-order-*** | screenshots\2026-08\03-08-2026\preenvio-1-120014-order-*** | screenshots\2026-08\03-08-2026\cupo-120014-order-*** | screenshots\2026-08\03-08-2026\captchas\captcha-120014-order-*** | screenshots\2026-08\03-08-2026\diagnostics\portal-html-1-120014-order-***,La reserva fue confirmada por mensaje de exito del portal.
***-120559-4b2796cf,2026-08-03 12:06:08,order-***,unavailable,normal,LIMA-LA VICTORIA,22/08/2026,11:00,6,slot_lost,,,8.466,5.078,1.687,1.375,,,,,0.047,screenshots\2026-08\03-08-2026\portal-1-120559-order-***,screenshots\2026-08\03-08-2026\portal-1-120559-order-*** | screenshots\2026-08\03-08-2026\preenvio-1-120559-order-*** | screenshots\2026-08\03-08-2026\cupo-120559-order-*** | screenshots\2026-08\03-08-2026\captchas\captcha-120559-order-*** | screenshots\2026-08\03-08-2026\diagnostics\portal-html-1-120559-order-***,El cupo dejo de estar disponible antes de completar la reserva.
***-121609-183ccd31,2026-08-03 12:16:25,order-***,registered,normal,LIMA-LA VICTORIA,24/08/2026,10:00,30,confirmed,portal_success_text,,15.820,5.062,1.703,1.391,,,,,0.046,screenshots\2026-08\03-08-2026\portal-1-121609-order-***,screenshots\2026-08\03-08-2026\portal-1-121609-order-*** | screenshots\2026-08\03-08-2026\preenvio-1-121609-order-*** | screenshots\2026-08\03-08-2026\cupo-121609-order-*** | screenshots\2026-08\03-08-2026\captchas\captcha-121609-order-*** | screenshots\2026-08\03-08-2026\diagnostics\portal-html-1-121609-order-***,La reserva fue confirmada por mensaje de exito del portal.
***-121635-16535c6f,2026-08-03 12:17:06,order-***,partial,normal,LIMA-LA VICTORIA,24/08/2026,11:00,30,blocked_by_order_rule,,,31.723,2.860,2.016,,,,,,,screenshots\2026-08\03-08-2026\captchas\captcha-121635-order-***,screenshots\2026-08\03-08-2026\captchas\captcha-121635-order-***,"Se encontro un horario disponible, pero no cumple la regla de reserva de la orden."
***-121757-2373e121,2026-08-03 12:18:45,order-***,registered,normal,LIMA-LA VICTORIA,25/08/2026,08:00,10,confirmed,portal_success_text,,47.671,5.625,1.687,1.656,,,,,0.047,screenshots\2026-08\03-08-2026\portal-1-121757-order-***,screenshots\2026-08\03-08-2026\portal-1-121757-order-*** | screenshots\2026-08\03-08-2026\preenvio-1-121757-order-*** | screenshots\2026-08\03-08-2026\cupo-121757-order-*** | screenshots\2026-08\03-08-2026\captchas\captcha-121757-order-*** | screenshots\2026-08\03-08-2026\diagnostics\portal-html-1-121757-order-***,La reserva fue confirmada por mensaje de exito del portal.
***-121904-e2378a4e,2026-08-03 12:19:56,order-***,partial,normal,LIMA-LA VICTORIA,25/08/2026,09:00,10,blocked_by_order_rule,,,51.919,2.797,2.000,,,,,,,screenshots\2026-08\03-08-2026\captchas\captcha-121904-order-***,screenshots\2026-08\03-08-2026\captchas\captcha-121904-order-***,"Se encontro un horario disponible, pero no cumple la regla de reserva de la orden."
***-121956-37c8107f,2026-08-03 12:20:05,order-***,unavailable,normal,LIMA-LA VICTORIA,25/08/2026,09:00,10,slot_lost,,,8.361,4.953,1.687,1.359,,,,,0.047,screenshots\2026-08\03-08-2026\portal-1-121956-order-***,screenshots\2026-08\03-08-2026\portal-1-121956-order-*** | screenshots\2026-08\03-08-2026\preenvio-1-121956-order-*** | screenshots\2026-08\03-08-2026\cupo-121956-order-*** | screenshots\2026-08\03-08-2026\captchas\captcha-121956-order-*** | screenshots\2026-08\03-08-2026\diagnostics\portal-html-1-121956-order-***,El cupo dejo de estar disponible antes de completar la reserva.
***-122053-f77cb46a,2026-08-03 12:21:03,order-***,unavailable,normal,LIMA-LA VICTORIA,25/08/2026,10:00,10,slot_lost,,,10.026,5.953,1.688,1.329,,,,,0.047,screenshots\2026-08\03-08-2026\portal-1-122053-order-***,screenshots\2026-08\03-08-2026\portal-1-122053-order-*** | screenshots\2026-08\03-08-2026\preenvio-1-122053-order-*** | screenshots\2026-08\03-08-2026\cupo-122053-order-*** | screenshots\2026-08\03-08-2026\captchas\captcha-122053-order-*** | screenshots\2026-08\03-08-2026\diagnostics\portal-html-1-122053-order-***,El cupo dejo de estar disponible antes de completar la reserva.
***-122152-27ded9f9,2026-08-03 12:22:28,order-***,unavailable,normal,LIMA-LA VICTORIA,25/08/2026,08:00,15,slot_lost,,,35.855,10.750,1.687,7.016,,,,,0.031,screenshots\2026-08\03-08-2026\portal-1-122152-order-***,screenshots\2026-08\03-08-2026\portal-1-122152-order-*** | screenshots\2026-08\03-08-2026\preenvio-1-122152-order-*** | screenshots\2026-08\03-08-2026\cupo-122152-order-*** | screenshots\2026-08\03-08-2026\captchas\captcha-122152-order-*** | screenshots\2026-08\03-08-2026\diagnostics\portal-html-1-122152-order-***,El cupo dejo de estar disponible antes de completar la reserva.
***-122737-803acdb7,2026-08-03 12:28:07,order-***,partial,normal,LIMA-LA VICTORIA,04/08/2026,08:00,30,blocked_by_order_rule,,,29.981,2.797,1.985,,,,,,,screenshots\2026-08\03-08-2026\captchas\captcha-122737-order-***,screenshots\2026-08\03-08-2026\captchas\captcha-122737-order-***,"Se encontro un horario disponible, pero no cumple la regla de reserva de la orden."
***-122814-77fad235,2026-08-03 12:28:20,order-***,partial,normal,LIMA-LA VICTORIA,04/08/2026,12:00,30,blocked_by_order_rule,,,6.312,2.875,2.031,,,,,,,screenshots\2026-08\03-08-2026\captchas\captcha-122814-order-***,screenshots\2026-08\03-08-2026\captchas\captcha-122814-order-***,"Se encontro un horario disponible, pero no cumple la regla de reserva de la orden."
***-122820-f61550c2,2026-08-03 12:28:35,order-***,unavailable,normal,LIMA-LA VICTORIA,04/08/2026,12:00,30,slot_lost,,,15.251,11.329,1.688,7.360,,,,,0.031,screenshots\2026-08\03-08-2026\portal-1-122820-order-***,screenshots\2026-08\03-08-2026\portal-1-122820-order-*** | screenshots\2026-08\03-08-2026\preenvio-1-122820-order-*** | screenshots\2026-08\03-08-2026\cupo-122820-order-*** | screenshots\2026-08\03-08-2026\captchas\captcha-122820-order-*** | screenshots\2026-08\03-08-2026\diagnostics\portal-html-1-122820-order-***,El cupo dejo de estar disponible antes de completar la reserva.
***-125958-1ab0fd55,2026-08-03 13:00:17,order-***,unavailable,normal,LIMA-LA VICTORIA,22/08/2026,11:00,8,slot_lost,,,19.537,8.172,1.672,1.422,,,,,0.047,screenshots\2026-08\03-08-2026\portal-2-125958-order-***,screenshots\2026-08\03-08-2026\portal-2-125958-order-*** | screenshots\2026-08\03-08-2026\preenvio-1-125958-order-*** | screenshots\2026-08\03-08-2026\portal-1-125958-order-*** | screenshots\2026-08\03-08-2026\preenvio-2-125958-order-*** | screenshots\2026-08\03-08-2026\cupo-125958-order-*** | screenshots\2026-08\03-08-2026\captchas\captcha-125958-order-*** | screenshots\2026-08\03-08-2026\captchas\captcha-125958-order-*** | screenshots\2026-08\03-08-2026\diagnostics\portal-html-1-125958-order-*** | screenshots\2026-08\03-08-2026\diagnostics\portal-html-2-125958-order-***,El cupo dejo de estar disponible antes de completar la reserva.
***-130019-76b679e0,2026-08-03 13:01:06,order-***,registered,normal,LIMA-LA VICTORIA,25/08/2026,09:00,15,confirmed,portal_success_text,,46.627,4.407,1.672,1.390,,,,,0.047,screenshots\2026-08\03-08-2026\portal-1-130019-order-***,screenshots\2026-08\03-08-2026\portal-1-130019-order-*** | screenshots\2026-08\03-08-2026\preenvio-1-130019-order-*** | screenshots\2026-08\03-08-2026\cupo-130019-order-*** | screenshots\2026-08\03-08-2026\captchas\captcha-130019-order-*** | screenshots\2026-08\03-08-2026\diagnostics\portal-html-1-130019-order-***,La reserva fue confirmada por mensaje de exito del portal.
***-130116-44b6af28,2026-08-03 13:01:26,order-***,partial,normal,LIMA-LA VICTORIA,25/08/2026,10:00,20,blocked_by_order_rule,,,10.165,2.922,2.031,,,,,,,screenshots\2026-08\03-08-2026\captchas\captcha-130116-order-***,screenshots\2026-08\03-08-2026\captchas\captcha-130116-order-***,"Se encontro un horario disponible, pero no cumple la regla de reserva de la orden."
***-130127-d4ef786e,2026-08-03 13:01:33,order-***,partial,normal,LIMA-LA VICTORIA,25/08/2026,10:00,20,blocked_by_order_rule,,,5.576,2.172,2.016,,,,,,,screenshots\2026-08\03-08-2026\captchas\captcha-130127-order-***,screenshots\2026-08\03-08-2026\captchas\captcha-130127-order-***,"Se encontro un horario disponible, pero no cumple la regla de reserva de la orden."
***-130455-02cc4483,2026-08-03 13:05:11,order-***,partial,normal,LIMA-LA VICTORIA,25/08/2026,09:00,20,blocked_by_order_rule,,,16.477,2.125,2.000,,,,,,,screenshots\2026-08\03-08-2026\captchas\captcha-130455-order-***,screenshots\2026-08\03-08-2026\captchas\captcha-130455-order-***,"Se encontro un horario disponible, pero no cumple la regla de reserva de la orden."
***-130512-e00d6981,2026-08-03 13:05:18,order-***,partial,normal,LIMA-LA VICTORIA,25/08/2026,09:00,20,blocked_by_order_rule,,,5.476,2.109,1.984,,,,,,,screenshots\2026-08\03-08-2026\captchas\captcha-130512-order-***,screenshots\2026-08\03-08-2026\captchas\captcha-130512-order-***,"Se encontro un horario disponible, pero no cumple la regla de reserva de la orden."
***-130519-7bf606de,2026-08-03 13:05:57,order-***,partial,normal,LIMA-LA VICTORIA,25/08/2026,08:00,20,blocked_by_order_rule,,,38.286,2.828,1.969,,,,,,,screenshots\2026-08\03-08-2026\captchas\captcha-130519-order-***,screenshots\2026-08\03-08-2026\captchas\captcha-130519-order-***,"Se encontro un horario disponible, pero no cumple la regla de reserva de la orden."
***-132249-c5817da2,2026-08-03 13:23:25,order-***,partial,normal,LIMA-LA VICTORIA,25/08/2026,11:00,10,blocked_by_order_rule,,,36.414,2.844,1.984,,,,,,,screenshots\2026-08\03-08-2026\captchas\captcha-132249-order-***,screenshots\2026-08\03-08-2026\captchas\captcha-132249-order-***,"Se encontro un horario disponible, pero no cumple la regla de reserva de la orden."
***-132327-f924e3f5,2026-08-03 13:23:34,order-***,partial,normal,LIMA-LA VICTORIA,25/08/2026,11:00,10,blocked_by_order_rule,,,7.739,2.140,2.015,,,,,,,screenshots\2026-08\03-08-2026\captchas\captcha-132327-order-***,screenshots\2026-08\03-08-2026\captchas\captcha-132327-order-***,"Se encontro un horario disponible, pero no cumple la regla de reserva de la orden."
***-132931-5cf52c7e,2026-08-03 13:30:26,order-***,partial,normal,LIMA-LA VICTORIA,25/08/2026,11:00,15,blocked_by_order_rule,,,54.797,2.094,1.969,,,,,,,screenshots\2026-08\03-08-2026\captchas\captcha-132931-order-***,screenshots\2026-08\03-08-2026\captchas\captcha-132931-order-***,"Se encontro un horario disponible, pero no cumple la regla de reserva de la orden."
***-133027-d1583423,2026-08-03 13:30:33,order-***,partial,normal,LIMA-LA VICTORIA,25/08/2026,11:00,15,blocked_by_order_rule,,,5.640,2.141,2.016,,,,,,,screenshots\2026-08\03-08-2026\captchas\captcha-133027-order-***,screenshots\2026-08\03-08-2026\captchas\captcha-133027-order-***,"Se encontro un horario disponible, pero no cumple la regla de reserva de la orden."
***-135851-5863c291,2026-08-03 13:59:47,order-***,partial,normal,LIMA-LA VICTORIA,26/08/2026,08:00,5,blocked_by_order_rule,,,56.031,2.813,1.969,,,,,,,screenshots\2026-08\03-08-2026\captchas\captcha-135851-order-***,screenshots\2026-08\03-08-2026\captchas\captcha-135851-order-***,"Se encontro un horario disponible, pero no cumple la regla de reserva de la orden."
***-135948-e3b2231c,2026-08-03 14:00:07,order-***,partial,normal,LIMA-LA VICTORIA,26/08/2026,08:00,10,blocked_by_order_rule,,,18.955,2.094,1.969,,,,,,,screenshots\2026-08\03-08-2026\captchas\captcha-135948-order-***,screenshots\2026-08\03-08-2026\captchas\captcha-135948-order-***,"Se encontro un horario disponible, pero no cumple la regla de reserva de la orden."
***-140008-f2719ad8,2026-08-03 14:00:37,order-***,partial,normal,LIMA-LA VICTORIA,26/08/2026,09:00,10,blocked_by_order_rule,,,28.666,2.782,1.969,,,,,,,screenshots\2026-08\03-08-2026\captchas\captcha-140008-order-***,screenshots\2026-08\03-08-2026\captchas\captcha-140008-order-***,"Se encontro un horario disponible, pero no cumple la regla de reserva de la orden."
***-144959-c03ec743,2026-08-03 14:51:01,order-***,unknown,normal,,,,,,,,61.279,,,,,,,,,,,La pagina no confirmo que las opciones de cita se actualizaran despues de elegir sede.
***-155408-0f184eae,2026-08-03 15:55:04,order-***,partial,normal,LIMA-LA VICTORIA,25/08/2026,08:00,30,blocked_by_order_rule,,,55.736,2.890,2.000,,,,,,,screenshots\2026-08\03-08-2026\captchas\captcha-155408-order-***,screenshots\2026-08\03-08-2026\captchas\captcha-155408-order-***,"Se encontro un horario disponible, pero no cumple la regla de reserva de la orden."
***-155504-60441a68,2026-08-03 15:55:19,order-***,unavailable,normal,LIMA-LA VICTORIA,25/08/2026,08:00,30,slot_lost,,,14.380,10.796,1.703,7.016,,,,,0.031,screenshots\2026-08\03-08-2026\portal-1-155504-order-***,screenshots\2026-08\03-08-2026\portal-1-155504-order-*** | screenshots\2026-08\03-08-2026\preenvio-1-155504-order-*** | screenshots\2026-08\03-08-2026\cupo-155504-order-*** | screenshots\2026-08\03-08-2026\captchas\captcha-155504-order-*** | screenshots\2026-08\03-08-2026\diagnostics\portal-html-1-155504-order-***,El cupo dejo de estar disponible antes de completar la reserva.
***-155520-097c5e8b,2026-08-03 15:55:32,order-***,partial,normal,LIMA-LA VICTORIA,25/08/2026,09:00,30,blocked_by_order_rule,,,12.621,2.844,2.016,,,,,,,screenshots\2026-08\03-08-2026\captchas\captcha-155520-order-***,screenshots\2026-08\03-08-2026\captchas\captcha-155520-order-***,"Se encontro un horario disponible, pero no cumple la regla de reserva de la orden."
***-155533-485c1340,2026-08-03 15:55:44,order-***,registered,normal,LIMA-LA VICTORIA,25/08/2026,09:00,30,confirmed,portal_success_text,,11.355,7.906,1.734,1.344,,,,,0.047,screenshots\2026-08\03-08-2026\portal-2-155533-order-***,screenshots\2026-08\03-08-2026\portal-2-155533-order-*** | screenshots\2026-08\03-08-2026\preenvio-1-155533-order-*** | screenshots\2026-08\03-08-2026\portal-1-155533-order-*** | screenshots\2026-08\03-08-2026\preenvio-2-155533-order-*** | screenshots\2026-08\03-08-2026\cupo-155533-order-*** | screenshots\2026-08\03-08-2026\captchas\captcha-155533-order-*** | screenshots\2026-08\03-08-2026\captchas\captcha-155533-order-*** | screenshots\2026-08\03-08-2026\diagnostics\portal-html-1-155533-order-*** | screenshots\2026-08\03-08-2026\diagnostics\portal-html-2-155533-order-***,La reserva fue confirmada por mensaje de exito del portal.
***-160555-91334c14,2026-08-03 16:06:01,order-***,partial,normal,LIMA-LA VICTORIA,26/08/2026,10:00,10,blocked_by_order_rule,,,6.354,2.860,2.000,,,,,,,screenshots\2026-08\03-08-2026\captchas\captcha-160555-order-***,screenshots\2026-08\03-08-2026\captchas\captcha-160555-order-***,"Se encontro un horario disponible, pero no cumple la regla de reserva de la orden."
***-160602-40de4a28,2026-08-03 16:06:08,order-***,partial,normal,LIMA-LA VICTORIA,26/08/2026,10:00,10,blocked_by_order_rule,,,5.646,2.172,2.016,,,,,,,screenshots\2026-08\03-08-2026\captchas\captcha-160602-order-***,screenshots\2026-08\03-08-2026\captchas\captcha-160602-order-***,"Se encontro un horario disponible, pero no cumple la regla de reserva de la orden."
***-160609-d8fd152a,2026-08-03 16:06:16,order-***,partial,normal,LIMA-LA VICTORIA,26/08/2026,10:00,10,blocked_by_order_rule,,,7.201,3.672,2.828,,,,,,,screenshots\2026-08\03-08-2026\captchas\captcha-160609-order-***,screenshots\2026-08\03-08-2026\captchas\captcha-160609-order-***,"Se encontro un horario disponible, pero no cumple la regla de reserva de la orden."
***-160617-37b6a260,2026-08-03 16:06:23,order-***,partial,normal,LIMA-LA VICTORIA,26/08/2026,10:00,10,blocked_by_order_rule,,,6.399,2.969,2.844,,,,,,,screenshots\2026-08\03-08-2026\captchas\captcha-160617-order-***,screenshots\2026-08\03-08-2026\captchas\captcha-160617-order-***,"Se encontro un horario disponible, pero no cumple la regla de reserva de la orden."
***-160624-98154cc1,2026-08-03 16:06:31,order-***,partial,normal,LIMA-LA VICTORIA,27/08/2026,11:00,10,blocked_by_order_rule,,,6.452,2.954,2.032,,,,,,,screenshots\2026-08\03-08-2026\captchas\captcha-160624-order-***,screenshots\2026-08\03-08-2026\captchas\captcha-160624-order-***,"Se encontro un horario disponible, pero no cumple la regla de reserva de la orden."
***-160632-edbee6c1,2026-08-03 16:06:38,order-***,partial,normal,LIMA-LA VICTORIA,27/08/2026,11:00,10,blocked_by_order_rule,,,5.768,2.188,2.047,,,,,,,screenshots\2026-08\03-08-2026\captchas\captcha-160632-order-***,screenshots\2026-08\03-08-2026\captchas\captcha-160632-order-***,"Se encontro un horario disponible, pero no cumple la regla de reserva de la orden."
***-160639-71306c44,2026-08-03 16:06:44,order-***,partial,normal,LIMA-LA VICTORIA,27/08/2026,11:00,10,blocked_by_order_rule,,,5.643,2.125,2.000,,,,,,,screenshots\2026-08\03-08-2026\captchas\captcha-160639-order-***,screenshots\2026-08\03-08-2026\captchas\captcha-160639-order-***,"Se encontro un horario disponible, pero no cumple la regla de reserva de la orden."
***-160645-c0b82f8e,2026-08-03 16:06:51,order-***,partial,normal,LIMA-LA VICTORIA,27/08/2026,11:00,10,blocked_by_order_rule,,,5.679,2.172,2.031,,,,,,,screenshots\2026-08\03-08-2026\captchas\captcha-160645-order-***,screenshots\2026-08\03-08-2026\captchas\captcha-160645-order-***,"Se encontro un horario disponible, pero no cumple la regla de reserva de la orden."
***-081758-7c543928,2026-08-04 08:18:31,order-***,partial,normal,LIMA-LA VICTORIA,27/08/2026,08:00,10,blocked_by_order_rule,,,33.453,2.828,1.968,,,,,,,screenshots\2026-08\04-08-2026\captchas\captcha-081758-order-***,screenshots\2026-08\04-08-2026\captchas\captcha-081758-order-***,"Se encontro un horario disponible, pero no cumple la regla de reserva de la orden."
***-081832-77e281ac,2026-08-04 08:18:46,order-***,unavailable,normal,LIMA-LA VICTORIA,27/08/2026,08:00,10,slot_lost,,,13.957,10.593,1.656,6.938,,,,,0.047,screenshots\2026-08\04-08-2026\portal-1-081832-order-***,screenshots\2026-08\04-08-2026\portal-1-081832-order-*** | screenshots\2026-08\04-08-2026\preenvio-1-081832-order-*** | screenshots\2026-08\04-08-2026\cupo-081832-order-*** | screenshots\2026-08\04-08-2026\captchas\captcha-081832-order-*** | screenshots\2026-08\04-08-2026\diagnostics\portal-html-1-081832-order-***,El cupo dejo de estar disponible antes de completar la reserva.
***-081847-22e4143e,2026-08-04 08:18:53,order-***,partial,normal,LIMA-LA VICTORIA,27/08/2026,09:00,10,blocked_by_order_rule,,,6.125,2.828,1.969,,,,,,,screenshots\2026-08\04-08-2026\captchas\captcha-081847-order-***,screenshots\2026-08\04-08-2026\captchas\captcha-081847-order-***,"Se encontro un horario disponible, pero no cumple la regla de reserva de la orden."
***-081853-54eca0e5,2026-08-04 08:19:07,order-***,unavailable,normal,LIMA-LA VICTORIA,27/08/2026,09:00,10,slot_lost,,,13.748,10.468,1.672,6.875,,,,,0.047,screenshots\2026-08\04-08-2026\portal-1-081853-order-***,screenshots\2026-08\04-08-2026\portal-1-081853-order-*** | screenshots\2026-08\04-08-2026\preenvio-1-081853-order-*** | screenshots\2026-08\04-08-2026\cupo-081853-order-*** | screenshots\2026-08\04-08-2026\captchas\captcha-081853-order-*** | screenshots\2026-08\04-08-2026\diagnostics\portal-html-1-081853-order-***,El cupo dejo de estar disponible antes de completar la reserva.
***-081908-f54e4712,2026-08-04 08:19:14,order-***,partial,normal,LIMA-LA VICTORIA,27/08/2026,10:00,10,blocked_by_order_rule,,,6.077,2.781,1.969,,,,,,,screenshots\2026-08\04-08-2026\captchas\captcha-081908-order-***,screenshots\2026-08\04-08-2026\captchas\captcha-081908-order-***,"Se encontro un horario disponible, pero no cumple la regla de reserva de la orden."
***-081914-ab8a2655,2026-08-04 08:19:22,order-***,unavailable,normal,LIMA-LA VICTORIA,27/08/2026,10:00,10,slot_lost,,,8.215,4.844,1.672,1.250,,,,,0.047,screenshots\2026-08\04-08-2026\portal-1-081914-order-***,screenshots\2026-08\04-08-2026\portal-1-081914-order-*** | screenshots\2026-08\04-08-2026\preenvio-1-081914-order-*** | screenshots\2026-08\04-08-2026\cupo-081914-order-*** | screenshots\2026-08\04-08-2026\captchas\captcha-081914-order-*** | screenshots\2026-08\04-08-2026\diagnostics\portal-html-1-081914-order-***,El cupo dejo de estar disponible antes de completar la reserva.
***-082148-0e04979e,2026-08-04 08:22:23,order-***,registered,normal,LIMA-LA VICTORIA,28/08/2026,08:00,10,confirmed,portal_success_text,,34.744,10.734,1.656,7.000,,,,,0.047,screenshots\2026-08\04-08-2026\portal-1-082148-order-***,screenshots\2026-08\04-08-2026\portal-1-082148-order-*** | screenshots\2026-08\04-08-2026\preenvio-1-082148-order-*** | screenshots\2026-08\04-08-2026\cupo-082148-order-*** | screenshots\2026-08\04-08-2026\captchas\captcha-082148-order-*** | screenshots\2026-08\04-08-2026\diagnostics\portal-html-1-082148-order-***,La reserva fue confirmada por mensaje de exito del portal.
***-082233-cdda066d,2026-08-04 08:22:46,order-***,partial,normal,LIMA-LA VICTORIA,28/08/2026,09:00,10,blocked_by_order_rule,,,13.052,2.891,2.047,,,,,,,screenshots\2026-08\04-08-2026\captchas\captcha-082233-order-***,screenshots\2026-08\04-08-2026\captchas\captcha-082233-order-***,"Se encontro un horario disponible, pero no cumple la regla de reserva de la orden."
***-082247-cd505c5e,2026-08-04 08:22:53,order-***,partial,normal,LIMA-LA VICTORIA,28/08/2026,09:00,10,blocked_by_order_rule,,,5.612,2.078,1.969,,,,,,,screenshots\2026-08\04-08-2026\captchas\captcha-082247-order-***,screenshots\2026-08\04-08-2026\captchas\captcha-082247-order-***,"Se encontro un horario disponible, pero no cumple la regla de reserva de la orden."
***-090318-5d70acea,2026-08-04 09:03:50,order-***,partial,normal,LIMA-LA VICTORIA,27/08/2026,08:00,20,blocked_by_order_rule,,,31.145,2.828,1.937,,,,,,,screenshots\2026-08\04-08-2026\captchas\captcha-090318-order-***,screenshots\2026-08\04-08-2026\captchas\captcha-090318-order-***,"Se encontro un horario disponible, pero no cumple la regla de reserva de la orden."
***-090351-0a35c0fe,2026-08-04 09:03:56,order-***,partial,normal,LIMA-LA VICTORIA,27/08/2026,08:00,20,blocked_by_order_rule,,,5.352,2.062,1.953,,,,,,,screenshots\2026-08\04-08-2026\captchas\captcha-090351-order-***,screenshots\2026-08\04-08-2026\captchas\captcha-090351-order-***,"Se encontro un horario disponible, pero no cumple la regla de reserva de la orden."
***-090357-4c9940c7,2026-08-04 09:04:03,order-***,partial,normal,LIMA-LA VICTORIA,27/08/2026,08:00,20,blocked_by_order_rule,,,5.399,2.063,1.953,,,,,,,screenshots\2026-08\04-08-2026\captchas\captcha-090357-order-***,screenshots\2026-08\04-08-2026\captchas\captcha-090357-order-***,"Se encontro un horario disponible, pero no cumple la regla de reserva de la orden."
***-090404-cf60f8ed,2026-08-04 09:04:10,order-***,partial,normal,LIMA-LA VICTORIA,27/08/2026,09:00,20,blocked_by_order_rule,,,6.133,2.813,1.969,,,,,,,screenshots\2026-08\04-08-2026\captchas\captcha-090404-order-***,screenshots\2026-08\04-08-2026\captchas\captcha-090404-order-***,"Se encontro un horario disponible, pero no cumple la regla de reserva de la orden."
***-090411-81a7b8c8,2026-08-04 09:04:16,order-***,partial,normal,LIMA-LA VICTORIA,27/08/2026,09:00,20,blocked_by_order_rule,,,5.351,2.094,1.969,,,,,,,screenshots\2026-08\04-08-2026\captchas\captcha-090411-order-***,screenshots\2026-08\04-08-2026\captchas\captcha-090411-order-***,"Se encontro un horario disponible, pero no cumple la regla de reserva de la orden."
***-090417-d5a244e0,2026-08-04 09:04:23,order-***,partial,normal,LIMA-LA VICTORIA,27/08/2026,09:00,20,blocked_by_order_rule,,,5.345,2.078,1.953,,,,,,,screenshots\2026-08\04-08-2026\captchas\captcha-090417-order-***,screenshots\2026-08\04-08-2026\captchas\captcha-090417-order-***,"Se encontro un horario disponible, pero no cumple la regla de reserva de la orden."
***-090424-d4888449,2026-08-04 09:04:29,order-***,partial,normal,LIMA-LA VICTORIA,27/08/2026,09:00,20,blocked_by_order_rule,,,5.402,2.079,1.969,,,,,,,screenshots\2026-08\04-08-2026\captchas\captcha-090424-order-***,screenshots\2026-08\04-08-2026\captchas\captcha-090424-order-***,"Se encontro un horario disponible, pero no cumple la regla de reserva de la orden."
***-090430-f5b5d1ee,2026-08-04 09:04:36,order-***,partial,normal,LIMA-LA VICTORIA,27/08/2026,12:00,10,blocked_by_order_rule,,,6.109,2.796,1.953,,,,,,,screenshots\2026-08\04-08-2026\captchas\captcha-090430-order-***,screenshots\2026-08\04-08-2026\captchas\captcha-090430-order-***,"Se encontro un horario disponible, pero no cumple la regla de reserva de la orden."
***-090437-2ee1e92c,2026-08-04 09:04:43,order-***,partial,normal,LIMA-LA VICTORIA,27/08/2026,12:00,10,blocked_by_order_rule,,,5.347,2.094,1.985,,,,,,,screenshots\2026-08\04-08-2026\captchas\captcha-090437-order-***,screenshots\2026-08\04-08-2026\captchas\captcha-090437-order-***,"Se encontro un horario disponible, pero no cumple la regla de reserva de la orden."
***-090444-***,2026-08-04 09:04:49,order-***,partial,normal,LIMA-LA VICTORIA,27/08/2026,12:00,10,blocked_by_order_rule,,,5.332,2.093,1.968,,,,,,,screenshots\2026-08\04-08-2026\captchas\captcha-090444-order-***,screenshots\2026-08\04-08-2026\captchas\captcha-090444-order-***,"Se encontro un horario disponible, pero no cumple la regla de reserva de la orden."
***-090450-a8e5f135,2026-08-04 09:05:31,order-***,partial,normal,LIMA-LA VICTORIA,28/08/2026,10:00,10,blocked_by_order_rule,,,41.370,2.750,1.953,,,,,,,screenshots\2026-08\04-08-2026\captchas\captcha-090450-order-***,screenshots\2026-08\04-08-2026\captchas\captcha-090450-order-***,"Se encontro un horario disponible, pero no cumple la regla de reserva de la orden."
***-090532-311017a3,2026-08-04 09:05:38,order-***,partial,normal,LIMA-LA VICTORIA,28/08/2026,10:00,10,blocked_by_order_rule,,,5.506,2.094,1.969,,,,,,,screenshots\2026-08\04-08-2026\captchas\captcha-090532-order-***,screenshots\2026-08\04-08-2026\captchas\captcha-090532-order-***,"Se encontro un horario disponible, pero no cumple la regla de reserva de la orden."
***-090539-adacc5f0,2026-08-04 09:05:44,order-***,partial,normal,LIMA-LA VICTORIA,28/08/2026,10:00,10,blocked_by_order_rule,,,5.352,2.078,1.968,,,,,,,screenshots\2026-08\04-08-2026\captchas\captcha-090539-order-***,screenshots\2026-08\04-08-2026\captchas\captcha-090539-order-***,"Se encontro un horario disponible, pero no cumple la regla de reserva de la orden."
***-090634-07cc3fba,2026-08-04 09:07:12,order-***,partial,normal,LIMA-LA VICTORIA,28/08/2026,11:00,10,blocked_by_order_rule,,,37.478,2.797,1.953,,,,,,,screenshots\2026-08\04-08-2026\captchas\captcha-090634-order-***,screenshots\2026-08\04-08-2026\captchas\captcha-090634-order-***,"Se encontro un horario disponible, pero no cumple la regla de reserva de la orden."
***-090713-fce05e6c,2026-08-04 09:07:18,order-***,partial,normal,LIMA-LA VICTORIA,28/08/2026,11:00,10,blocked_by_order_rule,,,5.338,2.094,1.969,,,,,,,screenshots\2026-08\04-08-2026\captchas\captcha-090713-order-***,screenshots\2026-08\04-08-2026\captchas\captcha-090713-order-***,"Se encontro un horario disponible, pero no cumple la regla de reserva de la orden."
***-093604-0ee0dc31,2026-08-04 09:36:48,order-***,partial,normal,LIMA-LA VICTORIA,20/08/2026,11:00,30,blocked_by_order_rule,,,43.740,2.860,1.969,,,,,,,screenshots\2026-08\04-08-2026\captchas\captcha-093604-order-***,screenshots\2026-08\04-08-2026\captchas\captcha-093604-order-***,"Se encontro un horario disponible, pero no cumple la regla de reserva de la orden."
***-093648-ff5de668,2026-08-04 09:37:02,order-***,unavailable,normal,LIMA-LA VICTORIA,20/08/2026,11:00,30,slot_lost,,,14.601,11.109,1.718,7.156,,,,,0.047,screenshots\2026-08\04-08-2026\portal-1-093648-order-***,screenshots\2026-08\04-08-2026\portal-1-093648-order-*** | screenshots\2026-08\04-08-2026\preenvio-1-093648-order-*** | screenshots\2026-08\04-08-2026\cupo-093648-order-*** | screenshots\2026-08\04-08-2026\captchas\captcha-093648-order-*** | screenshots\2026-08\04-08-2026\diagnostics\portal-html-1-093648-order-***,El cupo dejo de estar disponible antes de completar la reserva.
***-093703-488e13b0,2026-08-04 09:37:38,order-***,partial,normal,LIMA-LA VICTORIA,20/08/2026,09:00,30,blocked_by_order_rule,,,35.036,2.781,1.984,,,,,,,screenshots\2026-08\04-08-2026\captchas\captcha-093703-order-***,screenshots\2026-08\04-08-2026\captchas\captcha-093703-order-***,"Se encontro un horario disponible, pero no cumple la regla de reserva de la orden."
***-093739-fa101cb3,2026-08-04 09:37:56,order-***,unavailable,normal,LIMA-LA VICTORIA,20/08/2026,09:00,30,slot_lost,,,17.121,13.438,1.734,1.360,,,,,0.047,screenshots\2026-08\04-08-2026\portal-2-093739-order-***,screenshots\2026-08\04-08-2026\portal-2-093739-order-*** | screenshots\2026-08\04-08-2026\preenvio-1-093739-order-*** | screenshots\2026-08\04-08-2026\portal-1-093739-order-*** | screenshots\2026-08\04-08-2026\preenvio-2-093739-order-*** | screenshots\2026-08\04-08-2026\cupo-093739-order-*** | screenshots\2026-08\04-08-2026\captchas\captcha-093739-order-*** | screenshots\2026-08\04-08-2026\captchas\captcha-093739-order-*** | screenshots\2026-08\04-08-2026\diagnostics\portal-html-1-093739-order-*** | screenshots\2026-08\04-08-2026\diagnostics\portal-html-2-093739-order-***,El cupo dejo de estar disponible antes de completar la reserva.
***-095743-f6740983,2026-08-04 09:58:24,order-***,registered,normal,LIMA-LA VICTORIA,14/08/2026,11:00,30,confirmed,portal_success_text,,40.511,5.969,1.719,1.625,,,,,0.032,screenshots\2026-08\04-08-2026\portal-1-095743-order-***,screenshots\2026-08\04-08-2026\portal-1-095743-order-*** | screenshots\2026-08\04-08-2026\preenvio-1-095743-order-*** | screenshots\2026-08\04-08-2026\cupo-095743-order-*** | screenshots\2026-08\04-08-2026\captchas\captcha-095743-order-*** | screenshots\2026-08\04-08-2026\diagnostics\portal-html-1-095743-order-***,La reserva fue confirmada por mensaje de exito del portal.
***-123236-0210d72f,2026-08-04 12:32:56,order-***,unavailable,normal,LIMA-LA VICTORIA,27/08/2026,10:00,13,slot_lost,,,20.719,5.078,1.688,1.329,,,,,0.062,screenshots\2026-08\04-08-2026\portal-1-123236-order-***,screenshots\2026-08\04-08-2026\portal-1-123236-order-*** | screenshots\2026-08\04-08-2026\preenvio-1-123236-order-*** | screenshots\2026-08\04-08-2026\cupo-123236-order-*** | screenshots\2026-08\04-08-2026\captchas\captcha-123236-order-*** | screenshots\2026-08\04-08-2026\diagnostics\portal-html-1-123236-order-***,El cupo dejo de estar disponible antes de completar la reserva.
***-123528-1ab8a3de,2026-08-04 12:35:49,order-***,unavailable,normal,LIMA-LA VICTORIA,08/08/2026,11:00,20,slot_lost,,,20.423,11.032,1.688,7.359,,,,,0.047,screenshots\2026-08\04-08-2026\portal-1-123528-order-***,screenshots\2026-08\04-08-2026\portal-1-123528-order-*** | screenshots\2026-08\04-08-2026\preenvio-1-123528-order-*** | screenshots\2026-08\04-08-2026\cupo-123528-order-*** | screenshots\2026-08\04-08-2026\captchas\captcha-123528-order-*** | screenshots\2026-08\04-08-2026\diagnostics\portal-html-1-123528-order-***,El cupo dejo de estar disponible antes de completar la reserva.
***-123825-0ac6e245,2026-08-04 12:39:05,order-***,unavailable,normal,LIMA-LA VICTORIA,08/08/2026,10:00,20,slot_lost,,,39.824,10.953,1.719,7.265,,,,,0.031,screenshots\2026-08\04-08-2026\portal-1-123825-order-***,screenshots\2026-08\04-08-2026\portal-1-123825-order-*** | screenshots\2026-08\04-08-2026\preenvio-1-123825-order-*** | screenshots\2026-08\04-08-2026\cupo-123825-order-*** | screenshots\2026-08\04-08-2026\captchas\captcha-123825-order-*** | screenshots\2026-08\04-08-2026\diagnostics\portal-html-1-123825-order-***,El cupo dejo de estar disponible antes de completar la reserva.
***-123907-a34aa8c1,2026-08-04 12:39:25,order-***,unavailable,normal,LIMA-LA VICTORIA,08/08/2026,12:00,15,slot_lost,,,18.214,11.031,1.734,7.265,,,,,0.031,screenshots\2026-08\04-08-2026\portal-1-123907-order-***,screenshots\2026-08\04-08-2026\portal-1-123907-order-*** | screenshots\2026-08\04-08-2026\preenvio-1-123907-order-*** | screenshots\2026-08\04-08-2026\cupo-123907-order-*** | screenshots\2026-08\04-08-2026\captchas\captcha-123907-order-*** | screenshots\2026-08\04-08-2026\diagnostics\portal-html-1-123907-order-***,El cupo dejo de estar disponible antes de completar la reserva.
***-124112-9e35cf31,2026-08-04 12:41:41,order-***,registered,normal,LIMA-LA VICTORIA,22/08/2026,08:00,15,confirmed,portal_success_text,,29.744,5.235,1.672,1.516,,,,,0.047,screenshots\2026-08\04-08-2026\portal-1-124112-order-***,screenshots\2026-08\04-08-2026\portal-1-124112-order-*** | screenshots\2026-08\04-08-2026\preenvio-1-124112-order-*** | screenshots\2026-08\04-08-2026\cupo-124112-order-*** | screenshots\2026-08\04-08-2026\captchas\captcha-124112-order-*** | screenshots\2026-08\04-08-2026\diagnostics\portal-html-1-124112-order-***,La reserva fue confirmada por mensaje de exito del portal.
***-124654-b341f00b,2026-08-04 12:47:12,order-***,unavailable,normal,LIMA-LA VICTORIA,15/08/2026,08:00,20,slot_lost,,,17.904,10.891,1.672,7.250,,,,,0.031,screenshots\2026-08\04-08-2026\portal-1-124654-order-***,screenshots\2026-08\04-08-2026\portal-1-124654-order-*** | screenshots\2026-08\04-08-2026\preenvio-1-124654-order-*** | screenshots\2026-08\04-08-2026\cupo-124654-order-*** | screenshots\2026-08\04-08-2026\captchas\captcha-124654-order-*** | screenshots\2026-08\04-08-2026\diagnostics\portal-html-1-124654-order-***,El cupo dejo de estar disponible antes de completar la reserva.
***-073459-3d45c610,2026-08-05 07:35:46,order-***,partial,normal,LIMA-LA VICTORIA,05/08/2026,13:00,3,blocked_by_order_rule,,,47.284,2.859,1.968,,,,,,,screenshots\2026-08\05-08-2026\captchas\captcha-073459-order-***,screenshots\2026-08\05-08-2026\captchas\captcha-073459-order-***,"Se encontro un horario disponible, pero no cumple la regla de reserva de la orden."
***-073724-4e66f039,2026-08-05 07:38:05,order-***,partial,normal,LIMA-LA VICTORIA,05/08/2026,13:00,5,blocked_by_order_rule,,,41.223,2.797,1.984,,,,,,,screenshots\2026-08\05-08-2026\captchas\captcha-073724-order-***,screenshots\2026-08\05-08-2026\captchas\captcha-073724-order-***,"Se encontro un horario disponible, pero no cumple la regla de reserva de la orden."
***-075250-c1d5cd49,2026-08-05 07:53:41,order-***,partial,normal,LIMA-LA VICTORIA,05/08/2026,13:00,7,blocked_by_order_rule,,,50.656,2.094,1.969,,,,,,,screenshots\2026-08\05-08-2026\captchas\captcha-075250-order-***,screenshots\2026-08\05-08-2026\captchas\captcha-075250-order-***,"Se encontro un horario disponible, pero no cumple la regla de reserva de la orden."
***-075342-81ec0834,2026-08-05 07:53:47,order-***,partial,normal,LIMA-LA VICTORIA,05/08/2026,13:00,7,blocked_by_order_rule,,,5.278,2.078,1.969,,,,,,,screenshots\2026-08\05-08-2026\captchas\captcha-075342-order-***,screenshots\2026-08\05-08-2026\captchas\captcha-075342-order-***,"Se encontro un horario disponible, pero no cumple la regla de reserva de la orden."
***-085350-***,2026-08-05 08:54:26,order-***,unavailable,normal,LIMA-LA VICTORIA,14/08/2026,12:00,18,slot_lost,,,36.790,5.296,1.671,1.594,,,,,0.062,screenshots\2026-08\05-08-2026\portal-1-085350-order-***,screenshots\2026-08\05-08-2026\portal-1-085350-order-*** | screenshots\2026-08\05-08-2026\preenvio-1-085350-order-*** | screenshots\2026-08\05-08-2026\cupo-085350-order-*** | screenshots\2026-08\05-08-2026\captchas\captcha-085350-order-*** | screenshots\2026-08\05-08-2026\diagnostics\portal-html-1-085350-order-***,El cupo dejo de estar disponible antes de completar la reserva.
***-091752-6162c7fc,2026-08-05 09:18:03,order-***,unavailable,normal,LIMA-LA VICTORIA,14/08/2026,12:00,21,slot_lost,,,10.945,4.766,1.734,1.516,,,,,0.031,screenshots\2026-08\05-08-2026\portal-1-091752-order-***,screenshots\2026-08\05-08-2026\portal-1-091752-order-*** | screenshots\2026-08\05-08-2026\preenvio-1-091752-order-*** | screenshots\2026-08\05-08-2026\cupo-091752-order-*** | screenshots\2026-08\05-08-2026\captchas\captcha-091752-order-*** | screenshots\2026-08\05-08-2026\diagnostics\portal-html-1-091752-order-***,El cupo dejo de estar disponible antes de completar la reserva.
***-091858-d214a392,2026-08-05 09:19:14,order-***,unavailable,normal,LIMA-LA VICTORIA,14/08/2026,12:00,25,slot_lost,,,15.762,4.610,1.735,1.453,,,,,0.032,screenshots\2026-08\05-08-2026\portal-1-091858-order-***,screenshots\2026-08\05-08-2026\portal-1-091858-order-*** | screenshots\2026-08\05-08-2026\preenvio-1-091858-order-*** | screenshots\2026-08\05-08-2026\cupo-091858-order-*** | screenshots\2026-08\05-08-2026\captchas\captcha-091858-order-*** | screenshots\2026-08\05-08-2026\diagnostics\portal-html-1-091858-order-***,El cupo dejo de estar disponible antes de completar la reserva.
***-093211-bc11bda8,2026-08-05 09:32:33,order-***,unavailable,normal,LIMA-LA VICTORIA,10/08/2026,12:00,20,slot_lost,,,21.207,11.125,1.719,7.172,,,,,0.047,screenshots\2026-08\05-08-2026\portal-1-093211-order-***,screenshots\2026-08\05-08-2026\portal-1-093211-order-*** | screenshots\2026-08\05-08-2026\preenvio-1-093211-order-*** | screenshots\2026-08\05-08-2026\cupo-093211-order-*** | screenshots\2026-08\05-08-2026\captchas\captcha-093211-order-*** | screenshots\2026-08\05-08-2026\diagnostics\portal-html-1-093211-order-***,El cupo dejo de estar disponible antes de completar la reserva.
***-093235-f7a96a4c,2026-08-05 09:33:42,order-***,registered,normal,LIMA-LA VICTORIA,26/08/2026,11:00,20,confirmed,portal_success_text,,67.214,11.344,1.750,7.219,,,,,0.047,screenshots\2026-08\05-08-2026\portal-1-093235-order-***,screenshots\2026-08\05-08-2026\portal-1-093235-order-*** | screenshots\2026-08\05-08-2026\preenvio-1-093235-order-*** | screenshots\2026-08\05-08-2026\cupo-093235-order-*** | screenshots\2026-08\05-08-2026\captchas\captcha-093235-order-*** | screenshots\2026-08\05-08-2026\diagnostics\portal-html-1-093235-order-***,La reserva fue confirmada por mensaje de exito del portal.
***-093342-4f629a42,2026-08-05 09:33:51,order-***,unavailable,normal,LIMA-LA VICTORIA,26/08/2026,11:00,20,slot_lost,,,9.156,5.531,1.750,1.485,,,,,0.047,screenshots\2026-08\05-08-2026\portal-1-093342-order-***,screenshots\2026-08\05-08-2026\portal-1-093342-order-*** | screenshots\2026-08\05-08-2026\preenvio-1-093342-order-*** | screenshots\2026-08\05-08-2026\cupo-093342-order-*** | screenshots\2026-08\05-08-2026\captchas\captcha-093342-order-*** | screenshots\2026-08\05-08-2026\diagnostics\portal-html-1-093342-order-***,El cupo dejo de estar disponible antes de completar la reserva.
***-093401-b6c76cac,2026-08-05 09:34:11,order-***,registered,normal,LIMA-LA VICTORIA,26/08/2026,12:00,10,confirmed,portal_success_text,,9.870,5.906,1.766,1.563,,,,,0.109,screenshots\2026-08\05-08-2026\portal-1-093401-order-***,screenshots\2026-08\05-08-2026\portal-1-093401-order-*** | screenshots\2026-08\05-08-2026\preenvio-1-093401-order-*** | screenshots\2026-08\05-08-2026\cupo-093401-order-*** | screenshots\2026-08\05-08-2026\captchas\captcha-093401-order-*** | screenshots\2026-08\05-08-2026\diagnostics\portal-html-1-093401-order-***,La reserva fue confirmada por mensaje de exito del portal.
***-093411-65e11e3d,2026-08-05 09:34:26,order-***,unavailable,normal,LIMA-LA VICTORIA,26/08/2026,12:00,10,slot_lost,,,15.022,11.609,1.765,7.422,,,,,0.093,screenshots\2026-08\05-08-2026\portal-1-093411-order-***,screenshots\2026-08\05-08-2026\portal-1-093411-order-*** | screenshots\2026-08\05-08-2026\preenvio-1-093411-order-*** | screenshots\2026-08\05-08-2026\cupo-093411-order-*** | screenshots\2026-08\05-08-2026\captchas\captcha-093411-order-*** | screenshots\2026-08\05-08-2026\diagnostics\portal-html-1-093411-order-***,El cupo dejo de estar disponible antes de completar la reserva.
***-093435-70ff413a,2026-08-05 09:34:59,order-***,registered,normal,LIMA-LA VICTORIA,28/08/2026,08:00,20,confirmed,portal_success_text,,23.474,11.687,1.781,7.391,,,,,0.047,screenshots\2026-08\05-08-2026\portal-1-093435-order-***,screenshots\2026-08\05-08-2026\portal-1-093435-order-*** | screenshots\2026-08\05-08-2026\preenvio-1-093435-order-*** | screenshots\2026-08\05-08-2026\cupo-093435-order-*** | screenshots\2026-08\05-08-2026\captchas\captcha-093435-order-*** | screenshots\2026-08\05-08-2026\diagnostics\portal-html-1-093435-order-***,La reserva fue confirmada por mensaje de exito del portal.
***-093459-b2cb0f5e,2026-08-05 09:35:08,order-***,registered,normal,LIMA-LA VICTORIA,28/08/2026,09:00,20,confirmed,portal_success_text,,9.751,5.719,1.750,1.656,,,,,0.047,screenshots\2026-08\05-08-2026\portal-1-093459-order-***,screenshots\2026-08\05-08-2026\portal-1-093459-order-*** | screenshots\2026-08\05-08-2026\preenvio-1-093459-order-*** | screenshots\2026-08\05-08-2026\cupo-093459-order-*** | screenshots\2026-08\05-08-2026\captchas\captcha-093459-order-*** | screenshots\2026-08\05-08-2026\diagnostics\portal-html-1-093459-order-***,La reserva fue confirmada por mensaje de exito del portal.
***-093509-6dc83e9b,2026-08-05 09:35:18,order-***,unavailable,normal,LIMA-LA VICTORIA,28/08/2026,09:00,20,slot_lost,,,9.678,5.500,1.734,1.438,,,,,0.062,screenshots\2026-08\05-08-2026\portal-1-093509-order-***,screenshots\2026-08\05-08-2026\portal-1-093509-order-*** | screenshots\2026-08\05-08-2026\preenvio-1-093509-order-*** | screenshots\2026-08\05-08-2026\cupo-093509-order-*** | screenshots\2026-08\05-08-2026\captchas\captcha-093509-order-*** | screenshots\2026-08\05-08-2026\diagnostics\portal-html-1-093509-order-***,El cupo dejo de estar disponible antes de completar la reserva.
***-093537-0b74b607,2026-08-05 09:35:44,order-***,partial,normal,LIMA-LA VICTORIA,28/08/2026,11:00,20,blocked_by_order_rule,,,7.033,3.109,2.172,,,,,,,screenshots\2026-08\05-08-2026\captchas\captcha-093537-order-***,screenshots\2026-08\05-08-2026\captchas\captcha-093537-order-***,"Se encontro un horario disponible, pero no cumple la regla de reserva de la orden."
***-093544-***,2026-08-05 09:35:53,order-***,registered,normal,LIMA-LA VICTORIA,28/08/2026,11:00,20,confirmed,portal_success_text,,9.515,5.609,1.750,1.485,,,,,0.047,screenshots\2026-08\05-08-2026\portal-1-093544-order-***,screenshots\2026-08\05-08-2026\portal-1-093544-order-*** | screenshots\2026-08\05-08-2026\preenvio-1-093544-order-*** | screenshots\2026-08\05-08-2026\cupo-093544-order-*** | screenshots\2026-08\05-08-2026\captchas\captcha-093544-order-*** | screenshots\2026-08\05-08-2026\diagnostics\portal-html-1-093544-order-***,La reserva fue confirmada por mensaje de exito del portal.
***-093604-b24133b8,2026-08-05 09:36:11,order-***,partial,normal,LIMA-LA VICTORIA,28/08/2026,12:00,20,blocked_by_order_rule,,,7.004,3.078,2.187,,,,,,,screenshots\2026-08\05-08-2026\captchas\captcha-093604-order-***,screenshots\2026-08\05-08-2026\captchas\captcha-093604-order-***,"Se encontro un horario disponible, pero no cumple la regla de reserva de la orden."
***-093612-74c1d515,2026-08-05 09:36:18,order-***,partial,normal,LIMA-LA VICTORIA,28/08/2026,12:00,20,blocked_by_order_rule,,,5.897,2.265,2.093,,,,,,,screenshots\2026-08\05-08-2026\captchas\captcha-093612-order-***,screenshots\2026-08\05-08-2026\captchas\captcha-093612-order-***,"Se encontro un horario disponible, pero no cumple la regla de reserva de la orden."
***-093619-fdb970fc,2026-08-05 09:36:25,order-***,partial,normal,LIMA-LA VICTORIA,28/08/2026,12:00,20,blocked_by_order_rule,,,6.185,2.422,2.234,,,,,,,screenshots\2026-08\05-08-2026\captchas\captcha-093619-order-***,screenshots\2026-08\05-08-2026\captchas\captcha-093619-order-***,"Se encontro un horario disponible, pero no cumple la regla de reserva de la orden."
***-093626-f54ad563,2026-08-05 09:37:04,order-***,partial,normal,LIMA-LA VICTORIA,25/08/2026,12:00,20,blocked_by_order_rule,,,37.316,33.546,32.656,,,,,,,screenshots\2026-08\05-08-2026\captchas\captcha-093626-order-***,screenshots\2026-08\05-08-2026\captchas\captcha-093626-order-***,"Se encontro un horario disponible, pero no cumple la regla de reserva de la orden."
***-093705-178d2c19,2026-08-05 09:37:11,order-***,partial,normal,LIMA-LA VICTORIA,25/08/2026,11:00,20,blocked_by_order_rule,,,6.209,2.797,2.000,,,,,,,screenshots\2026-08\05-08-2026\captchas\captcha-093705-order-***,screenshots\2026-08\05-08-2026\captchas\captcha-093705-order-***,"Se encontro un horario disponible, pero no cumple la regla de reserva de la orden."
***-093712-1f925daa,2026-08-05 09:37:18,order-***,partial,normal,LIMA-LA VICTORIA,25/08/2026,12:00,20,blocked_by_order_rule,,,5.849,2.859,2.000,,,,,,,screenshots\2026-08\05-08-2026\captchas\captcha-093712-order-***,screenshots\2026-08\05-08-2026\captchas\captcha-093712-order-***,"Se encontro un horario disponible, pero no cumple la regla de reserva de la orden."
***-093719-fc66695a,2026-08-05 09:37:24,order-***,partial,normal,LIMA-LA VICTORIA,25/08/2026,12:00,20,blocked_by_order_rule,,,5.155,2.125,1.984,,,,,,,screenshots\2026-08\05-08-2026\captchas\captcha-093719-order-***,screenshots\2026-08\05-08-2026\captchas\captcha-093719-order-***,"Se encontro un horario disponible, pero no cumple la regla de reserva de la orden."
***-093725-***,2026-08-05 09:37:30,order-***,partial,normal,LIMA-LA VICTORIA,25/08/2026,12:00,20,blocked_by_order_rule,,,5.278,2.141,2.016,,,,,,,screenshots\2026-08\05-08-2026\captchas\captcha-093725-order-***,screenshots\2026-08\05-08-2026\captchas\captcha-093725-order-***,"Se encontro un horario disponible, pero no cumple la regla de reserva de la orden."
***-093731-22ad07e3,2026-08-05 09:37:38,order-***,partial,normal,LIMA-LA VICTORIA,25/08/2026,12:00,20,blocked_by_order_rule,,,6.709,2.234,2.078,,,,,,,screenshots\2026-08\05-08-2026\captchas\captcha-093731-order-***,screenshots\2026-08\05-08-2026\captchas\captcha-093731-order-***,"Se encontro un horario disponible, pero no cumple la regla de reserva de la orden."
***-093739-9343b1ab,2026-08-05 09:37:45,order-***,partial,normal,LIMA-LA VICTORIA,25/08/2026,12:00,20,blocked_by_order_rule,,,5.740,2.266,2.110,,,,,,,screenshots\2026-08\05-08-2026\captchas\captcha-093739-order-***,screenshots\2026-08\05-08-2026\captchas\captcha-093739-order-***,"Se encontro un horario disponible, pero no cumple la regla de reserva de la orden."
***-093746-cbb63337,2026-08-05 09:37:52,order-***,partial,normal,LIMA-LA VICTORIA,25/08/2026,12:00,20,blocked_by_order_rule,,,5.880,2.250,2.078,,,,,,,screenshots\2026-08\05-08-2026\captchas\captcha-093746-order-***,screenshots\2026-08\05-08-2026\captchas\captcha-093746-order-***,"Se encontro un horario disponible, pero no cumple la regla de reserva de la orden."
***-095607-c0b5d680,2026-08-05 09:56:49,order-***,partial,normal,LIMA-LA VICTORIA,27/08/2026,11:00,20,blocked_by_order_rule,,,41.613,3.000,2.094,,,,,,,screenshots\2026-08\05-08-2026\captchas\captcha-095607-order-***,screenshots\2026-08\05-08-2026\captchas\captcha-095607-order-***,"Se encontro un horario disponible, pero no cumple la regla de reserva de la orden."
***-095650-9e21b99e,2026-08-05 09:56:57,order-***,partial,normal,LIMA-LA VICTORIA,27/08/2026,11:00,20,blocked_by_order_rule,,,7.552,2.125,1.969,,,,,,,screenshots\2026-08\05-08-2026\captchas\captcha-095650-order-***,screenshots\2026-08\05-08-2026\captchas\captcha-095650-order-***,"Se encontro un horario disponible, pero no cumple la regla de reserva de la orden."
***-100301-77ef3029,2026-08-05 10:03:15,order-***,partial,normal,LIMA-LA VICTORIA,27/08/2026,12:00,20,blocked_by_order_rule,,,13.498,2.922,2.016,,,,,,,screenshots\2026-08\05-08-2026\captchas\captcha-100301-order-***,screenshots\2026-08\05-08-2026\captchas\captcha-100301-order-***,"Se encontro un horario disponible, pero no cumple la regla de reserva de la orden."
***-100316-29f4919d,2026-08-05 10:03:22,order-***,partial,normal,LIMA-LA VICTORIA,27/08/2026,12:00,20,blocked_by_order_rule,,,5.608,2.156,2.015,,,,,,,screenshots\2026-08\05-08-2026\captchas\captcha-100316-order-***,screenshots\2026-08\05-08-2026\captchas\captcha-100316-order-***,"Se encontro un horario disponible, pero no cumple la regla de reserva de la orden."
***-100323-11a0c54f,2026-08-05 10:03:28,order-***,partial,normal,LIMA-LA VICTORIA,27/08/2026,12:00,20,blocked_by_order_rule,,,5.582,2.234,2.047,,,,,,,screenshots\2026-08\05-08-2026\captchas\captcha-100323-order-***,screenshots\2026-08\05-08-2026\captchas\captcha-100323-order-***,"Se encontro un horario disponible, pero no cumple la regla de reserva de la orden."
***-100330-dccea099,2026-08-05 10:03:51,order-***,partial,normal,LIMA-LA VICTORIA,27/08/2026,10:00,20,blocked_by_order_rule,,,21.770,2.875,2.000,,,,,,,screenshots\2026-08\05-08-2026\captchas\captcha-100330-order-***,screenshots\2026-08\05-08-2026\captchas\captcha-100330-order-***,"Se encontro un horario disponible, pero no cumple la regla de reserva de la orden."
***-100352-932a5757,2026-08-05 10:03:58,order-***,partial,normal,LIMA-LA VICTORIA,27/08/2026,10:00,20,blocked_by_order_rule,,,5.188,2.109,1.984,,,,,,,screenshots\2026-08\05-08-2026\captchas\captcha-100352-order-***,screenshots\2026-08\05-08-2026\captchas\captcha-100352-order-***,"Se encontro un horario disponible, pero no cumple la regla de reserva de la orden."
***-114131-c1e5ccf3,2026-08-05 11:42:03,order-***,unavailable,normal,LIMA-LA VICTORIA,14/08/2026,09:00,27,slot_lost,,,32.574,5.015,1.687,1.390,,,,,0.047,screenshots\2026-08\05-08-2026\portal-1-114131-order-***,screenshots\2026-08\05-08-2026\portal-1-114131-order-*** | screenshots\2026-08\05-08-2026\preenvio-1-114131-order-*** | screenshots\2026-08\05-08-2026\cupo-114131-order-*** | screenshots\2026-08\05-08-2026\captchas\captcha-114131-order-*** | screenshots\2026-08\05-08-2026\diagnostics\portal-html-1-114131-order-***,El cupo dejo de estar disponible antes de completar la reserva.
***-140115-ed9e3d7b,2026-08-05 14:01:24,order-***,partial,normal,LIMA-LA VICTORIA,28/08/2026,08:00,25,blocked_by_order_rule,,,8.535,2.797,1.953,,,,,,,screenshots\2026-08\05-08-2026\captchas\captcha-140115-order-***,screenshots\2026-08\05-08-2026\captchas\captcha-140115-order-***,"Se encontro un horario disponible, pero no cumple la regla de reserva de la orden."
***-140124-3fffabe7,2026-08-05 14:01:32,order-***,unavailable,normal,LIMA-LA VICTORIA,28/08/2026,08:00,25,slot_lost,,,8.018,5.063,1.672,1.375,,,,,0.047,screenshots\2026-08\05-08-2026\portal-1-140124-order-***,screenshots\2026-08\05-08-2026\portal-1-140124-order-*** | screenshots\2026-08\05-08-2026\preenvio-1-140124-order-*** | screenshots\2026-08\05-08-2026\cupo-140124-order-*** | screenshots\2026-08\05-08-2026\captchas\captcha-140124-order-*** | screenshots\2026-08\05-08-2026\diagnostics\portal-html-1-140124-order-***,El cupo dejo de estar disponible antes de completar la reserva.
***-140133-ce7b82b2,2026-08-05 14:01:39,order-***,partial,normal,LIMA-LA VICTORIA,28/08/2026,09:00,25,blocked_by_order_rule,,,6.091,2.953,1.985,,,,,,,screenshots\2026-08\05-08-2026\captchas\captcha-140133-order-***,screenshots\2026-08\05-08-2026\captchas\captcha-140133-order-***,"Se encontro un horario disponible, pero no cumple la regla de reserva de la orden."
***-140139-ac80a062,2026-08-05 14:01:51,order-***,registered,normal,LIMA-LA VICTORIA,28/08/2026,10:00,25,confirmed,portal_success_text,,11.401,5.812,1.703,1.328,,,,,0.047,screenshots\2026-08\05-08-2026\portal-1-140139-order-***,screenshots\2026-08\05-08-2026\portal-1-140139-order-*** | screenshots\2026-08\05-08-2026\preenvio-1-140139-order-*** | screenshots\2026-08\05-08-2026\cupo-140139-order-*** | screenshots\2026-08\05-08-2026\captchas\captcha-140139-order-*** | screenshots\2026-08\05-08-2026\diagnostics\portal-html-1-140139-order-***,La reserva fue confirmada por mensaje de exito del portal.
***-140201-dea36664,2026-08-05 14:02:08,order-***,partial,normal,LIMA-LA VICTORIA,27/08/2026,10:00,25,blocked_by_order_rule,,,7.408,3.813,2.984,,,,,,,screenshots\2026-08\05-08-2026\captchas\captcha-140201-order-***,screenshots\2026-08\05-08-2026\captchas\captcha-140201-order-***,"Se encontro un horario disponible, pero no cumple la regla de reserva de la orden."
***-160744-8a7d45d0,2026-08-05 16:08:25,order-***,unknown,normal,,,,,,,,40.923,,,,,,,,,,,La pagina no confirmo que las opciones de cita se actualizaran despues de elegir sede.
***-152153-171fcb52,2026-08-06 15:22:59,order-***,error,normal,,,,,,,network,66.272,,,,,,,,,screenshots\2026-08\06-08-2026\error-152153-order-***,,"Locator.wait_for: Timeout 30000ms exceeded.
Call log:
  - waiting for locator(""#MainContent_idUcitas_cbosede"") to be visible"
***-091102-4d653844,2026-08-07 09:11:17,order-***,partial,normal,LIMA-LA VICTORIA,07/08/2026,12:00,32,blocked_by_order_rule,,,15.727,3.000,2.047,,,,,,,screenshots\2026-08\07-08-2026\captchas\captcha-091102-order-***,screenshots\2026-08\07-08-2026\captchas\captcha-091102-order-***,"Se encontro un horario disponible, pero no cumple la regla de reserva de la orden."
***-091119-cd552ee9,2026-08-07 09:12:04,order-***,unavailable,normal,LIMA-LA VICTORIA,29/08/2026,08:00,10,slot_lost,,,44.679,11.297,1.735,7.219,,,,,0.047,screenshots\2026-08\07-08-2026\portal-1-091119-order-***,screenshots\2026-08\07-08-2026\portal-1-091119-order-*** | screenshots\2026-08\07-08-2026\preenvio-1-091119-order-*** | screenshots\2026-08\07-08-2026\cupo-091119-order-*** | screenshots\2026-08\07-08-2026\captchas\captcha-091119-order-*** | screenshots\2026-08\07-08-2026\diagnostics\portal-html-1-091119-order-***,El cupo dejo de estar disponible antes de completar la reserva.
***-091206-585a9431,2026-08-07 09:12:21,order-***,unavailable,normal,LIMA-LA VICTORIA,29/08/2026,09:00,10,slot_lost,,,14.890,11.125,1.734,7.094,,,,,0.047,screenshots\2026-08\07-08-2026\portal-1-091206-order-***,screenshots\2026-08\07-08-2026\portal-1-091206-order-*** | screenshots\2026-08\07-08-2026\preenvio-1-091206-order-*** | screenshots\2026-08\07-08-2026\cupo-091206-order-*** | screenshots\2026-08\07-08-2026\captchas\captcha-091206-order-*** | screenshots\2026-08\07-08-2026\diagnostics\portal-html-1-091206-order-***,El cupo dejo de estar disponible antes de completar la reserva.
***-091223-8af0e55e,2026-08-07 09:12:38,order-***,unavailable,normal,LIMA-LA VICTORIA,29/08/2026,10:00,10,slot_lost,,,14.854,11.156,1.734,7.219,,,,,0.047,screenshots\2026-08\07-08-2026\portal-1-091223-order-***,screenshots\2026-08\07-08-2026\portal-1-091223-order-*** | screenshots\2026-08\07-08-2026\preenvio-1-091223-order-*** | screenshots\2026-08\07-08-2026\cupo-091223-order-*** | screenshots\2026-08\07-08-2026\captchas\captcha-091223-order-*** | screenshots\2026-08\07-08-2026\diagnostics\portal-html-1-091223-order-***,El cupo dejo de estar disponible antes de completar la reserva.
***-091240-f4171c69,2026-08-07 09:12:55,order-***,unavailable,normal,LIMA-LA VICTORIA,29/08/2026,11:00,10,slot_lost,,,14.627,11.063,1.750,7.078,,,,,0.047,screenshots\2026-08\07-08-2026\portal-1-091240-order-***,screenshots\2026-08\07-08-2026\portal-1-091240-order-*** | screenshots\2026-08\07-08-2026\preenvio-1-091240-order-*** | screenshots\2026-08\07-08-2026\cupo-091240-order-*** | screenshots\2026-08\07-08-2026\captchas\captcha-091240-order-*** | screenshots\2026-08\07-08-2026\diagnostics\portal-html-1-091240-order-***,El cupo dejo de estar disponible antes de completar la reserva.
***-092554-d67f88f4,2026-08-07 09:26:51,order-***,unavailable,normal,LIMA-LA VICTORIA,21/08/2026,08:00,30,slot_lost,,,56.922,11.219,1.719,7.172,,,,,0.031,screenshots\2026-08\07-08-2026\portal-1-092554-order-***,screenshots\2026-08\07-08-2026\portal-1-092554-order-*** | screenshots\2026-08\07-08-2026\preenvio-1-092554-order-*** | screenshots\2026-08\07-08-2026\cupo-092554-order-*** | screenshots\2026-08\07-08-2026\captchas\captcha-092554-order-*** | screenshots\2026-08\07-08-2026\diagnostics\portal-html-1-092554-order-***,El cupo dejo de estar disponible antes de completar la reserva.
***-111652-0a5d3171,2026-08-07 11:17:19,order-***,unavailable,normal,LIMA-LA VICTORIA,12/08/2026,11:00,30,slot_lost,,,26.322,10.718,1.671,7.062,,,,,0.031,screenshots\2026-08\07-08-2026\portal-1-111652-order-***,screenshots\2026-08\07-08-2026\portal-1-111652-order-*** | screenshots\2026-08\07-08-2026\preenvio-1-111652-order-*** | screenshots\2026-08\07-08-2026\cupo-111652-order-*** | screenshots\2026-08\07-08-2026\captchas\captcha-111652-order-*** | screenshots\2026-08\07-08-2026\diagnostics\portal-html-1-111652-order-***,El cupo dejo de estar disponible antes de completar la reserva.
***-111721-cd8c5c8e,2026-08-07 11:17:38,order-***,registered,normal,LIMA-LA VICTORIA,12/08/2026,12:00,25,confirmed,portal_success_text,,17.619,5.797,1.688,1.297,,,,,0.047,screenshots\2026-08\07-08-2026\portal-1-111721-order-***,screenshots\2026-08\07-08-2026\portal-1-111721-order-*** | screenshots\2026-08\07-08-2026\preenvio-1-111721-order-*** | screenshots\2026-08\07-08-2026\cupo-111721-order-*** | screenshots\2026-08\07-08-2026\captchas\captcha-111721-order-*** | screenshots\2026-08\07-08-2026\diagnostics\portal-html-1-111721-order-***,La reserva fue confirmada por mensaje de exito del portal.
***-112825-50b624f5,2026-08-07 11:28:43,order-***,registered,normal,LIMA-LA VICTORIA,15/08/2026,10:00,30,confirmed,portal_success_text,,18.014,5.078,1.672,1.500,,,,,0.047,screenshots\2026-08\07-08-2026\portal-1-112825-order-***,screenshots\2026-08\07-08-2026\portal-1-112825-order-*** | screenshots\2026-08\07-08-2026\preenvio-1-112825-order-*** | screenshots\2026-08\07-08-2026\cupo-112825-order-*** | screenshots\2026-08\07-08-2026\captchas\captcha-112825-order-*** | screenshots\2026-08\07-08-2026\diagnostics\portal-html-1-112825-order-***,La reserva fue confirmada por mensaje de exito del portal.
***-112843-c0d15bb0,2026-08-07 11:28:51,order-***,unavailable,normal,LIMA-LA VICTORIA,15/08/2026,10:00,30,slot_lost,,,8.136,4.813,1.672,1.265,,,,,0.047,screenshots\2026-08\07-08-2026\portal-1-112843-order-***,screenshots\2026-08\07-08-2026\portal-1-112843-order-*** | screenshots\2026-08\07-08-2026\preenvio-1-112843-order-*** | screenshots\2026-08\07-08-2026\cupo-112843-order-*** | screenshots\2026-08\07-08-2026\captchas\captcha-112843-order-*** | screenshots\2026-08\07-08-2026\diagnostics\portal-html-1-112843-order-***,El cupo dejo de estar disponible antes de completar la reserva.
***-124934-fcc3613b,2026-08-07 12:50:23,order-***,registered,normal,LIMA-LA VICTORIA,13/08/2026,11:00,30,confirmed,portal_success_text,,48.651,10.813,1.672,7.094,,,,,0.047,screenshots\2026-08\07-08-2026\portal-1-124934-order-***,screenshots\2026-08\07-08-2026\portal-1-124934-order-*** | screenshots\2026-08\07-08-2026\preenvio-1-124934-order-*** | screenshots\2026-08\07-08-2026\cupo-124934-order-*** | screenshots\2026-08\07-08-2026\captchas\captcha-124934-order-*** | screenshots\2026-08\07-08-2026\diagnostics\portal-html-1-124934-order-***,La reserva fue confirmada por mensaje de exito del portal.
***-141747-d17bfab5,2026-08-07 14:18:23,order-***,partial,normal,LIMA-LA VICTORIA,31/08/2026,08:00,10,blocked_by_order_rule,,,36.132,2.844,1.969,,,,,,,screenshots\2026-08\07-08-2026\captchas\captcha-141747-order-***,screenshots\2026-08\07-08-2026\captchas\captcha-141747-order-***,"Se encontro un horario disponible, pero no cumple la regla de reserva de la orden."
***-141824-f00593ab,2026-08-07 14:18:31,order-***,partial,normal,LIMA-LA VICTORIA,31/08/2026,08:00,10,blocked_by_order_rule,,,7.023,2.781,1.953,,,,,,,screenshots\2026-08\07-08-2026\captchas\captcha-141824-order-***,screenshots\2026-08\07-08-2026\captchas\captcha-141824-order-***,"Se encontro un horario disponible, pero no cumple la regla de reserva de la orden."
***-141832-2f994e84,2026-08-07 14:19:19,order-***,partial,normal,LIMA-LA VICTORIA,31/08/2026,08:00,15,blocked_by_order_rule,,,46.360,2.109,1.953,,,,,,,screenshots\2026-08\07-08-2026\captchas\captcha-141832-order-***,screenshots\2026-08\07-08-2026\captchas\captcha-141832-order-***,"Se encontro un horario disponible, pero no cumple la regla de reserva de la orden."
***-141920-16360d93,2026-08-07 14:20:01,order-***,partial,normal,LIMA-LA VICTORIA,31/08/2026,08:00,20,blocked_by_order_rule,,,41.591,2.109,1.984,,,,,,,screenshots\2026-08\07-08-2026\captchas\captcha-141920-order-***,screenshots\2026-08\07-08-2026\captchas\captcha-141920-order-***,"Se encontro un horario disponible, pero no cumple la regla de reserva de la orden."
***-153119-108525f7,2026-08-07 15:32:10,order-***,unavailable,normal,LIMA-LA VICTORIA,22/08/2026,08:00,20,slot_lost,,,51.445,11.359,1.687,7.406,,,,,0.031,screenshots\2026-08\07-08-2026\portal-1-153119-order-***,screenshots\2026-08\07-08-2026\portal-1-153119-order-*** | screenshots\2026-08\07-08-2026\preenvio-1-153119-order-*** | screenshots\2026-08\07-08-2026\cupo-153119-order-*** | screenshots\2026-08\07-08-2026\captchas\captcha-153119-order-*** | screenshots\2026-08\07-08-2026\diagnostics\portal-html-1-153119-order-***,El cupo dejo de estar disponible antes de completar la reserva.
***-153350-14b7f82e,2026-08-07 15:34:03,order-***,partial,normal,LIMA-LA VICTORIA,28/08/2026,08:00,30,blocked_by_order_rule,,,12.842,2.797,1.984,,,,,,,screenshots\2026-08\07-08-2026\captchas\captcha-153350-order-***,screenshots\2026-08\07-08-2026\captchas\captcha-153350-order-***,"Se encontro un horario disponible, pero no cumple la regla de reserva de la orden."
***-153403-bee407ad,2026-08-07 15:34:17,order-***,unavailable,normal,LIMA-LA VICTORIA,28/08/2026,08:00,30,slot_lost,,,13.871,10.563,1.688,7.000,,,,,0.031,screenshots\2026-08\07-08-2026\portal-1-153403-order-***,screenshots\2026-08\07-08-2026\portal-1-153403-order-*** | screenshots\2026-08\07-08-2026\preenvio-1-153403-order-*** | screenshots\2026-08\07-08-2026\cupo-153403-order-*** | screenshots\2026-08\07-08-2026\captchas\captcha-153403-order-*** | screenshots\2026-08\07-08-2026\diagnostics\portal-html-1-153403-order-***,El cupo dejo de estar disponible antes de completar la reserva.
***-153601-5f583357,2026-08-07 15:36:16,order-***,partial,normal,LIMA-LA VICTORIA,28/08/2026,09:00,30,blocked_by_order_rule,,,14.946,2.859,1.969,,,,,,,screenshots\2026-08\07-08-2026\captchas\captcha-153601-order-***,screenshots\2026-08\07-08-2026\captchas\captcha-153601-order-***,"Se encontro un horario disponible, pero no cumple la regla de reserva de la orden."
***-153616-6bd4315d,2026-08-07 15:36:24,order-***,unavailable,normal,LIMA-LA VICTORIA,28/08/2026,09:00,30,slot_lost,,,8.215,5.047,1.687,1.406,,,,,0.046,screenshots\2026-08\07-08-2026\portal-1-153616-order-***,screenshots\2026-08\07-08-2026\portal-1-153616-order-*** | screenshots\2026-08\07-08-2026\preenvio-1-153616-order-*** | screenshots\2026-08\07-08-2026\cupo-153616-order-*** | screenshots\2026-08\07-08-2026\captchas\captcha-153616-order-*** | screenshots\2026-08\07-08-2026\diagnostics\portal-html-1-153616-order-***,El cupo dejo de estar disponible antes de completar la reserva.
***-153713-97e974b8,2026-08-07 15:37:26,order-***,registered,normal,LIMA-LA VICTORIA,29/08/2026,08:00,30,confirmed,portal_success_text,,12.982,6.078,1.687,2.359,,,,,0.031,screenshots\2026-08\07-08-2026\portal-1-153713-order-***,screenshots\2026-08\07-08-2026\portal-1-153713-order-*** | screenshots\2026-08\07-08-2026\preenvio-1-153713-order-*** | screenshots\2026-08\07-08-2026\cupo-153713-order-*** | screenshots\2026-08\07-08-2026\captchas\captcha-153713-order-*** | screenshots\2026-08\07-08-2026\diagnostics\portal-html-1-153713-order-***,La reserva fue confirmada por mensaje de exito del portal.
***-153726-3d3d35c4,2026-08-07 15:37:34,order-***,registered,normal,LIMA-LA VICTORIA,29/08/2026,08:00,30,confirmed,portal_success_text,,8.101,4.906,1.656,1.312,,,,,0.031,screenshots\2026-08\07-08-2026\portal-1-153726-order-***,screenshots\2026-08\07-08-2026\portal-1-153726-order-*** | screenshots\2026-08\07-08-2026\preenvio-1-153726-order-*** | screenshots\2026-08\07-08-2026\cupo-153726-order-*** | screenshots\2026-08\07-08-2026\captchas\captcha-153726-order-*** | screenshots\2026-08\07-08-2026\diagnostics\portal-html-1-153726-order-***,La reserva fue confirmada por mensaje de exito del portal.
***-153753-43d04047,2026-08-07 15:38:47,order-***,partial,normal,LIMA-LA VICTORIA,31/08/2026,09:00,10,blocked_by_order_rule,,,54.297,2.813,1.985,,,,,,,screenshots\2026-08\07-08-2026\captchas\captcha-153753-order-***,screenshots\2026-08\07-08-2026\captchas\captcha-153753-order-***,"Se encontro un horario disponible, pero no cumple la regla de reserva de la orden."
***-153848-91c8807f,2026-08-07 15:38:54,order-***,partial,normal,LIMA-LA VICTORIA,31/08/2026,09:00,10,blocked_by_order_rule,,,5.683,2.219,2.062,,,,,,,screenshots\2026-08\07-08-2026\captchas\captcha-153848-order-***,screenshots\2026-08\07-08-2026\captchas\captcha-153848-order-***,"Se encontro un horario disponible, pero no cumple la regla de reserva de la orden."
***-153855-77dbee8b,2026-08-07 15:39:00,order-***,partial,normal,LIMA-LA VICTORIA,31/08/2026,09:00,10,blocked_by_order_rule,,,5.403,2.157,2.016,,,,,,,screenshots\2026-08\07-08-2026\captchas\captcha-153855-order-***,screenshots\2026-08\07-08-2026\captchas\captcha-153855-order-***,"Se encontro un horario disponible, pero no cumple la regla de reserva de la orden."
***-153901-a0f5ec3a,2026-08-07 15:39:08,order-***,partial,normal,LIMA-LA VICTORIA,31/08/2026,10:00,10,blocked_by_order_rule,,,6.110,2.859,2.015,,,,,,,screenshots\2026-08\07-08-2026\captchas\captcha-153901-order-***,screenshots\2026-08\07-08-2026\captchas\captcha-153901-order-***,"Se encontro un horario disponible, pero no cumple la regla de reserva de la orden."
***-153909-89041cf6,2026-08-07 15:39:14,order-***,partial,normal,LIMA-LA VICTORIA,31/08/2026,10:00,10,blocked_by_order_rule,,,5.418,2.125,1.984,,,,,,,screenshots\2026-08\07-08-2026\captchas\captcha-153909-order-***,screenshots\2026-08\07-08-2026\captchas\captcha-153909-order-***,"Se encontro un horario disponible, pero no cumple la regla de reserva de la orden."
***-153915-8895c773,2026-08-07 15:39:20,order-***,partial,normal,LIMA-LA VICTORIA,31/08/2026,10:00,10,blocked_by_order_rule,,,5.448,2.141,2.016,,,,,,,screenshots\2026-08\07-08-2026\captchas\captcha-153915-order-***,screenshots\2026-08\07-08-2026\captchas\captcha-153915-order-***,"Se encontro un horario disponible, pero no cumple la regla de reserva de la orden."
***-153921-7e65243b,2026-08-07 15:39:27,order-***,partial,normal,LIMA-LA VICTORIA,31/08/2026,10:00,10,blocked_by_order_rule,,,5.583,2.125,2.000,,,,,,,screenshots\2026-08\07-08-2026\captchas\captcha-153921-order-***,screenshots\2026-08\07-08-2026\captchas\captcha-153921-order-***,"Se encontro un horario disponible, pero no cumple la regla de reserva de la orden."
***-153928-da05b905,2026-08-07 15:39:33,order-***,partial,normal,LIMA-LA VICTORIA,31/08/2026,10:00,10,blocked_by_order_rule,,,5.444,2.156,2.031,,,,,,,screenshots\2026-08\07-08-2026\captchas\captcha-153928-order-***,screenshots\2026-08\07-08-2026\captchas\captcha-153928-order-***,"Se encontro un horario disponible, pero no cumple la regla de reserva de la orden."
***-153934-e7b5f4ab,2026-08-07 15:39:41,order-***,partial,normal,LIMA-LA VICTORIA,31/08/2026,11:00,10,blocked_by_order_rule,,,6.155,2.859,1.984,,,,,,,screenshots\2026-08\07-08-2026\captchas\captcha-153934-order-***,screenshots\2026-08\07-08-2026\captchas\captcha-153934-order-***,"Se encontro un horario disponible, pero no cumple la regla de reserva de la orden."
***-153942-cbd46dc3,2026-08-07 15:39:47,order-***,partial,normal,LIMA-LA VICTORIA,31/08/2026,11:00,10,blocked_by_order_rule,,,5.340,2.125,2.000,,,,,,,screenshots\2026-08\07-08-2026\captchas\captcha-153942-order-***,screenshots\2026-08\07-08-2026\captchas\captcha-153942-order-***,"Se encontro un horario disponible, pero no cumple la regla de reserva de la orden."
***-153948-56823d7e,2026-08-07 15:39:53,order-***,partial,normal,LIMA-LA VICTORIA,31/08/2026,11:00,10,blocked_by_order_rule,,,5.369,2.125,1.984,,,,,,,screenshots\2026-08\07-08-2026\captchas\captcha-153948-order-***,screenshots\2026-08\07-08-2026\captchas\captcha-153948-order-***,"Se encontro un horario disponible, pero no cumple la regla de reserva de la orden."
***-153954-4a44fcb8,2026-08-07 15:40:00,order-***,partial,normal,LIMA-LA VICTORIA,31/08/2026,11:00,10,blocked_by_order_rule,,,5.570,2.125,2.000,,,,,,,screenshots\2026-08\07-08-2026\captchas\captcha-153954-order-***,screenshots\2026-08\07-08-2026\captchas\captcha-153954-order-***,"Se encontro un horario disponible, pero no cumple la regla de reserva de la orden."
***-154001-fb1ea4aa,2026-08-07 15:40:06,order-***,partial,normal,LIMA-LA VICTORIA,31/08/2026,11:00,10,blocked_by_order_rule,,,5.396,2.141,2.016,,,,,,,screenshots\2026-08\07-08-2026\captchas\captcha-154001-order-***,screenshots\2026-08\07-08-2026\captchas\captcha-154001-order-***,"Se encontro un horario disponible, pero no cumple la regla de reserva de la orden."
***-154007-48d024d1,2026-08-07 15:40:13,order-***,partial,normal,LIMA-LA VICTORIA,31/08/2026,11:00,10,blocked_by_order_rule,,,5.384,2.141,1.969,,,,,,,screenshots\2026-08\07-08-2026\captchas\captcha-154007-order-***,screenshots\2026-08\07-08-2026\captchas\captcha-154007-order-***,"Se encontro un horario disponible, pero no cumple la regla de reserva de la orden."
***-154014-70618e15,2026-08-07 15:40:19,order-***,partial,normal,LIMA-LA VICTORIA,31/08/2026,11:00,10,blocked_by_order_rule,,,5.407,2.110,1.985,,,,,,,screenshots\2026-08\07-08-2026\captchas\captcha-154014-order-***,screenshots\2026-08\07-08-2026\captchas\captcha-154014-order-***,"Se encontro un horario disponible, pero no cumple la regla de reserva de la orden."
***-154020-e76582df,2026-08-07 15:40:25,order-***,partial,normal,LIMA-LA VICTORIA,31/08/2026,11:00,10,blocked_by_order_rule,,,5.378,2.125,2.000,,,,,,,screenshots\2026-08\07-08-2026\captchas\captcha-154020-order-***,screenshots\2026-08\07-08-2026\captchas\captcha-154020-order-***,"Se encontro un horario disponible, pero no cumple la regla de reserva de la orden."
***-154026-ef7f8d65,2026-08-07 15:40:32,order-***,partial,normal,LIMA-LA VICTORIA,31/08/2026,11:00,10,blocked_by_order_rule,,,5.397,2.109,1.984,,,,,,,screenshots\2026-08\07-08-2026\captchas\captcha-154026-order-***,screenshots\2026-08\07-08-2026\captchas\captcha-154026-order-***,"Se encontro un horario disponible, pero no cumple la regla de reserva de la orden."
***-154033-65d8d944,2026-08-07 15:40:38,order-***,partial,normal,LIMA-LA VICTORIA,31/08/2026,11:00,10,blocked_by_order_rule,,,5.398,2.140,2.015,,,,,,,screenshots\2026-08\07-08-2026\captchas\captcha-154033-order-***,screenshots\2026-08\07-08-2026\captchas\captcha-154033-order-***,"Se encontro un horario disponible, pero no cumple la regla de reserva de la orden."
***-154039-a24bfc4e,2026-08-07 15:40:46,order-***,partial,normal,LIMA-LA VICTORIA,31/08/2026,12:00,10,blocked_by_order_rule,,,6.257,2.938,2.032,,,,,,,screenshots\2026-08\07-08-2026\captchas\captcha-154039-order-***,screenshots\2026-08\07-08-2026\captchas\captcha-154039-order-***,"Se encontro un horario disponible, pero no cumple la regla de reserva de la orden."
***-154047-042a0c31,2026-08-07 15:40:52,order-***,partial,normal,LIMA-LA VICTORIA,31/08/2026,12:00,10,blocked_by_order_rule,,,5.392,2.109,1.984,,,,,,,screenshots\2026-08\07-08-2026\captchas\captcha-154047-order-***,screenshots\2026-08\07-08-2026\captchas\captcha-154047-order-***,"Se encontro un horario disponible, pero no cumple la regla de reserva de la orden."
***-154053-43ae998d,2026-08-07 15:40:58,order-***,partial,normal,LIMA-LA VICTORIA,31/08/2026,12:00,10,blocked_by_order_rule,,,5.428,2.157,2.016,,,,,,,screenshots\2026-08\07-08-2026\captchas\captcha-154053-order-***,screenshots\2026-08\07-08-2026\captchas\captcha-154053-order-***,"Se encontro un horario disponible, pero no cumple la regla de reserva de la orden."
***-154059-fa1588cc,2026-08-07 15:41:05,order-***,partial,normal,LIMA-LA VICTORIA,31/08/2026,12:00,10,blocked_by_order_rule,,,5.459,2.094,1.969,,,,,,,screenshots\2026-08\07-08-2026\captchas\captcha-154059-order-***,screenshots\2026-08\07-08-2026\captchas\captcha-154059-order-***,"Se encontro un horario disponible, pero no cumple la regla de reserva de la orden."
***-161051-258ee03c,2026-08-07 16:11:51,order-***,error,normal,,,,,,,network,60.507,,,,,,,,,screenshots\2026-08\07-08-2026\error-161051-order-***,,"Locator.wait_for: Timeout 30000ms exceeded.
Call log:
  - waiting for locator(""#MainContent_idUcitas_cbosede"") to be visible"
***-085650-17b9e8fe,2026-08-08 08:57:30,order-***,partial,normal,LIMA-LA VICTORIA,22/08/2026,11:00,11,blocked_by_order_rule,,,40.466,18.782,1.969,,,,,,,screenshots\2026-08\08-08-2026\captchas\captcha-085650-order-***,screenshots\2026-08\08-08-2026\captchas\captcha-085650-order-***,"Se encontro un horario disponible, pero no cumple la regla de reserva de la orden."
***-085730-06f11d7d,2026-08-08 08:58:10,order-***,partial,normal,LIMA-LA VICTORIA,22/08/2026,11:00,15,blocked_by_order_rule,,,39.656,17.891,1.953,,,,,,,screenshots\2026-08\08-08-2026\captchas\captcha-085730-order-***,screenshots\2026-08\08-08-2026\captchas\captcha-085730-order-***,"Se encontro un horario disponible, pero no cumple la regla de reserva de la orden."
***-085810-0fa87268,2026-08-08 08:58:32,order-***,partial,normal,LIMA-LA VICTORIA,22/08/2026,09:00,20,blocked_by_order_rule,,,21.988,18.765,1.953,,,,,,,screenshots\2026-08\08-08-2026\captchas\captcha-085810-order-***,screenshots\2026-08\08-08-2026\captchas\captcha-085810-order-***,"Se encontro un horario disponible, pero no cumple la regla de reserva de la orden."
***-085832-aff4ccbb,2026-08-08 08:58:54,order-***,partial,normal,LIMA-LA VICTORIA,31/08/2026,10:00,20,blocked_by_order_rule,,,21.949,18.765,1.969,,,,,,,screenshots\2026-08\08-08-2026\captchas\captcha-085832-order-***,screenshots\2026-08\08-08-2026\captchas\captcha-085832-order-***,"Se encontro un horario disponible, pero no cumple la regla de reserva de la orden."
***-085854-9e92e283,2026-08-08 08:59:15,order-***,partial,normal,LIMA-LA VICTORIA,31/08/2026,10:00,20,blocked_by_order_rule,,,21.367,18.110,1.969,,,,,,,screenshots\2026-08\08-08-2026\captchas\captcha-085854-order-***,screenshots\2026-08\08-08-2026\captchas\captcha-085854-order-***,"Se encontro un horario disponible, pero no cumple la regla de reserva de la orden."
***-093538-a2d6b10a,2026-08-08 09:36:24,order-***,partial,normal,LIMA-LA VICTORIA,14/08/2026,10:00,30,blocked_by_order_rule,,,46.147,18.875,1.953,,,,,,,screenshots\2026-08\08-08-2026\captchas\captcha-093538-order-***,screenshots\2026-08\08-08-2026\captchas\captcha-093538-order-***,"Se encontro un horario disponible, pero no cumple la regla de reserva de la orden."
***-093624-55cfd046,2026-08-08 09:36:46,order-***,partial,normal,LIMA-LA VICTORIA,14/08/2026,12:00,30,blocked_by_order_rule,,,22.059,18.829,1.969,,,,,,,screenshots\2026-08\08-08-2026\captchas\captcha-093624-order-***,screenshots\2026-08\08-08-2026\captchas\captcha-093624-order-***,"Se encontro un horario disponible, pero no cumple la regla de reserva de la orden."
***-100149-8191ffcc,2026-08-08 10:02:16,order-***,partial,normal,LIMA-LA VICTORIA,31/08/2026,09:00,15,blocked_by_order_rule,,,27.689,19.296,1.968,,,,,,,screenshots\2026-08\08-08-2026\captchas\captcha-100149-order-***,screenshots\2026-08\08-08-2026\captchas\captcha-100149-order-***,"Se encontro un horario disponible, pero no cumple la regla de reserva de la orden."
***-100216-3d8084be,2026-08-08 10:03:18,order-***,partial,normal,LIMA-LA VICTORIA,31/08/2026,11:00,15,blocked_by_order_rule,,,61.903,19.906,1.953,,,,,,,screenshots\2026-08\08-08-2026\captchas\captcha-100216-order-***,screenshots\2026-08\08-08-2026\captchas\captcha-100216-order-***,"Se encontro un horario disponible, pero no cumple la regla de reserva de la orden."
***-100453-3bf48afd,2026-08-08 10:05:21,order-***,partial,normal,LIMA-LA VICTORIA,31/08/2026,12:00,15,blocked_by_order_rule,,,27.754,20.438,2.094,,,,,,,screenshots\2026-08\08-08-2026\captchas\captcha-100453-order-***,screenshots\2026-08\08-08-2026\captchas\captcha-100453-order-***,"Se encontro un horario disponible, pero no cumple la regla de reserva de la orden."
***-100613-9c638b33,2026-08-08 10:06:43,order-***,unavailable,normal,LIMA-LA VICTORIA,31/08/2026,09:00,20,slot_lost,,,29.712,22.578,1.688,1.421,,,,,0.031,screenshots\2026-08\08-08-2026\portal-1-100613-order-***,screenshots\2026-08\08-08-2026\portal-1-100613-order-*** | screenshots\2026-08\08-08-2026\preenvio-1-100613-order-*** | screenshots\2026-08\08-08-2026\cupo-100613-order-*** | screenshots\2026-08\08-08-2026\captchas\captcha-100613-order-*** | screenshots\2026-08\08-08-2026\diagnostics\portal-html-1-100613-order-***,El cupo dejo de estar disponible antes de completar la reserva.
***-101757-2841da05,2026-08-08 10:19:00,order-***,unavailable,normal,LIMA-LA VICTORIA,10/08/2026,12:00,25,slot_lost,,,62.152,21.484,1.671,1.375,,,,,0.047,screenshots\2026-08\08-08-2026\portal-1-101757-order-***,screenshots\2026-08\08-08-2026\portal-1-101757-order-*** | screenshots\2026-08\08-08-2026\preenvio-1-101757-order-*** | screenshots\2026-08\08-08-2026\cupo-101757-order-*** | screenshots\2026-08\08-08-2026\captchas\captcha-101757-order-*** | screenshots\2026-08\08-08-2026\diagnostics\portal-html-1-101757-order-***,El cupo dejo de estar disponible antes de completar la reserva.
***-103424-c56bcfb8,2026-08-08 10:35:28,order-***,unavailable,normal,LIMA-LA VICTORIA,31/08/2026,08:00,30,slot_lost,,,63.488,21.282,1.672,1.328,,,,,0.047,screenshots\2026-08\08-08-2026\portal-1-103424-order-***,screenshots\2026-08\08-08-2026\portal-1-103424-order-*** | screenshots\2026-08\08-08-2026\preenvio-1-103424-order-*** | screenshots\2026-08\08-08-2026\cupo-103424-order-*** | screenshots\2026-08\08-08-2026\captchas\captcha-103424-order-*** | screenshots\2026-08\08-08-2026\diagnostics\portal-html-1-103424-order-***,El cupo dejo de estar disponible antes de completar la reserva.
***-103531-cb2546f7,2026-08-08 10:36:30,order-***,unavailable,normal,LIMA-LA VICTORIA,31/08/2026,11:00,25,slot_lost,,,59.738,26.812,1.671,6.890,,,,,0.031,screenshots\2026-08\08-08-2026\portal-1-103531-order-***,screenshots\2026-08\08-08-2026\portal-1-103531-order-*** | screenshots\2026-08\08-08-2026\preenvio-1-103531-order-*** | screenshots\2026-08\08-08-2026\cupo-103531-order-*** | screenshots\2026-08\08-08-2026\captchas\captcha-103531-order-*** | screenshots\2026-08\08-08-2026\diagnostics\portal-html-1-103531-order-***,El cupo dejo de estar disponible antes de completar la reserva.
***-103808-3ccac918,2026-08-08 10:39:00,order-***,unavailable,normal,LIMA-LA VICTORIA,31/08/2026,12:00,25,slot_lost,,,52.225,20.938,1.672,1.297,,,,,0.047,screenshots\2026-08\08-08-2026\portal-1-103808-order-***,screenshots\2026-08\08-08-2026\portal-1-103808-order-*** | screenshots\2026-08\08-08-2026\preenvio-1-103808-order-*** | screenshots\2026-08\08-08-2026\cupo-103808-order-*** | screenshots\2026-08\08-08-2026\captchas\captcha-103808-order-*** | screenshots\2026-08\08-08-2026\diagnostics\portal-html-1-103808-order-***,El cupo dejo de estar disponible antes de completar la reserva.
***-110357-8c717d4e,2026-08-08 11:05:13,order-***,unavailable,normal,LIMA-LA VICTORIA,29/08/2026,09:00,15,slot_lost,,,75.876,27.062,1.687,7.063,,,,,0.047,screenshots\2026-08\08-08-2026\portal-1-110357-order-***,screenshots\2026-08\08-08-2026\portal-1-110357-order-*** | screenshots\2026-08\08-08-2026\preenvio-1-110357-order-*** | screenshots\2026-08\08-08-2026\cupo-110357-order-*** | screenshots\2026-08\08-08-2026\captchas\captcha-110357-order-*** | screenshots\2026-08\08-08-2026\diagnostics\portal-html-1-110357-order-***,El cupo dejo de estar disponible antes de completar la reserva.
***-110654-0d37d63c,2026-08-08 11:07:24,order-***,unavailable,normal,LIMA-LA VICTORIA,13/08/2026,09:00,27,slot_lost,,,29.773,26.547,1.656,6.921,,,,,0.047,screenshots\2026-08\08-08-2026\portal-1-110654-order-***,screenshots\2026-08\08-08-2026\portal-1-110654-order-*** | screenshots\2026-08\08-08-2026\preenvio-1-110654-order-*** | screenshots\2026-08\08-08-2026\cupo-110654-order-*** | screenshots\2026-08\08-08-2026\captchas\captcha-110654-order-*** | screenshots\2026-08\08-08-2026\diagnostics\portal-html-1-110654-order-***,El cupo dejo de estar disponible antes de completar la reserva.
***-110726-b7b144dc,2026-08-08 11:08:13,order-***,unavailable,normal,LIMA-LA VICTORIA,22/08/2026,10:00,16,slot_lost,,,46.684,26.500,1.672,6.922,,,,,0.047,screenshots\2026-08\08-08-2026\portal-1-110726-order-***,screenshots\2026-08\08-08-2026\portal-1-110726-order-*** | screenshots\2026-08\08-08-2026\preenvio-1-110726-order-*** | screenshots\2026-08\08-08-2026\cupo-110726-order-*** | screenshots\2026-08\08-08-2026\captchas\captcha-110726-order-*** | screenshots\2026-08\08-08-2026\diagnostics\portal-html-1-110726-order-***,El cupo dejo de estar disponible antes de completar la reserva.
***-084820-df43405d,2026-08-10 08:48:30,order-***,partial,normal,LIMA-LA VICTORIA,10/08/2026,09:00,32,blocked_by_order_rule,,,10.201,6.672,1.969,,,,,,,screenshots\2026-08\10-08-2026\captchas\captcha-084820-order-***,screenshots\2026-08\10-08-2026\captchas\captcha-084820-order-***,"Se encontro un horario disponible, pero no cumple la regla de reserva de la orden."
***-084830-620687b0,2026-08-10 08:49:08,order-***,partial,normal,LIMA-LA VICTORIA,10/08/2026,09:00,34,blocked_by_order_rule,,,38.067,5.797,1.984,,,,,,,screenshots\2026-08\10-08-2026\captchas\captcha-084830-order-***,screenshots\2026-08\10-08-2026\captchas\captcha-084830-order-***,"Se encontro un horario disponible, pero no cumple la regla de reserva de la orden."
***-121819-04650a57,2026-08-10 12:18:29,order-***,registered,normal,LIMA-LA VICTORIA,29/08/2026,10:00,20,confirmed,portal_success_text,,10.483,5.594,1.828,1.671,,,,,0.047,screenshots\2026-08\10-08-2026\portal-1-121819-order-***,screenshots\2026-08\10-08-2026\portal-1-121819-order-*** | screenshots\2026-08\10-08-2026\preenvio-1-121819-order-*** | screenshots\2026-08\10-08-2026\cupo-121819-order-*** | screenshots\2026-08\10-08-2026\captchas\captcha-121819-order-*** | screenshots\2026-08\10-08-2026\diagnostics\portal-html-1-121819-order-***,La reserva fue confirmada por mensaje de exito del portal.
***-121801-c1314265,2026-08-10 12:18:40,order-***,unavailable,slot_lost_reobservation,LIMA-LA VICTORIA,29/08/2026,10:00,20,slot_lost,,,39.094,8.781,1.703,1.297,,,,,0.047,screenshots\2026-08\10-08-2026\portal-1-121801-order-***,screenshots\2026-08\10-08-2026\portal-1-121801-order-*** | screenshots\2026-08\10-08-2026\portal-1-121801-order-*** | screenshots\2026-08\10-08-2026\preenvio-1-121801-order-*** | screenshots\2026-08\10-08-2026\cupo-121801-order-*** | screenshots\2026-08\10-08-2026\preenvio-1-121801-order-*** | screenshots\2026-08\10-08-2026\cupo-121801-order-*** | screenshots\2026-08\10-08-2026\captchas\captcha-121801-order-*** | screenshots\2026-08\10-08-2026\diagnostics\portal-html-1-121801-order-***,El cupo dejo de estar disponible antes de completar la reserva.
***-121829-4301ec8a,2026-08-10 12:19:02,order-***,unavailable,slot_lost_reobservation,LIMA-LA VICTORIA,31/08/2026,09:00,25,slot_lost,,,32.388,5.296,1.781,1.515,,,,,0.063,screenshots\2026-08\10-08-2026\portal-1-121829-order-***,screenshots\2026-08\10-08-2026\portal-1-121829-order-*** | screenshots\2026-08\10-08-2026\portal-2-121829-order-*** | screenshots\2026-08\10-08-2026\preenvio-1-121829-order-*** | screenshots\2026-08\10-08-2026\portal-1-121829-order-*** | screenshots\2026-08\10-08-2026\preenvio-2-121829-order-*** | screenshots\2026-08\10-08-2026\cupo-121829-order-*** | screenshots\2026-08\10-08-2026\preenvio-1-121829-order-*** | screenshots\2026-08\10-08-2026\cupo-121829-order-*** | screenshots\2026-08\10-08-2026\captchas\captcha-121829-order-*** | screenshots\2026-08\10-08-2026\diagnostics\portal-html-1-121829-order-***,El cupo dejo de estar disponible antes de completar la reserva.
***-122037-c872150f,2026-08-10 12:20:49,order-***,registered,normal,LIMA-LA VICTORIA,01/09/2026,08:00,20,confirmed,portal_success_text,,11.719,4.594,1.687,1.390,,,,,0.031,screenshots\2026-08\10-08-2026\portal-1-122037-order-***,screenshots\2026-08\10-08-2026\portal-1-122037-order-*** | screenshots\2026-08\10-08-2026\preenvio-1-122037-order-*** | screenshots\2026-08\10-08-2026\cupo-122037-order-*** | screenshots\2026-08\10-08-2026\captchas\captcha-122037-order-*** | screenshots\2026-08\10-08-2026\diagnostics\portal-html-1-122037-order-***,La reserva fue confirmada por mensaje de exito del portal.
***-122011-bb9f102a,2026-08-10 12:20:49,order-***,registered,normal,LIMA-LA VICTORIA,01/09/2026,08:00,20,confirmed,portal_success_text,,38.167,14.766,1.688,6.969,,,,,0.047,screenshots\2026-08\10-08-2026\portal-1-122011-order-***,screenshots\2026-08\10-08-2026\portal-1-122011-order-*** | screenshots\2026-08\10-08-2026\preenvio-1-122011-order-*** | screenshots\2026-08\10-08-2026\cupo-122011-order-*** | screenshots\2026-08\10-08-2026\captchas\captcha-122011-order-*** | screenshots\2026-08\10-08-2026\diagnostics\portal-html-1-122011-order-***,La reserva fue confirmada por mensaje de exito del portal.
***-122049-afac8c29,2026-08-10 12:21:09,order-***,registered,slot_lost_reobservation,LIMA-LA VICTORIA,01/09/2026,09:00,20,confirmed,portal_success_text,,20.829,4.453,1.672,1.328,,,,,0.047,screenshots\2026-08\10-08-2026\portal-1-122049-order-***,screenshots\2026-08\10-08-2026\portal-1-122049-order-*** | screenshots\2026-08\10-08-2026\portal-1-122049-order-*** | screenshots\2026-08\10-08-2026\preenvio-1-122049-order-*** | screenshots\2026-08\10-08-2026\cupo-122049-order-*** | screenshots\2026-08\10-08-2026\preenvio-1-122049-order-*** | screenshots\2026-08\10-08-2026\cupo-122049-order-*** | screenshots\2026-08\10-08-2026\captchas\captcha-122049-order-*** | screenshots\2026-08\10-08-2026\diagnostics\portal-html-1-122049-order-***,La reserva fue confirmada por mensaje de exito del portal.
***-122140-d0f3cb64,2026-08-10 12:21:51,order-***,partial,normal,LIMA-LA VICTORIA,01/09/2026,09:00,20,blocked_by_order_rule,,,11.008,6.890,2.000,,,,,,,screenshots\2026-08\10-08-2026\captchas\captcha-122140-order-***,screenshots\2026-08\10-08-2026\captchas\captcha-122140-order-***,"Se encontro un horario disponible, pero no cumple la regla de reserva de la orden."
***-122151-f105d92e,2026-08-10 12:22:02,order-***,partial,normal,LIMA-LA VICTORIA,01/09/2026,10:00,20,blocked_by_order_rule,,,10.675,6.688,2.016,,,,,,,screenshots\2026-08\10-08-2026\captchas\captcha-122151-order-***,screenshots\2026-08\10-08-2026\captchas\captcha-122151-order-***,"Se encontro un horario disponible, pero no cumple la regla de reserva de la orden."
***-122202-f91e0b1e,2026-08-10 12:22:12,order-***,partial,normal,LIMA-LA VICTORIA,01/09/2026,10:00,20,blocked_by_order_rule,,,10.598,6.422,2.016,,,,,,,screenshots\2026-08\10-08-2026\captchas\captcha-122202-order-***,screenshots\2026-08\10-08-2026\captchas\captcha-122202-order-***,"Se encontro un horario disponible, pero no cumple la regla de reserva de la orden."
***-122213-4867c9aa,2026-08-10 12:22:23,order-***,partial,normal,LIMA-LA VICTORIA,01/09/2026,10:00,20,blocked_by_order_rule,,,10.036,5.922,2.000,,,,,,,screenshots\2026-08\10-08-2026\captchas\captcha-122213-order-***,screenshots\2026-08\10-08-2026\captchas\captcha-122213-order-***,"Se encontro un horario disponible, pero no cumple la regla de reserva de la orden."
***-122223-b5768fc7,2026-08-10 12:22:33,order-***,partial,normal,LIMA-LA VICTORIA,01/09/2026,10:00,20,blocked_by_order_rule,,,10.300,6.250,2.015,,,,,,,screenshots\2026-08\10-08-2026\captchas\captcha-122223-order-***,screenshots\2026-08\10-08-2026\captchas\captcha-122223-order-***,"Se encontro un horario disponible, pero no cumple la regla de reserva de la orden."
***-132618-f80e4539,2026-08-10 13:26:30,order-***,partial,normal,LIMA-LA VICTORIA,01/09/2026,11:00,20,blocked_by_order_rule,,,12.166,8.140,2.062,,,,,,,screenshots\2026-08\10-08-2026\captchas\captcha-132618-order-***,screenshots\2026-08\10-08-2026\captchas\captcha-132618-order-***,"Se encontro un horario disponible, pero no cumple la regla de reserva de la orden."
***-132630-486bac14,2026-08-10 13:26:41,order-***,partial,normal,LIMA-LA VICTORIA,01/09/2026,11:00,20,blocked_by_order_rule,,,10.703,6.562,2.031,,,,,,,screenshots\2026-08\10-08-2026\captchas\captcha-132630-order-***,screenshots\2026-08\10-08-2026\captchas\captcha-132630-order-***,"Se encontro un horario disponible, pero no cumple la regla de reserva de la orden."
***-132641-780441c6,2026-08-10 13:26:52,order-***,partial,normal,LIMA-LA VICTORIA,01/09/2026,11:00,20,blocked_by_order_rule,,,10.649,6.515,2.062,,,,,,,screenshots\2026-08\10-08-2026\captchas\captcha-132641-order-***,screenshots\2026-08\10-08-2026\captchas\captcha-132641-order-***,"Se encontro un horario disponible, pero no cumple la regla de reserva de la orden."
***-132652-af60072f,2026-08-10 13:27:22,order-***,partial,normal,LIMA-LA VICTORIA,01/09/2026,11:00,20,blocked_by_order_rule,,,30.737,26.515,2.015,,,,,,,screenshots\2026-08\10-08-2026\captchas\captcha-132652-order-***,screenshots\2026-08\10-08-2026\captchas\captcha-132652-order-***,"Se encontro un horario disponible, pero no cumple la regla de reserva de la orden."
***-132723-73f38420,2026-08-10 13:27:54,order-***,partial,normal,LIMA-LA VICTORIA,01/09/2026,12:00,20,blocked_by_order_rule,,,31.070,26.547,2.141,,,,,,,screenshots\2026-08\10-08-2026\captchas\captcha-132723-order-***,screenshots\2026-08\10-08-2026\captchas\captcha-132723-order-***,"Se encontro un horario disponible, pero no cumple la regla de reserva de la orden."
***-132754-***,2026-08-10 13:28:23,order-***,partial,normal,LIMA-LA VICTORIA,01/09/2026,12:00,20,blocked_by_order_rule,,,29.129,24.765,2.359,,,,,,,screenshots\2026-08\10-08-2026\captchas\captcha-132754-order-***,screenshots\2026-08\10-08-2026\captchas\captcha-132754-order-***,"Se encontro un horario disponible, pero no cumple la regla de reserva de la orden."
***-150124-b9e409a6,2026-08-10 15:02:35,order-***,partial,normal,LIMA-LA VICTORIA,26/08/2026,08:00,15,blocked_by_order_rule,,,71.092,25.656,2.000,,,,,,,screenshots\2026-08\10-08-2026\captchas\captcha-150124-order-***,screenshots\2026-08\10-08-2026\captchas\captcha-150124-order-***,"Se encontro un horario disponible, pero no cumple la regla de reserva de la orden."
***-150235-f0be861f,2026-08-10 15:03:48,order-***,partial,normal,LIMA-LA VICTORIA,26/08/2026,09:00,15,blocked_by_order_rule,,,72.959,24.172,2.047,,,,,,,screenshots\2026-08\10-08-2026\captchas\captcha-150235-order-***,screenshots\2026-08\10-08-2026\captchas\captcha-150235-order-***,"Se encontro un horario disponible, pero no cumple la regla de reserva de la orden."
***-150348-71ceb891,2026-08-10 15:04:41,order-***,partial,normal,LIMA-LA VICTORIA,22/08/2026,11:00,18,blocked_by_order_rule,,,53.085,25.063,2.016,,,,,,,screenshots\2026-08\10-08-2026\captchas\captcha-150348-order-***,screenshots\2026-08\10-08-2026\captchas\captcha-150348-order-***,"Se encontro un horario disponible, pero no cumple la regla de reserva de la orden."
***-150441-edc2fd96,2026-08-10 15:05:11,order-***,partial,normal,LIMA-LA VICTORIA,22/08/2026,10:00,20,blocked_by_order_rule,,,29.389,25.172,2.047,,,,,,,screenshots\2026-08\10-08-2026\captchas\captcha-150441-order-***,screenshots\2026-08\10-08-2026\captchas\captcha-150441-order-***,"Se encontro un horario disponible, pero no cumple la regla de reserva de la orden."
***-104323-ef6febd8,2026-08-11 10:44:35,order-***,partial,normal,LIMA-LA VICTORIA,26/08/2026,08:00,18,blocked_by_order_rule,,,72.905,24.500,1.985,,,,,,,screenshots\2026-08\11-08-2026\captchas\captcha-104323-order-***,screenshots\2026-08\11-08-2026\captchas\captcha-104323-order-***,"Se encontro un horario disponible, pero no cumple la regla de reserva de la orden."
***-104436-4b5fbdf7,2026-08-11 10:45:03,order-***,partial,normal,LIMA-LA VICTORIA,26/08/2026,10:00,13,blocked_by_order_rule,,,27.642,24.219,1.985,,,,,,,screenshots\2026-08\11-08-2026\captchas\captcha-104436-order-***,screenshots\2026-08\11-08-2026\captchas\captcha-104436-order-***,"Se encontro un horario disponible, pero no cumple la regla de reserva de la orden."
***-104503-042c34ab,2026-08-11 10:45:54,order-***,partial,normal,LIMA-LA VICTORIA,02/09/2026,08:00,10,blocked_by_order_rule,,,50.885,23.594,2.032,,,,,,,screenshots\2026-08\11-08-2026\captchas\captcha-104503-order-***,screenshots\2026-08\11-08-2026\captchas\captcha-104503-order-***,"Se encontro un horario disponible, pero no cumple la regla de reserva de la orden."
***-104554-b29fc2a6,2026-08-11 10:46:22,order-***,partial,normal,LIMA-LA VICTORIA,02/09/2026,09:00,10,blocked_by_order_rule,,,27.279,23.781,1.968,,,,,,,screenshots\2026-08\11-08-2026\captchas\captcha-104554-order-***,screenshots\2026-08\11-08-2026\captchas\captcha-104554-order-***,"Se encontro un horario disponible, pero no cumple la regla de reserva de la orden."
***-110859-7bae8c88,2026-08-11 11:10:28,order-***,unavailable,normal,LIMA-LA VICTORIA,19/08/2026,11:00,30,slot_lost,,,88.820,26.016,1.688,0.156,,,,,0.031,screenshots\2026-08\11-08-2026\portal-1-110859-order-***,screenshots\2026-08\11-08-2026\portal-1-110859-order-*** | screenshots\2026-08\11-08-2026\preenvio-1-110859-order-*** | screenshots\2026-08\11-08-2026\cupo-110859-order-*** | screenshots\2026-08\11-08-2026\captchas\captcha-110859-order-*** | screenshots\2026-08\11-08-2026\diagnostics\portal-html-1-110859-order-***,El cupo dejo de estar disponible antes de completar la reserva.
***-111219-2ee9dd4a,2026-08-11 11:13:15,order-***,partial,normal,LIMA-LA VICTORIA,28/08/2026,10:00,30,blocked_by_order_rule,,,56.272,33.531,2.765,,,,,,,screenshots\2026-08\11-08-2026\captchas\captcha-111219-order-***,screenshots\2026-08\11-08-2026\captchas\captcha-111219-order-***,"Se encontro un horario disponible, pero no cumple la regla de reserva de la orden."
***-111409-b821bddf,2026-08-11 11:15:17,order-***,partial,normal,LIMA-LA VICTORIA,28/08/2026,12:00,25,blocked_by_order_rule,,,67.641,27.328,2.015,,,,,,,screenshots\2026-08\11-08-2026\captchas\captcha-111409-order-***,screenshots\2026-08\11-08-2026\captchas\captcha-111409-order-***,"Se encontro un horario disponible, pero no cumple la regla de reserva de la orden."
***-112548-***,2026-08-11 11:26:52,order-***,partial,normal,LIMA-LA VICTORIA,27/08/2026,08:00,30,blocked_by_order_rule,,,63.115,23.812,2.016,,,,,,,screenshots\2026-08\11-08-2026\captchas\captcha-112548-order-***,screenshots\2026-08\11-08-2026\captchas\captcha-112548-order-***,"Se encontro un horario disponible, pero no cumple la regla de reserva de la orden."
***-113509-199478c9,2026-08-11 11:36:15,order-***,partial,normal,LIMA-LA VICTORIA,25/08/2026,10:00,30,blocked_by_order_rule,,,66.742,23.812,1.984,,,,,,,screenshots\2026-08\11-08-2026\captchas\captcha-113509-order-***,screenshots\2026-08\11-08-2026\captchas\captcha-113509-order-***,"Se encontro un horario disponible, pero no cumple la regla de reserva de la orden."
***-113707-0d001c37,2026-08-11 11:37:41,order-***,partial,normal,LIMA-LA VICTORIA,01/09/2026,08:00,30,blocked_by_order_rule,,,33.997,23.438,1.969,,,,,,,screenshots\2026-08\11-08-2026\captchas\captcha-113707-order-***,screenshots\2026-08\11-08-2026\captchas\captcha-113707-order-***,"Se encontro un horario disponible, pero no cumple la regla de reserva de la orden."
***-113741-b56a8e52,2026-08-11 11:38:08,order-***,partial,normal,LIMA-LA VICTORIA,01/09/2026,08:00,30,blocked_by_order_rule,,,27.204,23.625,2.015,,,,,,,screenshots\2026-08\11-08-2026\captchas\captcha-113741-order-***,screenshots\2026-08\11-08-2026\captchas\captcha-113741-order-***,"Se encontro un horario disponible, pero no cumple la regla de reserva de la orden."
***-113809-59a28921,2026-08-11 11:38:35,order-***,partial,normal,LIMA-LA VICTORIA,02/09/2026,10:00,10,blocked_by_order_rule,,,26.830,23.391,1.969,,,,,,,screenshots\2026-08\11-08-2026\captchas\captcha-113809-order-***,screenshots\2026-08\11-08-2026\captchas\captcha-113809-order-***,"Se encontro un horario disponible, pero no cumple la regla de reserva de la orden."
***-113835-ffca4842,2026-08-11 11:39:03,order-***,partial,normal,LIMA-LA VICTORIA,02/09/2026,11:00,10,blocked_by_order_rule,,,27.161,23.781,1.953,,,,,,,screenshots\2026-08\11-08-2026\captchas\captcha-113835-order-***,screenshots\2026-08\11-08-2026\captchas\captcha-113835-order-***,"Se encontro un horario disponible, pero no cumple la regla de reserva de la orden."
***-113903-b46cd065,2026-08-11 11:39:29,order-***,partial,normal,LIMA-LA VICTORIA,02/09/2026,11:00,10,blocked_by_order_rule,,,26.224,22.843,1.968,,,,,,,screenshots\2026-08\11-08-2026\captchas\captcha-113903-order-***,screenshots\2026-08\11-08-2026\captchas\captcha-113903-order-***,"Se encontro un horario disponible, pero no cumple la regla de reserva de la orden."
***-113929-16bb9cad,2026-08-11 11:39:55,order-***,partial,normal,LIMA-LA VICTORIA,02/09/2026,11:00,10,blocked_by_order_rule,,,26.477,23.078,1.984,,,,,,,screenshots\2026-08\11-08-2026\captchas\captcha-113929-order-***,screenshots\2026-08\11-08-2026\captchas\captcha-113929-order-***,"Se encontro un horario disponible, pero no cumple la regla de reserva de la orden."
***-113956-0ba456b1,2026-08-11 11:40:57,order-***,partial,normal,LIMA-LA VICTORIA,26/08/2026,12:00,13,blocked_by_order_rule,,,61.731,29.078,2.016,,,,,,,screenshots\2026-08\11-08-2026\captchas\captcha-113956-order-***,screenshots\2026-08\11-08-2026\captchas\captcha-113956-order-***,"Se encontro un horario disponible, pero no cumple la regla de reserva de la orden."
***-114151-***,2026-08-11 11:42:39,order-***,partial,normal,LIMA-LA VICTORIA,26/08/2026,12:00,15,blocked_by_order_rule,,,47.621,24.469,1.984,,,,,,,screenshots\2026-08\11-08-2026\captchas\captcha-114151-order-***,screenshots\2026-08\11-08-2026\captchas\captcha-114151-order-***,"Se encontro un horario disponible, pero no cumple la regla de reserva de la orden."
***-114733-f4aa378a,2026-08-11 11:48:16,order-***,partial,normal,LIMA-LA VICTORIA,26/08/2026,12:00,18,blocked_by_order_rule,,,42.313,2.157,2.016,,,,,,,screenshots\2026-08\11-08-2026\captchas\captcha-114733-order-***,screenshots\2026-08\11-08-2026\captchas\captcha-114733-order-***,"Se encontro un horario disponible, pero no cumple la regla de reserva de la orden."
***-114816-0150c228,2026-08-11 11:48:22,order-***,partial,normal,LIMA-LA VICTORIA,26/08/2026,12:00,18,blocked_by_order_rule,,,5.768,2.172,2.032,,,,,,,screenshots\2026-08\11-08-2026\captchas\captcha-114816-order-***,screenshots\2026-08\11-08-2026\captchas\captcha-114816-order-***,"Se encontro un horario disponible, pero no cumple la regla de reserva de la orden."
***-120736-a8b5574f,2026-08-11 12:07:49,order-***,partial,normal,LIMA-LA VICTORIA,27/08/2026,12:00,30,blocked_by_order_rule,,,12.795,2.860,2.016,,,,,,,screenshots\2026-08\11-08-2026\captchas\captcha-120736-order-***,screenshots\2026-08\11-08-2026\captchas\captcha-120736-order-***,"Se encontro un horario disponible, pero no cumple la regla de reserva de la orden."
***-120749-77ea61de,2026-08-11 12:07:55,order-***,partial,normal,LIMA-LA VICTORIA,27/08/2026,12:00,30,blocked_by_order_rule,,,5.867,2.281,2.125,,,,,,,screenshots\2026-08\11-08-2026\captchas\captcha-120749-order-***,screenshots\2026-08\11-08-2026\captchas\captcha-120749-order-***,"Se encontro un horario disponible, pero no cumple la regla de reserva de la orden."
***-120755-a3721910,2026-08-11 12:08:01,order-***,partial,normal,LIMA-LA VICTORIA,27/08/2026,12:00,30,blocked_by_order_rule,,,5.853,2.188,2.031,,,,,,,screenshots\2026-08\11-08-2026\captchas\captcha-120755-order-***,screenshots\2026-08\11-08-2026\captchas\captcha-120755-order-***,"Se encontro un horario disponible, pero no cumple la regla de reserva de la orden."
***-122837-575fe15b,2026-08-11 12:29:12,order-***,registered,normal,LIMA-LA VICTORIA,21/08/2026,10:00,25,confirmed,portal_success_text,,35.146,4.516,1.704,0.141,,,,,0.047,screenshots\2026-08\11-08-2026\portal-1-122837-order-***,screenshots\2026-08\11-08-2026\portal-1-122837-order-*** | screenshots\2026-08\11-08-2026\preenvio-1-122837-order-*** | screenshots\2026-08\11-08-2026\cupo-122837-order-*** | screenshots\2026-08\11-08-2026\captchas\captcha-122837-order-*** | screenshots\2026-08\11-08-2026\diagnostics\portal-html-1-122837-order-***,La reserva fue confirmada por mensaje de exito del portal.
observer-***-123121-a86d949c,2026-08-11 12:32:33,,available,normal,LIMA-LA VICTORIA,17/08/2026,08:00,30,,,,71.964,,,,,,,,,screenshots\2026-08\11-08-2026\observer-cupo-d2ba76.png,screenshots\2026-08\11-08-2026\observer-cupo-d2ba76.png,Se seleccionaron una fecha y una hora disponibles.
observer-***-130037-2a653a1f,2026-08-11 13:01:45,,available,normal,LIMA-LA VICTORIA,26/08/2026,10:00,20,,,,67.898,,,,,,,,,screenshots\2026-08\11-08-2026\observer-cupo-b68050.png,screenshots\2026-08\11-08-2026\observer-cupo-b68050.png,Se seleccionaron una fecha y una hora disponibles.
observer-***-130359-f40f7035,2026-08-11 13:04:51,,available,normal,LIMA-LA VICTORIA,02/09/2026,08:00,15,,,,51.868,,,,,,,,,screenshots\2026-08\11-08-2026\observer-cupo-fe5ba3.png,screenshots\2026-08\11-08-2026\observer-cupo-fe5ba3.png,Se seleccionaron una fecha y una hora disponibles.
observer-***-130451-a65c9d1d,2026-08-11 13:05:01,,available,normal,LIMA-LA VICTORIA,02/09/2026,08:00,15,,,,10.096,,,,,,,,,,,Se seleccionaron una fecha y una hora disponibles.
observer-***-144448-ee55bdda,2026-08-11 14:45:05,,available,normal,LIMA-LA VICTORIA,26/08/2026,12:00,22,,,,17.272,,,,,,,,,screenshots\2026-08\11-08-2026\observer-cupo-299a67.png,screenshots\2026-08\11-08-2026\observer-cupo-299a67.png,Se seleccionaron una fecha y una hora disponibles.
observer-***-145821-b9c4186e,2026-08-11 14:59:01,,available,normal,LIMA-LA VICTORIA,22/08/2026,11:00,25,,,,39.999,,,,,,,,,screenshots\2026-08\11-08-2026\observer-cupo-337720.png,screenshots\2026-08\11-08-2026\observer-cupo-337720.png,Se seleccionaron una fecha y una hora disponibles.
observer-***-150518-7d99b2d5,2026-08-11 15:05:57,,available,normal,LIMA-LA VICTORIA,26/08/2026,10:00,30,,,,38.277,,,,,,,,,screenshots\2026-08\11-08-2026\observer-cupo-ba008c.png,screenshots\2026-08\11-08-2026\observer-cupo-ba008c.png,Se seleccionaron una fecha y una hora disponibles.
***-095747-7d6f31a2,2026-08-12 09:58:53,order-***,unavailable,normal,LIMA-LA VICTORIA,22/08/2026,08:00,25,slot_lost,,,66.119,3.954,0.672,2.094,0.000,0.015,0.000,event_atomic,0.047,screenshots\2026-08\12-08-2026\portal-1-095747-order-***,screenshots\2026-08\12-08-2026\portal-1-095747-order-*** | screenshots\2026-08\12-08-2026\cupo-095747-order-*** | screenshots\2026-08\12-08-2026\captchas\captcha-095747-order-*** | screenshots\2026-08\12-08-2026\diagnostics\portal-html-1-095747-order-***,El cupo dejo de estar disponible antes de completar la reserva.
***-095855-0bc06c49,2026-08-12 09:59:47,order-***,registered,normal,LIMA-LA VICTORIA,26/08/2026,08:00,30,confirmed,portal_success_text,,51.553,2.937,0.656,1.235,0.000,0.000,0.016,event_atomic,0.062,screenshots\2026-08\12-08-2026\portal-1-095855-order-***,screenshots\2026-08\12-08-2026\portal-1-095855-order-*** | screenshots\2026-08\12-08-2026\cupo-095855-order-*** | screenshots\2026-08\12-08-2026\captchas\captcha-095855-order-*** | screenshots\2026-08\12-08-2026\diagnostics\portal-html-1-095855-order-***,La reserva fue confirmada por mensaje de exito del portal.
observer-***-100059-***,2026-08-12 10:01:21,,available,normal,LIMA-LA VICTORIA,18/08/2026,10:00,30,,,,21.597,,,,,,,event_atomic,,screenshots\2026-08\12-08-2026\observer-cupo-c88e02.png,screenshots\2026-08\12-08-2026\observer-cupo-c88e02.png,Se seleccionaron una fecha y una hora disponibles.
observer-***-100121-907a630f,2026-08-12 10:01:30,,available,normal,LIMA-LA VICTORIA,18/08/2026,10:00,30,,,,8.841,,,,,,,event_atomic,,,,Se seleccionaron una fecha y una hora disponibles.
observer-***-100131-***,2026-08-12 10:01:45,,available,normal,LIMA-LA VICTORIA,18/08/2026,12:00,30,,,,14.964,,,,,,,event_atomic,,screenshots\2026-08\12-08-2026\observer-cupo-2679a7.png,screenshots\2026-08\12-08-2026\observer-cupo-2679a7.png,Se seleccionaron una fecha y una hora disponibles.
observer-***-100146-c5db8c8b,2026-08-12 10:01:54,,available,normal,LIMA-LA VICTORIA,18/08/2026,12:00,30,,,,8.807,,,,,,,event_atomic,,,,Se seleccionaron una fecha y una hora disponibles.
observer-***-100155-161767ea,2026-08-12 10:02:11,,available,normal,LIMA-LA VICTORIA,19/08/2026,08:00,30,,,,15.338,,,,,,,event_atomic,,screenshots\2026-08\12-08-2026\observer-cupo-b94de9.png,screenshots\2026-08\12-08-2026\observer-cupo-b94de9.png,Se seleccionaron una fecha y una hora disponibles.
observer-***-100211-6f44d3ea,2026-08-12 10:02:19,,available,normal,LIMA-LA VICTORIA,19/08/2026,08:00,30,,,,8.881,,,,,,,event_atomic,,,,Se seleccionaron una fecha y una hora disponibles.
observer-***-100425-***,2026-08-12 10:05:33,,available,normal,LIMA-LA VICTORIA,26/08/2026,09:00,30,,,,67.924,,,,,,,event_atomic,,screenshots\2026-08\12-08-2026\observer-cupo-b53a60.png,screenshots\2026-08\12-08-2026\observer-cupo-b53a60.png,Se seleccionaron una fecha y una hora disponibles.
observer-***-100533-6a40de8d,2026-08-12 10:05:42,,available,normal,LIMA-LA VICTORIA,26/08/2026,09:00,30,,,,8.836,,,,,,,event_atomic,,,,Se seleccionaron una fecha y una hora disponibles.
observer-***-100638-fa3b90b0,2026-08-12 10:07:44,,available,normal,LIMA-LA VICTORIA,27/08/2026,09:00,30,,,,66.619,,,,,,,event_atomic,,screenshots\2026-08\12-08-2026\observer-cupo-f5d091.png,screenshots\2026-08\12-08-2026\observer-cupo-f5d091.png,Se seleccionaron una fecha y una hora disponibles.
observer-***-103003-f026f880,2026-08-12 10:30:39,,available,normal,LIMA-LA VICTORIA,02/09/2026,12:00,20,,,,36.003,,,,,,,event_atomic,,screenshots\2026-08\12-08-2026\observer-cupo-494f40.png,screenshots\2026-08\12-08-2026\observer-cupo-494f40.png,Se seleccionaron una fecha y una hora disponibles.
observer-***-103039-457c0ed0,2026-08-12 10:30:48,,available,normal,LIMA-LA VICTORIA,02/09/2026,12:00,20,,,,8.975,,,,,,,event_atomic,,,,Se seleccionaron una fecha y una hora disponibles.
observer-***-103049-eb3bc591,2026-08-12 10:31:04,,available,normal,LIMA-LA VICTORIA,02/09/2026,12:00,20,,,,14.828,,,,,,,event_atomic,,screenshots\2026-08\12-08-2026\observer-cupo-47b890.png,screenshots\2026-08\12-08-2026\observer-cupo-47b890.png,Se seleccionaron una fecha y una hora disponibles.
observer-***-103216-76c6da6b,2026-08-12 10:32:31,,available,normal,LIMA-LA VICTORIA,03/09/2026,08:00,10,,,,15.444,,,,,,,event_atomic,,screenshots\2026-08\12-08-2026\observer-cupo-d93fec.png,screenshots\2026-08\12-08-2026\observer-cupo-d93fec.png,Se seleccionaron una fecha y una hora disponibles.
observer-***-103232-212c7bf6,2026-08-12 10:32:40,,available,normal,LIMA-LA VICTORIA,03/09/2026,08:00,10,,,,8.850,,,,,,,event_atomic,,,,Se seleccionaron una fecha y una hora disponibles.
observer-***-103241-9e1fd97b,2026-08-12 10:32:56,,available,normal,LIMA-LA VICTORIA,03/09/2026,08:00,10,,,,14.937,,,,,,,event_atomic,,screenshots\2026-08\12-08-2026\observer-cupo-b0f6bc.png,screenshots\2026-08\12-08-2026\observer-cupo-b0f6bc.png,Se seleccionaron una fecha y una hora disponibles.
observer-***-103256-8dcb5ed0,2026-08-12 10:33:05,,available,normal,LIMA-LA VICTORIA,03/09/2026,08:00,10,,,,8.965,,,,,,,event_atomic,,,,Se seleccionaron una fecha y una hora disponibles.
observer-***-103306-c99c9c55,2026-08-12 10:33:20,,available,normal,LIMA-LA VICTORIA,03/09/2026,08:00,10,,,,14.830,,,,,,,event_atomic,,screenshots\2026-08\12-08-2026\observer-cupo-eefc57.png,screenshots\2026-08\12-08-2026\observer-cupo-eefc57.png,Se seleccionaron una fecha y una hora disponibles.
observer-***-110410-fe67ab18,2026-08-12 11:04:47,,available,normal,LIMA-LA VICTORIA,03/09/2026,09:00,10,,,,36.504,,,,,,,event_atomic,,screenshots\2026-08\12-08-2026\observer-cupo-c395ec.png,screenshots\2026-08\12-08-2026\observer-cupo-c395ec.png,Se seleccionaron una fecha y una hora disponibles.
observer-***-110447-5cc35372,2026-08-12 11:04:56,,available,normal,LIMA-LA VICTORIA,03/09/2026,09:00,10,,,,8.956,,,,,,,event_atomic,,,,Se seleccionaron una fecha y una hora disponibles.
observer-***-110456-958628d3,2026-08-12 11:05:11,,available,normal,LIMA-LA VICTORIA,03/09/2026,09:00,10,,,,14.725,,,,,,,event_atomic,,screenshots\2026-08\12-08-2026\observer-cupo-7852bc.png,screenshots\2026-08\12-08-2026\observer-cupo-7852bc.png,Se seleccionaron una fecha y una hora disponibles.
observer-***-110511-3405ed94,2026-08-12 11:05:20,,available,normal,LIMA-LA VICTORIA,03/09/2026,10:00,10,,,,8.836,,,,,,,event_atomic,,,,Se seleccionaron una fecha y una hora disponibles.
observer-***-110521-05c5e112,2026-08-12 11:05:36,,available,normal,LIMA-LA VICTORIA,03/09/2026,10:00,10,,,,14.803,,,,,,,event_atomic,,screenshots\2026-08\12-08-2026\observer-cupo-9a4da8.png,screenshots\2026-08\12-08-2026\observer-cupo-9a4da8.png,Se seleccionaron una fecha y una hora disponibles.
observer-***-112544-c82d51ce,2026-08-12 11:26:55,,available,normal,LIMA-LA VICTORIA,02/09/2026,09:00,25,,,,71.451,,,,,,,event_atomic,,screenshots\2026-08\12-08-2026\observer-cupo-299406.png,screenshots\2026-08\12-08-2026\observer-cupo-299406.png,Se seleccionaron una fecha y una hora disponibles.
observer-***-112815-3b433b27,2026-08-12 11:28:52,,available,normal,LIMA-LA VICTORIA,19/08/2026,12:00,30,,,,36.782,,,,,,,event_atomic,,screenshots\2026-08\12-08-2026\observer-cupo-2df271.png,screenshots\2026-08\12-08-2026\observer-cupo-2df271.png,Se seleccionaron una fecha y una hora disponibles.
observer-***-112852-66857b68,2026-08-12 11:29:01,,available,normal,LIMA-LA VICTORIA,19/08/2026,12:00,30,,,,8.954,,,,,,,event_atomic,,,,Se seleccionaron una fecha y una hora disponibles.
observer-***-112902-3eeb7f5b,2026-08-12 11:29:18,,available,normal,LIMA-LA VICTORIA,19/08/2026,12:00,30,,,,16.283,,,,,,,event_atomic,,screenshots\2026-08\12-08-2026\observer-cupo-5f4109.png,screenshots\2026-08\12-08-2026\observer-cupo-5f4109.png,Se seleccionaron una fecha y una hora disponibles.
observer-***-112918-7b65e938,2026-08-12 11:29:27,,available,normal,LIMA-LA VICTORIA,19/08/2026,12:00,30,,,,8.912,,,,,,,event_atomic,,,,Se seleccionaron una fecha y una hora disponibles.
observer-***-113430-eccf28a7,2026-08-12 11:35:09,,available,normal,LIMA-LA VICTORIA,03/09/2026,11:00,15,,,,38.536,,,,,,,event_atomic,,screenshots\2026-08\12-08-2026\observer-cupo-cc4c8c.png,screenshots\2026-08\12-08-2026\observer-cupo-cc4c8c.png,Se seleccionaron una fecha y una hora disponibles.
observer-***-113509-6197041f,2026-08-12 11:35:18,,available,normal,LIMA-LA VICTORIA,03/09/2026,11:00,15,,,,9.293,,,,,,,event_atomic,,,,Se seleccionaron una fecha y una hora disponibles.
observer-***-113519-7de15f3c,2026-08-12 11:35:35,,available,normal,LIMA-LA VICTORIA,03/09/2026,11:00,15,,,,15.487,,,,,,,event_atomic,,screenshots\2026-08\12-08-2026\observer-cupo-03fe55.png,screenshots\2026-08\12-08-2026\observer-cupo-03fe55.png,Se seleccionaron una fecha y una hora disponibles.
observer-***-113535-dbf97e2e,2026-08-12 11:35:44,,available,normal,LIMA-LA VICTORIA,03/09/2026,11:00,15,,,,9.157,,,,,,,event_atomic,,,,Se seleccionaron una fecha y una hora disponibles.
observer-***-113544-5c3693b0,2026-08-12 11:35:59,,available,normal,LIMA-LA VICTORIA,03/09/2026,11:00,15,,,,15.355,,,,,,,event_atomic,,screenshots\2026-08\12-08-2026\observer-cupo-4bac54.png,screenshots\2026-08\12-08-2026\observer-cupo-4bac54.png,Se seleccionaron una fecha y una hora disponibles.
observer-***-113559-6b61c1b6,2026-08-12 11:36:08,,available,normal,LIMA-LA VICTORIA,03/09/2026,12:00,10,,,,8.903,,,,,,,event_atomic,,,,Se seleccionaron una fecha y una hora disponibles.
observer-***-113609-4e134461,2026-08-12 11:36:24,,available,normal,LIMA-LA VICTORIA,03/09/2026,12:00,10,,,,15.015,,,,,,,event_atomic,,screenshots\2026-08\12-08-2026\observer-cupo-59ace5.png,screenshots\2026-08\12-08-2026\observer-cupo-59ace5.png,Se seleccionaron una fecha y una hora disponibles.
observer-***-113624-69b6d410,2026-08-12 11:36:34,,available,normal,LIMA-LA VICTORIA,03/09/2026,12:00,10,,,,9.407,,,,,,,event_atomic,,,,Se seleccionaron una fecha y una hora disponibles.
observer-***-113634-***,2026-08-12 11:36:49,,available,normal,LIMA-LA VICTORIA,03/09/2026,12:00,10,,,,15.186,,,,,,,event_atomic,,screenshots\2026-08\12-08-2026\observer-cupo-88b53d.png,screenshots\2026-08\12-08-2026\observer-cupo-88b53d.png,Se seleccionaron una fecha y una hora disponibles.
observer-***-115918-e69fc7af,2026-08-12 11:59:33,,available,normal,LIMA-LA VICTORIA,13/08/2026,10:00,30,,,,15.167,,,,,,,event_atomic,,screenshots\2026-08\12-08-2026\observer-cupo-594424.png,screenshots\2026-08\12-08-2026\observer-cupo-594424.png,Se seleccionaron una fecha y una hora disponibles.
observer-***-115948-7d7342f6,2026-08-12 12:00:40,,available,normal,LIMA-LA VICTORIA,15/08/2026,08:00,30,,,,52.317,,,,,,,event_atomic,,screenshots\2026-08\12-08-2026\observer-cupo-331922.png,screenshots\2026-08\12-08-2026\observer-cupo-331922.png,Se seleccionaron una fecha y una hora disponibles.
observer-***-120040-aeb55c78,2026-08-12 12:00:49,,available,normal,LIMA-LA VICTORIA,15/08/2026,08:00,30,,,,8.980,,,,,,,event_atomic,,,,Se seleccionaron una fecha y una hora disponibles.
observer-***-120800-1c58a335,2026-08-12 12:08:15,,available,normal,LIMA-LA VICTORIA,01/09/2026,09:00,25,,,,15.426,,,,,,,event_atomic,,screenshots\2026-08\12-08-2026\observer-cupo-902e00.png,screenshots\2026-08\12-08-2026\observer-cupo-902e00.png,Se seleccionaron una fecha y una hora disponibles.
observer-***-120815-c9e3d6a5,2026-08-12 12:08:24,,available,normal,LIMA-LA VICTORIA,01/09/2026,09:00,25,,,,9.113,,,,,,,event_atomic,,,,Se seleccionaron una fecha y una hora disponibles.
observer-***-121030-a0a6c175,2026-08-12 12:10:52,,available,normal,LIMA-LA VICTORIA,29/08/2026,09:00,25,,,,22.008,,,,,,,event_atomic,,screenshots\2026-08\12-08-2026\observer-cupo-752fa1.png,screenshots\2026-08\12-08-2026\observer-cupo-752fa1.png,Se seleccionaron una fecha y una hora disponibles.
observer-***-121052-5a803243,2026-08-12 12:11:01,,available,normal,LIMA-LA VICTORIA,29/08/2026,09:00,25,,,,8.876,,,,,,,event_atomic,,,,Se seleccionaron una fecha y una hora disponibles.
observer-***-132726-e2cc5d1e,2026-08-12 13:28:33,,available,normal,LIMA-LA VICTORIA,20/08/2026,10:00,30,,,,67.102,,,,,,,event_atomic,,screenshots\2026-08\12-08-2026\observer-cupo-5e15eb.png,screenshots\2026-08\12-08-2026\observer-cupo-5e15eb.png,Se seleccionaron una fecha y una hora disponibles.
observer-***-132833-a0b4e221,2026-08-12 13:28:42,,available,normal,LIMA-LA VICTORIA,20/08/2026,10:00,30,,,,8.932,,,,,,,event_atomic,,,,Se seleccionaron una fecha y una hora disponibles.
observer-***-132843-91980f8c,2026-08-12 13:28:58,,available,normal,LIMA-LA VICTORIA,20/08/2026,10:00,30,,,,15.178,,,,,,,event_atomic,,screenshots\2026-08\12-08-2026\observer-cupo-ebbdfb.png,screenshots\2026-08\12-08-2026\observer-cupo-ebbdfb.png,Se seleccionaron una fecha y una hora disponibles.
observer-***-162123-dc587103,2026-08-12 16:22:56,,error,normal,,,,,,,network,93.258,,,,,,,,,screenshots\2026-08\12-08-2026\observer-error-panel-citas-565675.png,,"Locator.wait_for: Timeout 30000ms exceeded.
Call log:
  - waiting for locator(""#MainContent_idUcitas_cbosede"")"
observer-***-164211-069008c9,2026-08-12 16:42:28,,available,normal,LIMA-LA VICTORIA,29/08/2026,10:00,25,,,,17.351,,,,,,,event_atomic,,screenshots\2026-08\12-08-2026\observer-cupo-b58dd5.png,screenshots\2026-08\12-08-2026\observer-cupo-b58dd5.png,Se seleccionaron una fecha y una hora disponibles.
observer-***-164228-93e88eaf,2026-08-12 16:42:37,,available,normal,LIMA-LA VICTORIA,29/08/2026,10:00,25,,,,8.840,,,,,,,event_atomic,,,,Se seleccionaron una fecha y una hora disponibles.
***-092233-5b05f216,2026-08-13 09:22:40,order-***,registered,normal,LIMA-LA VICTORIA,03/09/2026,08:00,15,confirmed,portal_success_text,,6.457,3.219,0.672,1.453,0.000,0.000,0.016,event_atomic,0.047,screenshots\2026-08\13-08-2026\portal-1-092233-order-***,screenshots\2026-08\13-08-2026\portal-1-092233-order-*** | screenshots\2026-08\13-08-2026\cupo-092233-order-*** | screenshots\2026-08\13-08-2026\captchas\captcha-092233-order-*** | screenshots\2026-08\13-08-2026\diagnostics\portal-html-1-092233-order-***,La reserva fue confirmada por mensaje de exito del portal.
observer-***-092249-a2fdb91f,2026-08-13 09:23:05,,available,normal,LIMA-LA VICTORIA,03/09/2026,09:00,20,,,,15.556,,,,,,,event_atomic,,screenshots\2026-08\13-08-2026\observer-cupo-4cc9d6.png,screenshots\2026-08\13-08-2026\observer-cupo-4cc9d6.png,Se seleccionaron una fecha y una hora disponibles.
observer-***-092305-b19d060a,2026-08-13 09:23:14,,available,normal,LIMA-LA VICTORIA,03/09/2026,10:00,20,,,,8.987,,,,,,,event_atomic,,,,Se seleccionaron una fecha y una hora disponibles.
observer-***-092315-69f1945e,2026-08-13 09:23:30,,available,normal,LIMA-LA VICTORIA,03/09/2026,12:00,20,,,,14.745,,,,,,,event_atomic,,screenshots\2026-08\13-08-2026\observer-cupo-2497da.png,screenshots\2026-08\13-08-2026\observer-cupo-2497da.png,Se seleccionaron una fecha y una hora disponibles.
observer-***-092330-aef64f54,2026-08-13 09:23:39,,available,normal,LIMA-LA VICTORIA,03/09/2026,12:00,20,,,,8.789,,,,,,,event_atomic,,,,Se seleccionaron una fecha y una hora disponibles.
***-103349-f4706b5b,2026-08-13 10:34:11,order-***,registered,normal,LIMA-LA VICTORIA,27/08/2026,11:00,30,confirmed,portal_success_text,,21.928,8.735,0.625,7.047,0.016,0.000,0.015,event_atomic,0.047,screenshots\2026-08\13-08-2026\portal-1-103349-order-***,screenshots\2026-08\13-08-2026\portal-1-103349-order-*** | screenshots\2026-08\13-08-2026\cupo-103349-order-*** | screenshots\2026-08\13-08-2026\captchas\captcha-103349-order-*** | screenshots\2026-08\13-08-2026\diagnostics\portal-html-1-103349-order-***,La reserva fue confirmada por mensaje de exito del portal.
***-111804-e509edbb,2026-08-13 11:18:18,order-***,registered,normal,LIMA-LA VICTORIA,05/09/2026,08:00,5,confirmed,portal_success_text,,14.645,8.593,0.625,6.921,0.000,0.000,0.015,event_atomic,0.047,screenshots\2026-08\13-08-2026\portal-1-111804-order-***,screenshots\2026-08\13-08-2026\portal-1-111804-order-*** | screenshots\2026-08\13-08-2026\cupo-111804-order-*** | screenshots\2026-08\13-08-2026\captchas\captcha-111804-order-*** | screenshots\2026-08\13-08-2026\diagnostics\portal-html-1-111804-order-***,La reserva fue confirmada por mensaje de exito del portal.
observer-***-114147-ff14a826,2026-08-13 11:42:08,,available,normal,LIMA-LA VICTORIA,03/09/2026,11:00,20,,,,21.531,,,,,,,event_atomic,,screenshots\2026-08\13-08-2026\observer-cupo-968d25.png,screenshots\2026-08\13-08-2026\observer-cupo-968d25.png,Se seleccionaron una fecha y una hora disponibles.
observer-***-114208-33ff7f16,2026-08-13 11:42:17,,available,normal,LIMA-LA VICTORIA,03/09/2026,08:00,20,,,,8.821,,,,,,,event_atomic,,,,Se seleccionaron una fecha y una hora disponibles.
observer-***-114218-0740504b,2026-08-13 11:42:33,,available,normal,LIMA-LA VICTORIA,03/09/2026,10:00,25,,,,15.000,,,,,,,event_atomic,,screenshots\2026-08\13-08-2026\observer-cupo-025344.png,screenshots\2026-08\13-08-2026\observer-cupo-025344.png,Se seleccionaron una fecha y una hora disponibles.
observer-***-114248-8381e144,2026-08-13 11:43:36,,available,normal,LIMA-LA VICTORIA,04/09/2026,08:00,10,,,,48.121,,,,,,,event_atomic,,,,Se seleccionaron una fecha y una hora disponibles.
***-133851-a7f14870,2026-08-13 13:39:39,order-***,registered,normal,LIMA-LA VICTORIA,04/09/2026,09:00,7,confirmed,portal_success_text,,48.282,2.141,0.672,0.188,0.016,0.016,0.000,event_atomic,0.078,screenshots\2026-08\13-08-2026\portal-1-133851-order-***,screenshots\2026-08\13-08-2026\portal-1-133851-order-*** | screenshots\2026-08\13-08-2026\cupo-133851-order-*** | screenshots\2026-08\13-08-2026\captchas\captcha-133851-order-*** | screenshots\2026-08\13-08-2026\diagnostics\portal-html-1-133851-order-***,La reserva fue confirmada por mensaje de exito del portal.
observer-***-133949-c3312ffa,2026-08-13 13:40:28,,available,normal,LIMA-LA VICTORIA,04/09/2026,10:00,10,,,,39.607,,,,,,,event_atomic,,screenshots\2026-08\13-08-2026\observer-cupo-bf5f01.png,screenshots\2026-08\13-08-2026\observer-cupo-bf5f01.png,Se seleccionaron una fecha y una hora disponibles.
observer-***-134029-8a6befa3,2026-08-13 13:40:38,,available,normal,LIMA-LA VICTORIA,04/09/2026,09:00,10,,,,9.029,,,,,,,event_atomic,,,,Se seleccionaron una fecha y una hora disponibles.
observer-***-134038-e9740be1,2026-08-13 13:40:54,,available,normal,LIMA-LA VICTORIA,04/09/2026,09:00,10,,,,15.318,,,,,,,event_atomic,,screenshots\2026-08\13-08-2026\observer-cupo-b265fa.png,screenshots\2026-08\13-08-2026\observer-cupo-b265fa.png,Se seleccionaron una fecha y una hora disponibles.
observer-***-134054-9837cdda,2026-08-13 13:41:03,,available,normal,LIMA-LA VICTORIA,04/09/2026,11:00,10,,,,9.028,,,,,,,event_atomic,,,,Se seleccionaron una fecha y una hora disponibles.
observer-***-134104-c4739d68,2026-08-13 13:41:19,,available,normal,LIMA-LA VICTORIA,04/09/2026,12:00,10,,,,15.284,,,,,,,event_atomic,,screenshots\2026-08\13-08-2026\observer-cupo-4990a0.png,screenshots\2026-08\13-08-2026\observer-cupo-4990a0.png,Se seleccionaron una fecha y una hora disponibles.
observer-***-134119-71271a75,2026-08-13 13:41:28,,available,normal,LIMA-LA VICTORIA,04/09/2026,12:00,10,,,,8.967,,,,,,,event_atomic,,,,Se seleccionaron una fecha y una hora disponibles.
observer-***-144201-c38f021b,2026-08-13 14:43:58,,error,normal,,,,,,,network,117.318,,,,,,,,,screenshots\2026-08\13-08-2026\observer-error-panel-citas-ac651d.png,,"Locator.wait_for: Timeout 30000ms exceeded.
Call log:
  - waiting for locator(""#MainContent_idUcitas_cbosede"")"
observer-***-151533-7342d996,2026-08-13 15:17:11,,available,normal,LIMA-LA VICTORIA,04/09/2026,09:00,20,,,,97.495,,,,,,,event_atomic,,,,Se seleccionaron una fecha y una hora disponibles.
***-100005-d773eb0e,2026-08-14 10:00:11,order-***,completed,normal,,08/09/2026 08:00,,,,,,6.478,,,,,,,,,screenshots\2026-08\14-08-2026\etapas-100005-order-***,screenshots\2026-08\14-08-2026\etapas-100005-order-***,La etapa Separa Cita Peritaje ya esta en estado Programado. No hay una cita pendiente por reservar.
***-131330-fb465196,2026-08-14 13:14:01,order-***,available,normal,LIMA-LA VICTORIA,20/08/2026,08:00,30,,,,31.528,,,,,,,event_atomic,,screenshots\2026-08\14-08-2026\cupo-131330-order-***,screenshots\2026-08\14-08-2026\cupo-131330-order-***,Se verificaron fecha y hora seleccionables. La reserva automatica esta desactivada.
***-131404-95fe2a63,2026-08-14 13:14:08,order-***,available,normal,LIMA-LA VICTORIA,20/08/2026,08:00,30,,,,4.004,,,,,,,event_atomic,,screenshots\2026-08\14-08-2026\cupo-131404-order-***,screenshots\2026-08\14-08-2026\cupo-131404-order-***,Se verificaron fecha y hora seleccionables. La reserva automatica esta desactivada.
***-131548-0734a1c2,2026-08-14 13:16:16,order-***,available,normal,LIMA-LA VICTORIA,22/08/2026,10:00,30,,,,27.503,,,,,,,event_atomic,,screenshots\2026-08\14-08-2026\cupo-131548-order-***,screenshots\2026-08\14-08-2026\cupo-131548-order-***,Se verificaron fecha y hora seleccionables. La reserva automatica esta desactivada.
***-131618-905ea46d,2026-08-14 13:16:22,order-***,available,normal,LIMA-LA VICTORIA,22/08/2026,10:00,30,,,,3.965,,,,,,,event_atomic,,screenshots\2026-08\14-08-2026\cupo-131618-order-***,screenshots\2026-08\14-08-2026\cupo-131618-order-***,Se verificaron fecha y hora seleccionables. La reserva automatica esta desactivada.
***-131624-0e19fb0d,2026-08-14 13:16:28,order-***,available,normal,LIMA-LA VICTORIA,22/08/2026,10:00,30,,,,4.143,,,,,,,event_atomic,,screenshots\2026-08\14-08-2026\cupo-131624-order-***,screenshots\2026-08\14-08-2026\cupo-131624-order-***,Se verificaron fecha y hora seleccionables. La reserva automatica esta desactivada.
***-131630-48cc14ab,2026-08-14 13:16:35,order-***,available,normal,LIMA-LA VICTORIA,22/08/2026,10:00,30,,,,4.792,,,,,,,event_atomic,,screenshots\2026-08\14-08-2026\cupo-131630-order-***,screenshots\2026-08\14-08-2026\cupo-131630-order-***,Se verificaron fecha y hora seleccionables. La reserva automatica esta desactivada.
***-131637-5ba4b136,2026-08-14 13:16:41,order-***,available,normal,LIMA-LA VICTORIA,22/08/2026,10:00,30,,,,3.999,,,,,,,event_atomic,,screenshots\2026-08\14-08-2026\cupo-131637-order-***,screenshots\2026-08\14-08-2026\cupo-131637-order-***,Se verificaron fecha y hora seleccionables. La reserva automatica esta desactivada.
***-131643-eaefc72e,2026-08-14 13:16:49,order-***,completed,normal,,22/08/2026 10:00,,,,,,6.337,,,,,,,,,screenshots\2026-08\14-08-2026\etapas-131643-order-***,screenshots\2026-08\14-08-2026\etapas-131643-order-***,La etapa Separa Cita Peritaje ya esta en estado Programado. No hay una cita pendiente por reservar.
observer-***-131749-ae807008,2026-08-14 13:18:51,,available,normal,LIMA-LA VICTORIA,24/08/2026,12:00,25,,,,61.970,,,,,,,event_atomic,,screenshots\2026-08\14-08-2026\observer-cupo-89bb2b.png,screenshots\2026-08\14-08-2026\observer-cupo-89bb2b.png,Se seleccionaron una fecha y una hora disponibles.
observer-***-131851-cbee692d,2026-08-14 13:19:00,,available,normal,LIMA-LA VICTORIA,24/08/2026,12:00,25,,,,8.326,,,,,,,event_atomic,,,,Se seleccionaron una fecha y una hora disponibles.
observer-***-131901-bf31fa91,2026-08-14 13:19:09,,available,normal,LIMA-LA VICTORIA,24/08/2026,12:00,25,,,,8.539,,,,,,,event_atomic,,screenshots\2026-08\14-08-2026\observer-cupo-471746.png,screenshots\2026-08\14-08-2026\observer-cupo-471746.png,Se seleccionaron una fecha y una hora disponibles.
observer-***-143238-d846a524,2026-08-14 14:33:42,,available,normal,LIMA-LA VICTORIA,25/08/2026,11:00,25,,,,64.548,,,,,,,event_atomic,,screenshots\2026-08\14-08-2026\observer-cupo-824265.png,screenshots\2026-08\14-08-2026\observer-cupo-824265.png,Se seleccionaron una fecha y una hora disponibles.
observer-***-143342-456d0373,2026-08-14 14:33:51,,available,normal,LIMA-LA VICTORIA,25/08/2026,11:00,25,,,,8.564,,,,,,,event_atomic,,,,Se seleccionaron una fecha y una hora disponibles.
observer-***-143352-816a3a13,2026-08-14 14:34:00,,available,normal,LIMA-LA VICTORIA,25/08/2026,11:00,25,,,,8.590,,,,,,,event_atomic,,screenshots\2026-08\14-08-2026\observer-cupo-e8c932.png,screenshots\2026-08\14-08-2026\observer-cupo-e8c932.png,Se seleccionaron una fecha y una hora disponibles.
observer-***-151101-c920a37f,2026-08-14 15:11:33,,available,normal,LIMA-LA VICTORIA,03/09/2026,11:00,25,,,,31.956,,,,,,,event_atomic,,screenshots\2026-08\14-08-2026\observer-cupo-4d1fb6.png,screenshots\2026-08\14-08-2026\observer-cupo-4d1fb6.png,Se seleccionaron una fecha y una hora disponibles.
observer-***-151133-67f03d6e,2026-08-14 15:11:41,,available,normal,LIMA-LA VICTORIA,03/09/2026,11:00,25,,,,8.305,,,,,,,event_atomic,,,,Se seleccionaron una fecha y una hora disponibles.
observer-***-151732-a57f13e5,2026-08-14 15:18:16,,available,normal,LIMA-LA VICTORIA,29/08/2026,11:00,25,,,,44.119,,,,,,,event_atomic,,screenshots\2026-08\14-08-2026\observer-cupo-3a973e.png,screenshots\2026-08\14-08-2026\observer-cupo-3a973e.png,Se seleccionaron una fecha y una hora disponibles.
observer-***-151816-7823051d,2026-08-14 15:18:24,,available,normal,LIMA-LA VICTORIA,29/08/2026,11:00,25,,,,8.385,,,,,,,event_atomic,,,,Se seleccionaron una fecha y una hora disponibles.
***-083440-819a7cad,2026-08-15 08:35:03,order-***,available,normal,LIMA-LA VICTORIA,04/09/2026,11:00,20,,,,23.402,,,,,,,event_atomic,,screenshots\2026-08\15-08-2026\cupo-083440-order-***,screenshots\2026-08\15-08-2026\cupo-083440-order-***,Se verificaron fecha y hora seleccionables. La reserva automatica esta desactivada.
***-083505-587c338a,2026-08-15 08:35:09,order-***,available,normal,LIMA-LA VICTORIA,04/09/2026,11:00,20,,,,3.775,,,,,,,event_atomic,,screenshots\2026-08\15-08-2026\cupo-083505-order-***,screenshots\2026-08\15-08-2026\cupo-083505-order-***,Se verificaron fecha y hora seleccionables. La reserva automatica esta desactivada.
***-085840-d8117480,2026-08-15 08:59:19,order-***,available,normal,LIMA-LA VICTORIA,07/09/2026,08:00,20,,,,39.180,,,,,,,event_atomic,,screenshots\2026-08\15-08-2026\cupo-085840-order-***,screenshots\2026-08\15-08-2026\cupo-085840-order-***,Se verificaron fecha y hora seleccionables. La reserva automatica esta desactivada.
***-085922-31db4765,2026-08-15 08:59:25,order-***,available,normal,LIMA-LA VICTORIA,07/09/2026,08:00,20,,,,3.778,,,,,,,event_atomic,,screenshots\2026-08\15-08-2026\cupo-085922-order-***,screenshots\2026-08\15-08-2026\cupo-085922-order-***,Se verificaron fecha y hora seleccionables. La reserva automatica esta desactivada.
***-085927-9aa3d49a,2026-08-15 08:59:31,order-***,available,normal,LIMA-LA VICTORIA,07/09/2026,08:00,20,,,,3.725,,,,,,,event_atomic,,screenshots\2026-08\15-08-2026\cupo-085927-order-***,screenshots\2026-08\15-08-2026\cupo-085927-order-***,Se verificaron fecha y hora seleccionables. La reserva automatica esta desactivada.
***-085933-4594a811,2026-08-15 08:59:37,order-***,available,normal,LIMA-LA VICTORIA,07/09/2026,08:00,20,,,,3.767,,,,,,,event_atomic,,screenshots\2026-08\15-08-2026\cupo-085933-order-***,screenshots\2026-08\15-08-2026\cupo-085933-order-***,Se verificaron fecha y hora seleccionables. La reserva automatica esta desactivada.
***-085939-0c2c4bf4,2026-08-15 08:59:43,order-***,available,normal,LIMA-LA VICTORIA,07/09/2026,08:00,20,,,,3.759,,,,,,,event_atomic,,screenshots\2026-08\15-08-2026\cupo-085939-order-***,screenshots\2026-08\15-08-2026\cupo-085939-order-***,Se verificaron fecha y hora seleccionables. La reserva automatica esta desactivada.
***-085945-d7b93c20,2026-08-15 08:59:49,order-***,available,normal,LIMA-LA VICTORIA,07/09/2026,08:00,20,,,,3.772,,,,,,,event_atomic,,screenshots\2026-08\15-08-2026\cupo-085945-order-***,screenshots\2026-08\15-08-2026\cupo-085945-order-***,Se verificaron fecha y hora seleccionables. La reserva automatica esta desactivada.
***-085950-d7fa631c,2026-08-15 08:59:54,order-***,available,normal,LIMA-LA VICTORIA,07/09/2026,09:00,20,,,,3.815,,,,,,,event_atomic,,screenshots\2026-08\15-08-2026\cupo-085950-order-***,screenshots\2026-08\15-08-2026\cupo-085950-order-***,Se verificaron fecha y hora seleccionables. La reserva automatica esta desactivada.
***-085956-187d19f3,2026-08-15 09:00:00,order-***,available,normal,LIMA-LA VICTORIA,07/09/2026,09:00,20,,,,3.860,,,,,,,event_atomic,,screenshots\2026-08\15-08-2026\cupo-085956-order-***,screenshots\2026-08\15-08-2026\cupo-085956-order-***,Se verificaron fecha y hora seleccionables. La reserva automatica esta desactivada.
***-090002-0f8a071a,2026-08-15 09:00:06,order-***,available,normal,LIMA-LA VICTORIA,07/09/2026,09:00,20,,,,3.728,,,,,,,event_atomic,,screenshots\2026-08\15-08-2026\cupo-090002-order-***,screenshots\2026-08\15-08-2026\cupo-090002-order-***,Se verificaron fecha y hora seleccionables. La reserva automatica esta desactivada.
***-090008-e02c155a,2026-08-15 09:00:12,order-***,available,normal,LIMA-LA VICTORIA,07/09/2026,09:00,20,,,,3.845,,,,,,,event_atomic,,screenshots\2026-08\15-08-2026\cupo-090008-order-***,screenshots\2026-08\15-08-2026\cupo-090008-order-***,Se verificaron fecha y hora seleccionables. La reserva automatica esta desactivada.
***-090013-f925ad96,2026-08-15 09:00:17,order-***,available,normal,LIMA-LA VICTORIA,07/09/2026,09:00,20,,,,3.837,,,,,,,event_atomic,,screenshots\2026-08\15-08-2026\cupo-090013-order-***,screenshots\2026-08\15-08-2026\cupo-090013-order-***,Se verificaron fecha y hora seleccionables. La reserva automatica esta desactivada.
***-090019-047b737d,2026-08-15 09:00:23,order-***,available,normal,LIMA-LA VICTORIA,07/09/2026,09:00,20,,,,3.781,,,,,,,event_atomic,,screenshots\2026-08\15-08-2026\cupo-090019-order-***,screenshots\2026-08\15-08-2026\cupo-090019-order-***,Se verificaron fecha y hora seleccionables. La reserva automatica esta desactivada.
***-090025-87fd06aa,2026-08-15 09:00:29,order-***,available,normal,LIMA-LA VICTORIA,07/09/2026,09:00,20,,,,3.765,,,,,,,event_atomic,,screenshots\2026-08\15-08-2026\cupo-090025-order-***,screenshots\2026-08\15-08-2026\cupo-090025-order-***,Se verificaron fecha y hora seleccionables. La reserva automatica esta desactivada.
***-090030-b8e2b4c9,2026-08-15 09:00:34,order-***,available,normal,LIMA-LA VICTORIA,07/09/2026,09:00,20,,,,3.943,,,,,,,event_atomic,,screenshots\2026-08\15-08-2026\cupo-090030-order-***,screenshots\2026-08\15-08-2026\cupo-090030-order-***,Se verificaron fecha y hora seleccionables. La reserva automatica esta desactivada.
***-090036-0099c968,2026-08-15 09:00:40,order-***,available,normal,LIMA-LA VICTORIA,07/09/2026,09:00,20,,,,3.762,,,,,,,event_atomic,,screenshots\2026-08\15-08-2026\cupo-090036-order-***,screenshots\2026-08\15-08-2026\cupo-090036-order-***,Se verificaron fecha y hora seleccionables. La reserva automatica esta desactivada.
***-090224-9e10efe1,2026-08-15 09:02:45,order-***,available,normal,LIMA-LA VICTORIA,07/09/2026,10:00,20,,,,21.322,,,,,,,event_atomic,,screenshots\2026-08\15-08-2026\cupo-090224-order-***,screenshots\2026-08\15-08-2026\cupo-090224-order-***,Se verificaron fecha y hora seleccionables. La reserva automatica esta desactivada.
***-090300-0bfbafd4,2026-08-15 09:03:07,order-***,completed,normal,,07/09/2026 10:00,,,,,,7.492,,,,,,,,,screenshots\2026-08\15-08-2026\etapas-090300-order-***,screenshots\2026-08\15-08-2026\etapas-090300-order-***,La etapa Separa Cita Peritaje ya esta en estado Programado. No hay una cita pendiente por reservar.
observer-***-095021-94d23b2a,2026-08-15 09:51:22,,available,normal,LIMA-LA VICTORIA,25/08/2026,12:00,25,,,,61.401,,,,,,,event_atomic,,screenshots\2026-08\15-08-2026\observer-cupo-c0997b.png,screenshots\2026-08\15-08-2026\observer-cupo-c0997b.png,Se seleccionaron una fecha y una hora disponibles.
observer-***-095327-4df0d1bc,2026-08-15 09:53:36,,available,normal,LIMA-LA VICTORIA,26/08/2026,11:00,30,,,,8.857,,,,,,,event_atomic,,screenshots\2026-08\15-08-2026\observer-cupo-5665d1.png,screenshots\2026-08\15-08-2026\observer-cupo-5665d1.png,Se seleccionaron una fecha y una hora disponibles.
observer-***-095336-db5cbe52,2026-08-15 09:53:44,,available,normal,LIMA-LA VICTORIA,26/08/2026,11:00,30,,,,8.617,,,,,,,event_atomic,,,,Se seleccionaron una fecha y una hora disponibles.
observer-***-102204-5d7ff435,2026-08-15 10:22:19,,available,normal,LIMA-LA VICTORIA,31/08/2026,10:00,30,,,,15.082,,,,,,,event_atomic,,screenshots\2026-08\15-08-2026\observer-cupo-e822f0.png,screenshots\2026-08\15-08-2026\observer-cupo-e822f0.png,Se seleccionaron una fecha y una hora disponibles.
observer-***-102219-90aebaed,2026-08-15 10:22:27,,available,normal,LIMA-LA VICTORIA,31/08/2026,10:00,30,,,,8.205,,,,,,,event_atomic,,,,Se seleccionaron una fecha y una hora disponibles.
observer-***-102228-daaa8c7b,2026-08-15 10:22:36,,available,normal,LIMA-LA VICTORIA,31/08/2026,10:00,30,,,,8.425,,,,,,,event_atomic,,screenshots\2026-08\15-08-2026\observer-cupo-4f383b.png,screenshots\2026-08\15-08-2026\observer-cupo-4f383b.png,Se seleccionaron una fecha y una hora disponibles.
observer-***-102236-aedee6a4,2026-08-15 10:22:44,,available,normal,LIMA-LA VICTORIA,31/08/2026,10:00,30,,,,8.224,,,,,,,event_atomic,,,,Se seleccionaron una fecha y una hora disponibles.
observer-***-102245-665db9ff,2026-08-15 10:23:32,,available,normal,LIMA-LA VICTORIA,31/08/2026,11:00,30,,,,47.410,,,,,,,event_atomic,,screenshots\2026-08\15-08-2026\observer-cupo-16c2bf.png,screenshots\2026-08\15-08-2026\observer-cupo-16c2bf.png,Se seleccionaron una fecha y una hora disponibles.
observer-***-102332-df9922da,2026-08-15 10:23:40,,available,normal,LIMA-LA VICTORIA,31/08/2026,11:00,30,,,,8.219,,,,,,,event_atomic,,,,Se seleccionaron una fecha y una hora disponibles.
observer-***-102341-2676d343,2026-08-15 10:23:50,,available,normal,LIMA-LA VICTORIA,31/08/2026,11:00,30,,,,8.343,,,,,,,event_atomic,,screenshots\2026-08\15-08-2026\observer-cupo-1be752.png,screenshots\2026-08\15-08-2026\observer-cupo-1be752.png,Se seleccionaron una fecha y una hora disponibles.
observer-***-102350-fae5ba7d,2026-08-15 10:23:58,,available,normal,LIMA-LA VICTORIA,31/08/2026,11:00,30,,,,8.120,,,,,,,event_atomic,,,,Se seleccionaron una fecha y una hora disponibles.
observer-***-102358-12ca8e0f,2026-08-15 10:24:06,,available,normal,LIMA-LA VICTORIA,31/08/2026,11:00,30,,,,8.384,,,,,,,event_atomic,,screenshots\2026-08\15-08-2026\observer-cupo-5a35bf.png,screenshots\2026-08\15-08-2026\observer-cupo-5a35bf.png,Se seleccionaron una fecha y una hora disponibles.
observer-***-102420-eb721424,2026-08-15 10:24:29,,available,normal,LIMA-LA VICTORIA,05/09/2026,08:00,20,,,,8.386,,,,,,,event_atomic,,screenshots\2026-08\15-08-2026\observer-cupo-89b4c8.png,screenshots\2026-08\15-08-2026\observer-cupo-89b4c8.png,Se seleccionaron una fecha y una hora disponibles.
observer-***-102429-e078f410,2026-08-15 10:24:38,,available,normal,LIMA-LA VICTORIA,05/09/2026,08:00,20,,,,9.344,,,,,,,legacy_fallback,,,,Se seleccionaron una fecha y una hora disponibles.
observer-***-102439-ee58699c,2026-08-15 10:24:47,,available,normal,LIMA-LA VICTORIA,05/09/2026,08:00,20,,,,8.475,,,,,,,event_atomic,,screenshots\2026-08\15-08-2026\observer-cupo-38c1d3.png,screenshots\2026-08\15-08-2026\observer-cupo-38c1d3.png,Se seleccionaron una fecha y una hora disponibles.
observer-***-102447-a4d29b42,2026-08-15 10:24:55,,available,normal,LIMA-LA VICTORIA,05/09/2026,08:00,20,,,,8.152,,,,,,,event_atomic,,,,Se seleccionaron una fecha y una hora disponibles.
observer-***-102456-c3cd78cf,2026-08-15 10:25:06,,available,normal,LIMA-LA VICTORIA,05/09/2026,08:00,20,,,,9.407,,,,,,,event_atomic,,screenshots\2026-08\15-08-2026\observer-cupo-efb1b5.png,screenshots\2026-08\15-08-2026\observer-cupo-efb1b5.png,Se seleccionaron una fecha y una hora disponibles.
observer-***-102506-56494dcd,2026-08-15 10:25:14,,available,normal,LIMA-LA VICTORIA,05/09/2026,08:00,20,,,,8.088,,,,,,,event_atomic,,,,Se seleccionaron una fecha y una hora disponibles.
observer-***-102514-c3992a82,2026-08-15 10:25:22,,available,normal,LIMA-LA VICTORIA,05/09/2026,08:00,20,,,,8.358,,,,,,,event_atomic,,screenshots\2026-08\15-08-2026\observer-cupo-8c917b.png,screenshots\2026-08\15-08-2026\observer-cupo-8c917b.png,Se seleccionaron una fecha y una hora disponibles.
observer-***-102522-1cc2d569,2026-08-15 10:25:31,,available,normal,LIMA-LA VICTORIA,05/09/2026,08:00,20,,,,8.134,,,,,,,event_atomic,,,,Se seleccionaron una fecha y una hora disponibles.
observer-***-102531-5da89bb2,2026-08-15 10:25:39,,available,normal,LIMA-LA VICTORIA,05/09/2026,08:00,20,,,,8.456,,,,,,,event_atomic,,screenshots\2026-08\15-08-2026\observer-cupo-8c637c.png,screenshots\2026-08\15-08-2026\observer-cupo-8c637c.png,Se seleccionaron una fecha y una hora disponibles.
observer-***-102539-f4d0fed3,2026-08-15 10:25:47,,available,normal,LIMA-LA VICTORIA,05/09/2026,08:00,20,,,,8.129,,,,,,,event_atomic,,,,Se seleccionaron una fecha y una hora disponibles.
observer-***-102547-321c31c5,2026-08-15 10:25:56,,available,normal,LIMA-LA VICTORIA,05/09/2026,08:00,20,,,,8.356,,,,,,,event_atomic,,screenshots\2026-08\15-08-2026\observer-cupo-43abe9.png,screenshots\2026-08\15-08-2026\observer-cupo-43abe9.png,Se seleccionaron una fecha y una hora disponibles.
observer-***-102556-20990f5e,2026-08-15 10:26:04,,available,normal,LIMA-LA VICTORIA,05/09/2026,08:00,20,,,,8.105,,,,,,,event_atomic,,,,Se seleccionaron una fecha y una hora disponibles.
observer-***-102604-865e5509,2026-08-15 10:26:12,,available,normal,LIMA-LA VICTORIA,05/09/2026,08:00,20,,,,8.417,,,,,,,event_atomic,,screenshots\2026-08\15-08-2026\observer-cupo-0a58b8.png,screenshots\2026-08\15-08-2026\observer-cupo-0a58b8.png,Se seleccionaron una fecha y una hora disponibles.
observer-***-102613-6b04ce26,2026-08-15 10:26:21,,available,normal,LIMA-LA VICTORIA,05/09/2026,08:00,20,,,,8.117,,,,,,,event_atomic,,,,Se seleccionaron una fecha y una hora disponibles.
observer-***-102621-e9589809,2026-08-15 10:26:29,,available,normal,LIMA-LA VICTORIA,05/09/2026,08:00,20,,,,8.408,,,,,,,event_atomic,,screenshots\2026-08\15-08-2026\observer-cupo-d46e35.png,screenshots\2026-08\15-08-2026\observer-cupo-d46e35.png,Se seleccionaron una fecha y una hora disponibles.
observer-***-102629-4b94a652,2026-08-15 10:26:37,,available,normal,LIMA-LA VICTORIA,05/09/2026,09:00,20,,,,8.067,,,,,,,event_atomic,,,,Se seleccionaron una fecha y una hora disponibles.
observer-***-102638-96e9e6c1,2026-08-15 10:26:47,,available,normal,LIMA-LA VICTORIA,05/09/2026,09:00,20,,,,8.469,,,,,,,event_atomic,,screenshots\2026-08\15-08-2026\observer-cupo-9a33b4.png,screenshots\2026-08\15-08-2026\observer-cupo-9a33b4.png,Se seleccionaron una fecha y una hora disponibles.
observer-***-102647-271744c9,2026-08-15 10:26:55,,available,normal,LIMA-LA VICTORIA,05/09/2026,09:00,20,,,,8.089,,,,,,,event_atomic,,,,Se seleccionaron una fecha y una hora disponibles.
observer-***-102655-e8434174,2026-08-15 10:27:03,,available,normal,LIMA-LA VICTORIA,05/09/2026,09:00,20,,,,8.353,,,,,,,event_atomic,,screenshots\2026-08\15-08-2026\observer-cupo-ad7b66.png,screenshots\2026-08\15-08-2026\observer-cupo-ad7b66.png,Se seleccionaron una fecha y una hora disponibles.
observer-***-102703-75b27e34,2026-08-15 10:27:11,,available,normal,LIMA-LA VICTORIA,05/09/2026,09:00,20,,,,8.066,,,,,,,event_atomic,,,,Se seleccionaron una fecha y una hora disponibles.
observer-***-102711-5abe0b47,2026-08-15 10:27:20,,available,normal,LIMA-LA VICTORIA,05/09/2026,09:00,20,,,,8.454,,,,,,,event_atomic,,screenshots\2026-08\15-08-2026\observer-cupo-d14372.png,screenshots\2026-08\15-08-2026\observer-cupo-d14372.png,Se seleccionaron una fecha y una hora disponibles.
observer-***-102720-fd2d78b1,2026-08-15 10:27:28,,available,normal,LIMA-LA VICTORIA,09/09/2026,08:00,20,,,,8.088,,,,,,,event_atomic,,,,Se seleccionaron una fecha y una hora disponibles.
observer-***-102729-76cde8d2,2026-08-15 10:27:37,,available,normal,LIMA-LA VICTORIA,09/09/2026,08:00,20,,,,8.348,,,,,,,event_atomic,,screenshots\2026-08\15-08-2026\observer-cupo-c55e50.png,screenshots\2026-08\15-08-2026\observer-cupo-c55e50.png,Se seleccionaron una fecha y una hora disponibles.
observer-***-102737-be69e9fa,2026-08-15 10:27:46,,available,normal,LIMA-LA VICTORIA,09/09/2026,08:00,20,,,,8.103,,,,,,,event_atomic,,,,Se seleccionaron una fecha y una hora disponibles.
observer-***-102746-7bab0348,2026-08-15 10:27:54,,available,normal,LIMA-LA VICTORIA,09/09/2026,08:00,20,,,,8.446,,,,,,,event_atomic,,screenshots\2026-08\15-08-2026\observer-cupo-f0a78d.png,screenshots\2026-08\15-08-2026\observer-cupo-f0a78d.png,Se seleccionaron una fecha y una hora disponibles.
observer-***-102754-8c981bf5,2026-08-15 10:28:02,,available,normal,LIMA-LA VICTORIA,09/09/2026,08:00,20,,,,8.125,,,,,,,event_atomic,,,,Se seleccionaron una fecha y una hora disponibles.
observer-***-102802-167dbb93,2026-08-15 10:28:11,,available,normal,LIMA-LA VICTORIA,09/09/2026,08:00,20,,,,8.311,,,,,,,event_atomic,,screenshots\2026-08\15-08-2026\observer-cupo-3a9d54.png,screenshots\2026-08\15-08-2026\observer-cupo-3a9d54.png,Se seleccionaron una fecha y una hora disponibles.
observer-***-102811-04bb7285,2026-08-15 10:28:19,,available,normal,LIMA-LA VICTORIA,09/09/2026,08:00,20,,,,8.132,,,,,,,event_atomic,,,,Se seleccionaron una fecha y una hora disponibles.
observer-***-102819-7088ed4d,2026-08-15 10:28:27,,available,normal,LIMA-LA VICTORIA,09/09/2026,08:00,20,,,,8.486,,,,,,,event_atomic,,screenshots\2026-08\15-08-2026\observer-cupo-814ec6.png,screenshots\2026-08\15-08-2026\observer-cupo-814ec6.png,Se seleccionaron una fecha y una hora disponibles.
observer-***-102828-c1167e31,2026-08-15 10:28:36,,available,normal,LIMA-LA VICTORIA,09/09/2026,08:00,20,,,,8.126,,,,,,,event_atomic,,,,Se seleccionaron una fecha y una hora disponibles.
observer-***-102836-5de7c5cd,2026-08-15 10:28:44,,available,normal,LIMA-LA VICTORIA,09/09/2026,08:00,20,,,,8.328,,,,,,,event_atomic,,screenshots\2026-08\15-08-2026\observer-cupo-4604ad.png,screenshots\2026-08\15-08-2026\observer-cupo-4604ad.png,Se seleccionaron una fecha y una hora disponibles.
observer-***-102844-***,2026-08-15 10:28:52,,available,normal,LIMA-LA VICTORIA,09/09/2026,08:00,20,,,,8.105,,,,,,,event_atomic,,,,Se seleccionaron una fecha y una hora disponibles.
observer-***-102852-944b87f4,2026-08-15 10:29:01,,available,normal,LIMA-LA VICTORIA,09/09/2026,08:00,20,,,,8.559,,,,,,,event_atomic,,screenshots\2026-08\15-08-2026\observer-cupo-53bd83.png,screenshots\2026-08\15-08-2026\observer-cupo-53bd83.png,Se seleccionaron una fecha y una hora disponibles.
observer-***-102901-866d8ee3,2026-08-15 10:29:09,,available,normal,LIMA-LA VICTORIA,09/09/2026,08:00,20,,,,8.102,,,,,,,event_atomic,,,,Se seleccionaron una fecha y una hora disponibles.
observer-***-102909-b548f3c8,2026-08-15 10:29:18,,available,normal,LIMA-LA VICTORIA,09/09/2026,08:00,20,,,,8.340,,,,,,,event_atomic,,screenshots\2026-08\15-08-2026\observer-cupo-f550c6.png,screenshots\2026-08\15-08-2026\observer-cupo-f550c6.png,Se seleccionaron una fecha y una hora disponibles.
observer-***-111943-f73da252,2026-08-15 11:19:52,,available,normal,LIMA-LA VICTORIA,28/08/2026,11:00,30,,,,8.457,,,,,,,event_atomic,,screenshots\2026-08\15-08-2026\observer-cupo-86cb71.png,screenshots\2026-08\15-08-2026\observer-cupo-86cb71.png,Se seleccionaron una fecha y una hora disponibles.
observer-***-111952-2d9948bb,2026-08-15 11:20:00,,available,normal,LIMA-LA VICTORIA,28/08/2026,11:00,30,,,,8.088,,,,,,,event_atomic,,,,Se seleccionaron una fecha y una hora disponibles.
observer-***-112001-89c78797,2026-08-15 11:20:09,,available,normal,LIMA-LA VICTORIA,28/08/2026,11:00,30,,,,8.450,,,,,,,event_atomic,,screenshots\2026-08\15-08-2026\observer-cupo-8c91b0.png,screenshots\2026-08\15-08-2026\observer-cupo-8c91b0.png,Se seleccionaron una fecha y una hora disponibles.
observer-***-112009-bca436f8,2026-08-15 11:20:17,,available,normal,LIMA-LA VICTORIA,28/08/2026,11:00,30,,,,8.134,,,,,,,event_atomic,,,,Se seleccionaron una fecha y una hora disponibles.
observer-***-112017-bd3198a8,2026-08-15 11:20:26,,available,normal,LIMA-LA VICTORIA,28/08/2026,11:00,30,,,,8.457,,,,,,,event_atomic,,screenshots\2026-08\15-08-2026\observer-cupo-3c5403.png,screenshots\2026-08\15-08-2026\observer-cupo-3c5403.png,Se seleccionaron una fecha y una hora disponibles.
observer-***-112026-8491370b,2026-08-15 11:20:34,,available,normal,LIMA-LA VICTORIA,28/08/2026,11:00,30,,,,8.095,,,,,,,event_atomic,,,,Se seleccionaron una fecha y una hora disponibles.
observer-***-112034-e406eac0,2026-08-15 11:20:43,,available,normal,LIMA-LA VICTORIA,28/08/2026,11:00,30,,,,8.376,,,,,,,event_atomic,,screenshots\2026-08\15-08-2026\observer-cupo-13215f.png,screenshots\2026-08\15-08-2026\observer-cupo-13215f.png,Se seleccionaron una fecha y una hora disponibles.
observer-***-112043-16f6174b,2026-08-15 11:20:51,,available,normal,LIMA-LA VICTORIA,28/08/2026,11:00,30,,,,8.138,,,,,,,event_atomic,,,,Se seleccionaron una fecha y una hora disponibles.
observer-***-112051-189f80f5,2026-08-15 11:20:59,,available,normal,LIMA-LA VICTORIA,28/08/2026,11:00,30,,,,8.469,,,,,,,event_atomic,,screenshots\2026-08\15-08-2026\observer-cupo-c72f41.png,screenshots\2026-08\15-08-2026\observer-cupo-c72f41.png,Se seleccionaron una fecha y una hora disponibles.
observer-***-112059-efdbf277,2026-08-15 11:21:08,,available,normal,LIMA-LA VICTORIA,28/08/2026,11:00,30,,,,8.095,,,,,,,event_atomic,,,,Se seleccionaron una fecha y una hora disponibles.
observer-***-112108-a8ab5f19,2026-08-15 11:21:16,,available,normal,LIMA-LA VICTORIA,28/08/2026,11:00,30,,,,8.387,,,,,,,event_atomic,,screenshots\2026-08\15-08-2026\observer-cupo-befbf7.png,screenshots\2026-08\15-08-2026\observer-cupo-befbf7.png,Se seleccionaron una fecha y una hora disponibles.
observer-***-115042-381a3c7c,2026-08-15 11:51:43,,available,normal,LIMA-LA VICTORIA,21/08/2026,12:00,30,,,,60.222,,,,,,,event_atomic,,screenshots\2026-08\15-08-2026\observer-cupo-b1593b.png,screenshots\2026-08\15-08-2026\observer-cupo-b1593b.png,Se seleccionaron una fecha y una hora disponibles.
observer-***-115143-fe93e99e,2026-08-15 11:51:51,,available,normal,LIMA-LA VICTORIA,21/08/2026,12:00,30,,,,8.192,,,,,,,event_atomic,,,,Se seleccionaron una fecha y una hora disponibles.
observer-***-115152-08c232c6,2026-08-15 11:52:00,,available,normal,LIMA-LA VICTORIA,21/08/2026,12:00,30,,,,8.407,,,,,,,event_atomic,,screenshots\2026-08\15-08-2026\observer-cupo-2a7c73.png,screenshots\2026-08\15-08-2026\observer-cupo-2a7c73.png,Se seleccionaron una fecha y una hora disponibles.
observer-***-115412-fb1e1836,2026-08-15 11:54:47,,available,normal,LIMA-LA VICTORIA,04/09/2026,08:00,30,,,,35.925,,,,,,,event_atomic,,screenshots\2026-08\15-08-2026\observer-cupo-2ca4ef.png,screenshots\2026-08\15-08-2026\observer-cupo-2ca4ef.png,Se seleccionaron una fecha y una hora disponibles.
observer-***-115448-7378adb4,2026-08-15 11:54:56,,available,normal,LIMA-LA VICTORIA,04/09/2026,08:00,30,,,,8.173,,,,,,,event_atomic,,,,Se seleccionaron una fecha y una hora disponibles.
observer-***-115456-4835e954,2026-08-15 11:55:05,,available,normal,LIMA-LA VICTORIA,04/09/2026,08:00,30,,,,8.332,,,,,,,event_atomic,,screenshots\2026-08\15-08-2026\observer-cupo-33c861.png,screenshots\2026-08\15-08-2026\observer-cupo-33c861.png,Se seleccionaron una fecha y una hora disponibles.
observer-***-115505-8ece1b58,2026-08-15 11:55:13,,available,normal,LIMA-LA VICTORIA,04/09/2026,08:00,30,,,,8.116,,,,,,,event_atomic,,,,Se seleccionaron una fecha y una hora disponibles.
observer-***-115513-e6a449b1,2026-08-15 11:55:21,,available,normal,LIMA-LA VICTORIA,04/09/2026,08:00,30,,,,8.342,,,,,,,event_atomic,,screenshots\2026-08\15-08-2026\observer-cupo-b5d919.png,screenshots\2026-08\15-08-2026\observer-cupo-b5d919.png,Se seleccionaron una fecha y una hora disponibles.
observer-***-115522-224814e5,2026-08-15 11:55:30,,available,normal,LIMA-LA VICTORIA,04/09/2026,08:00,30,,,,8.166,,,,,,,event_atomic,,,,Se seleccionaron una fecha y una hora disponibles.
observer-***-115530-703c284e,2026-08-15 11:55:38,,available,normal,LIMA-LA VICTORIA,04/09/2026,08:00,30,,,,8.379,,,,,,,event_atomic,,screenshots\2026-08\15-08-2026\observer-cupo-1dc264.png,screenshots\2026-08\15-08-2026\observer-cupo-1dc264.png,Se seleccionaron una fecha y una hora disponibles.
observer-***-115538-ed0a4aa7,2026-08-15 11:55:46,,available,normal,LIMA-LA VICTORIA,04/09/2026,08:00,30,,,,8.082,,,,,,,event_atomic,,,,Se seleccionaron una fecha y una hora disponibles.
observer-***-115547-02a3835a,2026-08-15 11:55:56,,available,normal,LIMA-LA VICTORIA,04/09/2026,08:00,30,,,,8.444,,,,,,,event_atomic,,screenshots\2026-08\15-08-2026\observer-cupo-244f3f.png,screenshots\2026-08\15-08-2026\observer-cupo-244f3f.png,Se seleccionaron una fecha y una hora disponibles.
observer-***-115556-f159c518,2026-08-15 11:56:04,,available,normal,LIMA-LA VICTORIA,05/09/2026,10:00,20,,,,8.193,,,,,,,event_atomic,,,,Se seleccionaron una fecha y una hora disponibles.
observer-***-115605-e92a2871,2026-08-15 11:56:13,,available,normal,LIMA-LA VICTORIA,05/09/2026,10:00,20,,,,8.399,,,,,,,event_atomic,,screenshots\2026-08\15-08-2026\observer-cupo-953ce7.png,screenshots\2026-08\15-08-2026\observer-cupo-953ce7.png,Se seleccionaron una fecha y una hora disponibles.
observer-***-115613-7e5b5162,2026-08-15 11:56:21,,available,normal,LIMA-LA VICTORIA,05/09/2026,10:00,20,,,,8.169,,,,,,,event_atomic,,,,Se seleccionaron una fecha y una hora disponibles.
observer-***-115621-51b0deeb,2026-08-15 11:56:30,,available,normal,LIMA-LA VICTORIA,05/09/2026,10:00,20,,,,8.459,,,,,,,event_atomic,,screenshots\2026-08\15-08-2026\observer-cupo-0e62be.png,screenshots\2026-08\15-08-2026\observer-cupo-0e62be.png,Se seleccionaron una fecha y una hora disponibles.
observer-***-115630-e3c770de,2026-08-15 11:56:38,,available,normal,LIMA-LA VICTORIA,05/09/2026,10:00,20,,,,8.189,,,,,,,event_atomic,,,,Se seleccionaron una fecha y una hora disponibles.
observer-***-115639-5fb94f5b,2026-08-15 11:56:48,,available,normal,LIMA-LA VICTORIA,05/09/2026,10:00,20,,,,8.392,,,,,,,event_atomic,,screenshots\2026-08\15-08-2026\observer-cupo-87b582.png,screenshots\2026-08\15-08-2026\observer-cupo-87b582.png,Se seleccionaron una fecha y una hora disponibles.
observer-***-115648-88b9158f,2026-08-15 11:56:56,,available,normal,LIMA-LA VICTORIA,05/09/2026,10:00,20,,,,8.836,,,,,,,event_atomic,,,,Se seleccionaron una fecha y una hora disponibles.
observer-***-115657-a6bfd7f0,2026-08-15 11:57:05,,available,normal,LIMA-LA VICTORIA,05/09/2026,10:00,20,,,,8.352,,,,,,,event_atomic,,screenshots\2026-08\15-08-2026\observer-cupo-644a9c.png,screenshots\2026-08\15-08-2026\observer-cupo-644a9c.png,Se seleccionaron una fecha y una hora disponibles.
observer-***-115705-dd9570cc,2026-08-15 11:57:13,,available,normal,LIMA-LA VICTORIA,05/09/2026,10:00,20,,,,8.214,,,,,,,event_atomic,,,,Se seleccionaron una fecha y una hora disponibles.
observer-***-115714-f3723762,2026-08-15 11:57:22,,available,normal,LIMA-LA VICTORIA,08/09/2026,08:00,20,,,,8.375,,,,,,,event_atomic,,screenshots\2026-08\15-08-2026\observer-cupo-6265d1.png,screenshots\2026-08\15-08-2026\observer-cupo-6265d1.png,Se seleccionaron una fecha y una hora disponibles.
observer-***-115722-f7fcb091,2026-08-15 11:57:31,,available,normal,LIMA-LA VICTORIA,08/09/2026,08:00,20,,,,8.121,,,,,,,event_atomic,,,,Se seleccionaron una fecha y una hora disponibles.
observer-***-115731-30ae201d,2026-08-15 11:57:40,,available,normal,LIMA-LA VICTORIA,08/09/2026,08:00,20,,,,8.345,,,,,,,event_atomic,,screenshots\2026-08\15-08-2026\observer-cupo-8fb4c3.png,screenshots\2026-08\15-08-2026\observer-cupo-8fb4c3.png,Se seleccionaron una fecha y una hora disponibles.
observer-***-115740-7ac9ba20,2026-08-15 11:57:48,,available,normal,LIMA-LA VICTORIA,08/09/2026,08:00,20,,,,8.194,,,,,,,event_atomic,,,,Se seleccionaron una fecha y una hora disponibles.
observer-***-115748-9df07eb5,2026-08-15 11:57:57,,available,normal,LIMA-LA VICTORIA,08/09/2026,08:00,20,,,,8.454,,,,,,,event_atomic,,screenshots\2026-08\15-08-2026\observer-cupo-57aa13.png,screenshots\2026-08\15-08-2026\observer-cupo-57aa13.png,Se seleccionaron una fecha y una hora disponibles.
observer-***-115757-2a1d4f8f,2026-08-15 11:58:05,,available,normal,LIMA-LA VICTORIA,08/09/2026,08:00,20,,,,8.106,,,,,,,event_atomic,,,,Se seleccionaron una fecha y una hora disponibles.
observer-***-115805-3b0aaa70,2026-08-15 11:58:13,,available,normal,LIMA-LA VICTORIA,08/09/2026,08:00,20,,,,8.395,,,,,,,event_atomic,,screenshots\2026-08\15-08-2026\observer-cupo-69fbbf.png,screenshots\2026-08\15-08-2026\observer-cupo-69fbbf.png,Se seleccionaron una fecha y una hora disponibles.
observer-***-115813-***,2026-08-15 11:58:22,,available,normal,LIMA-LA VICTORIA,08/09/2026,08:00,20,,,,8.248,,,,,,,event_atomic,,,,Se seleccionaron una fecha y una hora disponibles.
observer-***-115822-c2033520,2026-08-15 11:58:30,,available,normal,LIMA-LA VICTORIA,08/09/2026,08:00,20,,,,8.344,,,,,,,event_atomic,,screenshots\2026-08\15-08-2026\observer-cupo-c8c0c3.png,screenshots\2026-08\15-08-2026\observer-cupo-c8c0c3.png,Se seleccionaron una fecha y una hora disponibles.
observer-***-115830-29789c48,2026-08-15 11:58:39,,available,normal,LIMA-LA VICTORIA,08/09/2026,08:00,20,,,,8.614,,,,,,,event_atomic,,,,Se seleccionaron una fecha y una hora disponibles.
observer-***-115839-781012ed,2026-08-15 11:58:47,,available,normal,LIMA-LA VICTORIA,08/09/2026,08:00,20,,,,8.357,,,,,,,event_atomic,,screenshots\2026-08\15-08-2026\observer-cupo-f0d240.png,screenshots\2026-08\15-08-2026\observer-cupo-f0d240.png,Se seleccionaron una fecha y una hora disponibles.
observer-***-115847-5c0fdc29,2026-08-15 11:58:56,,available,normal,LIMA-LA VICTORIA,08/09/2026,08:00,20,,,,8.238,,,,,,,event_atomic,,,,Se seleccionaron una fecha y una hora disponibles.
observer-***-115856-942be79c,2026-08-15 11:59:05,,available,normal,LIMA-LA VICTORIA,08/09/2026,08:00,20,,,,8.384,,,,,,,event_atomic,,screenshots\2026-08\15-08-2026\observer-cupo-6764b7.png,screenshots\2026-08\15-08-2026\observer-cupo-6764b7.png,Se seleccionaron una fecha y una hora disponibles.
observer-***-115905-d4fbf61c,2026-08-15 11:59:13,,available,normal,LIMA-LA VICTORIA,08/09/2026,08:00,20,,,,8.121,,,,,,,event_atomic,,,,Se seleccionaron una fecha y una hora disponibles.
observer-***-115913-aa2339c2,2026-08-15 11:59:21,,available,normal,LIMA-LA VICTORIA,08/09/2026,08:00,20,,,,8.413,,,,,,,event_atomic,,screenshots\2026-08\15-08-2026\observer-cupo-ae9d30.png,screenshots\2026-08\15-08-2026\observer-cupo-ae9d30.png,Se seleccionaron una fecha y una hora disponibles.
observer-***-115922-39aef0cb,2026-08-15 11:59:30,,available,normal,LIMA-LA VICTORIA,08/09/2026,08:00,20,,,,8.201,,,,,,,event_atomic,,,,Se seleccionaron una fecha y una hora disponibles.
observer-***-115930-28441b77,2026-08-15 11:59:38,,available,normal,LIMA-LA VICTORIA,08/09/2026,08:00,20,,,,8.387,,,,,,,event_atomic,,screenshots\2026-08\15-08-2026\observer-cupo-a869cf.png,screenshots\2026-08\15-08-2026\observer-cupo-a869cf.png,Se seleccionaron una fecha y una hora disponibles.
observer-***-115938-9fc9f093,2026-08-15 11:59:46,,available,normal,LIMA-LA VICTORIA,08/09/2026,08:00,20,,,,8.104,,,,,,,event_atomic,,,,Se seleccionaron una fecha y una hora disponibles.
observer-***-115947-761aed56,2026-08-15 11:59:55,,available,normal,LIMA-LA VICTORIA,08/09/2026,08:00,20,,,,8.363,,,,,,,event_atomic,,screenshots\2026-08\15-08-2026\observer-cupo-97792f.png,screenshots\2026-08\15-08-2026\observer-cupo-97792f.png,Se seleccionaron una fecha y una hora disponibles.
observer-***-115955-bd44829f,2026-08-15 12:00:03,,available,normal,LIMA-LA VICTORIA,08/09/2026,08:00,20,,,,8.223,,,,,,,event_atomic,,,,Se seleccionaron una fecha y una hora disponibles.
observer-***-120003-649d9b8d,2026-08-15 12:00:12,,available,normal,LIMA-LA VICTORIA,08/09/2026,08:00,20,,,,8.392,,,,,,,event_atomic,,screenshots\2026-08\15-08-2026\observer-cupo-745916.png,screenshots\2026-08\15-08-2026\observer-cupo-745916.png,Se seleccionaron una fecha y una hora disponibles.
observer-***-120012-d895ec03,2026-08-15 12:00:20,,available,normal,LIMA-LA VICTORIA,08/09/2026,08:00,20,,,,8.163,,,,,,,event_atomic,,,,Se seleccionaron una fecha y una hora disponibles.
observer-***-120020-043cc5f5,2026-08-15 12:00:28,,available,normal,LIMA-LA VICTORIA,08/09/2026,08:00,20,,,,8.415,,,,,,,event_atomic,,screenshots\2026-08\15-08-2026\observer-cupo-4247cd.png,screenshots\2026-08\15-08-2026\observer-cupo-4247cd.png,Se seleccionaron una fecha y una hora disponibles.
observer-***-120029-5a70b695,2026-08-15 12:00:37,,available,normal,LIMA-LA VICTORIA,08/09/2026,08:00,20,,,,8.159,,,,,,,event_atomic,,,,Se seleccionaron una fecha y una hora disponibles.
observer-***-120037-707e7f8b,2026-08-15 12:00:45,,available,normal,LIMA-LA VICTORIA,08/09/2026,08:00,20,,,,8.343,,,,,,,event_atomic,,screenshots\2026-08\15-08-2026\observer-cupo-9d1bee.png,screenshots\2026-08\15-08-2026\observer-cupo-9d1bee.png,Se seleccionaron una fecha y una hora disponibles.
observer-***-120045-48097b91,2026-08-15 12:00:53,,available,normal,LIMA-LA VICTORIA,08/09/2026,08:00,20,,,,8.170,,,,,,,event_atomic,,,,Se seleccionaron una fecha y una hora disponibles.
observer-***-120053-6a53e124,2026-08-15 12:01:02,,available,normal,LIMA-LA VICTORIA,08/09/2026,08:00,20,,,,8.412,,,,,,,event_atomic,,screenshots\2026-08\15-08-2026\observer-cupo-5dec68.png,screenshots\2026-08\15-08-2026\observer-cupo-5dec68.png,Se seleccionaron una fecha y una hora disponibles.
observer-***-120102-4907833d,2026-08-15 12:01:10,,available,normal,LIMA-LA VICTORIA,08/09/2026,08:00,20,,,,8.190,,,,,,,event_atomic,,,,Se seleccionaron una fecha y una hora disponibles.
observer-***-120110-0dc53e89,2026-08-15 12:01:19,,available,normal,LIMA-LA VICTORIA,08/09/2026,08:00,20,,,,8.355,,,,,,,event_atomic,,screenshots\2026-08\15-08-2026\observer-cupo-00e620.png,screenshots\2026-08\15-08-2026\observer-cupo-00e620.png,Se seleccionaron una fecha y una hora disponibles.
observer-***-120119-15dff409,2026-08-15 12:01:27,,available,normal,LIMA-LA VICTORIA,08/09/2026,08:00,20,,,,8.112,,,,,,,event_atomic,,,,Se seleccionaron una fecha y una hora disponibles.
observer-***-120127-ee65dd52,2026-08-15 12:01:35,,available,normal,LIMA-LA VICTORIA,08/09/2026,08:00,20,,,,8.364,,,,,,,event_atomic,,screenshots\2026-08\15-08-2026\observer-cupo-9265d7.png,screenshots\2026-08\15-08-2026\observer-cupo-9265d7.png,Se seleccionaron una fecha y una hora disponibles.
observer-***-120135-bb08f7ae,2026-08-15 12:01:45,,available,normal,LIMA-LA VICTORIA,08/09/2026,08:00,20,,,,9.278,,,,,,,event_atomic,,,,Se seleccionaron una fecha y una hora disponibles.
observer-***-120145-ab801008,2026-08-15 12:01:53,,available,normal,LIMA-LA VICTORIA,08/09/2026,08:00,20,,,,8.397,,,,,,,event_atomic,,screenshots\2026-08\15-08-2026\observer-cupo-7b656e.png,screenshots\2026-08\15-08-2026\observer-cupo-7b656e.png,Se seleccionaron una fecha y una hora disponibles.
observer-***-120153-386c5cfb,2026-08-15 12:02:01,,available,normal,LIMA-LA VICTORIA,08/09/2026,08:00,20,,,,8.087,,,,,,,event_atomic,,,,Se seleccionaron una fecha y una hora disponibles.
observer-***-120201-cdeb64f1,2026-08-15 12:02:10,,available,normal,LIMA-LA VICTORIA,08/09/2026,08:00,20,,,,8.339,,,,,,,event_atomic,,screenshots\2026-08\15-08-2026\observer-cupo-d4996a.png,screenshots\2026-08\15-08-2026\observer-cupo-d4996a.png,Se seleccionaron una fecha y una hora disponibles.
observer-***-120210-cc410b4d,2026-08-15 12:02:18,,available,normal,LIMA-LA VICTORIA,08/09/2026,08:00,20,,,,8.187,,,,,,,event_atomic,,,,Se seleccionaron una fecha y una hora disponibles.
observer-***-120218-07aa38a5,2026-08-15 12:02:27,,available,normal,LIMA-LA VICTORIA,08/09/2026,09:00,20,,,,8.448,,,,,,,event_atomic,,screenshots\2026-08\15-08-2026\observer-cupo-f5b06d.png,screenshots\2026-08\15-08-2026\observer-cupo-f5b06d.png,Se seleccionaron una fecha y una hora disponibles.
observer-***-120227-219bfb78,2026-08-15 12:02:35,,available,normal,LIMA-LA VICTORIA,08/09/2026,09:00,20,,,,8.100,,,,,,,event_atomic,,,,Se seleccionaron una fecha y una hora disponibles.
observer-***-120236-1d65b518,2026-08-15 12:02:44,,available,normal,LIMA-LA VICTORIA,08/09/2026,09:00,20,,,,8.422,,,,,,,event_atomic,,screenshots\2026-08\15-08-2026\observer-cupo-cfb3ac.png,screenshots\2026-08\15-08-2026\observer-cupo-cfb3ac.png,Se seleccionaron una fecha y una hora disponibles.
observer-***-120244-5aef10af,2026-08-15 12:02:52,,available,normal,LIMA-LA VICTORIA,08/09/2026,09:00,20,,,,8.166,,,,,,,event_atomic,,,,Se seleccionaron una fecha y una hora disponibles.
observer-***-120252-a9aceb66,2026-08-15 12:03:01,,available,normal,LIMA-LA VICTORIA,08/09/2026,09:00,20,,,,8.376,,,,,,,event_atomic,,screenshots\2026-08\15-08-2026\observer-cupo-d95332.png,screenshots\2026-08\15-08-2026\observer-cupo-d95332.png,Se seleccionaron una fecha y una hora disponibles.
observer-***-120301-74e22ed4,2026-08-15 12:03:09,,available,normal,LIMA-LA VICTORIA,08/09/2026,09:00,20,,,,8.087,,,,,,,event_atomic,,,,Se seleccionaron una fecha y una hora disponibles.
observer-***-120309-56a2308a,2026-08-15 12:03:17,,available,normal,LIMA-LA VICTORIA,08/09/2026,09:00,20,,,,8.464,,,,,,,event_atomic,,screenshots\2026-08\15-08-2026\observer-cupo-03b0f7.png,screenshots\2026-08\15-08-2026\observer-cupo-03b0f7.png,Se seleccionaron una fecha y una hora disponibles.
observer-***-120318-fd692f9c,2026-08-15 12:03:26,,available,normal,LIMA-LA VICTORIA,08/09/2026,09:00,20,,,,8.222,,,,,,,event_atomic,,,,Se seleccionaron una fecha y una hora disponibles.
observer-***-120326-2d7de154,2026-08-15 12:03:34,,available,normal,LIMA-LA VICTORIA,08/09/2026,09:00,20,,,,8.387,,,,,,,event_atomic,,screenshots\2026-08\15-08-2026\observer-cupo-7ae715.png,screenshots\2026-08\15-08-2026\observer-cupo-7ae715.png,Se seleccionaron una fecha y una hora disponibles.
observer-***-120334-a6d73150,2026-08-15 12:03:42,,available,normal,LIMA-LA VICTORIA,08/09/2026,09:00,20,,,,8.086,,,,,,,event_atomic,,,,Se seleccionaron una fecha y una hora disponibles.
observer-***-120342-024c549e,2026-08-15 12:03:51,,available,normal,LIMA-LA VICTORIA,08/09/2026,09:00,20,,,,8.389,,,,,,,event_atomic,,screenshots\2026-08\15-08-2026\observer-cupo-f3d1c1.png,screenshots\2026-08\15-08-2026\observer-cupo-f3d1c1.png,Se seleccionaron una fecha y una hora disponibles.
observer-***-120351-59df1a7b,2026-08-15 12:03:59,,available,normal,LIMA-LA VICTORIA,08/09/2026,09:00,20,,,,8.208,,,,,,,event_atomic,,,,Se seleccionaron una fecha y una hora disponibles.
observer-***-120359-b18696dd,2026-08-15 12:04:08,,available,normal,LIMA-LA VICTORIA,08/09/2026,09:00,20,,,,8.648,,,,,,,event_atomic,,screenshots\2026-08\15-08-2026\observer-cupo-93c31f.png,screenshots\2026-08\15-08-2026\observer-cupo-93c31f.png,Se seleccionaron una fecha y una hora disponibles.
observer-***-120408-7d7de8f5,2026-08-15 12:04:16,,available,normal,LIMA-LA VICTORIA,08/09/2026,09:00,20,,,,8.125,,,,,,,event_atomic,,,,Se seleccionaron una fecha y una hora disponibles.
observer-***-120416-45461f47,2026-08-15 12:04:25,,available,normal,LIMA-LA VICTORIA,08/09/2026,09:00,20,,,,8.334,,,,,,,event_atomic,,screenshots\2026-08\15-08-2026\observer-cupo-0fbf5c.png,screenshots\2026-08\15-08-2026\observer-cupo-0fbf5c.png,Se seleccionaron una fecha y una hora disponibles.
observer-***-120425-08000e1a,2026-08-15 12:04:33,,available,normal,LIMA-LA VICTORIA,08/09/2026,09:00,20,,,,8.197,,,,,,,event_atomic,,,,Se seleccionaron una fecha y una hora disponibles.
observer-***-120433-f786225b,2026-08-15 12:04:41,,available,normal,LIMA-LA VICTORIA,08/09/2026,09:00,20,,,,8.357,,,,,,,event_atomic,,screenshots\2026-08\15-08-2026\observer-cupo-8ac350.png,screenshots\2026-08\15-08-2026\observer-cupo-8ac350.png,Se seleccionaron una fecha y una hora disponibles.
observer-***-120441-769f76ce,2026-08-15 12:04:49,,available,normal,LIMA-LA VICTORIA,08/09/2026,09:00,20,,,,8.091,,,,,,,event_atomic,,,,Se seleccionaron una fecha y una hora disponibles.
observer-***-120450-71f7e82f,2026-08-15 12:04:58,,available,normal,LIMA-LA VICTORIA,08/09/2026,09:00,20,,,,8.350,,,,,,,event_atomic,,screenshots\2026-08\15-08-2026\observer-cupo-9d7941.png,screenshots\2026-08\15-08-2026\observer-cupo-9d7941.png,Se seleccionaron una fecha y una hora disponibles.
observer-***-120458-83c4e218,2026-08-15 12:05:06,,available,normal,LIMA-LA VICTORIA,08/09/2026,09:00,20,,,,8.153,,,,,,,event_atomic,,,,Se seleccionaron una fecha y una hora disponibles.
observer-***-120506-94e5d97c,2026-08-15 12:05:15,,available,normal,LIMA-LA VICTORIA,08/09/2026,09:00,20,,,,8.538,,,,,,,event_atomic,,screenshots\2026-08\15-08-2026\observer-cupo-1d6793.png,screenshots\2026-08\15-08-2026\observer-cupo-1d6793.png,Se seleccionaron una fecha y una hora disponibles.
observer-***-120515-6abec279,2026-08-15 12:05:23,,available,normal,LIMA-LA VICTORIA,08/09/2026,09:00,20,,,,8.097,,,,,,,event_atomic,,,,Se seleccionaron una fecha y una hora disponibles.
observer-***-120523-92abbf84,2026-08-15 12:05:31,,available,normal,LIMA-LA VICTORIA,08/09/2026,09:00,20,,,,8.375,,,,,,,event_atomic,,screenshots\2026-08\15-08-2026\observer-cupo-809715.png,screenshots\2026-08\15-08-2026\observer-cupo-809715.png,Se seleccionaron una fecha y una hora disponibles.
observer-***-120532-594d969b,2026-08-15 12:05:40,,available,normal,LIMA-LA VICTORIA,08/09/2026,09:00,20,,,,8.177,,,,,,,event_atomic,,,,Se seleccionaron una fecha y una hora disponibles.
observer-***-120540-7a27a092,2026-08-15 12:05:48,,available,normal,LIMA-LA VICTORIA,08/09/2026,09:00,20,,,,8.412,,,,,,,event_atomic,,screenshots\2026-08\15-08-2026\observer-cupo-eaaa24.png,screenshots\2026-08\15-08-2026\observer-cupo-eaaa24.png,Se seleccionaron una fecha y una hora disponibles.
observer-***-120548-56e715a6,2026-08-15 12:05:56,,available,normal,LIMA-LA VICTORIA,08/09/2026,09:00,20,,,,8.076,,,,,,,event_atomic,,,,Se seleccionaron una fecha y una hora disponibles.
observer-***-120556-eeb8eed7,2026-08-15 12:06:05,,available,normal,LIMA-LA VICTORIA,08/09/2026,09:00,20,,,,8.447,,,,,,,event_atomic,,screenshots\2026-08\15-08-2026\observer-cupo-d911f8.png,screenshots\2026-08\15-08-2026\observer-cupo-d911f8.png,Se seleccionaron una fecha y una hora disponibles.
observer-***-120605-5282f2ce,2026-08-15 12:06:13,,available,normal,LIMA-LA VICTORIA,08/09/2026,09:00,20,,,,8.195,,,,,,,event_atomic,,,,Se seleccionaron una fecha y una hora disponibles.
observer-***-120613-00387c41,2026-08-15 12:06:22,,available,normal,LIMA-LA VICTORIA,08/09/2026,09:00,20,,,,8.375,,,,,,,event_atomic,,screenshots\2026-08\15-08-2026\observer-cupo-f53eeb.png,screenshots\2026-08\15-08-2026\observer-cupo-f53eeb.png,Se seleccionaron una fecha y una hora disponibles.
observer-***-120622-ba0c5d88,2026-08-15 12:06:30,,available,normal,LIMA-LA VICTORIA,08/09/2026,09:00,20,,,,8.076,,,,,,,event_atomic,,,,Se seleccionaron una fecha y una hora disponibles.
observer-***-120630-c9f9216e,2026-08-15 12:06:39,,available,normal,LIMA-LA VICTORIA,08/09/2026,09:00,20,,,,9.088,,,,,,,event_atomic,,screenshots\2026-08\15-08-2026\observer-cupo-6e0510.png,screenshots\2026-08\15-08-2026\observer-cupo-6e0510.png,Se seleccionaron una fecha y una hora disponibles.
observer-***-120639-7e6df6c8,2026-08-15 12:06:47,,available,normal,LIMA-LA VICTORIA,08/09/2026,09:00,20,,,,8.229,,,,,,,event_atomic,,,,Se seleccionaron una fecha y una hora disponibles.
observer-***-120647-7fdd61a6,2026-08-15 12:06:56,,available,normal,LIMA-LA VICTORIA,08/09/2026,09:00,20,,,,8.307,,,,,,,event_atomic,,screenshots\2026-08\15-08-2026\observer-cupo-bdc3cc.png,screenshots\2026-08\15-08-2026\observer-cupo-bdc3cc.png,Se seleccionaron una fecha y una hora disponibles.
observer-***-120656-c8cdfb07,2026-08-15 12:07:04,,available,normal,LIMA-LA VICTORIA,08/09/2026,09:00,20,,,,8.111,,,,,,,event_atomic,,,,Se seleccionaron una fecha y una hora disponibles.
observer-***-120704-c43b89d3,2026-08-15 12:07:12,,available,normal,LIMA-LA VICTORIA,08/09/2026,09:00,20,,,,8.431,,,,,,,event_atomic,,screenshots\2026-08\15-08-2026\observer-cupo-82f92c.png,screenshots\2026-08\15-08-2026\observer-cupo-82f92c.png,Se seleccionaron una fecha y una hora disponibles.
observer-***-120713-6e70c24f,2026-08-15 12:07:21,,available,normal,LIMA-LA VICTORIA,08/09/2026,09:00,20,,,,8.165,,,,,,,event_atomic,,,,Se seleccionaron una fecha y una hora disponibles.
observer-***-120721-e95fb1c4,2026-08-15 12:07:29,,available,normal,LIMA-LA VICTORIA,08/09/2026,09:00,20,,,,8.361,,,,,,,event_atomic,,screenshots\2026-08\15-08-2026\observer-cupo-0050c7.png,screenshots\2026-08\15-08-2026\observer-cupo-0050c7.png,Se seleccionaron una fecha y una hora disponibles.
observer-***-120729-f63019b9,2026-08-15 12:07:37,,available,normal,LIMA-LA VICTORIA,01/09/2026,09:00,30,,,,8.060,,,,,,,event_atomic,,,,Se seleccionaron una fecha y una hora disponibles.
observer-***-120738-34d674dd,2026-08-15 12:07:47,,available,normal,LIMA-LA VICTORIA,01/09/2026,09:00,30,,,,8.812,,,,,,,event_atomic,,screenshots\2026-08\15-08-2026\observer-cupo-60363b.png,screenshots\2026-08\15-08-2026\observer-cupo-60363b.png,Se seleccionaron una fecha y una hora disponibles.
observer-***-120747-5147b53b,2026-08-15 12:07:55,,available,normal,LIMA-LA VICTORIA,01/09/2026,09:00,30,,,,8.154,,,,,,,event_atomic,,,,Se seleccionaron una fecha y una hora disponibles.
observer-***-120755-ee8a12d1,2026-08-15 12:08:04,,available,normal,LIMA-LA VICTORIA,01/09/2026,09:00,30,,,,8.357,,,,,,,event_atomic,,screenshots\2026-08\15-08-2026\observer-cupo-354728.png,screenshots\2026-08\15-08-2026\observer-cupo-354728.png,Se seleccionaron una fecha y una hora disponibles.
observer-***-120804-46bea1f1,2026-08-15 12:08:12,,available,normal,LIMA-LA VICTORIA,01/09/2026,09:00,30,,,,8.147,,,,,,,event_atomic,,,,Se seleccionaron una fecha y una hora disponibles.
observer-***-120812-4123431b,2026-08-15 12:08:20,,available,normal,LIMA-LA VICTORIA,01/09/2026,09:00,30,,,,8.371,,,,,,,event_atomic,,screenshots\2026-08\15-08-2026\observer-cupo-08a9ca.png,screenshots\2026-08\15-08-2026\observer-cupo-08a9ca.png,Se seleccionaron una fecha y una hora disponibles.
observer-***-120820-f0d1294a,2026-08-15 12:08:29,,available,normal,LIMA-LA VICTORIA,01/09/2026,09:00,30,,,,8.182,,,,,,,event_atomic,,,,Se seleccionaron una fecha y una hora disponibles.
observer-***-120829-56d6d619,2026-08-15 12:08:37,,available,normal,LIMA-LA VICTORIA,01/09/2026,09:00,30,,,,8.430,,,,,,,event_atomic,,screenshots\2026-08\15-08-2026\observer-cupo-aa00dd.png,screenshots\2026-08\15-08-2026\observer-cupo-aa00dd.png,Se seleccionaron una fecha y una hora disponibles.
observer-***-120837-477eb4cd,2026-08-15 12:08:45,,available,normal,LIMA-LA VICTORIA,01/09/2026,09:00,30,,,,8.122,,,,,,,event_atomic,,,,Se seleccionaron una fecha y una hora disponibles.
observer-***-120845-5fae24b1,2026-08-15 12:08:54,,available,normal,LIMA-LA VICTORIA,01/09/2026,09:00,30,,,,8.363,,,,,,,event_atomic,,screenshots\2026-08\15-08-2026\observer-cupo-5c13da.png,screenshots\2026-08\15-08-2026\observer-cupo-5c13da.png,Se seleccionaron una fecha y una hora disponibles.
observer-***-120854-62e6d680,2026-08-15 12:09:02,,available,normal,LIMA-LA VICTORIA,01/09/2026,09:00,30,,,,8.188,,,,,,,event_atomic,,,,Se seleccionaron una fecha y una hora disponibles.
observer-***-120902-d34fc8f3,2026-08-15 12:09:11,,available,normal,LIMA-LA VICTORIA,01/09/2026,09:00,30,,,,8.395,,,,,,,event_atomic,,screenshots\2026-08\15-08-2026\observer-cupo-4d80ff.png,screenshots\2026-08\15-08-2026\observer-cupo-4d80ff.png,Se seleccionaron una fecha y una hora disponibles.
observer-***-120911-d70b59ac,2026-08-15 12:09:19,,available,normal,LIMA-LA VICTORIA,01/09/2026,09:00,30,,,,8.057,,,,,,,event_atomic,,,,Se seleccionaron una fecha y una hora disponibles.
observer-***-120919-669c42ea,2026-08-15 12:09:27,,available,normal,LIMA-LA VICTORIA,01/09/2026,09:00,30,,,,8.354,,,,,,,event_atomic,,screenshots\2026-08\15-08-2026\observer-cupo-50abd9.png,screenshots\2026-08\15-08-2026\observer-cupo-50abd9.png,Se seleccionaron una fecha y una hora disponibles.
observer-***-120927-5eec7372,2026-08-15 12:09:35,,available,normal,LIMA-LA VICTORIA,01/09/2026,09:00,30,,,,8.203,,,,,,,event_atomic,,,,Se seleccionaron una fecha y una hora disponibles.
observer-***-120936-7914500f,2026-08-15 12:09:44,,available,normal,LIMA-LA VICTORIA,01/09/2026,09:00,30,,,,8.384,,,,,,,event_atomic,,screenshots\2026-08\15-08-2026\observer-cupo-bac0e8.png,screenshots\2026-08\15-08-2026\observer-cupo-bac0e8.png,Se seleccionaron una fecha y una hora disponibles.
observer-***-120944-6573b0ba,2026-08-15 12:09:52,,available,normal,LIMA-LA VICTORIA,08/09/2026,09:00,20,,,,8.200,,,,,,,event_atomic,,,,Se seleccionaron una fecha y una hora disponibles.
observer-***-120953-a7ccfda5,2026-08-15 12:10:02,,available,normal,LIMA-LA VICTORIA,08/09/2026,09:00,20,,,,8.599,,,,,,,event_atomic,,screenshots\2026-08\15-08-2026\observer-cupo-c8c5e8.png,screenshots\2026-08\15-08-2026\observer-cupo-c8c5e8.png,Se seleccionaron una fecha y una hora disponibles.
observer-***-121002-6d4956f3,2026-08-15 12:10:10,,available,normal,LIMA-LA VICTORIA,08/09/2026,09:00,20,,,,8.793,,,,,,,event_atomic,,,,Se seleccionaron una fecha y una hora disponibles.
observer-***-121011-88d0f26e,2026-08-15 12:10:19,,available,normal,LIMA-LA VICTORIA,08/09/2026,09:00,20,,,,8.326,,,,,,,event_atomic,,screenshots\2026-08\15-08-2026\observer-cupo-84fddf.png,screenshots\2026-08\15-08-2026\observer-cupo-84fddf.png,Se seleccionaron una fecha y una hora disponibles.
observer-***-121019-ece9ccbd,2026-08-15 12:10:27,,available,normal,LIMA-LA VICTORIA,08/09/2026,09:00,20,,,,8.089,,,,,,,event_atomic,,,,Se seleccionaron una fecha y una hora disponibles.
observer-***-121027-59aa3d8a,2026-08-15 12:10:36,,available,normal,LIMA-LA VICTORIA,08/09/2026,09:00,20,,,,8.367,,,,,,,event_atomic,,screenshots\2026-08\15-08-2026\observer-cupo-0482eb.png,screenshots\2026-08\15-08-2026\observer-cupo-0482eb.png,Se seleccionaron una fecha y una hora disponibles.
observer-***-121036-8840a654,2026-08-15 12:10:44,,available,normal,LIMA-LA VICTORIA,08/09/2026,09:00,20,,,,8.202,,,,,,,event_atomic,,,,Se seleccionaron una fecha y una hora disponibles.
observer-***-121044-92ecdf59,2026-08-15 12:10:52,,available,normal,LIMA-LA VICTORIA,08/09/2026,09:00,20,,,,8.414,,,,,,,event_atomic,,screenshots\2026-08\15-08-2026\observer-cupo-b4ccb8.png,screenshots\2026-08\15-08-2026\observer-cupo-b4ccb8.png,Se seleccionaron una fecha y una hora disponibles.
observer-***-121052-fa8e3e4c,2026-08-15 12:11:01,,available,normal,LIMA-LA VICTORIA,09/09/2026,09:00,20,,,,8.499,,,,,,,event_atomic,,,,Se seleccionaron una fecha y una hora disponibles.
observer-***-121102-f366be6e,2026-08-15 12:11:10,,available,normal,LIMA-LA VICTORIA,09/09/2026,09:00,20,,,,8.350,,,,,,,event_atomic,,screenshots\2026-08\15-08-2026\observer-cupo-f13a2e.png,screenshots\2026-08\15-08-2026\observer-cupo-f13a2e.png,Se seleccionaron una fecha y una hora disponibles.
observer-***-121110-22ecc919,2026-08-15 12:11:19,,available,normal,LIMA-LA VICTORIA,09/09/2026,09:00,20,,,,8.506,,,,,,,event_atomic,,,,Se seleccionaron una fecha y una hora disponibles.
observer-***-121119-d2d52d14,2026-08-15 12:11:27,,available,normal,LIMA-LA VICTORIA,09/09/2026,09:00,20,,,,8.334,,,,,,,event_atomic,,screenshots\2026-08\15-08-2026\observer-cupo-3d858a.png,screenshots\2026-08\15-08-2026\observer-cupo-3d858a.png,Se seleccionaron una fecha y una hora disponibles.
observer-***-121127-9a7f88b3,2026-08-15 12:11:36,,available,normal,LIMA-LA VICTORIA,09/09/2026,09:00,20,,,,8.354,,,,,,,event_atomic,,,,Se seleccionaron una fecha y una hora disponibles.
observer-***-121136-a4bff847,2026-08-15 12:11:44,,available,normal,LIMA-LA VICTORIA,09/09/2026,09:00,20,,,,8.406,,,,,,,event_atomic,,screenshots\2026-08\15-08-2026\observer-cupo-352bf9.png,screenshots\2026-08\15-08-2026\observer-cupo-352bf9.png,Se seleccionaron una fecha y una hora disponibles.
observer-***-121144-1c6d66cf,2026-08-15 12:11:52,,available,normal,LIMA-LA VICTORIA,09/09/2026,09:00,20,,,,8.214,,,,,,,event_atomic,,,,Se seleccionaron una fecha y una hora disponibles.
observer-***-121152-f6c96ade,2026-08-15 12:12:01,,available,normal,LIMA-LA VICTORIA,09/09/2026,09:00,20,,,,8.369,,,,,,,event_atomic,,screenshots\2026-08\15-08-2026\observer-cupo-d9905f.png,screenshots\2026-08\15-08-2026\observer-cupo-d9905f.png,Se seleccionaron una fecha y una hora disponibles.
observer-***-121201-01e1400b,2026-08-15 12:12:09,,available,normal,LIMA-LA VICTORIA,09/09/2026,09:00,20,,,,8.123,,,,,,,event_atomic,,,,Se seleccionaron una fecha y una hora disponibles.
observer-***-121209-5f286aa6,2026-08-15 12:12:18,,available,normal,LIMA-LA VICTORIA,09/09/2026,09:00,20,,,,8.388,,,,,,,event_atomic,,screenshots\2026-08\15-08-2026\observer-cupo-d4d353.png,screenshots\2026-08\15-08-2026\observer-cupo-d4d353.png,Se seleccionaron una fecha y una hora disponibles.
observer-***-121218-ac647067,2026-08-15 12:12:26,,available,normal,LIMA-LA VICTORIA,09/09/2026,09:00,20,,,,8.157,,,,,,,event_atomic,,,,Se seleccionaron una fecha y una hora disponibles.
observer-***-121226-e4bc88d5,2026-08-15 12:12:34,,available,normal,LIMA-LA VICTORIA,09/09/2026,09:00,20,,,,8.390,,,,,,,event_atomic,,screenshots\2026-08\15-08-2026\observer-cupo-37a09d.png,screenshots\2026-08\15-08-2026\observer-cupo-37a09d.png,Se seleccionaron una fecha y una hora disponibles.
observer-***-121234-69fe2799,2026-08-15 12:12:43,,available,normal,LIMA-LA VICTORIA,09/09/2026,09:00,20,,,,8.172,,,,,,,event_atomic,,,,Se seleccionaron una fecha y una hora disponibles.
observer-***-121243-5eab8e59,2026-08-15 12:12:51,,available,normal,LIMA-LA VICTORIA,09/09/2026,09:00,20,,,,8.428,,,,,,,event_atomic,,screenshots\2026-08\15-08-2026\observer-cupo-35dd0f.png,screenshots\2026-08\15-08-2026\observer-cupo-35dd0f.png,Se seleccionaron una fecha y una hora disponibles.
observer-***-121251-4785cf73,2026-08-15 12:12:59,,available,normal,LIMA-LA VICTORIA,09/09/2026,09:00,20,,,,8.185,,,,,,,event_atomic,,,,Se seleccionaron una fecha y una hora disponibles.
observer-***-121259-610fe5aa,2026-08-15 12:13:08,,available,normal,LIMA-LA VICTORIA,09/09/2026,09:00,20,,,,8.362,,,,,,,event_atomic,,screenshots\2026-08\15-08-2026\observer-cupo-ad2c26.png,screenshots\2026-08\15-08-2026\observer-cupo-ad2c26.png,Se seleccionaron una fecha y una hora disponibles.
observer-***-121308-9da5ec36,2026-08-15 12:13:16,,available,normal,LIMA-LA VICTORIA,09/09/2026,09:00,20,,,,8.110,,,,,,,event_atomic,,,,Se seleccionaron una fecha y una hora disponibles.
observer-***-121316-c4a082ba,2026-08-15 12:13:25,,available,normal,LIMA-LA VICTORIA,09/09/2026,09:00,20,,,,8.418,,,,,,,event_atomic,,screenshots\2026-08\15-08-2026\observer-cupo-26e667.png,screenshots\2026-08\15-08-2026\observer-cupo-26e667.png,Se seleccionaron una fecha y una hora disponibles.
observer-***-121325-8f8ec26f,2026-08-15 12:13:33,,available,normal,LIMA-LA VICTORIA,09/09/2026,09:00,20,,,,8.552,,,,,,,event_atomic,,,,Se seleccionaron una fecha y una hora disponibles.
observer-***-121333-8593f728,2026-08-15 12:13:43,,available,normal,LIMA-LA VICTORIA,09/09/2026,09:00,20,,,,9.638,,,,,,,event_atomic,,screenshots\2026-08\15-08-2026\observer-cupo-83d6d6.png,screenshots\2026-08\15-08-2026\observer-cupo-83d6d6.png,Se seleccionaron una fecha y una hora disponibles.
observer-***-121343-43be3026,2026-08-15 12:13:51,,available,normal,LIMA-LA VICTORIA,09/09/2026,09:00,20,,,,8.133,,,,,,,event_atomic,,,,Se seleccionaron una fecha y una hora disponibles.
observer-***-121351-a03e07dd,2026-08-15 12:14:00,,available,normal,LIMA-LA VICTORIA,09/09/2026,09:00,20,,,,8.377,,,,,,,event_atomic,,screenshots\2026-08\15-08-2026\observer-cupo-fee58f.png,screenshots\2026-08\15-08-2026\observer-cupo-fee58f.png,Se seleccionaron una fecha y una hora disponibles.
observer-***-121400-3cc8aee2,2026-08-15 12:14:08,,available,normal,LIMA-LA VICTORIA,09/09/2026,09:00,20,,,,8.213,,,,,,,event_atomic,,,,Se seleccionaron una fecha y una hora disponibles.
observer-***-121408-3a54b190,2026-08-15 12:14:16,,available,normal,LIMA-LA VICTORIA,09/09/2026,09:00,20,,,,8.358,,,,,,,event_atomic,,screenshots\2026-08\15-08-2026\observer-cupo-6c2fff.png,screenshots\2026-08\15-08-2026\observer-cupo-6c2fff.png,Se seleccionaron una fecha y una hora disponibles.
observer-***-121416-93e0d584,2026-08-15 12:14:25,,available,normal,LIMA-LA VICTORIA,09/09/2026,09:00,20,,,,8.094,,,,,,,event_atomic,,,,Se seleccionaron una fecha y una hora disponibles.
observer-***-121425-193f8ac2,2026-08-15 12:14:33,,available,normal,LIMA-LA VICTORIA,09/09/2026,09:00,20,,,,8.347,,,,,,,event_atomic,,screenshots\2026-08\15-08-2026\observer-cupo-7f7536.png,screenshots\2026-08\15-08-2026\observer-cupo-7f7536.png,Se seleccionaron una fecha y una hora disponibles.
observer-***-121433-6b58fe0a,2026-08-15 12:14:41,,available,normal,LIMA-LA VICTORIA,09/09/2026,09:00,20,,,,8.239,,,,,,,event_atomic,,,,Se seleccionaron una fecha y una hora disponibles.
observer-***-121441-af25acc2,2026-08-15 12:14:50,,available,normal,LIMA-LA VICTORIA,09/09/2026,09:00,20,,,,8.392,,,,,,,event_atomic,,screenshots\2026-08\15-08-2026\observer-cupo-90a5b0.png,screenshots\2026-08\15-08-2026\observer-cupo-90a5b0.png,Se seleccionaron una fecha y una hora disponibles.
observer-***-121450-1c6274de,2026-08-15 12:14:58,,available,normal,LIMA-LA VICTORIA,09/09/2026,09:00,20,,,,8.097,,,,,,,event_atomic,,,,Se seleccionaron una fecha y una hora disponibles.
observer-***-121458-1182b919,2026-08-15 12:15:07,,available,normal,LIMA-LA VICTORIA,09/09/2026,09:00,20,,,,9.205,,,,,,,event_atomic,,screenshots\2026-08\15-08-2026\observer-cupo-f026da.png,screenshots\2026-08\15-08-2026\observer-cupo-f026da.png,Se seleccionaron una fecha y una hora disponibles.
observer-***-121507-d9d89b51,2026-08-15 12:15:16,,available,normal,LIMA-LA VICTORIA,09/09/2026,09:00,20,,,,8.181,,,,,,,event_atomic,,,,Se seleccionaron una fecha y una hora disponibles.
observer-***-121516-ef107612,2026-08-15 12:15:24,,available,normal,LIMA-LA VICTORIA,09/09/2026,09:00,20,,,,8.329,,,,,,,event_atomic,,screenshots\2026-08\15-08-2026\observer-cupo-ffd59c.png,screenshots\2026-08\15-08-2026\observer-cupo-ffd59c.png,Se seleccionaron una fecha y una hora disponibles.
observer-***-121524-b1af3854,2026-08-15 12:15:32,,available,normal,LIMA-LA VICTORIA,09/09/2026,09:00,20,,,,8.091,,,,,,,event_atomic,,,,Se seleccionaron una fecha y una hora disponibles.
observer-***-121532-3a936afd,2026-08-15 12:15:41,,available,normal,LIMA-LA VICTORIA,09/09/2026,09:00,20,,,,8.387,,,,,,,event_atomic,,screenshots\2026-08\15-08-2026\observer-cupo-d742ad.png,screenshots\2026-08\15-08-2026\observer-cupo-d742ad.png,Se seleccionaron una fecha y una hora disponibles.
observer-***-121541-e74b658d,2026-08-15 12:15:49,,available,normal,LIMA-LA VICTORIA,09/09/2026,09:00,20,,,,8.230,,,,,,,event_atomic,,,,Se seleccionaron una fecha y una hora disponibles.
observer-***-121549-788bd744,2026-08-15 12:15:57,,available,normal,LIMA-LA VICTORIA,09/09/2026,09:00,20,,,,8.332,,,,,,,event_atomic,,screenshots\2026-08\15-08-2026\observer-cupo-df0b01.png,screenshots\2026-08\15-08-2026\observer-cupo-df0b01.png,Se seleccionaron una fecha y una hora disponibles.
observer-***-121557-4d3a088a,2026-08-15 12:16:06,,available,normal,LIMA-LA VICTORIA,09/09/2026,09:00,20,,,,8.121,,,,,,,event_atomic,,,,Se seleccionaron una fecha y una hora disponibles.
observer-***-121606-02f58b70,2026-08-15 12:16:14,,available,normal,LIMA-LA VICTORIA,09/09/2026,09:00,20,,,,8.352,,,,,,,event_atomic,,screenshots\2026-08\15-08-2026\observer-cupo-cfeabe.png,screenshots\2026-08\15-08-2026\observer-cupo-cfeabe.png,Se seleccionaron una fecha y una hora disponibles.
observer-***-121614-4d420ee8,2026-08-15 12:16:22,,available,normal,LIMA-LA VICTORIA,09/09/2026,09:00,20,,,,8.146,,,,,,,event_atomic,,,,Se seleccionaron una fecha y una hora disponibles.
observer-***-121622-a0f0cd4b,2026-08-15 12:16:31,,available,normal,LIMA-LA VICTORIA,09/09/2026,09:00,20,,,,8.418,,,,,,,event_atomic,,screenshots\2026-08\15-08-2026\observer-cupo-d5dbf0.png,screenshots\2026-08\15-08-2026\observer-cupo-d5dbf0.png,Se seleccionaron una fecha y una hora disponibles.
observer-***-121631-7003dab4,2026-08-15 12:16:39,,available,normal,LIMA-LA VICTORIA,09/09/2026,09:00,20,,,,8.148,,,,,,,event_atomic,,,,Se seleccionaron una fecha y una hora disponibles.
observer-***-121639-f74c5693,2026-08-15 12:16:47,,available,normal,LIMA-LA VICTORIA,09/09/2026,09:00,20,,,,8.288,,,,,,,event_atomic,,screenshots\2026-08\15-08-2026\observer-cupo-933222.png,screenshots\2026-08\15-08-2026\observer-cupo-933222.png,Se seleccionaron una fecha y una hora disponibles.
observer-***-121647-e356a589,2026-08-15 12:16:56,,available,normal,LIMA-LA VICTORIA,09/09/2026,09:00,20,,,,8.194,,,,,,,event_atomic,,,,Se seleccionaron una fecha y una hora disponibles.
observer-***-121656-3296f79c,2026-08-15 12:17:04,,available,normal,LIMA-LA VICTORIA,09/09/2026,09:00,20,,,,8.386,,,,,,,event_atomic,,screenshots\2026-08\15-08-2026\observer-cupo-bd110d.png,screenshots\2026-08\15-08-2026\observer-cupo-bd110d.png,Se seleccionaron una fecha y una hora disponibles.
observer-***-121704-d50d7d60,2026-08-15 12:17:12,,available,normal,LIMA-LA VICTORIA,09/09/2026,09:00,20,,,,8.131,,,,,,,event_atomic,,,,Se seleccionaron una fecha y una hora disponibles.
observer-***-121712-ecf7a97d,2026-08-15 12:17:21,,available,normal,LIMA-LA VICTORIA,09/09/2026,09:00,20,,,,8.319,,,,,,,event_atomic,,screenshots\2026-08\15-08-2026\observer-cupo-696f72.png,screenshots\2026-08\15-08-2026\observer-cupo-696f72.png,Se seleccionaron una fecha y una hora disponibles.
observer-***-121721-d440edd2,2026-08-15 12:17:29,,available,normal,LIMA-LA VICTORIA,09/09/2026,09:00,20,,,,8.225,,,,,,,event_atomic,,,,Se seleccionaron una fecha y una hora disponibles.
observer-***-121729-64f9a24e,2026-08-15 12:17:38,,available,normal,LIMA-LA VICTORIA,09/09/2026,09:00,20,,,,8.361,,,,,,,event_atomic,,screenshots\2026-08\15-08-2026\observer-cupo-62d036.png,screenshots\2026-08\15-08-2026\observer-cupo-62d036.png,Se seleccionaron una fecha y una hora disponibles.
observer-***-121738-bf6c918e,2026-08-15 12:17:46,,available,normal,LIMA-LA VICTORIA,09/09/2026,09:00,20,,,,8.146,,,,,,,event_atomic,,,,Se seleccionaron una fecha y una hora disponibles.
observer-***-121746-11b20b6b,2026-08-15 12:17:55,,available,normal,LIMA-LA VICTORIA,09/09/2026,09:00,20,,,,8.632,,,,,,,event_atomic,,screenshots\2026-08\15-08-2026\observer-cupo-230112.png,screenshots\2026-08\15-08-2026\observer-cupo-230112.png,Se seleccionaron una fecha y una hora disponibles.
observer-***-121755-1fba27ec,2026-08-15 12:18:03,,available,normal,LIMA-LA VICTORIA,09/09/2026,09:00,20,,,,8.225,,,,,,,event_atomic,,,,Se seleccionaron una fecha y una hora disponibles.
observer-***-121803-4372fa32,2026-08-15 12:18:11,,available,normal,LIMA-LA VICTORIA,09/09/2026,09:00,20,,,,8.335,,,,,,,event_atomic,,screenshots\2026-08\15-08-2026\observer-cupo-9afb0c.png,screenshots\2026-08\15-08-2026\observer-cupo-9afb0c.png,Se seleccionaron una fecha y una hora disponibles.
observer-***-121811-70d6375c,2026-08-15 12:18:19,,available,normal,LIMA-LA VICTORIA,09/09/2026,09:00,20,,,,8.105,,,,,,,event_atomic,,,,Se seleccionaron una fecha y una hora disponibles.
observer-***-121820-358ad526,2026-08-15 12:18:28,,available,normal,LIMA-LA VICTORIA,09/09/2026,09:00,20,,,,8.309,,,,,,,event_atomic,,screenshots\2026-08\15-08-2026\observer-cupo-ddd341.png,screenshots\2026-08\15-08-2026\observer-cupo-ddd341.png,Se seleccionaron una fecha y una hora disponibles.
observer-***-121828-cef2fcd5,2026-08-15 12:18:36,,available,normal,LIMA-LA VICTORIA,09/09/2026,09:00,20,,,,8.185,,,,,,,event_atomic,,,,Se seleccionaron una fecha y una hora disponibles.
observer-***-121836-32dd97da,2026-08-15 12:18:45,,available,normal,LIMA-LA VICTORIA,09/09/2026,09:00,20,,,,8.319,,,,,,,event_atomic,,screenshots\2026-08\15-08-2026\observer-cupo-ff3793.png,screenshots\2026-08\15-08-2026\observer-cupo-ff3793.png,Se seleccionaron una fecha y una hora disponibles.
observer-***-121845-b3ae09c5,2026-08-15 12:18:53,,available,normal,LIMA-LA VICTORIA,09/09/2026,09:00,20,,,,8.139,,,,,,,event_atomic,,,,Se seleccionaron una fecha y una hora disponibles.
observer-***-121853-702571e1,2026-08-15 12:19:02,,available,normal,LIMA-LA VICTORIA,10/09/2026,08:00,20,,,,8.643,,,,,,,event_atomic,,screenshots\2026-08\15-08-2026\observer-cupo-15daee.png,screenshots\2026-08\15-08-2026\observer-cupo-15daee.png,Se seleccionaron una fecha y una hora disponibles.
observer-***-121902-ce88708f,2026-08-15 12:19:10,,available,normal,LIMA-LA VICTORIA,10/09/2026,08:00,20,,,,8.166,,,,,,,event_atomic,,,,Se seleccionaron una fecha y una hora disponibles.
observer-***-121911-cc91c22e,2026-08-15 12:19:20,,available,normal,LIMA-LA VICTORIA,10/09/2026,08:00,20,,,,9.029,,,,,,,event_atomic,,screenshots\2026-08\15-08-2026\observer-cupo-da3835.png,screenshots\2026-08\15-08-2026\observer-cupo-da3835.png,Se seleccionaron una fecha y una hora disponibles.
observer-***-121920-aa13d566,2026-08-15 12:19:28,,available,normal,LIMA-LA VICTORIA,10/09/2026,08:00,20,,,,8.109,,,,,,,event_atomic,,,,Se seleccionaron una fecha y una hora disponibles.
observer-***-121928-3b814640,2026-08-15 12:19:36,,available,normal,LIMA-LA VICTORIA,10/09/2026,08:00,20,,,,8.343,,,,,,,event_atomic,,screenshots\2026-08\15-08-2026\observer-cupo-271a6f.png,screenshots\2026-08\15-08-2026\observer-cupo-271a6f.png,Se seleccionaron una fecha y una hora disponibles.
observer-***-121936-5c5f82ee,2026-08-15 12:19:45,,available,normal,LIMA-LA VICTORIA,10/09/2026,08:00,20,,,,8.553,,,,,,,event_atomic,,,,Se seleccionaron una fecha y una hora disponibles.
observer-***-121945-f7c208fa,2026-08-15 12:19:53,,available,normal,LIMA-LA VICTORIA,10/09/2026,08:00,20,,,,8.363,,,,,,,event_atomic,,screenshots\2026-08\15-08-2026\observer-cupo-4d73ba.png,screenshots\2026-08\15-08-2026\observer-cupo-4d73ba.png,Se seleccionaron una fecha y una hora disponibles.
observer-***-121953-64da0d96,2026-08-15 12:20:02,,available,normal,LIMA-LA VICTORIA,10/09/2026,08:00,20,,,,8.141,,,,,,,event_atomic,,,,Se seleccionaron una fecha y una hora disponibles.
observer-***-122002-89d04678,2026-08-15 12:20:10,,available,normal,LIMA-LA VICTORIA,10/09/2026,08:00,20,,,,8.469,,,,,,,event_atomic,,screenshots\2026-08\15-08-2026\observer-cupo-5b54e5.png,screenshots\2026-08\15-08-2026\observer-cupo-5b54e5.png,Se seleccionaron una fecha y una hora disponibles.
observer-***-122010-ffd5930f,2026-08-15 12:20:18,,available,normal,LIMA-LA VICTORIA,10/09/2026,08:00,20,,,,8.172,,,,,,,event_atomic,,,,Se seleccionaron una fecha y una hora disponibles.
observer-***-122018-15cf9cb4,2026-08-15 12:20:27,,available,normal,LIMA-LA VICTORIA,10/09/2026,08:00,20,,,,8.346,,,,,,,event_atomic,,screenshots\2026-08\15-08-2026\observer-cupo-dc372f.png,screenshots\2026-08\15-08-2026\observer-cupo-dc372f.png,Se seleccionaron una fecha y una hora disponibles.
observer-***-122027-fe3e94e1,2026-08-15 12:20:35,,available,normal,LIMA-LA VICTORIA,10/09/2026,08:00,20,,,,8.119,,,,,,,event_atomic,,,,Se seleccionaron una fecha y una hora disponibles.
observer-***-122035-fc5b623f,2026-08-15 12:20:44,,available,normal,LIMA-LA VICTORIA,10/09/2026,08:00,20,,,,8.356,,,,,,,event_atomic,,screenshots\2026-08\15-08-2026\observer-cupo-3facc4.png,screenshots\2026-08\15-08-2026\observer-cupo-3facc4.png,Se seleccionaron una fecha y una hora disponibles.
observer-***-122044-e1384856,2026-08-15 12:20:52,,available,normal,LIMA-LA VICTORIA,10/09/2026,08:00,20,,,,8.198,,,,,,,event_atomic,,,,Se seleccionaron una fecha y una hora disponibles.
observer-***-122052-93ae5b9b,2026-08-15 12:21:00,,available,normal,LIMA-LA VICTORIA,10/09/2026,08:00,20,,,,8.397,,,,,,,event_atomic,,screenshots\2026-08\15-08-2026\observer-cupo-018895.png,screenshots\2026-08\15-08-2026\observer-cupo-018895.png,Se seleccionaron una fecha y una hora disponibles.
observer-***-122100-625a1f56,2026-08-15 12:21:08,,available,normal,LIMA-LA VICTORIA,10/09/2026,08:00,20,,,,8.084,,,,,,,event_atomic,,,,Se seleccionaron una fecha y una hora disponibles.
observer-***-122109-a0a5b718,2026-08-15 12:21:17,,available,normal,LIMA-LA VICTORIA,10/09/2026,08:00,20,,,,8.314,,,,,,,event_atomic,,screenshots\2026-08\15-08-2026\observer-cupo-cf19c8.png,screenshots\2026-08\15-08-2026\observer-cupo-cf19c8.png,Se seleccionaron una fecha y una hora disponibles.
observer-***-122117-0f526ff7,2026-08-15 12:21:25,,available,normal,LIMA-LA VICTORIA,10/09/2026,08:00,20,,,,8.240,,,,,,,event_atomic,,,,Se seleccionaron una fecha y una hora disponibles.
observer-***-122125-bb73e2b9,2026-08-15 12:21:34,,available,normal,LIMA-LA VICTORIA,10/09/2026,08:00,20,,,,8.403,,,,,,,event_atomic,,screenshots\2026-08\15-08-2026\observer-cupo-244aa2.png,screenshots\2026-08\15-08-2026\observer-cupo-244aa2.png,Se seleccionaron una fecha y una hora disponibles.
observer-***-122134-3ccddeb0,2026-08-15 12:21:42,,available,normal,LIMA-LA VICTORIA,10/09/2026,08:00,20,,,,8.137,,,,,,,event_atomic,,,,Se seleccionaron una fecha y una hora disponibles.
observer-***-122142-ab11b2c6,2026-08-15 12:21:50,,available,normal,LIMA-LA VICTORIA,10/09/2026,08:00,20,,,,8.380,,,,,,,event_atomic,,screenshots\2026-08\15-08-2026\observer-cupo-d3e8fe.png,screenshots\2026-08\15-08-2026\observer-cupo-d3e8fe.png,Se seleccionaron una fecha y una hora disponibles.
observer-***-122150-331b79e8,2026-08-15 12:21:59,,available,normal,LIMA-LA VICTORIA,10/09/2026,08:00,20,,,,8.200,,,,,,,event_atomic,,,,Se seleccionaron una fecha y una hora disponibles.
observer-***-122159-62dfe0bb,2026-08-15 12:22:07,,available,normal,LIMA-LA VICTORIA,10/09/2026,08:00,20,,,,8.379,,,,,,,event_atomic,,screenshots\2026-08\15-08-2026\observer-cupo-45c51d.png,screenshots\2026-08\15-08-2026\observer-cupo-45c51d.png,Se seleccionaron una fecha y una hora disponibles.
observer-***-122207-517949ca,2026-08-15 12:22:15,,available,normal,LIMA-LA VICTORIA,10/09/2026,08:00,20,,,,8.111,,,,,,,event_atomic,,,,Se seleccionaron una fecha y una hora disponibles.
observer-***-122215-75cfa2c7,2026-08-15 12:22:24,,available,normal,LIMA-LA VICTORIA,10/09/2026,08:00,20,,,,8.387,,,,,,,event_atomic,,screenshots\2026-08\15-08-2026\observer-cupo-a4397d.png,screenshots\2026-08\15-08-2026\observer-cupo-a4397d.png,Se seleccionaron una fecha y una hora disponibles.
observer-***-122224-284f0e86,2026-08-15 12:22:32,,available,normal,LIMA-LA VICTORIA,21/08/2026,08:00,35,,,,8.176,,,,,,,event_atomic,,,,Se seleccionaron una fecha y una hora disponibles.
observer-***-122233-b8e3200b,2026-08-15 12:22:41,,available,normal,LIMA-LA VICTORIA,21/08/2026,08:00,35,,,,8.326,,,,,,,event_atomic,,screenshots\2026-08\15-08-2026\observer-cupo-c8dff8.png,screenshots\2026-08\15-08-2026\observer-cupo-c8dff8.png,Se seleccionaron una fecha y una hora disponibles.
observer-***-122241-f7fd5dfe,2026-08-15 12:22:49,,available,normal,LIMA-LA VICTORIA,21/08/2026,08:00,35,,,,8.083,,,,,,,event_atomic,,,,Se seleccionaron una fecha y una hora disponibles.
observer-***-122250-dd425d74,2026-08-15 12:22:58,,available,normal,LIMA-LA VICTORIA,10/09/2026,08:00,20,,,,8.373,,,,,,,event_atomic,,screenshots\2026-08\15-08-2026\observer-cupo-3cf35f.png,screenshots\2026-08\15-08-2026\observer-cupo-3cf35f.png,Se seleccionaron una fecha y una hora disponibles.
observer-***-122258-5583e062,2026-08-15 12:23:06,,available,normal,LIMA-LA VICTORIA,10/09/2026,08:00,20,,,,8.183,,,,,,,event_atomic,,,,Se seleccionaron una fecha y una hora disponibles.
observer-***-122307-4e2a85cc,2026-08-15 12:23:16,,available,normal,LIMA-LA VICTORIA,10/09/2026,08:00,20,,,,8.499,,,,,,,event_atomic,,screenshots\2026-08\15-08-2026\observer-cupo-488a48.png,screenshots\2026-08\15-08-2026\observer-cupo-488a48.png,Se seleccionaron una fecha y una hora disponibles.
observer-***-122316-8f6de634,2026-08-15 12:23:24,,available,normal,LIMA-LA VICTORIA,10/09/2026,08:00,20,,,,8.118,,,,,,,event_atomic,,,,Se seleccionaron una fecha y una hora disponibles.
observer-***-122324-4f9e479d,2026-08-15 12:23:32,,available,normal,LIMA-LA VICTORIA,10/09/2026,08:00,20,,,,8.394,,,,,,,event_atomic,,screenshots\2026-08\15-08-2026\observer-cupo-336a18.png,screenshots\2026-08\15-08-2026\observer-cupo-336a18.png,Se seleccionaron una fecha y una hora disponibles.
observer-***-122332-cfd82399,2026-08-15 12:23:40,,available,normal,LIMA-LA VICTORIA,10/09/2026,08:00,20,,,,8.172,,,,,,,event_atomic,,,,Se seleccionaron una fecha y una hora disponibles.
observer-***-122341-c8e1328e,2026-08-15 12:23:49,,available,normal,LIMA-LA VICTORIA,10/09/2026,08:00,20,,,,8.338,,,,,,,event_atomic,,screenshots\2026-08\15-08-2026\observer-cupo-e410ca.png,screenshots\2026-08\15-08-2026\observer-cupo-e410ca.png,Se seleccionaron una fecha y una hora disponibles.
observer-***-122349-3ce2698b,2026-08-15 12:23:57,,available,normal,LIMA-LA VICTORIA,10/09/2026,08:00,20,,,,8.133,,,,,,,event_atomic,,,,Se seleccionaron una fecha y una hora disponibles.
observer-***-122357-325a73f8,2026-08-15 12:24:06,,available,normal,LIMA-LA VICTORIA,10/09/2026,08:00,20,,,,8.336,,,,,,,event_atomic,,screenshots\2026-08\15-08-2026\observer-cupo-7c03bc.png,screenshots\2026-08\15-08-2026\observer-cupo-7c03bc.png,Se seleccionaron una fecha y una hora disponibles.
observer-***-122406-76d543c5,2026-08-15 12:24:14,,available,normal,LIMA-LA VICTORIA,10/09/2026,08:00,20,,,,8.154,,,,,,,event_atomic,,,,Se seleccionaron una fecha y una hora disponibles.
observer-***-122414-a14c3f7b,2026-08-15 12:24:22,,available,normal,LIMA-LA VICTORIA,10/09/2026,08:00,20,,,,8.333,,,,,,,event_atomic,,screenshots\2026-08\15-08-2026\observer-cupo-667b1f.png,screenshots\2026-08\15-08-2026\observer-cupo-667b1f.png,Se seleccionaron una fecha y una hora disponibles.
observer-***-122422-9ddde41a,2026-08-15 12:24:30,,available,normal,LIMA-LA VICTORIA,10/09/2026,08:00,20,,,,8.083,,,,,,,event_atomic,,,,Se seleccionaron una fecha y una hora disponibles.
observer-***-122431-8bbacf81,2026-08-15 12:24:39,,available,normal,LIMA-LA VICTORIA,10/09/2026,08:00,20,,,,8.398,,,,,,,event_atomic,,screenshots\2026-08\15-08-2026\observer-cupo-e4ffcf.png,screenshots\2026-08\15-08-2026\observer-cupo-e4ffcf.png,Se seleccionaron una fecha y una hora disponibles.
observer-***-122439-7cf6b3dd,2026-08-15 12:24:47,,available,normal,LIMA-LA VICTORIA,10/09/2026,08:00,20,,,,8.209,,,,,,,event_atomic,,,,Se seleccionaron una fecha y una hora disponibles.
observer-***-122447-5d7e5b90,2026-08-15 12:24:56,,available,normal,LIMA-LA VICTORIA,10/09/2026,08:00,20,,,,8.406,,,,,,,event_atomic,,screenshots\2026-08\15-08-2026\observer-cupo-e94265.png,screenshots\2026-08\15-08-2026\observer-cupo-e94265.png,Se seleccionaron una fecha y una hora disponibles.
observer-***-122456-d786aa54,2026-08-15 12:25:04,,available,normal,LIMA-LA VICTORIA,10/09/2026,08:00,20,,,,8.074,,,,,,,event_atomic,,,,Se seleccionaron una fecha y una hora disponibles.
observer-***-122504-35e1f2ed,2026-08-15 12:25:12,,available,normal,LIMA-LA VICTORIA,10/09/2026,08:00,20,,,,8.373,,,,,,,event_atomic,,screenshots\2026-08\15-08-2026\observer-cupo-babcd9.png,screenshots\2026-08\15-08-2026\observer-cupo-babcd9.png,Se seleccionaron una fecha y una hora disponibles.
observer-***-122512-fb6bccd6,2026-08-15 12:25:21,,available,normal,LIMA-LA VICTORIA,10/09/2026,08:00,20,,,,8.191,,,,,,,event_atomic,,,,Se seleccionaron una fecha y una hora disponibles.
observer-***-122521-d6c2ad02,2026-08-15 12:25:29,,available,normal,LIMA-LA VICTORIA,10/09/2026,08:00,20,,,,8.396,,,,,,,event_atomic,,screenshots\2026-08\15-08-2026\observer-cupo-cbacc2.png,screenshots\2026-08\15-08-2026\observer-cupo-cbacc2.png,Se seleccionaron una fecha y una hora disponibles.
observer-***-122529-***,2026-08-15 12:25:37,,available,normal,LIMA-LA VICTORIA,10/09/2026,08:00,20,,,,8.195,,,,,,,event_atomic,,,,Se seleccionaron una fecha y una hora disponibles.
observer-***-122538-5cced0a2,2026-08-15 12:25:46,,available,normal,LIMA-LA VICTORIA,10/09/2026,08:00,20,,,,8.334,,,,,,,event_atomic,,screenshots\2026-08\15-08-2026\observer-cupo-7c0ac7.png,screenshots\2026-08\15-08-2026\observer-cupo-7c0ac7.png,Se seleccionaron una fecha y una hora disponibles.
observer-***-122546-af5f7c3c,2026-08-15 12:25:54,,available,normal,LIMA-LA VICTORIA,10/09/2026,08:00,20,,,,8.220,,,,,,,event_atomic,,,,Se seleccionaron una fecha y una hora disponibles.
observer-***-122554-a3049e90,2026-08-15 12:26:03,,available,normal,LIMA-LA VICTORIA,10/09/2026,08:00,20,,,,8.345,,,,,,,event_atomic,,screenshots\2026-08\15-08-2026\observer-cupo-596cc5.png,screenshots\2026-08\15-08-2026\observer-cupo-596cc5.png,Se seleccionaron una fecha y una hora disponibles.
observer-***-122603-feeae282,2026-08-15 12:26:11,,available,normal,LIMA-LA VICTORIA,10/09/2026,08:00,20,,,,8.150,,,,,,,event_atomic,,,,Se seleccionaron una fecha y una hora disponibles.
observer-***-122611-0803678d,2026-08-15 12:26:19,,available,normal,LIMA-LA VICTORIA,10/09/2026,08:00,20,,,,8.334,,,,,,,event_atomic,,screenshots\2026-08\15-08-2026\observer-cupo-7f00b7.png,screenshots\2026-08\15-08-2026\observer-cupo-7f00b7.png,Se seleccionaron una fecha y una hora disponibles.
observer-***-122619-71443d61,2026-08-15 12:26:28,,available,normal,LIMA-LA VICTORIA,10/09/2026,08:00,20,,,,8.133,,,,,,,event_atomic,,,,Se seleccionaron una fecha y una hora disponibles.
observer-***-122628-d3f36c3c,2026-08-15 12:26:36,,available,normal,LIMA-LA VICTORIA,10/09/2026,08:00,20,,,,8.334,,,,,,,event_atomic,,screenshots\2026-08\15-08-2026\observer-cupo-45b915.png,screenshots\2026-08\15-08-2026\observer-cupo-45b915.png,Se seleccionaron una fecha y una hora disponibles.
observer-***-122636-d44f85ec,2026-08-15 12:26:44,,available,normal,LIMA-LA VICTORIA,10/09/2026,08:00,20,,,,8.133,,,,,,,event_atomic,,,,Se seleccionaron una fecha y una hora disponibles.
observer-***-122644-1f23a6c9,2026-08-15 12:26:53,,available,normal,LIMA-LA VICTORIA,10/09/2026,08:00,20,,,,8.332,,,,,,,event_atomic,,screenshots\2026-08\15-08-2026\observer-cupo-b0dc42.png,screenshots\2026-08\15-08-2026\observer-cupo-b0dc42.png,Se seleccionaron una fecha y una hora disponibles.
observer-***-122653-3b302b34,2026-08-15 12:27:01,,available,normal,LIMA-LA VICTORIA,10/09/2026,08:00,20,,,,8.206,,,,,,,event_atomic,,,,Se seleccionaron una fecha y una hora disponibles.
observer-***-122701-770d26f0,2026-08-15 12:27:09,,available,normal,LIMA-LA VICTORIA,10/09/2026,08:00,20,,,,8.327,,,,,,,event_atomic,,screenshots\2026-08\15-08-2026\observer-cupo-46c92f.png,screenshots\2026-08\15-08-2026\observer-cupo-46c92f.png,Se seleccionaron una fecha y una hora disponibles.
observer-***-122709-2efaa1b8,2026-08-15 12:27:18,,available,normal,LIMA-LA VICTORIA,10/09/2026,08:00,20,,,,8.102,,,,,,,event_atomic,,,,Se seleccionaron una fecha y una hora disponibles.
observer-***-122718-190777f2,2026-08-15 12:27:26,,available,normal,LIMA-LA VICTORIA,10/09/2026,08:00,20,,,,8.337,,,,,,,event_atomic,,screenshots\2026-08\15-08-2026\observer-cupo-42b2ac.png,screenshots\2026-08\15-08-2026\observer-cupo-42b2ac.png,Se seleccionaron una fecha y una hora disponibles.
observer-***-122726-806d2893,2026-08-15 12:27:34,,available,normal,LIMA-LA VICTORIA,10/09/2026,08:00,20,,,,8.183,,,,,,,event_atomic,,,,Se seleccionaron una fecha y una hora disponibles.
observer-***-122734-00ce90c0,2026-08-15 12:27:43,,available,normal,LIMA-LA VICTORIA,10/09/2026,08:00,20,,,,8.377,,,,,,,event_atomic,,screenshots\2026-08\15-08-2026\observer-cupo-f971f3.png,screenshots\2026-08\15-08-2026\observer-cupo-f971f3.png,Se seleccionaron una fecha y una hora disponibles.
observer-***-122743-936d43b9,2026-08-15 12:27:51,,available,normal,LIMA-LA VICTORIA,10/09/2026,09:00,20,,,,8.124,,,,,,,event_atomic,,,,Se seleccionaron una fecha y una hora disponibles.
observer-***-122752-88d0026d,2026-08-15 12:28:00,,available,normal,LIMA-LA VICTORIA,10/09/2026,09:00,20,,,,8.376,,,,,,,event_atomic,,screenshots\2026-08\15-08-2026\observer-cupo-388fb0.png,screenshots\2026-08\15-08-2026\observer-cupo-388fb0.png,Se seleccionaron una fecha y una hora disponibles.
observer-***-122800-db0328c3,2026-08-15 12:28:08,,available,normal,LIMA-LA VICTORIA,10/09/2026,09:00,20,,,,8.225,,,,,,,event_atomic,,,,Se seleccionaron una fecha y una hora disponibles.
observer-***-122809-5d75ebef,2026-08-15 12:28:17,,available,normal,LIMA-LA VICTORIA,10/09/2026,09:00,20,,,,8.366,,,,,,,event_atomic,,screenshots\2026-08\15-08-2026\observer-cupo-f16d1e.png,screenshots\2026-08\15-08-2026\observer-cupo-f16d1e.png,Se seleccionaron una fecha y una hora disponibles.
observer-***-122817-2ca0e8a4,2026-08-15 12:28:25,,available,normal,LIMA-LA VICTORIA,10/09/2026,09:00,20,,,,8.110,,,,,,,event_atomic,,,,Se seleccionaron una fecha y una hora disponibles.
observer-***-122825-d8f97dde,2026-08-15 12:28:34,,available,normal,LIMA-LA VICTORIA,10/09/2026,09:00,20,,,,8.309,,,,,,,event_atomic,,screenshots\2026-08\15-08-2026\observer-cupo-8acd7b.png,screenshots\2026-08\15-08-2026\observer-cupo-8acd7b.png,Se seleccionaron una fecha y una hora disponibles.
observer-***-122834-e47e3d37,2026-08-15 12:28:42,,available,normal,LIMA-LA VICTORIA,10/09/2026,09:00,20,,,,8.184,,,,,,,event_atomic,,,,Se seleccionaron una fecha y una hora disponibles.
observer-***-122842-f473b444,2026-08-15 12:28:50,,available,normal,LIMA-LA VICTORIA,11/09/2026,08:00,20,,,,8.362,,,,,,,event_atomic,,screenshots\2026-08\15-08-2026\observer-cupo-751b81.png,screenshots\2026-08\15-08-2026\observer-cupo-751b81.png,Se seleccionaron una fecha y una hora disponibles.
observer-***-122850-a5426851,2026-08-15 12:28:58,,available,normal,LIMA-LA VICTORIA,11/09/2026,08:00,20,,,,8.097,,,,,,,event_atomic,,,,Se seleccionaron una fecha y una hora disponibles.
observer-***-122859-984def18,2026-08-15 12:29:08,,available,normal,LIMA-LA VICTORIA,11/09/2026,08:00,20,,,,8.288,,,,,,,event_atomic,,screenshots\2026-08\15-08-2026\observer-cupo-33a0e2.png,screenshots\2026-08\15-08-2026\observer-cupo-33a0e2.png,Se seleccionaron una fecha y una hora disponibles.
observer-***-122908-9d52ab3d,2026-08-15 12:29:16,,available,normal,LIMA-LA VICTORIA,11/09/2026,08:00,20,,,,8.195,,,,,,,event_atomic,,,,Se seleccionaron una fecha y una hora disponibles.
observer-***-122916-994ba118,2026-08-15 12:29:24,,available,normal,LIMA-LA VICTORIA,11/09/2026,08:00,20,,,,8.409,,,,,,,event_atomic,,screenshots\2026-08\15-08-2026\observer-cupo-939ce3.png,screenshots\2026-08\15-08-2026\observer-cupo-939ce3.png,Se seleccionaron una fecha y una hora disponibles.
observer-***-122924-c1c30363,2026-08-15 12:29:33,,available,normal,LIMA-LA VICTORIA,11/09/2026,08:00,20,,,,8.112,,,,,,,event_atomic,,,,Se seleccionaron una fecha y una hora disponibles.
observer-***-122933-fb115357,2026-08-15 12:29:41,,available,normal,LIMA-LA VICTORIA,11/09/2026,08:00,20,,,,8.337,,,,,,,event_atomic,,screenshots\2026-08\15-08-2026\observer-cupo-23f421.png,screenshots\2026-08\15-08-2026\observer-cupo-23f421.png,Se seleccionaron una fecha y una hora disponibles.
observer-***-122941-39f09e45,2026-08-15 12:29:50,,available,normal,LIMA-LA VICTORIA,11/09/2026,08:00,20,,,,8.694,,,,,,,event_atomic,,,,Se seleccionaron una fecha y una hora disponibles.
observer-***-122950-f3c6ebb2,2026-08-15 12:29:58,,available,normal,LIMA-LA VICTORIA,11/09/2026,08:00,20,,,,8.314,,,,,,,event_atomic,,screenshots\2026-08\15-08-2026\observer-cupo-084dd0.png,screenshots\2026-08\15-08-2026\observer-cupo-084dd0.png,Se seleccionaron una fecha y una hora disponibles.
observer-***-122958-99ac3b71,2026-08-15 12:30:06,,available,normal,LIMA-LA VICTORIA,11/09/2026,08:00,20,,,,8.096,,,,,,,event_atomic,,,,Se seleccionaron una fecha y una hora disponibles.
observer-***-123006-f61a213c,2026-08-15 12:30:15,,available,normal,LIMA-LA VICTORIA,11/09/2026,08:00,20,,,,8.432,,,,,,,event_atomic,,screenshots\2026-08\15-08-2026\observer-cupo-7b2e88.png,screenshots\2026-08\15-08-2026\observer-cupo-7b2e88.png,Se seleccionaron una fecha y una hora disponibles.
observer-***-123015-5e5e2421,2026-08-15 12:30:23,,available,normal,LIMA-LA VICTORIA,11/09/2026,08:00,20,,,,8.219,,,,,,,event_atomic,,,,Se seleccionaron una fecha y una hora disponibles.
observer-***-123023-7b65534a,2026-08-15 12:30:32,,available,normal,LIMA-LA VICTORIA,11/09/2026,08:00,20,,,,8.373,,,,,,,event_atomic,,screenshots\2026-08\15-08-2026\observer-cupo-08141e.png,screenshots\2026-08\15-08-2026\observer-cupo-08141e.png,Se seleccionaron una fecha y una hora disponibles.
observer-***-123032-4c661faf,2026-08-15 12:30:40,,available,normal,LIMA-LA VICTORIA,11/09/2026,08:00,20,,,,8.107,,,,,,,event_atomic,,,,Se seleccionaron una fecha y una hora disponibles.
observer-***-123040-8c129504,2026-08-15 12:30:48,,available,normal,LIMA-LA VICTORIA,11/09/2026,08:00,20,,,,8.378,,,,,,,event_atomic,,screenshots\2026-08\15-08-2026\observer-cupo-e9ff5a.png,screenshots\2026-08\15-08-2026\observer-cupo-e9ff5a.png,Se seleccionaron una fecha y una hora disponibles.
observer-***-123048-f943a168,2026-08-15 12:30:57,,available,normal,LIMA-LA VICTORIA,11/09/2026,08:00,20,,,,8.221,,,,,,,event_atomic,,,,Se seleccionaron una fecha y una hora disponibles.
observer-***-123057-1be81be2,2026-08-15 12:31:05,,available,normal,LIMA-LA VICTORIA,11/09/2026,08:00,20,,,,8.424,,,,,,,event_atomic,,screenshots\2026-08\15-08-2026\observer-cupo-180869.png,screenshots\2026-08\15-08-2026\observer-cupo-180869.png,Se seleccionaron una fecha y una hora disponibles.
observer-***-123105-603de80a,2026-08-15 12:31:14,,available,normal,LIMA-LA VICTORIA,11/09/2026,08:00,20,,,,8.461,,,,,,,event_atomic,,,,Se seleccionaron una fecha y una hora disponibles.
observer-***-123114-6a2f0ab9,2026-08-15 12:31:22,,available,normal,LIMA-LA VICTORIA,11/09/2026,08:00,20,,,,8.409,,,,,,,event_atomic,,screenshots\2026-08\15-08-2026\observer-cupo-23ae05.png,screenshots\2026-08\15-08-2026\observer-cupo-23ae05.png,Se seleccionaron una fecha y una hora disponibles.
observer-***-123122-03fc371d,2026-08-15 12:31:32,,available,normal,LIMA-LA VICTORIA,11/09/2026,08:00,20,,,,9.211,,,,,,,event_atomic,,,,Se seleccionaron una fecha y una hora disponibles.
observer-***-123132-cd8dca68,2026-08-15 12:31:40,,available,normal,LIMA-LA VICTORIA,11/09/2026,08:00,20,,,,8.412,,,,,,,event_atomic,,screenshots\2026-08\15-08-2026\observer-cupo-9a635e.png,screenshots\2026-08\15-08-2026\observer-cupo-9a635e.png,Se seleccionaron una fecha y una hora disponibles.
observer-***-123140-e3631153,2026-08-15 12:31:48,,available,normal,LIMA-LA VICTORIA,11/09/2026,08:00,20,,,,8.121,,,,,,,event_atomic,,,,Se seleccionaron una fecha y una hora disponibles.
observer-***-123148-915af06a,2026-08-15 12:31:57,,available,normal,LIMA-LA VICTORIA,11/09/2026,08:00,20,,,,8.363,,,,,,,event_atomic,,screenshots\2026-08\15-08-2026\observer-cupo-5cb4e7.png,screenshots\2026-08\15-08-2026\observer-cupo-5cb4e7.png,Se seleccionaron una fecha y una hora disponibles.
observer-***-123157-a9bc5b7d,2026-08-15 12:32:05,,available,normal,LIMA-LA VICTORIA,11/09/2026,08:00,20,,,,8.229,,,,,,,event_atomic,,,,Se seleccionaron una fecha y una hora disponibles.
observer-***-123205-86b1a2ec,2026-08-15 12:32:14,,available,normal,LIMA-LA VICTORIA,11/09/2026,08:00,20,,,,8.429,,,,,,,event_atomic,,screenshots\2026-08\15-08-2026\observer-cupo-b8b18c.png,screenshots\2026-08\15-08-2026\observer-cupo-b8b18c.png,Se seleccionaron una fecha y una hora disponibles.
observer-***-123214-66b33bb0,2026-08-15 12:32:22,,available,normal,LIMA-LA VICTORIA,11/09/2026,08:00,20,,,,8.093,,,,,,,event_atomic,,,,Se seleccionaron una fecha y una hora disponibles.
observer-***-123222-bd272ef5,2026-08-15 12:32:30,,available,normal,LIMA-LA VICTORIA,11/09/2026,08:00,20,,,,8.325,,,,,,,event_atomic,,screenshots\2026-08\15-08-2026\observer-cupo-b284e4.png,screenshots\2026-08\15-08-2026\observer-cupo-b284e4.png,Se seleccionaron una fecha y una hora disponibles.
observer-***-123230-2c3acb5b,2026-08-15 12:32:38,,available,normal,LIMA-LA VICTORIA,11/09/2026,08:00,20,,,,8.141,,,,,,,event_atomic,,,,Se seleccionaron una fecha y una hora disponibles.
observer-***-123238-30cc8a54,2026-08-15 12:32:47,,available,normal,LIMA-LA VICTORIA,11/09/2026,08:00,20,,,,8.390,,,,,,,event_atomic,,screenshots\2026-08\15-08-2026\observer-cupo-eeee38.png,screenshots\2026-08\15-08-2026\observer-cupo-eeee38.png,Se seleccionaron una fecha y una hora disponibles.
observer-***-123247-08fec4ad,2026-08-15 12:32:55,,available,normal,LIMA-LA VICTORIA,11/09/2026,08:00,20,,,,8.104,,,,,,,event_atomic,,,,Se seleccionaron una fecha y una hora disponibles.
observer-***-123255-bd4b612f,2026-08-15 12:33:03,,available,normal,LIMA-LA VICTORIA,11/09/2026,08:00,20,,,,8.336,,,,,,,event_atomic,,screenshots\2026-08\15-08-2026\observer-cupo-3a0e3c.png,screenshots\2026-08\15-08-2026\observer-cupo-3a0e3c.png,Se seleccionaron una fecha y una hora disponibles.
observer-***-123304-82e07a46,2026-08-15 12:33:12,,available,normal,LIMA-LA VICTORIA,11/09/2026,08:00,20,,,,8.256,,,,,,,event_atomic,,,,Se seleccionaron una fecha y una hora disponibles.
observer-***-123312-5c7e8e11,2026-08-15 12:33:20,,available,normal,LIMA-LA VICTORIA,11/09/2026,08:00,20,,,,8.354,,,,,,,event_atomic,,screenshots\2026-08\15-08-2026\observer-cupo-4e7707.png,screenshots\2026-08\15-08-2026\observer-cupo-4e7707.png,Se seleccionaron una fecha y una hora disponibles.
observer-***-123320-1cb94f86,2026-08-15 12:33:29,,available,normal,LIMA-LA VICTORIA,11/09/2026,08:00,20,,,,8.123,,,,,,,event_atomic,,,,Se seleccionaron una fecha y una hora disponibles.
observer-***-123329-3f3c2293,2026-08-15 12:33:37,,available,normal,LIMA-LA VICTORIA,11/09/2026,08:00,20,,,,8.356,,,,,,,event_atomic,,screenshots\2026-08\15-08-2026\observer-cupo-60470d.png,screenshots\2026-08\15-08-2026\observer-cupo-60470d.png,Se seleccionaron una fecha y una hora disponibles.
observer-***-123337-8f17d635,2026-08-15 12:33:46,,available,normal,LIMA-LA VICTORIA,11/09/2026,08:00,20,,,,8.758,,,,,,,event_atomic,,,,Se seleccionaron una fecha y una hora disponibles.
observer-***-123346-9f151812,2026-08-15 12:33:54,,available,normal,LIMA-LA VICTORIA,11/09/2026,08:00,20,,,,8.391,,,,,,,event_atomic,,screenshots\2026-08\15-08-2026\observer-cupo-5513c0.png,screenshots\2026-08\15-08-2026\observer-cupo-5513c0.png,Se seleccionaron una fecha y una hora disponibles.
observer-***-123354-fcd548f8,2026-08-15 12:34:02,,available,normal,LIMA-LA VICTORIA,11/09/2026,08:00,20,,,,8.118,,,,,,,event_atomic,,,,Se seleccionaron una fecha y una hora disponibles.
observer-***-123403-a8f33cf8,2026-08-15 12:34:11,,available,normal,LIMA-LA VICTORIA,11/09/2026,08:00,20,,,,8.393,,,,,,,event_atomic,,screenshots\2026-08\15-08-2026\observer-cupo-6b9a20.png,screenshots\2026-08\15-08-2026\observer-cupo-6b9a20.png,Se seleccionaron una fecha y una hora disponibles.
observer-***-123411-a153f4fe,2026-08-15 12:34:19,,available,normal,LIMA-LA VICTORIA,11/09/2026,08:00,20,,,,8.169,,,,,,,event_atomic,,,,Se seleccionaron una fecha y una hora disponibles.
observer-***-123419-de2d3d66,2026-08-15 12:34:28,,available,normal,LIMA-LA VICTORIA,11/09/2026,08:00,20,,,,8.357,,,,,,,event_atomic,,screenshots\2026-08\15-08-2026\observer-cupo-c720c0.png,screenshots\2026-08\15-08-2026\observer-cupo-c720c0.png,Se seleccionaron una fecha y una hora disponibles.
observer-***-123428-e91cc44c,2026-08-15 12:34:36,,available,normal,LIMA-LA VICTORIA,11/09/2026,08:00,20,,,,8.099,,,,,,,event_atomic,,,,Se seleccionaron una fecha y una hora disponibles.
observer-***-123436-ecfab07e,2026-08-15 12:34:44,,available,normal,LIMA-LA VICTORIA,11/09/2026,08:00,20,,,,8.394,,,,,,,event_atomic,,screenshots\2026-08\15-08-2026\observer-cupo-507645.png,screenshots\2026-08\15-08-2026\observer-cupo-507645.png,Se seleccionaron una fecha y una hora disponibles.
observer-***-123444-a5113d52,2026-08-15 12:34:53,,available,normal,LIMA-LA VICTORIA,11/09/2026,08:00,20,,,,8.225,,,,,,,event_atomic,,,,Se seleccionaron una fecha y una hora disponibles.
observer-***-123453-5db697e9,2026-08-15 12:35:01,,available,normal,LIMA-LA VICTORIA,11/09/2026,08:00,20,,,,8.355,,,,,,,event_atomic,,screenshots\2026-08\15-08-2026\observer-cupo-da8be0.png,screenshots\2026-08\15-08-2026\observer-cupo-da8be0.png,Se seleccionaron una fecha y una hora disponibles.
observer-***-123501-ea970674,2026-08-15 12:35:09,,available,normal,LIMA-LA VICTORIA,11/09/2026,08:00,20,,,,8.112,,,,,,,event_atomic,,,,Se seleccionaron una fecha y una hora disponibles.
observer-***-123509-d2d224ba,2026-08-15 12:35:18,,available,normal,LIMA-LA VICTORIA,11/09/2026,08:00,20,,,,8.349,,,,,,,event_atomic,,screenshots\2026-08\15-08-2026\observer-cupo-c12c1c.png,screenshots\2026-08\15-08-2026\observer-cupo-c12c1c.png,Se seleccionaron una fecha y una hora disponibles.
observer-***-123518-6fa4fa46,2026-08-15 12:35:26,,available,normal,LIMA-LA VICTORIA,11/09/2026,08:00,20,,,,8.161,,,,,,,event_atomic,,,,Se seleccionaron una fecha y una hora disponibles.
observer-***-123526-e5b38241,2026-08-15 12:35:34,,available,normal,LIMA-LA VICTORIA,11/09/2026,08:00,20,,,,8.334,,,,,,,event_atomic,,screenshots\2026-08\15-08-2026\observer-cupo-edd13d.png,screenshots\2026-08\15-08-2026\observer-cupo-edd13d.png,Se seleccionaron una fecha y una hora disponibles.
observer-***-123535-b4e1dad2,2026-08-15 12:35:43,,available,normal,LIMA-LA VICTORIA,11/09/2026,08:00,20,,,,8.117,,,,,,,event_atomic,,,,Se seleccionaron una fecha y una hora disponibles.
observer-***-123543-444acd3f,2026-08-15 12:35:51,,available,normal,LIMA-LA VICTORIA,11/09/2026,08:00,20,,,,8.355,,,,,,,event_atomic,,screenshots\2026-08\15-08-2026\observer-cupo-4b66c6.png,screenshots\2026-08\15-08-2026\observer-cupo-4b66c6.png,Se seleccionaron una fecha y una hora disponibles.
observer-***-123551-753d68d3,2026-08-15 12:35:59,,available,normal,LIMA-LA VICTORIA,11/09/2026,08:00,20,,,,8.142,,,,,,,event_atomic,,,,Se seleccionaron una fecha y una hora disponibles.
observer-***-123559-168bfbe8,2026-08-15 12:36:08,,available,normal,LIMA-LA VICTORIA,11/09/2026,08:00,20,,,,8.374,,,,,,,event_atomic,,screenshots\2026-08\15-08-2026\observer-cupo-f49f0d.png,screenshots\2026-08\15-08-2026\observer-cupo-f49f0d.png,Se seleccionaron una fecha y una hora disponibles.
observer-***-123608-813a786f,2026-08-15 12:36:16,,available,normal,LIMA-LA VICTORIA,11/09/2026,08:00,20,,,,8.091,,,,,,,event_atomic,,,,Se seleccionaron una fecha y una hora disponibles.
observer-***-123616-142a3e89,2026-08-15 12:36:25,,available,normal,LIMA-LA VICTORIA,11/09/2026,08:00,20,,,,8.371,,,,,,,event_atomic,,screenshots\2026-08\15-08-2026\observer-cupo-aed1e9.png,screenshots\2026-08\15-08-2026\observer-cupo-aed1e9.png,Se seleccionaron una fecha y una hora disponibles.
observer-***-123625-a88db254,2026-08-15 12:36:33,,available,normal,LIMA-LA VICTORIA,11/09/2026,08:00,20,,,,8.199,,,,,,,event_atomic,,,,Se seleccionaron una fecha y una hora disponibles.
observer-***-123633-73c988af,2026-08-15 12:36:41,,available,normal,LIMA-LA VICTORIA,11/09/2026,08:00,20,,,,8.382,,,,,,,event_atomic,,screenshots\2026-08\15-08-2026\observer-cupo-398083.png,screenshots\2026-08\15-08-2026\observer-cupo-398083.png,Se seleccionaron una fecha y una hora disponibles.
observer-***-123641-03eff707,2026-08-15 12:36:50,,available,normal,LIMA-LA VICTORIA,11/09/2026,08:00,20,,,,8.206,,,,,,,event_atomic,,,,Se seleccionaron una fecha y una hora disponibles.
observer-***-123650-790d5ae3,2026-08-15 12:36:58,,available,normal,LIMA-LA VICTORIA,11/09/2026,08:00,20,,,,8.425,,,,,,,event_atomic,,screenshots\2026-08\15-08-2026\observer-cupo-caaffe.png,screenshots\2026-08\15-08-2026\observer-cupo-caaffe.png,Se seleccionaron una fecha y una hora disponibles.
observer-***-123658-5759ce59,2026-08-15 12:37:06,,available,normal,LIMA-LA VICTORIA,11/09/2026,08:00,20,,,,8.220,,,,,,,event_atomic,,,,Se seleccionaron una fecha y una hora disponibles.
observer-***-123707-9a4efd7c,2026-08-15 12:37:15,,available,normal,LIMA-LA VICTORIA,11/09/2026,08:00,20,,,,8.377,,,,,,,event_atomic,,screenshots\2026-08\15-08-2026\observer-cupo-5d1bfb.png,screenshots\2026-08\15-08-2026\observer-cupo-5d1bfb.png,Se seleccionaron una fecha y una hora disponibles.
observer-***-123715-0cd9b1c3,2026-08-15 12:37:23,,available,normal,LIMA-LA VICTORIA,11/09/2026,08:00,20,,,,8.093,,,,,,,event_atomic,,,,Se seleccionaron una fecha y una hora disponibles.
observer-***-123723-609c13c5,2026-08-15 12:37:32,,available,normal,LIMA-LA VICTORIA,11/09/2026,08:00,20,,,,8.338,,,,,,,event_atomic,,screenshots\2026-08\15-08-2026\observer-cupo-bef65d.png,screenshots\2026-08\15-08-2026\observer-cupo-bef65d.png,Se seleccionaron una fecha y una hora disponibles.
observer-***-123732-dfe58f7c,2026-08-15 12:37:40,,available,normal,LIMA-LA VICTORIA,11/09/2026,08:00,20,,,,8.172,,,,,,,event_atomic,,,,Se seleccionaron una fecha y una hora disponibles.
observer-***-123740-86a4f00f,2026-08-15 12:37:48,,available,normal,LIMA-LA VICTORIA,11/09/2026,08:00,20,,,,8.367,,,,,,,event_atomic,,screenshots\2026-08\15-08-2026\observer-cupo-2c20a6.png,screenshots\2026-08\15-08-2026\observer-cupo-2c20a6.png,Se seleccionaron una fecha y una hora disponibles.
observer-***-123748-5388a6b3,2026-08-15 12:37:56,,available,normal,LIMA-LA VICTORIA,11/09/2026,08:00,20,,,,8.102,,,,,,,event_atomic,,,,Se seleccionaron una fecha y una hora disponibles.
observer-***-123757-9a7e5c3a,2026-08-15 12:38:05,,available,normal,LIMA-LA VICTORIA,11/09/2026,08:00,20,,,,8.365,,,,,,,event_atomic,,screenshots\2026-08\15-08-2026\observer-cupo-21ccd2.png,screenshots\2026-08\15-08-2026\observer-cupo-21ccd2.png,Se seleccionaron una fecha y una hora disponibles.
observer-***-123805-1239c720,2026-08-15 12:38:13,,available,normal,LIMA-LA VICTORIA,11/09/2026,08:00,20,,,,8.243,,,,,,,event_atomic,,,,Se seleccionaron una fecha y una hora disponibles.
observer-***-123813-7b237cfd,2026-08-15 12:38:22,,available,normal,LIMA-LA VICTORIA,11/09/2026,08:00,20,,,,8.390,,,,,,,event_atomic,,screenshots\2026-08\15-08-2026\observer-cupo-1439bd.png,screenshots\2026-08\15-08-2026\observer-cupo-1439bd.png,Se seleccionaron una fecha y una hora disponibles.
observer-***-123822-4edc6f24,2026-08-15 12:38:30,,available,normal,LIMA-LA VICTORIA,11/09/2026,08:00,20,,,,8.142,,,,,,,event_atomic,,,,Se seleccionaron una fecha y una hora disponibles.
observer-***-123830-d70e9e4a,2026-08-15 12:38:39,,available,normal,LIMA-LA VICTORIA,11/09/2026,08:00,20,,,,8.487,,,,,,,event_atomic,,screenshots\2026-08\15-08-2026\observer-cupo-47e4f3.png,screenshots\2026-08\15-08-2026\observer-cupo-47e4f3.png,Se seleccionaron una fecha y una hora disponibles.
observer-***-123839-cc9512c0,2026-08-15 12:38:47,,available,normal,LIMA-LA VICTORIA,11/09/2026,08:00,20,,,,8.202,,,,,,,event_atomic,,,,Se seleccionaron una fecha y una hora disponibles.
observer-***-123847-1d3439e0,2026-08-15 12:38:55,,available,normal,LIMA-LA VICTORIA,11/09/2026,08:00,20,,,,8.330,,,,,,,event_atomic,,screenshots\2026-08\15-08-2026\observer-cupo-f2bfeb.png,screenshots\2026-08\15-08-2026\observer-cupo-f2bfeb.png,Se seleccionaron una fecha y una hora disponibles.
observer-***-123855-9992caa0,2026-08-15 12:39:03,,available,normal,LIMA-LA VICTORIA,11/09/2026,08:00,20,,,,8.096,,,,,,,event_atomic,,,,Se seleccionaron una fecha y una hora disponibles.
observer-***-123904-80e759d4,2026-08-15 12:39:12,,available,normal,LIMA-LA VICTORIA,11/09/2026,08:00,20,,,,8.347,,,,,,,event_atomic,,screenshots\2026-08\15-08-2026\observer-cupo-dfb4e1.png,screenshots\2026-08\15-08-2026\observer-cupo-dfb4e1.png,Se seleccionaron una fecha y una hora disponibles.
observer-***-123912-396ff949,2026-08-15 12:39:20,,available,normal,LIMA-LA VICTORIA,11/09/2026,08:00,20,,,,8.174,,,,,,,event_atomic,,,,Se seleccionaron una fecha y una hora disponibles.
observer-***-123920-f557dcfc,2026-08-15 12:39:29,,available,normal,LIMA-LA VICTORIA,11/09/2026,08:00,20,,,,8.356,,,,,,,event_atomic,,screenshots\2026-08\15-08-2026\observer-cupo-af951d.png,screenshots\2026-08\15-08-2026\observer-cupo-af951d.png,Se seleccionaron una fecha y una hora disponibles.
observer-***-123929-9ab56d59,2026-08-15 12:39:37,,available,normal,LIMA-LA VICTORIA,11/09/2026,08:00,20,,,,8.075,,,,,,,event_atomic,,,,Se seleccionaron una fecha y una hora disponibles.
observer-***-123937-616b5e28,2026-08-15 12:39:45,,available,normal,LIMA-LA VICTORIA,11/09/2026,08:00,20,,,,8.463,,,,,,,event_atomic,,screenshots\2026-08\15-08-2026\observer-cupo-b25a72.png,screenshots\2026-08\15-08-2026\observer-cupo-b25a72.png,Se seleccionaron una fecha y una hora disponibles.
observer-***-123945-b149f5f2,2026-08-15 12:39:54,,available,normal,LIMA-LA VICTORIA,11/09/2026,08:00,20,,,,8.166,,,,,,,event_atomic,,,,Se seleccionaron una fecha y una hora disponibles.
observer-***-123954-***,2026-08-15 12:40:02,,available,normal,LIMA-LA VICTORIA,11/09/2026,08:00,20,,,,8.464,,,,,,,event_atomic,,screenshots\2026-08\15-08-2026\observer-cupo-927b44.png,screenshots\2026-08\15-08-2026\observer-cupo-927b44.png,Se seleccionaron una fecha y una hora disponibles.
observer-***-124002-f9f2dfcc,2026-08-15 12:40:10,,available,normal,LIMA-LA VICTORIA,11/09/2026,08:00,20,,,,8.067,,,,,,,event_atomic,,,,Se seleccionaron una fecha y una hora disponibles.
observer-***-124010-d9181780,2026-08-15 12:40:19,,available,normal,LIMA-LA VICTORIA,11/09/2026,08:00,20,,,,8.356,,,,,,,event_atomic,,screenshots\2026-08\15-08-2026\observer-cupo-f1b245.png,screenshots\2026-08\15-08-2026\observer-cupo-f1b245.png,Se seleccionaron una fecha y una hora disponibles.
observer-***-124019-ad7742f0,2026-08-15 12:40:27,,available,normal,LIMA-LA VICTORIA,11/09/2026,08:00,20,,,,8.194,,,,,,,event_atomic,,,,Se seleccionaron una fecha y una hora disponibles.
observer-***-124027-cb3bd3ed,2026-08-15 12:40:36,,available,normal,LIMA-LA VICTORIA,11/09/2026,08:00,20,,,,8.424,,,,,,,event_atomic,,screenshots\2026-08\15-08-2026\observer-cupo-3f95f5.png,screenshots\2026-08\15-08-2026\observer-cupo-3f95f5.png,Se seleccionaron una fecha y una hora disponibles.
observer-***-124036-07a5c524,2026-08-15 12:40:44,,available,normal,LIMA-LA VICTORIA,11/09/2026,08:00,20,,,,8.065,,,,,,,event_atomic,,,,Se seleccionaron una fecha y una hora disponibles.
observer-***-124044-3dc6562d,2026-08-15 12:40:52,,available,normal,LIMA-LA VICTORIA,11/09/2026,08:00,20,,,,8.343,,,,,,,event_atomic,,screenshots\2026-08\15-08-2026\observer-cupo-01a59a.png,screenshots\2026-08\15-08-2026\observer-cupo-01a59a.png,Se seleccionaron una fecha y una hora disponibles.
observer-***-124052-38e8ef1f,2026-08-15 12:41:01,,available,normal,LIMA-LA VICTORIA,11/09/2026,08:00,20,,,,8.208,,,,,,,event_atomic,,,,Se seleccionaron una fecha y una hora disponibles.
observer-***-124101-7bd54526,2026-08-15 12:41:09,,available,normal,LIMA-LA VICTORIA,11/09/2026,08:00,20,,,,8.374,,,,,,,event_atomic,,screenshots\2026-08\15-08-2026\observer-cupo-17536a.png,screenshots\2026-08\15-08-2026\observer-cupo-17536a.png,Se seleccionaron una fecha y una hora disponibles.
observer-***-124109-cf5702ba,2026-08-15 12:41:17,,available,normal,LIMA-LA VICTORIA,11/09/2026,08:00,20,,,,8.117,,,,,,,event_atomic,,,,Se seleccionaron una fecha y una hora disponibles.
observer-***-124117-44c67c85,2026-08-15 12:41:26,,available,normal,LIMA-LA VICTORIA,11/09/2026,08:00,20,,,,8.414,,,,,,,event_atomic,,screenshots\2026-08\15-08-2026\observer-cupo-177992.png,screenshots\2026-08\15-08-2026\observer-cupo-177992.png,Se seleccionaron una fecha y una hora disponibles.
observer-***-124126-e3b74b46,2026-08-15 12:41:34,,available,normal,LIMA-LA VICTORIA,11/09/2026,08:00,20,,,,8.291,,,,,,,event_atomic,,,,Se seleccionaron una fecha y una hora disponibles.
observer-***-124134-dbd36444,2026-08-15 12:41:43,,available,normal,LIMA-LA VICTORIA,11/09/2026,08:00,20,,,,8.439,,,,,,,event_atomic,,screenshots\2026-08\15-08-2026\observer-cupo-96f697.png,screenshots\2026-08\15-08-2026\observer-cupo-96f697.png,Se seleccionaron una fecha y una hora disponibles.
observer-***-124143-ce43f710,2026-08-15 12:41:51,,available,normal,LIMA-LA VICTORIA,11/09/2026,08:00,20,,,,8.097,,,,,,,event_atomic,,,,Se seleccionaron una fecha y una hora disponibles.
observer-***-124151-daea289d,2026-08-15 12:41:59,,available,normal,LIMA-LA VICTORIA,11/09/2026,08:00,20,,,,8.330,,,,,,,event_atomic,,screenshots\2026-08\15-08-2026\observer-cupo-a3b9a4.png,screenshots\2026-08\15-08-2026\observer-cupo-a3b9a4.png,Se seleccionaron una fecha y una hora disponibles.
observer-***-124159-cbe88883,2026-08-15 12:42:08,,available,normal,LIMA-LA VICTORIA,11/09/2026,09:00,9,,,,8.310,,,,,,,event_atomic,,,,Se seleccionaron una fecha y una hora disponibles.
observer-***-124208-e3bf0eab,2026-08-15 12:42:17,,available,normal,LIMA-LA VICTORIA,11/09/2026,09:00,9,,,,8.376,,,,,,,event_atomic,,screenshots\2026-08\15-08-2026\observer-cupo-b2177b.png,screenshots\2026-08\15-08-2026\observer-cupo-b2177b.png,Se seleccionaron una fecha y una hora disponibles.
observer-***-124217-92b96a68,2026-08-15 12:42:25,,available,normal,LIMA-LA VICTORIA,11/09/2026,09:00,9,,,,8.101,,,,,,,event_atomic,,,,Se seleccionaron una fecha y una hora disponibles.
observer-***-124225-8de3dd1c,2026-08-15 12:42:34,,available,normal,LIMA-LA VICTORIA,11/09/2026,09:00,9,,,,8.421,,,,,,,event_atomic,,screenshots\2026-08\15-08-2026\observer-cupo-680ede.png,screenshots\2026-08\15-08-2026\observer-cupo-680ede.png,Se seleccionaron una fecha y una hora disponibles.
observer-***-124234-222c6aa6,2026-08-15 12:42:42,,available,normal,LIMA-LA VICTORIA,11/09/2026,09:00,9,,,,8.163,,,,,,,event_atomic,,,,Se seleccionaron una fecha y una hora disponibles.
observer-***-124242-689f97d2,2026-08-15 12:42:50,,available,normal,LIMA-LA VICTORIA,11/09/2026,09:00,9,,,,8.430,,,,,,,event_atomic,,screenshots\2026-08\15-08-2026\observer-cupo-dbc883.png,screenshots\2026-08\15-08-2026\observer-cupo-dbc883.png,Se seleccionaron una fecha y una hora disponibles.
observer-***-124250-03f47a28,2026-08-15 12:42:58,,available,normal,LIMA-LA VICTORIA,11/09/2026,09:00,9,,,,8.086,,,,,,,event_atomic,,,,Se seleccionaron una fecha y una hora disponibles.
observer-***-124259-b56013ea,2026-08-15 12:43:07,,available,normal,LIMA-LA VICTORIA,11/09/2026,09:00,9,,,,8.411,,,,,,,event_atomic,,screenshots\2026-08\15-08-2026\observer-cupo-585ea9.png,screenshots\2026-08\15-08-2026\observer-cupo-585ea9.png,Se seleccionaron una fecha y una hora disponibles.
observer-***-124307-a8544811,2026-08-15 12:43:15,,available,normal,LIMA-LA VICTORIA,11/09/2026,09:00,9,,,,8.210,,,,,,,event_atomic,,,,Se seleccionaron una fecha y una hora disponibles.
observer-***-124315-5c0b720b,2026-08-15 12:43:24,,available,normal,LIMA-LA VICTORIA,11/09/2026,09:00,9,,,,8.359,,,,,,,event_atomic,,screenshots\2026-08\15-08-2026\observer-cupo-67f511.png,screenshots\2026-08\15-08-2026\observer-cupo-67f511.png,Se seleccionaron una fecha y una hora disponibles.
observer-***-124324-c02e7ff5,2026-08-15 12:43:32,,available,normal,LIMA-LA VICTORIA,11/09/2026,09:00,9,,,,8.059,,,,,,,event_atomic,,,,Se seleccionaron una fecha y una hora disponibles.
observer-***-124332-d468a566,2026-08-15 12:43:40,,available,normal,LIMA-LA VICTORIA,11/09/2026,09:00,9,,,,8.367,,,,,,,event_atomic,,screenshots\2026-08\15-08-2026\observer-cupo-a475e9.png,screenshots\2026-08\15-08-2026\observer-cupo-a475e9.png,Se seleccionaron una fecha y una hora disponibles.
observer-***-124340-***,2026-08-15 12:43:49,,available,normal,LIMA-LA VICTORIA,11/09/2026,09:00,9,,,,8.201,,,,,,,event_atomic,,,,Se seleccionaron una fecha y una hora disponibles.
observer-***-124349-0c212d1b,2026-08-15 12:43:57,,available,normal,LIMA-LA VICTORIA,11/09/2026,09:00,9,,,,8.360,,,,,,,event_atomic,,screenshots\2026-08\15-08-2026\observer-cupo-3d7985.png,screenshots\2026-08\15-08-2026\observer-cupo-3d7985.png,Se seleccionaron una fecha y una hora disponibles.
observer-***-124357-59f9a44e,2026-08-15 12:44:05,,available,normal,LIMA-LA VICTORIA,11/09/2026,09:00,9,,,,8.098,,,,,,,event_atomic,,,,Se seleccionaron una fecha y una hora disponibles.
observer-***-124405-a58c1588,2026-08-15 12:44:14,,available,normal,LIMA-LA VICTORIA,11/09/2026,09:00,9,,,,8.359,,,,,,,event_atomic,,screenshots\2026-08\15-08-2026\observer-cupo-6e2714.png,screenshots\2026-08\15-08-2026\observer-cupo-6e2714.png,Se seleccionaron una fecha y una hora disponibles.
observer-***-124414-ddcb8013,2026-08-15 12:44:22,,available,normal,LIMA-LA VICTORIA,11/09/2026,09:00,9,,,,8.150,,,,,,,event_atomic,,,,Se seleccionaron una fecha y una hora disponibles.
observer-***-124422-a03d1722,2026-08-15 12:44:31,,available,normal,LIMA-LA VICTORIA,11/09/2026,09:00,9,,,,8.406,,,,,,,event_atomic,,screenshots\2026-08\15-08-2026\observer-cupo-53f1d9.png,screenshots\2026-08\15-08-2026\observer-cupo-53f1d9.png,Se seleccionaron una fecha y una hora disponibles.
observer-***-124431-f8f6b6bc,2026-08-15 12:44:39,,available,normal,LIMA-LA VICTORIA,11/09/2026,09:00,9,,,,8.171,,,,,,,event_atomic,,,,Se seleccionaron una fecha y una hora disponibles.
observer-***-124439-a2a491b5,2026-08-15 12:44:47,,available,normal,LIMA-LA VICTORIA,11/09/2026,09:00,9,,,,8.366,,,,,,,event_atomic,,screenshots\2026-08\15-08-2026\observer-cupo-86dd66.png,screenshots\2026-08\15-08-2026\observer-cupo-86dd66.png,Se seleccionaron una fecha y una hora disponibles.
observer-***-124447-9a4bebdf,2026-08-15 12:44:57,,available,normal,LIMA-LA VICTORIA,11/09/2026,09:00,9,,,,9.212,,,,,,,event_atomic,,,,Se seleccionaron una fecha y una hora disponibles.
observer-***-124457-9e066438,2026-08-15 12:45:05,,available,normal,LIMA-LA VICTORIA,11/09/2026,09:00,9,,,,8.381,,,,,,,event_atomic,,screenshots\2026-08\15-08-2026\observer-cupo-f4aebc.png,screenshots\2026-08\15-08-2026\observer-cupo-f4aebc.png,Se seleccionaron una fecha y una hora disponibles.
observer-***-124505-18bc7b1b,2026-08-15 12:45:13,,available,normal,LIMA-LA VICTORIA,11/09/2026,09:00,9,,,,8.155,,,,,,,event_atomic,,,,Se seleccionaron una fecha y una hora disponibles.
observer-***-124513-9eb6c7b5,2026-08-15 12:45:22,,available,normal,LIMA-LA VICTORIA,11/09/2026,09:00,9,,,,8.328,,,,,,,event_atomic,,screenshots\2026-08\15-08-2026\observer-cupo-934296.png,screenshots\2026-08\15-08-2026\observer-cupo-934296.png,Se seleccionaron una fecha y una hora disponibles.
observer-***-124522-0e39f004,2026-08-15 12:45:30,,available,normal,LIMA-LA VICTORIA,11/09/2026,09:00,9,,,,8.208,,,,,,,event_atomic,,,,Se seleccionaron una fecha y una hora disponibles.
observer-***-124530-d727cb1a,2026-08-15 12:45:38,,available,normal,LIMA-LA VICTORIA,11/09/2026,09:00,9,,,,8.341,,,,,,,event_atomic,,screenshots\2026-08\15-08-2026\observer-cupo-375586.png,screenshots\2026-08\15-08-2026\observer-cupo-375586.png,Se seleccionaron una fecha y una hora disponibles.
observer-***-124539-d3c419ce,2026-08-15 12:45:47,,available,normal,LIMA-LA VICTORIA,11/09/2026,09:00,9,,,,8.116,,,,,,,event_atomic,,,,Se seleccionaron una fecha y una hora disponibles.
observer-***-124547-aca2372d,2026-08-15 12:45:55,,available,normal,LIMA-LA VICTORIA,11/09/2026,09:00,9,,,,8.373,,,,,,,event_atomic,,screenshots\2026-08\15-08-2026\observer-cupo-cdfc8c.png,screenshots\2026-08\15-08-2026\observer-cupo-cdfc8c.png,Se seleccionaron una fecha y una hora disponibles.
observer-***-124555-e277a444,2026-08-15 12:46:03,,available,normal,LIMA-LA VICTORIA,11/09/2026,09:00,9,,,,8.213,,,,,,,event_atomic,,,,Se seleccionaron una fecha y una hora disponibles.
observer-***-124604-7ea187b6,2026-08-15 12:46:12,,available,normal,LIMA-LA VICTORIA,11/09/2026,09:00,9,,,,8.364,,,,,,,event_atomic,,screenshots\2026-08\15-08-2026\observer-cupo-61a5f8.png,screenshots\2026-08\15-08-2026\observer-cupo-61a5f8.png,Se seleccionaron una fecha y una hora disponibles.
observer-***-124612-34ae24fa,2026-08-15 12:46:20,,available,normal,LIMA-LA VICTORIA,11/09/2026,09:00,9,,,,8.094,,,,,,,event_atomic,,,,Se seleccionaron una fecha y una hora disponibles.
observer-***-124620-47acf809,2026-08-15 12:46:29,,available,normal,LIMA-LA VICTORIA,11/09/2026,09:00,9,,,,8.437,,,,,,,event_atomic,,screenshots\2026-08\15-08-2026\observer-cupo-40fe1a.png,screenshots\2026-08\15-08-2026\observer-cupo-40fe1a.png,Se seleccionaron una fecha y una hora disponibles.
observer-***-124629-44bee7ab,2026-08-15 12:46:37,,available,normal,LIMA-LA VICTORIA,11/09/2026,09:00,9,,,,8.210,,,,,,,event_atomic,,,,Se seleccionaron una fecha y una hora disponibles.
observer-***-124637-1130291c,2026-08-15 12:46:45,,available,normal,LIMA-LA VICTORIA,11/09/2026,09:00,9,,,,8.445,,,,,,,event_atomic,,screenshots\2026-08\15-08-2026\observer-cupo-008702.png,screenshots\2026-08\15-08-2026\observer-cupo-008702.png,Se seleccionaron una fecha y una hora disponibles.
observer-***-124646-08d7cb93,2026-08-15 12:46:54,,available,normal,LIMA-LA VICTORIA,11/09/2026,10:00,10,,,,8.092,,,,,,,event_atomic,,,,Se seleccionaron una fecha y una hora disponibles.
observer-***-124654-cd3862fd,2026-08-15 12:47:03,,available,normal,LIMA-LA VICTORIA,11/09/2026,10:00,10,,,,8.421,,,,,,,event_atomic,,screenshots\2026-08\15-08-2026\observer-cupo-dd317f.png,screenshots\2026-08\15-08-2026\observer-cupo-dd317f.png,Se seleccionaron una fecha y una hora disponibles.
observer-***-124703-c3c8a405,2026-08-15 12:47:11,,available,normal,LIMA-LA VICTORIA,11/09/2026,10:00,10,,,,8.210,,,,,,,event_atomic,,,,Se seleccionaron una fecha y una hora disponibles.
observer-***-124711-60aa7e59,2026-08-15 12:47:20,,available,normal,LIMA-LA VICTORIA,11/09/2026,10:00,10,,,,8.362,,,,,,,event_atomic,,screenshots\2026-08\15-08-2026\observer-cupo-c67f33.png,screenshots\2026-08\15-08-2026\observer-cupo-c67f33.png,Se seleccionaron una fecha y una hora disponibles.
observer-***-124720-601c1fbd,2026-08-15 12:47:28,,available,normal,LIMA-LA VICTORIA,11/09/2026,10:00,10,,,,8.114,,,,,,,event_atomic,,,,Se seleccionaron una fecha y una hora disponibles.
observer-***-124728-b99f42b9,2026-08-15 12:47:37,,available,normal,LIMA-LA VICTORIA,11/09/2026,10:00,10,,,,8.641,,,,,,,event_atomic,,screenshots\2026-08\15-08-2026\observer-cupo-f80dc3.png,screenshots\2026-08\15-08-2026\observer-cupo-f80dc3.png,Se seleccionaron una fecha y una hora disponibles.
observer-***-124737-7a02707e,2026-08-15 12:47:45,,available,normal,LIMA-LA VICTORIA,11/09/2026,10:00,10,,,,8.211,,,,,,,event_atomic,,,,Se seleccionaron una fecha y una hora disponibles.
observer-***-124745-77912c1b,2026-08-15 12:47:53,,available,normal,LIMA-LA VICTORIA,11/09/2026,10:00,10,,,,8.497,,,,,,,event_atomic,,screenshots\2026-08\15-08-2026\observer-cupo-b1b542.png,screenshots\2026-08\15-08-2026\observer-cupo-b1b542.png,Se seleccionaron una fecha y una hora disponibles.
observer-***-124754-41c27b91,2026-08-15 12:48:02,,available,normal,LIMA-LA VICTORIA,11/09/2026,10:00,10,,,,8.126,,,,,,,event_atomic,,,,Se seleccionaron una fecha y una hora disponibles.
observer-***-124802-218ea6bb,2026-08-15 12:48:10,,available,normal,LIMA-LA VICTORIA,11/09/2026,10:00,10,,,,8.379,,,,,,,event_atomic,,screenshots\2026-08\15-08-2026\observer-cupo-3850e5.png,screenshots\2026-08\15-08-2026\observer-cupo-3850e5.png,Se seleccionaron una fecha y una hora disponibles.
observer-***-124810-2b4844ef,2026-08-15 12:48:18,,available,normal,LIMA-LA VICTORIA,11/09/2026,10:00,10,,,,8.174,,,,,,,event_atomic,,,,Se seleccionaron una fecha y una hora disponibles.
observer-***-124819-5a344898,2026-08-15 12:48:27,,available,normal,LIMA-LA VICTORIA,11/09/2026,10:00,10,,,,8.337,,,,,,,event_atomic,,screenshots\2026-08\15-08-2026\observer-cupo-fdfe7c.png,screenshots\2026-08\15-08-2026\observer-cupo-fdfe7c.png,Se seleccionaron una fecha y una hora disponibles.
observer-***-124827-7bfcdeab,2026-08-15 12:48:35,,available,normal,LIMA-LA VICTORIA,11/09/2026,11:00,10,,,,8.104,,,,,,,event_atomic,,,,Se seleccionaron una fecha y una hora disponibles.
observer-***-124836-815efffe,2026-08-15 12:48:44,,available,normal,LIMA-LA VICTORIA,11/09/2026,11:00,10,,,,8.340,,,,,,,event_atomic,,screenshots\2026-08\15-08-2026\observer-cupo-1a7955.png,screenshots\2026-08\15-08-2026\observer-cupo-1a7955.png,Se seleccionaron una fecha y una hora disponibles.
observer-***-124844-cb43fcc5,2026-08-15 12:48:53,,available,normal,LIMA-LA VICTORIA,11/09/2026,11:00,10,,,,8.220,,,,,,,event_atomic,,,,Se seleccionaron una fecha y una hora disponibles.
observer-***-124853-5939cb47,2026-08-15 12:49:01,,available,normal,LIMA-LA VICTORIA,11/09/2026,11:00,10,,,,8.405,,,,,,,event_atomic,,screenshots\2026-08\15-08-2026\observer-cupo-fb0f5b.png,screenshots\2026-08\15-08-2026\observer-cupo-fb0f5b.png,Se seleccionaron una fecha y una hora disponibles.
observer-***-124901-493dad8a,2026-08-15 12:49:09,,available,normal,LIMA-LA VICTORIA,11/09/2026,11:00,10,,,,8.087,,,,,,,event_atomic,,,,Se seleccionaron una fecha y una hora disponibles.
observer-***-124909-77e53696,2026-08-15 12:49:18,,available,normal,LIMA-LA VICTORIA,11/09/2026,11:00,10,,,,8.339,,,,,,,event_atomic,,screenshots\2026-08\15-08-2026\observer-cupo-50076c.png,screenshots\2026-08\15-08-2026\observer-cupo-50076c.png,Se seleccionaron una fecha y una hora disponibles.
observer-***-124918-5d8e0e48,2026-08-15 12:49:26,,available,normal,LIMA-LA VICTORIA,11/09/2026,11:00,10,,,,8.179,,,,,,,event_atomic,,,,Se seleccionaron una fecha y una hora disponibles.
observer-***-124926-3f1f87f6,2026-08-15 12:49:34,,available,normal,LIMA-LA VICTORIA,11/09/2026,11:00,10,,,,8.384,,,,,,,event_atomic,,screenshots\2026-08\15-08-2026\observer-cupo-7364a1.png,screenshots\2026-08\15-08-2026\observer-cupo-7364a1.png,Se seleccionaron una fecha y una hora disponibles.
observer-***-124934-177b24e8,2026-08-15 12:49:43,,available,normal,LIMA-LA VICTORIA,11/09/2026,11:00,10,,,,8.136,,,,,,,event_atomic,,,,Se seleccionaron una fecha y una hora disponibles.
observer-***-124943-0899a29f,2026-08-15 12:49:51,,available,normal,LIMA-LA VICTORIA,11/09/2026,11:00,10,,,,8.335,,,,,,,event_atomic,,screenshots\2026-08\15-08-2026\observer-cupo-d61a4e.png,screenshots\2026-08\15-08-2026\observer-cupo-d61a4e.png,Se seleccionaron una fecha y una hora disponibles.
observer-***-124951-c0669f23,2026-08-15 12:49:59,,available,normal,LIMA-LA VICTORIA,11/09/2026,11:00,10,,,,8.176,,,,,,,event_atomic,,,,Se seleccionaron una fecha y una hora disponibles.
observer-***-124959-b1fad8ff,2026-08-15 12:50:08,,available,normal,LIMA-LA VICTORIA,11/09/2026,11:00,10,,,,8.378,,,,,,,event_atomic,,screenshots\2026-08\15-08-2026\observer-cupo-78a229.png,screenshots\2026-08\15-08-2026\observer-cupo-78a229.png,Se seleccionaron una fecha y una hora disponibles.
observer-***-125008-fd7d07ee,2026-08-15 12:50:16,,available,normal,LIMA-LA VICTORIA,11/09/2026,11:00,10,,,,8.096,,,,,,,event_atomic,,,,Se seleccionaron una fecha y una hora disponibles.
observer-***-125016-01cdf5a6,2026-08-15 12:50:24,,available,normal,LIMA-LA VICTORIA,11/09/2026,11:00,10,,,,8.393,,,,,,,event_atomic,,screenshots\2026-08\15-08-2026\observer-cupo-3b0c86.png,screenshots\2026-08\15-08-2026\observer-cupo-3b0c86.png,Se seleccionaron una fecha y una hora disponibles.
observer-***-125025-0ff2f15c,2026-08-15 12:50:33,,available,normal,LIMA-LA VICTORIA,11/09/2026,11:00,10,,,,8.173,,,,,,,event_atomic,,,,Se seleccionaron una fecha y una hora disponibles.
observer-***-125033-ec3cf146,2026-08-15 12:50:41,,available,normal,LIMA-LA VICTORIA,11/09/2026,11:00,10,,,,8.491,,,,,,,event_atomic,,screenshots\2026-08\15-08-2026\observer-cupo-2a541f.png,screenshots\2026-08\15-08-2026\observer-cupo-2a541f.png,Se seleccionaron una fecha y una hora disponibles.
observer-***-125041-9744b4ff,2026-08-15 12:50:49,,available,normal,LIMA-LA VICTORIA,11/09/2026,11:00,10,,,,8.091,,,,,,,event_atomic,,,,Se seleccionaron una fecha y una hora disponibles.
observer-***-125050-bef1a824,2026-08-15 12:50:58,,available,normal,LIMA-LA VICTORIA,11/09/2026,11:00,10,,,,8.397,,,,,,,event_atomic,,screenshots\2026-08\15-08-2026\observer-cupo-76e413.png,screenshots\2026-08\15-08-2026\observer-cupo-76e413.png,Se seleccionaron una fecha y una hora disponibles.
observer-***-125058-8f985f09,2026-08-15 12:51:07,,available,normal,LIMA-LA VICTORIA,11/09/2026,11:00,10,,,,8.484,,,,,,,event_atomic,,,,Se seleccionaron una fecha y una hora disponibles.
observer-***-125107-21dff55c,2026-08-15 12:51:15,,available,normal,LIMA-LA VICTORIA,11/09/2026,11:00,10,,,,8.402,,,,,,,event_atomic,,screenshots\2026-08\15-08-2026\observer-cupo-487844.png,screenshots\2026-08\15-08-2026\observer-cupo-487844.png,Se seleccionaron una fecha y una hora disponibles.
observer-***-125115-f6a3dbd2,2026-08-15 12:51:23,,available,normal,LIMA-LA VICTORIA,11/09/2026,11:00,10,,,,8.126,,,,,,,event_atomic,,,,Se seleccionaron una fecha y una hora disponibles.
observer-***-125123-edc7cfea,2026-08-15 12:51:32,,available,normal,LIMA-LA VICTORIA,11/09/2026,11:00,10,,,,8.340,,,,,,,event_atomic,,screenshots\2026-08\15-08-2026\observer-cupo-9f0fed.png,screenshots\2026-08\15-08-2026\observer-cupo-9f0fed.png,Se seleccionaron una fecha y una hora disponibles.
observer-***-125132-f76102b2,2026-08-15 12:51:40,,available,normal,LIMA-LA VICTORIA,11/09/2026,11:00,10,,,,8.192,,,,,,,event_atomic,,,,Se seleccionaron una fecha y una hora disponibles.
observer-***-125140-212b99fd,2026-08-15 12:51:49,,available,normal,LIMA-LA VICTORIA,11/09/2026,11:00,10,,,,8.404,,,,,,,event_atomic,,screenshots\2026-08\15-08-2026\observer-cupo-cba8b2.png,screenshots\2026-08\15-08-2026\observer-cupo-cba8b2.png,Se seleccionaron una fecha y una hora disponibles.
observer-***-125149-005d34d1,2026-08-15 12:51:57,,available,normal,LIMA-LA VICTORIA,11/09/2026,11:00,10,,,,8.102,,,,,,,event_atomic,,,,Se seleccionaron una fecha y una hora disponibles.
observer-***-125157-a446df65,2026-08-15 12:52:05,,available,normal,LIMA-LA VICTORIA,11/09/2026,11:00,10,,,,8.394,,,,,,,event_atomic,,screenshots\2026-08\15-08-2026\observer-cupo-6df481.png,screenshots\2026-08\15-08-2026\observer-cupo-6df481.png,Se seleccionaron una fecha y una hora disponibles.
observer-***-125205-545bb325,2026-08-15 12:52:13,,available,normal,LIMA-LA VICTORIA,11/09/2026,11:00,10,,,,8.181,,,,,,,event_atomic,,,,Se seleccionaron una fecha y una hora disponibles.
observer-***-125214-9dbadb08,2026-08-15 12:52:22,,available,normal,LIMA-LA VICTORIA,11/09/2026,11:00,10,,,,8.427,,,,,,,event_atomic,,screenshots\2026-08\15-08-2026\observer-cupo-4afac8.png,screenshots\2026-08\15-08-2026\observer-cupo-4afac8.png,Se seleccionaron una fecha y una hora disponibles.
observer-***-125222-8513730d,2026-08-15 12:52:31,,available,normal,LIMA-LA VICTORIA,11/09/2026,11:00,10,,,,9.113,,,,,,,event_atomic,,,,Se seleccionaron una fecha y una hora disponibles.
observer-***-125231-9044139d,2026-08-15 12:52:40,,available,normal,LIMA-LA VICTORIA,11/09/2026,11:00,10,,,,8.356,,,,,,,event_atomic,,screenshots\2026-08\15-08-2026\observer-cupo-e79721.png,screenshots\2026-08\15-08-2026\observer-cupo-e79721.png,Se seleccionaron una fecha y una hora disponibles.
observer-***-125240-e0c1c3b7,2026-08-15 12:52:48,,available,normal,LIMA-LA VICTORIA,11/09/2026,11:00,10,,,,8.209,,,,,,,event_atomic,,,,Se seleccionaron una fecha y una hora disponibles.
observer-***-125248-37c08b6f,2026-08-15 12:52:57,,available,normal,LIMA-LA VICTORIA,11/09/2026,11:00,10,,,,8.523,,,,,,,event_atomic,,screenshots\2026-08\15-08-2026\observer-cupo-2f7987.png,screenshots\2026-08\15-08-2026\observer-cupo-2f7987.png,Se seleccionaron una fecha y una hora disponibles.
observer-***-125257-96b9c7da,2026-08-15 12:53:05,,available,normal,LIMA-LA VICTORIA,11/09/2026,11:00,10,,,,8.119,,,,,,,event_atomic,,,,Se seleccionaron una fecha y una hora disponibles.
observer-***-125305-3f37f42c,2026-08-15 12:53:13,,available,normal,LIMA-LA VICTORIA,11/09/2026,11:00,10,,,,8.407,,,,,,,event_atomic,,screenshots\2026-08\15-08-2026\observer-cupo-c10885.png,screenshots\2026-08\15-08-2026\observer-cupo-c10885.png,Se seleccionaron una fecha y una hora disponibles.
observer-***-125313-a8c8e255,2026-08-15 12:53:22,,available,normal,LIMA-LA VICTORIA,11/09/2026,11:00,10,,,,8.192,,,,,,,event_atomic,,,,Se seleccionaron una fecha y una hora disponibles.
observer-***-125322-ccfa5fab,2026-08-15 12:53:30,,available,normal,LIMA-LA VICTORIA,11/09/2026,11:00,10,,,,8.442,,,,,,,event_atomic,,screenshots\2026-08\15-08-2026\observer-cupo-1aef89.png,screenshots\2026-08\15-08-2026\observer-cupo-1aef89.png,Se seleccionaron una fecha y una hora disponibles.
observer-***-125330-14b5ede2,2026-08-15 12:53:38,,available,normal,LIMA-LA VICTORIA,11/09/2026,11:00,10,,,,8.110,,,,,,,event_atomic,,,,Se seleccionaron una fecha y una hora disponibles.
observer-***-125338-9dd0359e,2026-08-15 12:53:47,,available,normal,LIMA-LA VICTORIA,11/09/2026,11:00,10,,,,8.397,,,,,,,event_atomic,,screenshots\2026-08\15-08-2026\observer-cupo-cfb143.png,screenshots\2026-08\15-08-2026\observer-cupo-cfb143.png,Se seleccionaron una fecha y una hora disponibles.
observer-***-125347-a264c276,2026-08-15 12:53:55,,available,normal,LIMA-LA VICTORIA,11/09/2026,11:00,10,,,,8.184,,,,,,,event_atomic,,,,Se seleccionaron una fecha y una hora disponibles.
observer-***-125355-f71e3dd5,2026-08-15 12:54:04,,available,normal,LIMA-LA VICTORIA,11/09/2026,11:00,10,,,,8.399,,,,,,,event_atomic,,screenshots\2026-08\15-08-2026\observer-cupo-781acd.png,screenshots\2026-08\15-08-2026\observer-cupo-781acd.png,Se seleccionaron una fecha y una hora disponibles.
observer-***-125404-83f76c43,2026-08-15 12:54:12,,available,normal,LIMA-LA VICTORIA,11/09/2026,11:00,10,,,,8.090,,,,,,,event_atomic,,,,Se seleccionaron una fecha y una hora disponibles.
observer-***-125412-2e9ff233,2026-08-15 12:54:20,,available,normal,LIMA-LA VICTORIA,11/09/2026,11:00,10,,,,8.356,,,,,,,event_atomic,,screenshots\2026-08\15-08-2026\observer-cupo-da0884.png,screenshots\2026-08\15-08-2026\observer-cupo-da0884.png,Se seleccionaron una fecha y una hora disponibles.
observer-***-125420-6c878267,2026-08-15 12:54:28,,available,normal,LIMA-LA VICTORIA,11/09/2026,11:00,10,,,,8.175,,,,,,,event_atomic,,,,Se seleccionaron una fecha y una hora disponibles.
observer-***-125429-c114dd25,2026-08-15 12:54:37,,available,normal,LIMA-LA VICTORIA,11/09/2026,11:00,10,,,,8.318,,,,,,,event_atomic,,screenshots\2026-08\15-08-2026\observer-cupo-9453b5.png,screenshots\2026-08\15-08-2026\observer-cupo-9453b5.png,Se seleccionaron una fecha y una hora disponibles.
observer-***-125437-b35f6d7e,2026-08-15 12:54:45,,available,normal,LIMA-LA VICTORIA,11/09/2026,11:00,10,,,,8.153,,,,,,,event_atomic,,,,Se seleccionaron una fecha y una hora disponibles.
observer-***-125445-dae3b38d,2026-08-15 12:54:54,,available,normal,LIMA-LA VICTORIA,11/09/2026,11:00,10,,,,8.426,,,,,,,event_atomic,,screenshots\2026-08\15-08-2026\observer-cupo-df5b54.png,screenshots\2026-08\15-08-2026\observer-cupo-df5b54.png,Se seleccionaron una fecha y una hora disponibles.
observer-***-125454-348b57ba,2026-08-15 12:55:02,,available,normal,LIMA-LA VICTORIA,11/09/2026,11:00,10,,,,8.208,,,,,,,event_atomic,,,,Se seleccionaron una fecha y una hora disponibles.
observer-***-125502-1427d6ac,2026-08-15 12:55:10,,available,normal,LIMA-LA VICTORIA,11/09/2026,11:00,10,,,,8.392,,,,,,,event_atomic,,screenshots\2026-08\15-08-2026\observer-cupo-583e7d.png,screenshots\2026-08\15-08-2026\observer-cupo-583e7d.png,Se seleccionaron una fecha y una hora disponibles.
observer-***-125511-a0ad92ac,2026-08-15 12:55:19,,available,normal,LIMA-LA VICTORIA,11/09/2026,11:00,10,,,,8.135,,,,,,,event_atomic,,,,Se seleccionaron una fecha y una hora disponibles.
observer-***-125519-2da385f7,2026-08-15 12:55:27,,available,normal,LIMA-LA VICTORIA,11/09/2026,11:00,10,,,,8.426,,,,,,,event_atomic,,screenshots\2026-08\15-08-2026\observer-cupo-1b5468.png,screenshots\2026-08\15-08-2026\observer-cupo-1b5468.png,Se seleccionaron una fecha y una hora disponibles.
observer-***-125527-e2c96832,2026-08-15 12:55:35,,available,normal,LIMA-LA VICTORIA,12/09/2026,08:00,10,,,,8.205,,,,,,,event_atomic,,,,Se seleccionaron una fecha y una hora disponibles.
observer-***-125536-b415cfe3,2026-08-15 12:55:45,,available,normal,LIMA-LA VICTORIA,12/09/2026,08:00,10,,,,8.422,,,,,,,event_atomic,,screenshots\2026-08\15-08-2026\observer-cupo-6e9748.png,screenshots\2026-08\15-08-2026\observer-cupo-6e9748.png,Se seleccionaron una fecha y una hora disponibles.
observer-***-125545-e65f2893,2026-08-15 12:55:53,,available,normal,LIMA-LA VICTORIA,12/09/2026,08:00,10,,,,8.086,,,,,,,event_atomic,,,,Se seleccionaron una fecha y una hora disponibles.
observer-***-125553-9354dca2,2026-08-15 12:56:01,,available,normal,LIMA-LA VICTORIA,12/09/2026,08:00,10,,,,8.388,,,,,,,event_atomic,,screenshots\2026-08\15-08-2026\observer-cupo-675802.png,screenshots\2026-08\15-08-2026\observer-cupo-675802.png,Se seleccionaron una fecha y una hora disponibles.
observer-***-125601-6311f350,2026-08-15 12:56:10,,available,normal,LIMA-LA VICTORIA,12/09/2026,08:00,10,,,,8.210,,,,,,,event_atomic,,,,Se seleccionaron una fecha y una hora disponibles.
observer-***-125610-bbaf5146,2026-08-15 12:56:18,,available,normal,LIMA-LA VICTORIA,12/09/2026,08:00,10,,,,8.312,,,,,,,event_atomic,,screenshots\2026-08\15-08-2026\observer-cupo-32653e.png,screenshots\2026-08\15-08-2026\observer-cupo-32653e.png,Se seleccionaron una fecha y una hora disponibles.
observer-***-125618-b8aedabb,2026-08-15 12:56:26,,available,normal,LIMA-LA VICTORIA,12/09/2026,08:00,10,,,,8.074,,,,,,,event_atomic,,,,Se seleccionaron una fecha y una hora disponibles.
observer-***-125626-a25a1561,2026-08-15 12:56:35,,available,normal,LIMA-LA VICTORIA,12/09/2026,08:00,10,,,,8.318,,,,,,,event_atomic,,screenshots\2026-08\15-08-2026\observer-cupo-bc000f.png,screenshots\2026-08\15-08-2026\observer-cupo-bc000f.png,Se seleccionaron una fecha y una hora disponibles.
observer-***-125635-6184b19c,2026-08-15 12:56:43,,available,normal,LIMA-LA VICTORIA,12/09/2026,08:00,10,,,,8.209,,,,,,,event_atomic,,,,Se seleccionaron una fecha y una hora disponibles.
observer-***-125643-a913f3a1,2026-08-15 12:56:51,,available,normal,LIMA-LA VICTORIA,12/09/2026,08:00,10,,,,8.349,,,,,,,event_atomic,,screenshots\2026-08\15-08-2026\observer-cupo-d4d989.png,screenshots\2026-08\15-08-2026\observer-cupo-d4d989.png,Se seleccionaron una fecha y una hora disponibles.
observer-***-125651-b0f8a064,2026-08-15 12:57:00,,available,normal,LIMA-LA VICTORIA,12/09/2026,08:00,10,,,,8.066,,,,,,,event_atomic,,,,Se seleccionaron una fecha y una hora disponibles.
observer-***-125700-b2b4b648,2026-08-15 12:57:08,,available,normal,LIMA-LA VICTORIA,12/09/2026,08:00,10,,,,8.393,,,,,,,event_atomic,,screenshots\2026-08\15-08-2026\observer-cupo-e97d0f.png,screenshots\2026-08\15-08-2026\observer-cupo-e97d0f.png,Se seleccionaron una fecha y una hora disponibles.
observer-***-125708-722a192d,2026-08-15 12:57:16,,available,normal,LIMA-LA VICTORIA,12/09/2026,08:00,10,,,,8.167,,,,,,,event_atomic,,,,Se seleccionaron una fecha y una hora disponibles.
observer-***-125716-d03c0620,2026-08-15 12:57:25,,available,normal,LIMA-LA VICTORIA,12/09/2026,08:00,10,,,,8.322,,,,,,,event_atomic,,screenshots\2026-08\15-08-2026\observer-cupo-e17f43.png,screenshots\2026-08\15-08-2026\observer-cupo-e17f43.png,Se seleccionaron una fecha y una hora disponibles.
observer-***-125725-c6612b1b,2026-08-15 12:57:33,,available,normal,LIMA-LA VICTORIA,12/09/2026,08:00,10,,,,8.088,,,,,,,event_atomic,,,,Se seleccionaron una fecha y una hora disponibles.
observer-***-125733-4ddc535b,2026-08-15 12:57:41,,available,normal,LIMA-LA VICTORIA,12/09/2026,08:00,10,,,,8.411,,,,,,,event_atomic,,screenshots\2026-08\15-08-2026\observer-cupo-e5009d.png,screenshots\2026-08\15-08-2026\observer-cupo-e5009d.png,Se seleccionaron una fecha y una hora disponibles.
observer-***-125742-c0099734,2026-08-15 12:57:50,,available,normal,LIMA-LA VICTORIA,12/09/2026,08:00,10,,,,8.170,,,,,,,event_atomic,,,,Se seleccionaron una fecha y una hora disponibles.
observer-***-125750-1eabe0f2,2026-08-15 12:57:58,,available,normal,LIMA-LA VICTORIA,12/09/2026,08:00,10,,,,8.387,,,,,,,event_atomic,,screenshots\2026-08\15-08-2026\observer-cupo-f3f28c.png,screenshots\2026-08\15-08-2026\observer-cupo-f3f28c.png,Se seleccionaron una fecha y una hora disponibles.
observer-***-125758-9d10437e,2026-08-15 12:58:06,,available,normal,LIMA-LA VICTORIA,12/09/2026,08:00,10,,,,8.133,,,,,,,event_atomic,,,,Se seleccionaron una fecha y una hora disponibles.
observer-***-125806-9bc86fd0,2026-08-15 12:58:15,,available,normal,LIMA-LA VICTORIA,12/09/2026,09:00,10,,,,8.408,,,,,,,event_atomic,,screenshots\2026-08\15-08-2026\observer-cupo-ba3aad.png,screenshots\2026-08\15-08-2026\observer-cupo-ba3aad.png,Se seleccionaron una fecha y una hora disponibles.
observer-***-125815-e0cb6407,2026-08-15 12:58:23,,available,normal,LIMA-LA VICTORIA,12/09/2026,09:00,10,,,,8.187,,,,,,,event_atomic,,,,Se seleccionaron una fecha y una hora disponibles.
observer-***-125824-317fc433,2026-08-15 12:58:33,,available,normal,LIMA-LA VICTORIA,12/09/2026,09:00,10,,,,8.608,,,,,,,event_atomic,,screenshots\2026-08\15-08-2026\observer-cupo-197cb0.png,screenshots\2026-08\15-08-2026\observer-cupo-197cb0.png,Se seleccionaron una fecha y una hora disponibles.
observer-***-125833-633ed857,2026-08-15 12:58:41,,available,normal,LIMA-LA VICTORIA,12/09/2026,09:00,10,,,,8.110,,,,,,,event_atomic,,,,Se seleccionaron una fecha y una hora disponibles.
observer-***-125841-cc17355d,2026-08-15 12:58:49,,available,normal,LIMA-LA VICTORIA,12/09/2026,09:00,10,,,,8.415,,,,,,,event_atomic,,screenshots\2026-08\15-08-2026\observer-cupo-db4894.png,screenshots\2026-08\15-08-2026\observer-cupo-db4894.png,Se seleccionaron una fecha y una hora disponibles.
observer-***-125849-87a9bc3e,2026-08-15 12:58:58,,available,normal,LIMA-LA VICTORIA,12/09/2026,09:00,10,,,,8.165,,,,,,,event_atomic,,,,Se seleccionaron una fecha y una hora disponibles.
observer-***-125858-6578f641,2026-08-15 12:59:07,,available,normal,LIMA-LA VICTORIA,12/09/2026,09:00,10,,,,9.647,,,,,,,legacy_fallback,,screenshots\2026-08\15-08-2026\observer-cupo-d0ca2c.png,screenshots\2026-08\15-08-2026\observer-cupo-d0ca2c.png,Se seleccionaron una fecha y una hora disponibles.
observer-***-125907-a424c667,2026-08-15 12:59:16,,available,normal,LIMA-LA VICTORIA,12/09/2026,09:00,10,,,,8.105,,,,,,,event_atomic,,,,Se seleccionaron una fecha y una hora disponibles.
observer-***-125916-a377f1fa,2026-08-15 12:59:24,,available,normal,LIMA-LA VICTORIA,12/09/2026,09:00,10,,,,8.360,,,,,,,event_atomic,,screenshots\2026-08\15-08-2026\observer-cupo-a30239.png,screenshots\2026-08\15-08-2026\observer-cupo-a30239.png,Se seleccionaron una fecha y una hora disponibles.
observer-***-125924-31a93384,2026-08-15 12:59:32,,available,normal,LIMA-LA VICTORIA,12/09/2026,09:00,10,,,,8.186,,,,,,,event_atomic,,,,Se seleccionaron una fecha y una hora disponibles.
observer-***-125932-893b30c8,2026-08-15 12:59:41,,available,normal,LIMA-LA VICTORIA,12/09/2026,09:00,10,,,,8.402,,,,,,,event_atomic,,screenshots\2026-08\15-08-2026\observer-cupo-7a9479.png,screenshots\2026-08\15-08-2026\observer-cupo-7a9479.png,Se seleccionaron una fecha y una hora disponibles.
observer-***-125941-360abb0b,2026-08-15 12:59:49,,available,normal,LIMA-LA VICTORIA,12/09/2026,09:00,10,,,,8.085,,,,,,,event_atomic,,,,Se seleccionaron una fecha y una hora disponibles.
observer-***-125949-2787d00e,2026-08-15 12:59:57,,available,normal,LIMA-LA VICTORIA,12/09/2026,09:00,10,,,,8.366,,,,,,,event_atomic,,screenshots\2026-08\15-08-2026\observer-cupo-8908a5.png,screenshots\2026-08\15-08-2026\observer-cupo-8908a5.png,Se seleccionaron una fecha y una hora disponibles.
observer-***-125957-fb444e68,2026-08-15 13:00:06,,available,normal,LIMA-LA VICTORIA,12/09/2026,09:00,10,,,,8.188,,,,,,,event_atomic,,,,Se seleccionaron una fecha y una hora disponibles.
observer-***-130006-17c8e1ce,2026-08-15 13:00:14,,available,normal,LIMA-LA VICTORIA,12/09/2026,09:00,10,,,,8.436,,,,,,,event_atomic,,screenshots\2026-08\15-08-2026\observer-cupo-07b4b7.png,screenshots\2026-08\15-08-2026\observer-cupo-07b4b7.png,Se seleccionaron una fecha y una hora disponibles.
observer-***-130014-8b06c5f7,2026-08-15 13:00:22,,available,normal,LIMA-LA VICTORIA,12/09/2026,09:00,10,,,,8.118,,,,,,,event_atomic,,,,Se seleccionaron una fecha y una hora disponibles.
observer-***-130023-6af4d7a9,2026-08-15 13:00:31,,available,normal,LIMA-LA VICTORIA,12/09/2026,09:00,10,,,,8.438,,,,,,,event_atomic,,screenshots\2026-08\15-08-2026\observer-cupo-6f91ee.png,screenshots\2026-08\15-08-2026\observer-cupo-6f91ee.png,Se seleccionaron una fecha y una hora disponibles.
observer-***-130031-***,2026-08-15 13:00:39,,available,normal,LIMA-LA VICTORIA,12/09/2026,09:00,10,,,,8.177,,,,,,,event_atomic,,,,Se seleccionaron una fecha y una hora disponibles.
observer-***-130039-b92b352a,2026-08-15 13:00:48,,available,normal,LIMA-LA VICTORIA,12/09/2026,09:00,10,,,,9.012,,,,,,,event_atomic,,screenshots\2026-08\15-08-2026\observer-cupo-cccb38.png,screenshots\2026-08\15-08-2026\observer-cupo-cccb38.png,Se seleccionaron una fecha y una hora disponibles.
observer-***-130048-3da6eccb,2026-08-15 13:00:57,,available,normal,LIMA-LA VICTORIA,12/09/2026,09:00,10,,,,8.104,,,,,,,event_atomic,,,,Se seleccionaron una fecha y una hora disponibles.
observer-***-130057-9b96a4d9,2026-08-15 13:01:05,,available,normal,LIMA-LA VICTORIA,12/09/2026,09:00,10,,,,8.330,,,,,,,event_atomic,,screenshots\2026-08\15-08-2026\observer-cupo-121c22.png,screenshots\2026-08\15-08-2026\observer-cupo-121c22.png,Se seleccionaron una fecha y una hora disponibles.
observer-***-130105-e15f4d11,2026-08-15 13:01:13,,available,normal,LIMA-LA VICTORIA,12/09/2026,09:00,10,,,,8.201,,,,,,,event_atomic,,,,Se seleccionaron una fecha y una hora disponibles.
observer-***-130113-f0fa0d28,2026-08-15 13:01:22,,available,normal,LIMA-LA VICTORIA,12/09/2026,09:00,10,,,,8.441,,,,,,,event_atomic,,screenshots\2026-08\15-08-2026\observer-cupo-4f119b.png,screenshots\2026-08\15-08-2026\observer-cupo-4f119b.png,Se seleccionaron una fecha y una hora disponibles.
observer-***-130122-19f8abb9,2026-08-15 13:01:30,,available,normal,LIMA-LA VICTORIA,12/09/2026,09:00,10,,,,8.129,,,,,,,event_atomic,,,,Se seleccionaron una fecha y una hora disponibles.
observer-***-130130-16fb9fa7,2026-08-15 13:01:39,,available,normal,LIMA-LA VICTORIA,12/09/2026,09:00,10,,,,8.402,,,,,,,event_atomic,,screenshots\2026-08\15-08-2026\observer-cupo-3ab8ca.png,screenshots\2026-08\15-08-2026\observer-cupo-3ab8ca.png,Se seleccionaron una fecha y una hora disponibles.
observer-***-130139-0e0457d3,2026-08-15 13:01:47,,available,normal,LIMA-LA VICTORIA,12/09/2026,09:00,10,,,,8.183,,,,,,,event_atomic,,,,Se seleccionaron una fecha y una hora disponibles.
observer-***-130147-629eec2c,2026-08-15 13:01:55,,available,normal,LIMA-LA VICTORIA,12/09/2026,09:00,10,,,,8.451,,,,,,,event_atomic,,screenshots\2026-08\15-08-2026\observer-cupo-a46adb.png,screenshots\2026-08\15-08-2026\observer-cupo-a46adb.png,Se seleccionaron una fecha y una hora disponibles.
observer-***-130155-2bc235c4,2026-08-15 13:02:04,,available,normal,LIMA-LA VICTORIA,12/09/2026,09:00,10,,,,8.082,,,,,,,event_atomic,,,,Se seleccionaron una fecha y una hora disponibles.
observer-***-130204-3a350975,2026-08-15 13:02:12,,available,normal,LIMA-LA VICTORIA,12/09/2026,09:00,10,,,,8.426,,,,,,,event_atomic,,screenshots\2026-08\15-08-2026\observer-cupo-ea0f10.png,screenshots\2026-08\15-08-2026\observer-cupo-ea0f10.png,Se seleccionaron una fecha y una hora disponibles.
observer-***-130212-6da02425,2026-08-15 13:02:20,,available,normal,LIMA-LA VICTORIA,12/09/2026,09:00,10,,,,8.204,,,,,,,event_atomic,,,,Se seleccionaron una fecha y una hora disponibles.
observer-***-130220-26a6d541,2026-08-15 13:02:29,,available,normal,LIMA-LA VICTORIA,12/09/2026,09:00,10,,,,8.352,,,,,,,event_atomic,,screenshots\2026-08\15-08-2026\observer-cupo-b4d8cf.png,screenshots\2026-08\15-08-2026\observer-cupo-b4d8cf.png,Se seleccionaron una fecha y una hora disponibles.
observer-***-130229-369262db,2026-08-15 13:02:37,,available,normal,LIMA-LA VICTORIA,12/09/2026,09:00,10,,,,8.103,,,,,,,event_atomic,,,,Se seleccionaron una fecha y una hora disponibles.
observer-***-130237-66179f81,2026-08-15 13:02:45,,available,normal,LIMA-LA VICTORIA,12/09/2026,09:00,10,,,,8.372,,,,,,,event_atomic,,screenshots\2026-08\15-08-2026\observer-cupo-55efce.png,screenshots\2026-08\15-08-2026\observer-cupo-55efce.png,Se seleccionaron una fecha y una hora disponibles.
observer-***-130246-10c724ab,2026-08-15 13:02:54,,available,normal,LIMA-LA VICTORIA,12/09/2026,09:00,10,,,,8.167,,,,,,,event_atomic,,,,Se seleccionaron una fecha y una hora disponibles.
observer-***-130254-a950f8f3,2026-08-15 13:03:02,,available,normal,LIMA-LA VICTORIA,12/09/2026,09:00,10,,,,8.409,,,,,,,event_atomic,,screenshots\2026-08\15-08-2026\observer-cupo-5c9fde.png,screenshots\2026-08\15-08-2026\observer-cupo-5c9fde.png,Se seleccionaron una fecha y una hora disponibles.
observer-***-130302-9fa2ff11,2026-08-15 13:03:10,,available,normal,LIMA-LA VICTORIA,12/09/2026,09:00,10,,,,8.116,,,,,,,event_atomic,,,,Se seleccionaron una fecha y una hora disponibles.
observer-***-130311-8a1268c4,2026-08-15 13:03:19,,available,normal,LIMA-LA VICTORIA,12/09/2026,09:00,10,,,,8.392,,,,,,,event_atomic,,screenshots\2026-08\15-08-2026\observer-cupo-94d4b9.png,screenshots\2026-08\15-08-2026\observer-cupo-94d4b9.png,Se seleccionaron una fecha y una hora disponibles.
observer-***-130319-b83e451c,2026-08-15 13:03:27,,available,normal,LIMA-LA VICTORIA,12/09/2026,09:00,10,,,,8.143,,,,,,,event_atomic,,,,Se seleccionaron una fecha y una hora disponibles.
observer-***-130327-c1509a57,2026-08-15 13:03:36,,available,normal,LIMA-LA VICTORIA,12/09/2026,10:00,10,,,,8.325,,,,,,,event_atomic,,screenshots\2026-08\15-08-2026\observer-cupo-04f096.png,screenshots\2026-08\15-08-2026\observer-cupo-04f096.png,Se seleccionaron una fecha y una hora disponibles.
observer-***-130336-c94e68be,2026-08-15 13:03:44,,available,normal,LIMA-LA VICTORIA,12/09/2026,10:00,10,,,,8.125,,,,,,,event_atomic,,,,Se seleccionaron una fecha y una hora disponibles.
observer-***-130345-73a31dbb,2026-08-15 13:03:53,,available,normal,LIMA-LA VICTORIA,12/09/2026,10:00,10,,,,8.338,,,,,,,event_atomic,,screenshots\2026-08\15-08-2026\observer-cupo-958a17.png,screenshots\2026-08\15-08-2026\observer-cupo-958a17.png,Se seleccionaron una fecha y una hora disponibles.
observer-***-130353-b8ffbddb,2026-08-15 13:04:01,,available,normal,LIMA-LA VICTORIA,12/09/2026,10:00,10,,,,8.276,,,,,,,event_atomic,,,,Se seleccionaron una fecha y una hora disponibles.
observer-***-130401-c6033bf9,2026-08-15 13:04:10,,available,normal,LIMA-LA VICTORIA,12/09/2026,10:00,10,,,,8.439,,,,,,,event_atomic,,screenshots\2026-08\15-08-2026\observer-cupo-aea79f.png,screenshots\2026-08\15-08-2026\observer-cupo-aea79f.png,Se seleccionaron una fecha y una hora disponibles.
observer-***-130410-48855f39,2026-08-15 13:04:18,,available,normal,LIMA-LA VICTORIA,12/09/2026,10:00,10,,,,8.095,,,,,,,event_atomic,,,,Se seleccionaron una fecha y una hora disponibles.
observer-***-130418-67daebb4,2026-08-15 13:04:27,,available,normal,LIMA-LA VICTORIA,12/09/2026,10:00,10,,,,8.388,,,,,,,event_atomic,,screenshots\2026-08\15-08-2026\observer-cupo-318985.png,screenshots\2026-08\15-08-2026\observer-cupo-318985.png,Se seleccionaron una fecha y una hora disponibles.
observer-***-130427-da11b4e7,2026-08-15 13:04:35,,available,normal,LIMA-LA VICTORIA,12/09/2026,10:00,10,,,,8.142,,,,,,,event_atomic,,,,Se seleccionaron una fecha y una hora disponibles.
observer-***-130435-a04cab0e,2026-08-15 13:04:43,,available,normal,LIMA-LA VICTORIA,12/09/2026,10:00,10,,,,8.364,,,,,,,event_atomic,,screenshots\2026-08\15-08-2026\observer-cupo-3c6a7b.png,screenshots\2026-08\15-08-2026\observer-cupo-3c6a7b.png,Se seleccionaron una fecha y una hora disponibles.
observer-***-130443-129a5318,2026-08-15 13:04:51,,available,normal,LIMA-LA VICTORIA,12/09/2026,10:00,10,,,,8.088,,,,,,,event_atomic,,,,Se seleccionaron una fecha y una hora disponibles.
observer-***-130452-c36d1fbe,2026-08-15 13:05:00,,available,normal,LIMA-LA VICTORIA,12/09/2026,10:00,10,,,,8.310,,,,,,,event_atomic,,screenshots\2026-08\15-08-2026\observer-cupo-da58ab.png,screenshots\2026-08\15-08-2026\observer-cupo-da58ab.png,Se seleccionaron una fecha y una hora disponibles.
observer-***-130500-a8940b54,2026-08-15 13:05:08,,available,normal,LIMA-LA VICTORIA,12/09/2026,10:00,10,,,,8.222,,,,,,,event_atomic,,,,Se seleccionaron una fecha y una hora disponibles.
observer-***-130508-d69b3cc7,2026-08-15 13:05:17,,available,normal,LIMA-LA VICTORIA,12/09/2026,10:00,10,,,,8.358,,,,,,,event_atomic,,screenshots\2026-08\15-08-2026\observer-cupo-ea5817.png,screenshots\2026-08\15-08-2026\observer-cupo-ea5817.png,Se seleccionaron una fecha y una hora disponibles.
observer-***-130517-243531b6,2026-08-15 13:05:25,,available,normal,LIMA-LA VICTORIA,12/09/2026,10:00,10,,,,8.115,,,,,,,event_atomic,,,,Se seleccionaron una fecha y una hora disponibles.
observer-***-130525-86f3bb3e,2026-08-15 13:05:33,,available,normal,LIMA-LA VICTORIA,12/09/2026,10:00,10,,,,8.312,,,,,,,event_atomic,,screenshots\2026-08\15-08-2026\observer-cupo-6de8ec.png,screenshots\2026-08\15-08-2026\observer-cupo-6de8ec.png,Se seleccionaron una fecha y una hora disponibles.
observer-***-130533-9f8d0b27,2026-08-15 13:05:42,,available,normal,LIMA-LA VICTORIA,12/09/2026,10:00,10,,,,8.225,,,,,,,event_atomic,,,,Se seleccionaron una fecha y una hora disponibles.
observer-***-130542-1fc93c32,2026-08-15 13:05:50,,available,normal,LIMA-LA VICTORIA,12/09/2026,10:00,10,,,,8.352,,,,,,,event_atomic,,screenshots\2026-08\15-08-2026\observer-cupo-91235d.png,screenshots\2026-08\15-08-2026\observer-cupo-91235d.png,Se seleccionaron una fecha y una hora disponibles.
observer-***-130550-c7c92f7b,2026-08-15 13:05:58,,available,normal,LIMA-LA VICTORIA,12/09/2026,10:00,10,,,,8.071,,,,,,,event_atomic,,,,Se seleccionaron una fecha y una hora disponibles.
observer-***-130558-2d15f741,2026-08-15 13:06:07,,available,normal,LIMA-LA VICTORIA,12/09/2026,10:00,10,,,,8.463,,,,,,,event_atomic,,screenshots\2026-08\15-08-2026\observer-cupo-55588b.png,screenshots\2026-08\15-08-2026\observer-cupo-55588b.png,Se seleccionaron una fecha y una hora disponibles.
observer-***-130607-2db40a72,2026-08-15 13:06:15,,available,normal,LIMA-LA VICTORIA,12/09/2026,10:00,10,,,,8.211,,,,,,,event_atomic,,,,Se seleccionaron una fecha y una hora disponibles.
observer-***-130615-301eda17,2026-08-15 13:06:24,,available,normal,LIMA-LA VICTORIA,12/09/2026,11:00,10,,,,8.474,,,,,,,event_atomic,,screenshots\2026-08\15-08-2026\observer-cupo-d4edda.png,screenshots\2026-08\15-08-2026\observer-cupo-d4edda.png,Se seleccionaron una fecha y una hora disponibles.
observer-***-130624-a13eb4ad,2026-08-15 13:06:32,,available,normal,LIMA-LA VICTORIA,12/09/2026,11:00,10,,,,8.085,,,,,,,event_atomic,,,,Se seleccionaron una fecha y una hora disponibles.
observer-***-130633-f4ec64db,2026-08-15 13:06:41,,available,normal,LIMA-LA VICTORIA,12/09/2026,11:00,10,,,,8.475,,,,,,,event_atomic,,screenshots\2026-08\15-08-2026\observer-cupo-bbab80.png,screenshots\2026-08\15-08-2026\observer-cupo-bbab80.png,Se seleccionaron una fecha y una hora disponibles.
observer-***-130641-571fadf8,2026-08-15 13:06:49,,available,normal,LIMA-LA VICTORIA,12/09/2026,11:00,10,,,,8.170,,,,,,,event_atomic,,,,Se seleccionaron una fecha y una hora disponibles.
observer-***-130649-1f047509,2026-08-15 13:06:58,,available,normal,LIMA-LA VICTORIA,12/09/2026,11:00,10,,,,8.407,,,,,,,event_atomic,,screenshots\2026-08\15-08-2026\observer-cupo-217afd.png,screenshots\2026-08\15-08-2026\observer-cupo-217afd.png,Se seleccionaron una fecha y una hora disponibles.
observer-***-130658-a38f8640,2026-08-15 13:07:06,,available,normal,LIMA-LA VICTORIA,12/09/2026,11:00,10,,,,8.130,,,,,,,event_atomic,,,,Se seleccionaron una fecha y una hora disponibles.
observer-***-130706-f04685d0,2026-08-15 13:07:15,,available,normal,LIMA-LA VICTORIA,12/09/2026,11:00,10,,,,8.351,,,,,,,event_atomic,,screenshots\2026-08\15-08-2026\observer-cupo-d67338.png,screenshots\2026-08\15-08-2026\observer-cupo-d67338.png,Se seleccionaron una fecha y una hora disponibles.
observer-***-130715-73d5d18d,2026-08-15 13:07:23,,available,normal,LIMA-LA VICTORIA,12/09/2026,11:00,10,,,,8.189,,,,,,,event_atomic,,,,Se seleccionaron una fecha y una hora disponibles.
observer-***-130723-a5eeb4c3,2026-08-15 13:07:31,,available,normal,LIMA-LA VICTORIA,12/09/2026,11:00,10,,,,8.367,,,,,,,event_atomic,,screenshots\2026-08\15-08-2026\observer-cupo-400cfa.png,screenshots\2026-08\15-08-2026\observer-cupo-400cfa.png,Se seleccionaron una fecha y una hora disponibles.
observer-***-130731-fd89aeff,2026-08-15 13:07:39,,available,normal,LIMA-LA VICTORIA,12/09/2026,11:00,10,,,,8.088,,,,,,,event_atomic,,,,Se seleccionaron una fecha y una hora disponibles.
observer-***-130740-9460278a,2026-08-15 13:07:48,,available,normal,LIMA-LA VICTORIA,12/09/2026,11:00,10,,,,8.388,,,,,,,event_atomic,,screenshots\2026-08\15-08-2026\observer-cupo-1747c1.png,screenshots\2026-08\15-08-2026\observer-cupo-1747c1.png,Se seleccionaron una fecha y una hora disponibles.
observer-***-130748-f28bc788,2026-08-15 13:07:56,,available,normal,LIMA-LA VICTORIA,12/09/2026,11:00,10,,,,8.200,,,,,,,event_atomic,,,,Se seleccionaron una fecha y una hora disponibles.
observer-***-130756-7a497a33,2026-08-15 13:08:05,,available,normal,LIMA-LA VICTORIA,12/09/2026,11:00,10,,,,8.357,,,,,,,event_atomic,,screenshots\2026-08\15-08-2026\observer-cupo-cafa2b.png,screenshots\2026-08\15-08-2026\observer-cupo-cafa2b.png,Se seleccionaron una fecha y una hora disponibles.
observer-***-130805-ad1f041e,2026-08-15 13:08:13,,available,normal,LIMA-LA VICTORIA,12/09/2026,11:00,10,,,,8.084,,,,,,,event_atomic,,,,Se seleccionaron una fecha y una hora disponibles.
observer-***-130813-15ee445a,2026-08-15 13:08:21,,available,normal,LIMA-LA VICTORIA,12/09/2026,11:00,10,,,,8.431,,,,,,,event_atomic,,screenshots\2026-08\15-08-2026\observer-cupo-0ab2bf.png,screenshots\2026-08\15-08-2026\observer-cupo-0ab2bf.png,Se seleccionaron una fecha y una hora disponibles.
observer-***-130821-c5436dbb,2026-08-15 13:08:30,,available,normal,LIMA-LA VICTORIA,12/09/2026,11:00,10,,,,8.307,,,,,,,event_atomic,,,,Se seleccionaron una fecha y una hora disponibles.
observer-***-130830-f9d68edf,2026-08-15 13:08:38,,available,normal,LIMA-LA VICTORIA,12/09/2026,11:00,10,,,,8.350,,,,,,,event_atomic,,screenshots\2026-08\15-08-2026\observer-cupo-cd79fc.png,screenshots\2026-08\15-08-2026\observer-cupo-cd79fc.png,Se seleccionaron una fecha y una hora disponibles.
observer-***-130838-fa7e7c76,2026-08-15 13:08:46,,available,normal,LIMA-LA VICTORIA,12/09/2026,11:00,10,,,,8.068,,,,,,,event_atomic,,,,Se seleccionaron una fecha y una hora disponibles.
observer-***-130846-0e57ca4b,2026-08-15 13:08:55,,available,normal,LIMA-LA VICTORIA,12/09/2026,11:00,10,,,,8.313,,,,,,,event_atomic,,screenshots\2026-08\15-08-2026\observer-cupo-9f4813.png,screenshots\2026-08\15-08-2026\observer-cupo-9f4813.png,Se seleccionaron una fecha y una hora disponibles.
observer-***-130855-6c94d5c0,2026-08-15 13:09:03,,available,normal,LIMA-LA VICTORIA,12/09/2026,11:00,10,,,,8.249,,,,,,,event_atomic,,,,Se seleccionaron una fecha y una hora disponibles.
observer-***-130903-a79ae149,2026-08-15 13:09:12,,available,normal,LIMA-LA VICTORIA,12/09/2026,11:00,10,,,,8.337,,,,,,,event_atomic,,screenshots\2026-08\15-08-2026\observer-cupo-a25ef2.png,screenshots\2026-08\15-08-2026\observer-cupo-a25ef2.png,Se seleccionaron una fecha y una hora disponibles.
observer-***-130912-51ab3947,2026-08-15 13:09:20,,available,normal,LIMA-LA VICTORIA,12/09/2026,11:00,10,,,,8.109,,,,,,,event_atomic,,,,Se seleccionaron una fecha y una hora disponibles.
observer-***-130920-dcf3a1f8,2026-08-15 13:09:28,,available,normal,LIMA-LA VICTORIA,12/09/2026,11:00,10,,,,8.449,,,,,,,event_atomic,,screenshots\2026-08\15-08-2026\observer-cupo-633fd4.png,screenshots\2026-08\15-08-2026\observer-cupo-633fd4.png,Se seleccionaron una fecha y una hora disponibles.
observer-***-130928-6843f7e9,2026-08-15 13:09:37,,available,normal,LIMA-LA VICTORIA,12/09/2026,11:00,10,,,,8.169,,,,,,,event_atomic,,,,Se seleccionaron una fecha y una hora disponibles.
observer-***-130937-1af2a44b,2026-08-15 13:09:45,,available,normal,LIMA-LA VICTORIA,12/09/2026,11:00,10,,,,8.364,,,,,,,event_atomic,,screenshots\2026-08\15-08-2026\observer-cupo-7cd59e.png,screenshots\2026-08\15-08-2026\observer-cupo-7cd59e.png,Se seleccionaron una fecha y una hora disponibles.
observer-***-130945-d2b8effa,2026-08-15 13:09:53,,available,normal,LIMA-LA VICTORIA,12/09/2026,11:00,10,,,,8.140,,,,,,,event_atomic,,,,Se seleccionaron una fecha y una hora disponibles.
observer-***-130953-c6897964,2026-08-15 13:10:02,,available,normal,LIMA-LA VICTORIA,12/09/2026,11:00,10,,,,8.337,,,,,,,event_atomic,,screenshots\2026-08\15-08-2026\observer-cupo-ff2d22.png,screenshots\2026-08\15-08-2026\observer-cupo-ff2d22.png,Se seleccionaron una fecha y una hora disponibles.
observer-***-131002-904ae266,2026-08-15 13:10:10,,available,normal,LIMA-LA VICTORIA,12/09/2026,11:00,10,,,,8.178,,,,,,,event_atomic,,,,Se seleccionaron una fecha y una hora disponibles.
observer-***-131010-4661a8d8,2026-08-15 13:10:19,,available,normal,LIMA-LA VICTORIA,12/09/2026,11:00,10,,,,8.426,,,,,,,event_atomic,,screenshots\2026-08\15-08-2026\observer-cupo-f12ed2.png,screenshots\2026-08\15-08-2026\observer-cupo-f12ed2.png,Se seleccionaron una fecha y una hora disponibles.
observer-***-131019-451ece7c,2026-08-15 13:10:27,,available,normal,LIMA-LA VICTORIA,12/09/2026,11:00,10,,,,8.120,,,,,,,event_atomic,,,,Se seleccionaron una fecha y una hora disponibles.
observer-***-131027-f7376754,2026-08-15 13:10:35,,available,normal,LIMA-LA VICTORIA,12/09/2026,11:00,10,,,,8.440,,,,,,,event_atomic,,screenshots\2026-08\15-08-2026\observer-cupo-3823f3.png,screenshots\2026-08\15-08-2026\observer-cupo-3823f3.png,Se seleccionaron una fecha y una hora disponibles.
observer-***-131035-e57c5a66,2026-08-15 13:10:44,,available,normal,LIMA-LA VICTORIA,12/09/2026,11:00,10,,,,8.190,,,,,,,event_atomic,,,,Se seleccionaron una fecha y una hora disponibles.
observer-***-131044-95e921bd,2026-08-15 13:10:52,,available,normal,LIMA-LA VICTORIA,12/09/2026,11:00,10,,,,8.421,,,,,,,event_atomic,,screenshots\2026-08\15-08-2026\observer-cupo-966db7.png,screenshots\2026-08\15-08-2026\observer-cupo-966db7.png,Se seleccionaron una fecha y una hora disponibles.
observer-***-131052-c828cb60,2026-08-15 13:11:00,,available,normal,LIMA-LA VICTORIA,12/09/2026,12:00,10,,,,8.075,,,,,,,event_atomic,,,,Se seleccionaron una fecha y una hora disponibles.
observer-***-131101-021e82bf,2026-08-15 13:11:10,,available,normal,LIMA-LA VICTORIA,12/09/2026,12:00,10,,,,8.867,,,,,,,event_atomic,,screenshots\2026-08\15-08-2026\observer-cupo-6b1607.png,screenshots\2026-08\15-08-2026\observer-cupo-6b1607.png,Se seleccionaron una fecha y una hora disponibles.
observer-***-131110-6564367a,2026-08-15 13:11:18,,available,normal,LIMA-LA VICTORIA,12/09/2026,12:00,10,,,,8.190,,,,,,,event_atomic,,,,Se seleccionaron una fecha y una hora disponibles.
observer-***-131118-2ad37715,2026-08-15 13:11:27,,available,normal,LIMA-LA VICTORIA,12/09/2026,12:00,10,,,,8.388,,,,,,,event_atomic,,screenshots\2026-08\15-08-2026\observer-cupo-58a5b7.png,screenshots\2026-08\15-08-2026\observer-cupo-58a5b7.png,Se seleccionaron una fecha y una hora disponibles.
observer-***-131127-d1d4c2aa,2026-08-15 13:11:35,,available,normal,LIMA-LA VICTORIA,12/09/2026,12:00,10,,,,8.105,,,,,,,event_atomic,,,,Se seleccionaron una fecha y una hora disponibles.
observer-***-131135-b0b75a55,2026-08-15 13:11:43,,available,normal,LIMA-LA VICTORIA,12/09/2026,12:00,10,,,,8.453,,,,,,,event_atomic,,screenshots\2026-08\15-08-2026\observer-cupo-c42ca6.png,screenshots\2026-08\15-08-2026\observer-cupo-c42ca6.png,Se seleccionaron una fecha y una hora disponibles.
observer-***-131144-63f25de3,2026-08-15 13:11:52,,available,normal,LIMA-LA VICTORIA,12/09/2026,12:00,10,,,,8.246,,,,,,,event_atomic,,,,Se seleccionaron una fecha y una hora disponibles.
observer-***-131152-fe284b48,2026-08-15 13:12:00,,available,normal,LIMA-LA VICTORIA,12/09/2026,12:00,10,,,,8.348,,,,,,,event_atomic,,screenshots\2026-08\15-08-2026\observer-cupo-2f3ac3.png,screenshots\2026-08\15-08-2026\observer-cupo-2f3ac3.png,Se seleccionaron una fecha y una hora disponibles.
observer-***-131200-198ea65f,2026-08-15 13:12:09,,available,normal,LIMA-LA VICTORIA,12/09/2026,12:00,10,,,,8.486,,,,,,,event_atomic,,,,Se seleccionaron una fecha y una hora disponibles.
observer-***-131209-758fd09a,2026-08-15 13:12:17,,available,normal,LIMA-LA VICTORIA,12/09/2026,12:00,10,,,,8.383,,,,,,,event_atomic,,screenshots\2026-08\15-08-2026\observer-cupo-f29387.png,screenshots\2026-08\15-08-2026\observer-cupo-f29387.png,Se seleccionaron una fecha y una hora disponibles.
observer-***-131217-60ba73e3,2026-08-15 13:12:26,,available,normal,LIMA-LA VICTORIA,12/09/2026,12:00,10,,,,8.200,,,,,,,event_atomic,,,,Se seleccionaron una fecha y una hora disponibles.
***-075155-c855c579,2026-08-17 07:52:21,order-***,partial,normal,LIMA-LA VICTORIA,17/08/2026,09:00,30,blocked_by_order_rule,,,26.195,1.250,0.953,,,,,event_atomic,,screenshots\2026-08\17-08-2026\captchas\captcha-075155-order-***,screenshots\2026-08\17-08-2026\captchas\captcha-075155-order-***,"Se encontro un horario disponible, pero no cumple la regla de reserva de la orden."
***-075222-2947ff78,2026-08-17 07:53:13,order-***,available,normal,LIMA-LA VICTORIA,07/09/2026,09:00,25,,,,51.526,,,,,,,event_atomic,,screenshots\2026-08\17-08-2026\cupo-075222-order-***,screenshots\2026-08\17-08-2026\cupo-075222-order-***,Se verificaron fecha y hora seleccionables. La reserva automatica esta desactivada.
***-075315-d5a683c1,2026-08-17 07:53:19,order-***,available,normal,LIMA-LA VICTORIA,07/09/2026,09:00,25,,,,3.866,,,,,,,event_atomic,,screenshots\2026-08\17-08-2026\cupo-075315-order-***,screenshots\2026-08\17-08-2026\cupo-075315-order-***,Se verificaron fecha y hora seleccionables. La reserva automatica esta desactivada.
***-075321-e2e717f6,2026-08-17 07:53:28,order-***,completed,normal,,07/09/2026 09:00,,,,,,6.272,,,,,,,,,screenshots\2026-08\17-08-2026\etapas-075321-order-***,screenshots\2026-08\17-08-2026\etapas-075321-order-***,La etapa Separa Cita Peritaje ya esta en estado Programado. No hay una cita pendiente por reservar.
observer-***-075328-d124330c,2026-08-17 07:54:02,,available,normal,LIMA-LA VICTORIA,07/09/2026,10:00,25,,,,34.019,,,,,,,event_atomic,,screenshots\2026-08\17-08-2026\observer-cupo-3963e5.png,screenshots\2026-08\17-08-2026\observer-cupo-3963e5.png,Se seleccionaron una fecha y una hora disponibles.
observer-***-075402-f88bc1f2,2026-08-17 07:54:10,,available,normal,LIMA-LA VICTORIA,07/09/2026,10:00,25,,,,8.180,,,,,,,event_atomic,,,,Se seleccionaron una fecha y una hora disponibles.
observer-***-075411-6e5ce091,2026-08-17 07:54:19,,available,normal,LIMA-LA VICTORIA,07/09/2026,10:00,25,,,,8.329,,,,,,,event_atomic,,screenshots\2026-08\17-08-2026\observer-cupo-1919c0.png,screenshots\2026-08\17-08-2026\observer-cupo-1919c0.png,Se seleccionaron una fecha y una hora disponibles.
observer-***-075419-5620d3f4,2026-08-17 07:54:27,,available,normal,LIMA-LA VICTORIA,17/08/2026,10:00,29,,,,8.152,,,,,,,event_atomic,,,,Se seleccionaron una fecha y una hora disponibles.
observer-***-075428-18291ceb,2026-08-17 07:54:37,,available,normal,LIMA-LA VICTORIA,07/09/2026,10:00,25,,,,8.367,,,,,,,event_atomic,,screenshots\2026-08\17-08-2026\observer-cupo-a30c05.png,screenshots\2026-08\17-08-2026\observer-cupo-a30c05.png,Se seleccionaron una fecha y una hora disponibles.
observer-***-075437-9497bb41,2026-08-17 07:54:45,,available,normal,LIMA-LA VICTORIA,07/09/2026,10:00,25,,,,8.231,,,,,,,event_atomic,,,,Se seleccionaron una fecha y una hora disponibles.
observer-***-075446-62208fc6,2026-08-17 07:55:47,,available,normal,LIMA-LA VICTORIA,07/09/2026,11:00,22,,,,61.144,,,,,,,event_atomic,,screenshots\2026-08\17-08-2026\observer-cupo-6c85c2.png,screenshots\2026-08\17-08-2026\observer-cupo-6c85c2.png,Se seleccionaron una fecha y una hora disponibles.
observer-***-075547-f825da7d,2026-08-17 07:55:55,,available,normal,LIMA-LA VICTORIA,07/09/2026,11:00,22,,,,8.183,,,,,,,event_atomic,,,,Se seleccionaron una fecha y una hora disponibles.
observer-***-075556-9781fc6c,2026-08-17 07:56:11,,available,normal,LIMA-LA VICTORIA,17/08/2026,10:00,30,,,,15.096,,,,,,,event_atomic,,screenshots\2026-08\17-08-2026\observer-cupo-6f63e1.png,screenshots\2026-08\17-08-2026\observer-cupo-6f63e1.png,Se seleccionaron una fecha y una hora disponibles.
observer-***-075625-1e6e4890,2026-08-17 07:57:10,,available,normal,LIMA-LA VICTORIA,07/09/2026,11:00,25,,,,45.326,,,,,,,event_atomic,,screenshots\2026-08\17-08-2026\observer-cupo-daa58c.png,screenshots\2026-08\17-08-2026\observer-cupo-daa58c.png,Se seleccionaron una fecha y una hora disponibles.
observer-***-075710-db61a821,2026-08-17 07:57:19,,available,normal,LIMA-LA VICTORIA,07/09/2026,11:00,25,,,,8.378,,,,,,,event_atomic,,,,Se seleccionaron una fecha y una hora disponibles.
observer-***-075720-4ab22700,2026-08-17 07:57:28,,available,normal,LIMA-LA VICTORIA,07/09/2026,11:00,25,,,,8.455,,,,,,,event_atomic,,screenshots\2026-08\17-08-2026\observer-cupo-30f0a3.png,screenshots\2026-08\17-08-2026\observer-cupo-30f0a3.png,Se seleccionaron una fecha y una hora disponibles.
observer-***-075742-***,2026-08-17 07:57:51,,available,normal,LIMA-LA VICTORIA,17/08/2026,08:00,31,,,,8.663,,,,,,,event_atomic,,screenshots\2026-08\17-08-2026\observer-cupo-64c5cf.png,screenshots\2026-08\17-08-2026\observer-cupo-64c5cf.png,Se seleccionaron una fecha y una hora disponibles.
observer-***-075903-5e7433d4,2026-08-17 08:00:02,,available,normal,LIMA-LA VICTORIA,04/09/2026,09:00,25,,,,59.351,,,,,,,event_atomic,,screenshots\2026-08\17-08-2026\observer-cupo-06b243.png,screenshots\2026-08\17-08-2026\observer-cupo-06b243.png,Se seleccionaron una fecha y una hora disponibles.
observer-***-080002-46e44467,2026-08-17 08:00:10,,available,normal,LIMA-LA VICTORIA,04/09/2026,09:00,25,,,,8.284,,,,,,,event_atomic,,,,Se seleccionaron una fecha y una hora disponibles.
observer-***-080011-1d72eace,2026-08-17 08:00:20,,available,normal,LIMA-LA VICTORIA,17/08/2026,08:00,32,,,,8.488,,,,,,,event_atomic,,screenshots\2026-08\17-08-2026\observer-cupo-fe0734.png,screenshots\2026-08\17-08-2026\observer-cupo-fe0734.png,Se seleccionaron una fecha y una hora disponibles.
observer-***-080034-040accfe,2026-08-17 08:01:18,,available,normal,LIMA-LA VICTORIA,04/09/2026,10:00,22,,,,44.367,,,,,,,event_atomic,,screenshots\2026-08\17-08-2026\observer-cupo-02625d.png,screenshots\2026-08\17-08-2026\observer-cupo-02625d.png,Se seleccionaron una fecha y una hora disponibles.
observer-***-080118-c36c8604,2026-08-17 08:01:27,,available,normal,LIMA-LA VICTORIA,04/09/2026,10:00,22,,,,8.400,,,,,,,event_atomic,,,,Se seleccionaron una fecha y una hora disponibles.
observer-***-080128-f959c6a0,2026-08-17 08:01:42,,available,normal,LIMA-LA VICTORIA,17/08/2026,08:00,33,,,,14.936,,,,,,,event_atomic,,screenshots\2026-08\17-08-2026\observer-cupo-e73cbe.png,screenshots\2026-08\17-08-2026\observer-cupo-e73cbe.png,Se seleccionaron una fecha y una hora disponibles.
***-094601-532c3588,2026-08-17 09:46:24,order-***,available,normal,LIMA-LA VICTORIA,10/09/2026,10:00,20,,,,23.561,,,,,,,event_atomic,,screenshots\2026-08\17-08-2026\cupo-094601-order-***,screenshots\2026-08\17-08-2026\cupo-094601-order-***,Se verificaron fecha y hora seleccionables. La reserva automatica esta desactivada.
***-094627-2c384a9d,2026-08-17 09:46:30,order-***,available,normal,LIMA-LA VICTORIA,10/09/2026,10:00,20,,,,3.797,,,,,,,event_atomic,,screenshots\2026-08\17-08-2026\cupo-094627-order-***,screenshots\2026-08\17-08-2026\cupo-094627-order-***,Se verificaron fecha y hora seleccionables. La reserva automatica esta desactivada.
***-094632-5c70ae70,2026-08-17 09:46:36,order-***,available,normal,LIMA-LA VICTORIA,10/09/2026,10:00,20,,,,4.055,,,,,,,event_atomic,,screenshots\2026-08\17-08-2026\cupo-094632-order-***,screenshots\2026-08\17-08-2026\cupo-094632-order-***,Se verificaron fecha y hora seleccionables. La reserva automatica esta desactivada.
***-094640-269727a1,2026-08-17 09:46:44,order-***,available,normal,LIMA-LA VICTORIA,10/09/2026,10:00,20,,,,3.951,,,,,,,event_atomic,,screenshots\2026-08\17-08-2026\cupo-094640-order-***,screenshots\2026-08\17-08-2026\cupo-094640-order-***,Se verificaron fecha y hora seleccionables. La reserva automatica esta desactivada.
***-095049-cd5ec38a,2026-08-17 09:51:13,order-***,available,normal,LIMA-LA VICTORIA,11/09/2026,09:00,20,,,,23.727,,,,,,,event_atomic,,screenshots\2026-08\17-08-2026\cupo-095049-order-***,screenshots\2026-08\17-08-2026\cupo-095049-order-***,Se verificaron fecha y hora seleccionables. La reserva automatica esta desactivada.
***-095114-22d1fa01,2026-08-17 09:51:19,order-***,available,normal,LIMA-LA VICTORIA,11/09/2026,09:00,20,,,,4.479,,,,,,,event_atomic,,screenshots\2026-08\17-08-2026\cupo-095114-order-***,screenshots\2026-08\17-08-2026\cupo-095114-order-***,Se verificaron fecha y hora seleccionables. La reserva automatica esta desactivada.
***-095121-ad7ed29d,2026-08-17 09:51:26,order-***,available,normal,LIMA-LA VICTORIA,11/09/2026,09:00,20,,,,5.353,,,,,,,event_atomic,,screenshots\2026-08\17-08-2026\cupo-095121-order-***,screenshots\2026-08\17-08-2026\cupo-095121-order-***,Se verificaron fecha y hora seleccionables. La reserva automatica esta desactivada.
***-095128-9c1f31f2,2026-08-17 09:51:33,order-***,available,normal,LIMA-LA VICTORIA,11/09/2026,09:00,20,,,,4.371,,,,,,,event_atomic,,screenshots\2026-08\17-08-2026\cupo-095128-order-***,screenshots\2026-08\17-08-2026\cupo-095128-order-***,Se verificaron fecha y hora seleccionables. La reserva automatica esta desactivada.
***-095135-0b2130b3,2026-08-17 09:51:39,order-***,available,normal,LIMA-LA VICTORIA,11/09/2026,09:00,20,,,,4.152,,,,,,,event_atomic,,screenshots\2026-08\17-08-2026\cupo-095135-order-***,screenshots\2026-08\17-08-2026\cupo-095135-order-***,Se verificaron fecha y hora seleccionables. La reserva automatica esta desactivada.
***-095459-3acee6a0,2026-08-17 09:55:25,order-***,available,normal,LIMA-LA VICTORIA,26/08/2026,12:00,30,,,,26.090,,,,,,,event_atomic,,screenshots\2026-08\17-08-2026\cupo-095459-order-***,screenshots\2026-08\17-08-2026\cupo-095459-order-***,Se verificaron fecha y hora seleccionables. La reserva automatica esta desactivada.
***-095527-3c65f057,2026-08-17 09:55:31,order-***,available,normal,LIMA-LA VICTORIA,26/08/2026,12:00,30,,,,4.145,,,,,,,event_atomic,,screenshots\2026-08\17-08-2026\cupo-095527-order-***,screenshots\2026-08\17-08-2026\cupo-095527-order-***,Se verificaron fecha y hora seleccionables. La reserva automatica esta desactivada.
***-095533-07fbd640,2026-08-17 09:55:38,order-***,available,normal,LIMA-LA VICTORIA,26/08/2026,12:00,30,,,,4.737,,,,,,,event_atomic,,screenshots\2026-08\17-08-2026\cupo-095533-order-***,screenshots\2026-08\17-08-2026\cupo-095533-order-***,Se verificaron fecha y hora seleccionables. La reserva automatica esta desactivada.
***-095539-4c344b4a,2026-08-17 09:55:44,order-***,available,normal,LIMA-LA VICTORIA,26/08/2026,12:00,30,,,,4.313,,,,,,,event_atomic,,screenshots\2026-08\17-08-2026\cupo-095539-order-***,screenshots\2026-08\17-08-2026\cupo-095539-order-***,Se verificaron fecha y hora seleccionables. La reserva automatica esta desactivada.
***-095545-48eef7a8,2026-08-17 09:56:13,order-***,available,normal,LIMA-LA VICTORIA,27/08/2026,10:00,30,,,,27.202,,,,,,,event_atomic,,screenshots\2026-08\17-08-2026\cupo-095545-order-***,screenshots\2026-08\17-08-2026\cupo-095545-order-***,Se verificaron fecha y hora seleccionables. La reserva automatica esta desactivada.
***-095615-b0e851d2,2026-08-17 09:56:19,order-***,available,normal,LIMA-LA VICTORIA,27/08/2026,10:00,30,,,,4.335,,,,,,,event_atomic,,screenshots\2026-08\17-08-2026\cupo-095615-order-***,screenshots\2026-08\17-08-2026\cupo-095615-order-***,Se verificaron fecha y hora seleccionables. La reserva automatica esta desactivada.
***-095621-a2d0f73b,2026-08-17 09:56:25,order-***,available,normal,LIMA-LA VICTORIA,27/08/2026,10:00,30,,,,4.329,,,,,,,event_atomic,,screenshots\2026-08\17-08-2026\cupo-095621-order-***,screenshots\2026-08\17-08-2026\cupo-095621-order-***,Se verificaron fecha y hora seleccionables. La reserva automatica esta desactivada.
***-095627-adceb104,2026-08-17 09:56:31,order-***,available,normal,LIMA-LA VICTORIA,27/08/2026,10:00,30,,,,4.012,,,,,,,event_atomic,,screenshots\2026-08\17-08-2026\cupo-095627-order-***,screenshots\2026-08\17-08-2026\cupo-095627-order-***,Se verificaron fecha y hora seleccionables. La reserva automatica esta desactivada.
***-095954-ed241e62,2026-08-17 10:00:31,order-***,available,normal,LIMA-LA VICTORIA,11/09/2026,10:00,20,,,,36.849,,,,,,,event_atomic,,screenshots\2026-08\17-08-2026\cupo-095954-order-***,screenshots\2026-08\17-08-2026\cupo-095954-order-***,Se verificaron fecha y hora seleccionables. La reserva automatica esta desactivada.
***-100033-c8d3c679,2026-08-17 10:00:36,order-***,available,normal,LIMA-LA VICTORIA,11/09/2026,10:00,20,,,,3.924,,,,,,,event_atomic,,screenshots\2026-08\17-08-2026\cupo-100033-order-***,screenshots\2026-08\17-08-2026\cupo-100033-order-***,Se verificaron fecha y hora seleccionables. La reserva automatica esta desactivada.
***-100039-***,2026-08-17 10:00:43,order-***,available,normal,LIMA-LA VICTORIA,11/09/2026,10:00,20,,,,3.901,,,,,,,event_atomic,,screenshots\2026-08\17-08-2026\cupo-100039-order-***,screenshots\2026-08\17-08-2026\cupo-100039-order-***,Se verificaron fecha y hora seleccionables. La reserva automatica esta desactivada.
***-100045-122e4f7e,2026-08-17 10:00:49,order-***,available,normal,LIMA-LA VICTORIA,11/09/2026,10:00,20,,,,4.197,,,,,,,event_atomic,,screenshots\2026-08\17-08-2026\cupo-100045-order-***,screenshots\2026-08\17-08-2026\cupo-100045-order-***,Se verificaron fecha y hora seleccionables. La reserva automatica esta desactivada.
***-105720-6065f298,2026-08-17 10:57:58,order-***,registered,normal,LIMA-LA VICTORIA,01/09/2026,12:00,25,confirmed,portal_success_text,,37.935,3.157,0.657,0.031,0.015,0.000,0.000,event_atomic,0.297,screenshots\2026-08\17-08-2026\portal-1-105720-order-***,screenshots\2026-08\17-08-2026\portal-1-105720-order-*** | screenshots\2026-08\17-08-2026\cupo-105720-order-*** | screenshots\2026-08\17-08-2026\captchas\captcha-105720-order-*** | screenshots\2026-08\17-08-2026\diagnostics\portal-html-1-105720-order-***,La reserva fue confirmada por mensaje de exito del portal.
***-105756-f8dcbaae,2026-08-17 10:58:02,order-***,registered,normal,LIMA-LA VICTORIA,01/09/2026,12:00,25,confirmed,portal_success_text,,6.531,3.375,0.656,0.031,0.016,0.000,0.016,event_atomic,0.265,screenshots\2026-08\17-08-2026\portal-1-105756-order-***,screenshots\2026-08\17-08-2026\portal-1-105756-order-*** | screenshots\2026-08\17-08-2026\cupo-105756-order-*** | screenshots\2026-08\17-08-2026\captchas\captcha-105756-order-*** | screenshots\2026-08\17-08-2026\diagnostics\portal-html-1-105756-order-***,La reserva fue confirmada por mensaje de exito del portal.
observer-***-111014-16d223a2,2026-08-17 11:11:12,,available,normal,LIMA-LA VICTORIA,07/09/2026,08:00,23,,,,57.902,,,,,,,event_atomic,,screenshots\2026-08\17-08-2026\observer-cupo-1af44a.png,screenshots\2026-08\17-08-2026\observer-cupo-1af44a.png,Se seleccionaron una fecha y una hora disponibles.
observer-***-113205-7b0f7593,2026-08-17 11:33:07,,available,normal,LIMA-LA VICTORIA,11/09/2026,11:00,20,,,,62.625,,,,,,,event_atomic,,screenshots\2026-08\17-08-2026\observer-cupo-d10574.png,screenshots\2026-08\17-08-2026\observer-cupo-d10574.png,Se seleccionaron una fecha y una hora disponibles.
observer-***-113308-2912ab93,2026-08-17 11:33:17,,available,normal,LIMA-LA VICTORIA,11/09/2026,11:00,20,,,,8.877,,,,,,,event_atomic,,,,Se seleccionaron una fecha y una hora disponibles.
observer-***-113712-3c066678,2026-08-17 11:38:18,,available,normal,LIMA-LA VICTORIA,11/09/2026,12:00,10,,,,65.835,,,,,,,event_atomic,,screenshots\2026-08\17-08-2026\observer-cupo-a24301.png,screenshots\2026-08\17-08-2026\observer-cupo-a24301.png,Se seleccionaron una fecha y una hora disponibles.
observer-***-113818-213cce16,2026-08-17 11:38:27,,available,normal,LIMA-LA VICTORIA,11/09/2026,12:00,10,,,,8.469,,,,,,,event_atomic,,,,Se seleccionaron una fecha y una hora disponibles.
observer-***-113828-69c43980,2026-08-17 11:38:36,,available,normal,LIMA-LA VICTORIA,11/09/2026,12:00,10,,,,8.715,,,,,,,event_atomic,,screenshots\2026-08\17-08-2026\observer-cupo-4d67d8.png,screenshots\2026-08\17-08-2026\observer-cupo-4d67d8.png,Se seleccionaron una fecha y una hora disponibles.
observer-***-113836-08d984d0,2026-08-17 11:38:45,,available,normal,LIMA-LA VICTORIA,11/09/2026,12:00,10,,,,8.291,,,,,,,event_atomic,,,,Se seleccionaron una fecha y una hora disponibles.
***-121626-a4fbfde3,2026-08-17 12:17:03,order-***,registered,normal,LIMA-LA VICTORIA,11/09/2026,12:00,20,confirmed,portal_success_text,,37.161,3.312,0.687,0.062,0.016,0.016,0.016,event_atomic,0.281,screenshots\2026-08\17-08-2026\portal-1-121626-order-***,screenshots\2026-08\17-08-2026\portal-1-121626-order-*** | screenshots\2026-08\17-08-2026\cupo-121626-order-*** | screenshots\2026-08\17-08-2026\captchas\captcha-121626-order-*** | screenshots\2026-08\17-08-2026\diagnostics\portal-html-1-121626-order-***,La reserva fue confirmada por mensaje de exito del portal.
observer-***-121713-161ce734,2026-08-17 12:17:23,,available,normal,LIMA-LA VICTORIA,11/09/2026,12:00,20,,,,9.699,,,,,,,event_atomic,,screenshots\2026-08\17-08-2026\observer-cupo-5c9605.png,screenshots\2026-08\17-08-2026\observer-cupo-5c9605.png,Se seleccionaron una fecha y una hora disponibles.
observer-***-121723-cbe4b0db,2026-08-17 12:17:32,,available,normal,LIMA-LA VICTORIA,11/09/2026,12:00,20,,,,9.180,,,,,,,event_atomic,,,,Se seleccionaron una fecha y una hora disponibles.
observer-***-122133-61faea79,2026-08-17 12:22:53,,error,normal,,,,,,,network,79.687,,,,,,,,,screenshots\2026-08\17-08-2026\observer-error-panel-citas-5f3613.png,,"Locator.wait_for: Timeout 30000ms exceeded.
Call log:
  - waiting for locator(""#MainContent_idUcitas_cbosede"")"
observer-***-123558-c4fc8b6e,2026-08-17 12:36:28,,available,normal,LIMA-LA VICTORIA,11/09/2026,09:00,25,,,,30.247,,,,,,,event_atomic,,screenshots\2026-08\17-08-2026\observer-cupo-1a1ef3.png,screenshots\2026-08\17-08-2026\observer-cupo-1a1ef3.png,Se seleccionaron una fecha y una hora disponibles.
observer-***-123628-eb8face4,2026-08-17 12:36:36,,available,normal,LIMA-LA VICTORIA,11/09/2026,09:00,25,,,,8.561,,,,,,,event_atomic,,,,Se seleccionaron una fecha y una hora disponibles.
observer-***-123637-0b888f8c,2026-08-17 12:36:46,,available,normal,LIMA-LA VICTORIA,11/09/2026,09:00,25,,,,8.761,,,,,,,event_atomic,,screenshots\2026-08\17-08-2026\observer-cupo-143e6b.png,screenshots\2026-08\17-08-2026\observer-cupo-143e6b.png,Se seleccionaron una fecha y una hora disponibles.
observer-***-123646-04ee8ffb,2026-08-17 12:36:55,,available,normal,LIMA-LA VICTORIA,11/09/2026,09:00,25,,,,8.372,,,,,,,event_atomic,,,,Se seleccionaron una fecha y una hora disponibles.
***-093558-551d83f6,2026-08-18 09:36:13,order-***,partial,normal,LIMA-LA VICTORIA,02/09/2026,11:00,20,blocked_by_order_rule,,,14.822,1.406,0.984,,,,,event_atomic,,screenshots\2026-08\18-08-2026\captchas\captcha-093558-order-***,screenshots\2026-08\18-08-2026\captchas\captcha-093558-order-***,"Se encontro un horario disponible, pero no cumple la regla de reserva de la orden."
***-093613-7b749b5d,2026-08-18 09:36:38,order-***,unavailable,slot_lost_reobservation,LIMA-LA VICTORIA,02/09/2026,11:00,22,slot_lost,,,24.566,4.359,0.796,0.032,0.016,0.016,0.016,event_atomic,0.109,screenshots\2026-08\18-08-2026\portal-1-093613-order-***,screenshots\2026-08\18-08-2026\portal-1-093613-order-*** | screenshots\2026-08\18-08-2026\portal-1-093613-order-*** | screenshots\2026-08\18-08-2026\cupo-093613-order-*** | screenshots\2026-08\18-08-2026\cupo-093613-order-*** | screenshots\2026-08\18-08-2026\captchas\captcha-093613-order-*** | screenshots\2026-08\18-08-2026\diagnostics\portal-html-1-093613-order-***,El cupo dejo de estar disponible antes de completar la reserva.
***-093638-4c301cbf,2026-08-18 09:37:18,order-***,registered,normal,LIMA-LA VICTORIA,07/09/2026,12:00,15,confirmed,portal_success_text,,39.965,3.578,0.750,0.031,0.016,0.016,0.016,event_atomic,0.282,screenshots\2026-08\18-08-2026\portal-1-093638-order-***,screenshots\2026-08\18-08-2026\portal-1-093638-order-*** | screenshots\2026-08\18-08-2026\cupo-093638-order-*** | screenshots\2026-08\18-08-2026\captchas\captcha-093638-order-*** | screenshots\2026-08\18-08-2026\diagnostics\portal-html-1-093638-order-***,La reserva fue confirmada por mensaje de exito del portal.
***-093715-9f48edce,2026-08-18 09:37:36,order-***,unavailable,normal,LIMA-LA VICTORIA,07/09/2026,12:00,15,slot_lost,,,20.517,3.954,0.688,0.031,0.015,0.015,0.015,event_atomic,0.156,screenshots\2026-08\18-08-2026\portal-1-093715-order-***,screenshots\2026-08\18-08-2026\portal-1-093715-order-*** | screenshots\2026-08\18-08-2026\cupo-093715-order-*** | screenshots\2026-08\18-08-2026\captchas\captcha-093715-order-*** | screenshots\2026-08\18-08-2026\diagnostics\portal-html-1-093715-order-***,El cupo dejo de estar disponible antes de completar la reserva.
***-093751-3a529461,2026-08-18 09:38:39,order-***,registered,normal,LIMA-LA VICTORIA,25/08/2026,12:00,30,confirmed,portal_success_text,,48.117,3.625,0.688,0.031,0.015,0.000,0.015,event_atomic,0.281,screenshots\2026-08\18-08-2026\portal-1-093751-order-***,screenshots\2026-08\18-08-2026\portal-1-093751-order-*** | screenshots\2026-08\18-08-2026\cupo-093751-order-*** | screenshots\2026-08\18-08-2026\captchas\captcha-093751-order-*** | screenshots\2026-08\18-08-2026\diagnostics\portal-html-1-093751-order-***,La reserva fue confirmada por mensaje de exito del portal.
***-093836-b529d8ed,2026-08-18 09:38:55,order-***,unavailable,normal,LIMA-LA VICTORIA,25/08/2026,12:00,30,slot_lost,,,18.936,3.578,0.687,0.032,0.016,0.000,0.000,event_atomic,0.109,screenshots\2026-08\18-08-2026\portal-1-093836-order-***,screenshots\2026-08\18-08-2026\portal-1-093836-order-*** | screenshots\2026-08\18-08-2026\cupo-093836-order-*** | screenshots\2026-08\18-08-2026\captchas\captcha-093836-order-*** | screenshots\2026-08\18-08-2026\diagnostics\portal-html-1-093836-order-***,El cupo dejo de estar disponible antes de completar la reserva.
***-093907-79bc4b31,2026-08-18 09:39:35,order-***,registered,normal,LIMA-LA VICTORIA,28/08/2026,12:00,30,confirmed,portal_success_text,,27.623,4.063,0.672,0.094,0.032,0.000,0.000,event_atomic,0.282,screenshots\2026-08\18-08-2026\portal-1-093907-order-***,screenshots\2026-08\18-08-2026\portal-1-093907-order-*** | screenshots\2026-08\18-08-2026\cupo-093907-order-*** | screenshots\2026-08\18-08-2026\captchas\captcha-093907-order-*** | screenshots\2026-08\18-08-2026\diagnostics\portal-html-1-093907-order-***,La reserva fue confirmada por mensaje de exito del portal.
***-093932-3667a995,2026-08-18 09:39:52,order-***,unavailable,normal,LIMA-LA VICTORIA,28/08/2026,12:00,30,slot_lost,,,19.696,3.219,0.672,0.032,0.016,0.000,0.015,event_atomic,0.093,screenshots\2026-08\18-08-2026\portal-1-093932-order-***,screenshots\2026-08\18-08-2026\portal-1-093932-order-*** | screenshots\2026-08\18-08-2026\cupo-093932-order-*** | screenshots\2026-08\18-08-2026\captchas\captcha-093932-order-*** | screenshots\2026-08\18-08-2026\diagnostics\portal-html-1-093932-order-***,El cupo dejo de estar disponible antes de completar la reserva.
***-094820-eedaea73,2026-08-18 09:49:06,order-***,registered,normal,LIMA-LA VICTORIA,01/09/2026,10:00,30,confirmed,portal_success_text,,46.107,3.484,0.672,0.016,0.016,0.000,0.016,event_atomic,0.296,screenshots\2026-08\18-08-2026\portal-1-094820-order-***,screenshots\2026-08\18-08-2026\portal-1-094820-order-*** | screenshots\2026-08\18-08-2026\cupo-094820-order-*** | screenshots\2026-08\18-08-2026\captchas\captcha-094820-order-*** | screenshots\2026-08\18-08-2026\diagnostics\portal-html-1-094820-order-***,La reserva fue confirmada por mensaje de exito del portal.
***-094903-38ae17a4,2026-08-18 09:49:10,order-***,registered,normal,LIMA-LA VICTORIA,01/09/2026,10:00,30,confirmed,portal_success_text,,6.670,3.532,0.688,0.015,0.015,0.000,0.000,event_atomic,0.297,screenshots\2026-08\18-08-2026\portal-1-094903-order-***,screenshots\2026-08\18-08-2026\portal-1-094903-order-*** | screenshots\2026-08\18-08-2026\cupo-094903-order-*** | screenshots\2026-08\18-08-2026\captchas\captcha-094903-order-*** | screenshots\2026-08\18-08-2026\diagnostics\portal-html-1-094903-order-***,La reserva fue confirmada por mensaje de exito del portal.
***-094929-10239a7a,2026-08-18 09:49:40,order-***,partial,normal,LIMA-LA VICTORIA,02/09/2026,08:00,30,blocked_by_order_rule,,,10.884,1.172,0.984,,,,,event_atomic,,screenshots\2026-08\18-08-2026\captchas\captcha-094929-order-***,screenshots\2026-08\18-08-2026\captchas\captcha-094929-order-***,"Se encontro un horario disponible, pero no cumple la regla de reserva de la orden."
***-094940-c4b1ade7,2026-08-18 09:49:44,order-***,partial,normal,LIMA-LA VICTORIA,02/09/2026,08:00,30,blocked_by_order_rule,,,4.214,1.188,0.969,,,,,event_atomic,,screenshots\2026-08\18-08-2026\captchas\captcha-094940-order-***,screenshots\2026-08\18-08-2026\captchas\captcha-094940-order-***,"Se encontro un horario disponible, pero no cumple la regla de reserva de la orden."
***-094944-b09ee5b7,2026-08-18 09:49:49,order-***,partial,normal,LIMA-LA VICTORIA,02/09/2026,08:00,30,blocked_by_order_rule,,,4.580,1.187,0.953,,,,,event_atomic,,screenshots\2026-08\18-08-2026\captchas\captcha-094944-order-***,screenshots\2026-08\18-08-2026\captchas\captcha-094944-order-***,"Se encontro un horario disponible, pero no cumple la regla de reserva de la orden."
***-094949-***,2026-08-18 09:50:09,order-***,partial,normal,LIMA-LA VICTORIA,02/09/2026,09:00,30,blocked_by_order_rule,,,20.643,1.141,0.953,,,,,event_atomic,,screenshots\2026-08\18-08-2026\captchas\captcha-094949-order-***,screenshots\2026-08\18-08-2026\captchas\captcha-094949-order-***,"Se encontro un horario disponible, pero no cumple la regla de reserva de la orden."
***-095010-192f48ef,2026-08-18 09:50:14,order-***,partial,normal,LIMA-LA VICTORIA,02/09/2026,09:00,30,blocked_by_order_rule,,,4.080,1.141,0.984,,,,,event_atomic,,screenshots\2026-08\18-08-2026\captchas\captcha-095010-order-***,screenshots\2026-08\18-08-2026\captchas\captcha-095010-order-***,"Se encontro un horario disponible, pero no cumple la regla de reserva de la orden."
***-095014-45b17a1a,2026-08-18 09:50:18,order-***,partial,normal,LIMA-LA VICTORIA,02/09/2026,09:00,30,blocked_by_order_rule,,,4.041,1.141,0.984,,,,,event_atomic,,screenshots\2026-08\18-08-2026\captchas\captcha-095014-order-***,screenshots\2026-08\18-08-2026\captchas\captcha-095014-order-***,"Se encontro un horario disponible, pero no cumple la regla de reserva de la orden."
***-095018-2787a4b4,2026-08-18 09:50:22,order-***,partial,normal,LIMA-LA VICTORIA,02/09/2026,09:00,30,blocked_by_order_rule,,,4.037,1.140,0.953,,,,,event_atomic,,screenshots\2026-08\18-08-2026\captchas\captcha-095018-order-***,screenshots\2026-08\18-08-2026\captchas\captcha-095018-order-***,"Se encontro un horario disponible, pero no cumple la regla de reserva de la orden."
***-095022-cae90f07,2026-08-18 09:50:26,order-***,partial,normal,LIMA-LA VICTORIA,02/09/2026,09:00,30,blocked_by_order_rule,,,4.109,1.204,0.969,,,,,event_atomic,,screenshots\2026-08\18-08-2026\captchas\captcha-095022-order-***,screenshots\2026-08\18-08-2026\captchas\captcha-095022-order-***,"Se encontro un horario disponible, pero no cumple la regla de reserva de la orden."
***-095026-a816eb71,2026-08-18 09:50:30,order-***,partial,normal,LIMA-LA VICTORIA,02/09/2026,09:00,30,blocked_by_order_rule,,,4.047,1.156,0.969,,,,,event_atomic,,screenshots\2026-08\18-08-2026\captchas\captcha-095026-order-***,screenshots\2026-08\18-08-2026\captchas\captcha-095026-order-***,"Se encontro un horario disponible, pero no cumple la regla de reserva de la orden."
***-095030-fbeab267,2026-08-18 09:51:17,order-***,partial,normal,LIMA-LA VICTORIA,02/09/2026,10:00,30,blocked_by_order_rule,,,46.545,1.125,0.938,,,,,event_atomic,,screenshots\2026-08\18-08-2026\captchas\captcha-095030-order-***,screenshots\2026-08\18-08-2026\captchas\captcha-095030-order-***,"Se encontro un horario disponible, pero no cumple la regla de reserva de la orden."
***-095117-d43e86dc,2026-08-18 09:51:21,order-***,partial,normal,LIMA-LA VICTORIA,02/09/2026,10:00,30,blocked_by_order_rule,,,4.066,1.125,0.953,,,,,event_atomic,,screenshots\2026-08\18-08-2026\captchas\captcha-095117-order-***,screenshots\2026-08\18-08-2026\captchas\captcha-095117-order-***,"Se encontro un horario disponible, pero no cumple la regla de reserva de la orden."
***-095121-66c24aee,2026-08-18 09:51:25,order-***,partial,normal,LIMA-LA VICTORIA,02/09/2026,10:00,30,blocked_by_order_rule,,,4.108,1.141,0.953,,,,,event_atomic,,screenshots\2026-08\18-08-2026\captchas\captcha-095121-order-***,screenshots\2026-08\18-08-2026\captchas\captcha-095121-order-***,"Se encontro un horario disponible, pero no cumple la regla de reserva de la orden."
***-095125-fab19f40,2026-08-18 09:51:29,order-***,partial,normal,LIMA-LA VICTORIA,02/09/2026,10:00,30,blocked_by_order_rule,,,4.000,1.141,0.969,,,,,event_atomic,,screenshots\2026-08\18-08-2026\captchas\captcha-095125-order-***,screenshots\2026-08\18-08-2026\captchas\captcha-095125-order-***,"Se encontro un horario disponible, pero no cumple la regla de reserva de la orden."
***-095130-3aed2a2e,2026-08-18 09:51:34,order-***,partial,normal,LIMA-LA VICTORIA,02/09/2026,10:00,30,blocked_by_order_rule,,,4.077,1.172,0.984,,,,,event_atomic,,screenshots\2026-08\18-08-2026\captchas\captcha-095130-order-***,screenshots\2026-08\18-08-2026\captchas\captcha-095130-order-***,"Se encontro un horario disponible, pero no cumple la regla de reserva de la orden."
***-095134-418ebf22,2026-08-18 09:51:38,order-***,partial,normal,LIMA-LA VICTORIA,02/09/2026,10:00,30,blocked_by_order_rule,,,4.093,1.140,0.984,,,,,event_atomic,,screenshots\2026-08\18-08-2026\captchas\captcha-095134-order-***,screenshots\2026-08\18-08-2026\captchas\captcha-095134-order-***,"Se encontro un horario disponible, pero no cumple la regla de reserva de la orden."
***-095138-ceb18d95,2026-08-18 09:51:42,order-***,partial,normal,LIMA-LA VICTORIA,02/09/2026,10:00,30,blocked_by_order_rule,,,4.107,1.125,0.953,,,,,event_atomic,,screenshots\2026-08\18-08-2026\captchas\captcha-095138-order-***,screenshots\2026-08\18-08-2026\captchas\captcha-095138-order-***,"Se encontro un horario disponible, pero no cumple la regla de reserva de la orden."
***-095958-b7c2b5c7,2026-08-18 10:00:25,order-***,registered,normal,LIMA-LA VICTORIA,04/09/2026,09:00,30,confirmed,portal_success_text,,26.684,3.078,0.656,0.016,0.015,0.000,0.016,event_atomic,0.281,screenshots\2026-08\18-08-2026\portal-1-095958-order-***,screenshots\2026-08\18-08-2026\portal-1-095958-order-*** | screenshots\2026-08\18-08-2026\cupo-095958-order-*** | screenshots\2026-08\18-08-2026\captchas\captcha-095958-order-*** | screenshots\2026-08\18-08-2026\diagnostics\portal-html-1-095958-order-***,La reserva fue confirmada por mensaje de exito del portal.
***-100025-61350c73,2026-08-18 10:00:29,order-***,partial,normal,LIMA-LA VICTORIA,04/09/2026,09:00,30,blocked_by_order_rule,,,4.251,1.187,0.953,,,,,event_atomic,,screenshots\2026-08\18-08-2026\captchas\captcha-100025-order-***,screenshots\2026-08\18-08-2026\captchas\captcha-100025-order-***,"Se encontro un horario disponible, pero no cumple la regla de reserva de la orden."
***-100038-1d7eb098,2026-08-18 10:01:04,order-***,partial,normal,LIMA-LA VICTORIA,04/09/2026,10:00,30,blocked_by_order_rule,,,25.232,1.219,1.031,,,,,event_atomic,,screenshots\2026-08\18-08-2026\captchas\captcha-100038-order-***,screenshots\2026-08\18-08-2026\captchas\captcha-100038-order-***,"Se encontro un horario disponible, pero no cumple la regla de reserva de la orden."
***-100104-2285f09b,2026-08-18 10:01:08,order-***,partial,normal,LIMA-LA VICTORIA,04/09/2026,10:00,30,blocked_by_order_rule,,,4.281,1.235,1.031,,,,,event_atomic,,screenshots\2026-08\18-08-2026\captchas\captcha-100104-order-***,screenshots\2026-08\18-08-2026\captchas\captcha-100104-order-***,"Se encontro un horario disponible, pero no cumple la regla de reserva de la orden."
***-100108-4fa4b9c0,2026-08-18 10:01:12,order-***,partial,normal,LIMA-LA VICTORIA,04/09/2026,10:00,30,blocked_by_order_rule,,,4.118,1.157,0.985,,,,,event_atomic,,screenshots\2026-08\18-08-2026\captchas\captcha-100108-order-***,screenshots\2026-08\18-08-2026\captchas\captcha-100108-order-***,"Se encontro un horario disponible, pero no cumple la regla de reserva de la orden."
***-100112-f62d05a8,2026-08-18 10:01:17,order-***,partial,normal,LIMA-LA VICTORIA,04/09/2026,10:00,30,blocked_by_order_rule,,,4.235,1.141,0.938,,,,,event_atomic,,screenshots\2026-08\18-08-2026\captchas\captcha-100112-order-***,screenshots\2026-08\18-08-2026\captchas\captcha-100112-order-***,"Se encontro un horario disponible, pero no cumple la regla de reserva de la orden."
***-100117-b2d824d0,2026-08-18 10:01:21,order-***,partial,normal,LIMA-LA VICTORIA,04/09/2026,10:00,30,blocked_by_order_rule,,,4.108,1.110,0.922,,,,,event_atomic,,screenshots\2026-08\18-08-2026\captchas\captcha-100117-order-***,screenshots\2026-08\18-08-2026\captchas\captcha-100117-order-***,"Se encontro un horario disponible, pero no cumple la regla de reserva de la orden."
***-100121-7c450b03,2026-08-18 10:01:25,order-***,partial,normal,LIMA-LA VICTORIA,04/09/2026,10:00,30,blocked_by_order_rule,,,4.164,1.156,1.000,,,,,event_atomic,,screenshots\2026-08\18-08-2026\captchas\captcha-100121-order-***,screenshots\2026-08\18-08-2026\captchas\captcha-100121-order-***,"Se encontro un horario disponible, pero no cumple la regla de reserva de la orden."
***-100125-551111c3,2026-08-18 10:01:57,order-***,registered,normal,LIMA-LA VICTORIA,07/09/2026,08:00,30,confirmed,portal_success_text,,31.329,3.656,0.672,0.016,0.000,0.000,0.000,event_atomic,0.266,screenshots\2026-08\18-08-2026\portal-1-100125-order-***,screenshots\2026-08\18-08-2026\portal-1-100125-order-*** | screenshots\2026-08\18-08-2026\cupo-100125-order-*** | screenshots\2026-08\18-08-2026\captchas\captcha-100125-order-*** | screenshots\2026-08\18-08-2026\diagnostics\portal-html-1-100125-order-***,La reserva fue confirmada por mensaje de exito del portal.
observer-***-100206-992717dc,2026-08-18 10:02:15,,available,normal,LIMA-LA VICTORIA,07/09/2026,08:00,30,,,,8.950,,,,,,,event_atomic,,screenshots\2026-08\18-08-2026\observer-cupo-0c7630.png,screenshots\2026-08\18-08-2026\observer-cupo-0c7630.png,Se seleccionaron una fecha y una hora disponibles.
observer-***-100918-92d97632,2026-08-18 10:10:20,,available,normal,LIMA-LA VICTORIA,14/09/2026,08:00,10,,,,62.013,,,,,,,event_atomic,,screenshots\2026-08\18-08-2026\observer-cupo-77fc84.png,screenshots\2026-08\18-08-2026\observer-cupo-77fc84.png,Se seleccionaron una fecha y una hora disponibles.
observer-***-101020-6360d9ac,2026-08-18 10:10:29,,available,normal,LIMA-LA VICTORIA,14/09/2026,08:00,10,,,,8.601,,,,,,,event_atomic,,,,Se seleccionaron una fecha y una hora disponibles.
observer-***-101030-4383337b,2026-08-18 10:10:39,,available,normal,LIMA-LA VICTORIA,14/09/2026,08:00,10,,,,8.987,,,,,,,event_atomic,,screenshots\2026-08\18-08-2026\observer-cupo-2fda2b.png,screenshots\2026-08\18-08-2026\observer-cupo-2fda2b.png,Se seleccionaron una fecha y una hora disponibles.
observer-***-101039-ade23022,2026-08-18 10:10:47,,available,normal,LIMA-LA VICTORIA,14/09/2026,08:00,10,,,,8.389,,,,,,,event_atomic,,,,Se seleccionaron una fecha y una hora disponibles.
observer-***-101047-c2770829,2026-08-18 10:10:56,,available,normal,LIMA-LA VICTORIA,14/09/2026,08:00,10,,,,8.774,,,,,,,event_atomic,,screenshots\2026-08\18-08-2026\observer-cupo-6f601c.png,screenshots\2026-08\18-08-2026\observer-cupo-6f601c.png,Se seleccionaron una fecha y una hora disponibles.
observer-***-101056-1b99d58c,2026-08-18 10:11:05,,available,normal,LIMA-LA VICTORIA,14/09/2026,08:00,10,,,,8.533,,,,,,,event_atomic,,,,Se seleccionaron una fecha y una hora disponibles.
observer-***-101105-accce34c,2026-08-18 10:11:14,,available,normal,LIMA-LA VICTORIA,14/09/2026,08:00,10,,,,8.719,,,,,,,event_atomic,,screenshots\2026-08\18-08-2026\observer-cupo-1bb90d.png,screenshots\2026-08\18-08-2026\observer-cupo-1bb90d.png,Se seleccionaron una fecha y una hora disponibles.
observer-***-101114-f998220a,2026-08-18 10:11:22,,available,normal,LIMA-LA VICTORIA,14/09/2026,08:00,10,,,,8.663,,,,,,,event_atomic,,,,Se seleccionaron una fecha y una hora disponibles.
observer-***-102512-997d08ed,2026-08-18 10:26:00,,available,normal,LIMA-LA VICTORIA,14/09/2026,08:00,15,,,,48.260,,,,,,,event_atomic,,screenshots\2026-08\18-08-2026\observer-cupo-ba8133.png,screenshots\2026-08\18-08-2026\observer-cupo-ba8133.png,Se seleccionaron una fecha y una hora disponibles.
observer-***-102601-ac345167,2026-08-18 10:26:09,,available,normal,LIMA-LA VICTORIA,18/08/2026,12:00,33,,,,8.349,,,,,,,event_atomic,,,,Se seleccionaron una fecha y una hora disponibles.
observer-***-102610-3e7074f1,2026-08-18 10:26:19,,available,normal,LIMA-LA VICTORIA,14/09/2026,08:00,15,,,,8.950,,,,,,,event_atomic,,screenshots\2026-08\18-08-2026\observer-cupo-75d4e0.png,screenshots\2026-08\18-08-2026\observer-cupo-75d4e0.png,Se seleccionaron una fecha y una hora disponibles.
observer-***-102619-e56eb210,2026-08-18 10:26:27,,available,normal,LIMA-LA VICTORIA,14/09/2026,08:00,15,,,,8.633,,,,,,,event_atomic,,,,Se seleccionaron una fecha y una hora disponibles.
observer-***-104217-c768a4e2,2026-08-18 10:43:04,,available,normal,LIMA-LA VICTORIA,12/09/2026,08:00,20,,,,47.197,,,,,,,event_atomic,,screenshots\2026-08\18-08-2026\observer-cupo-7cc443.png,screenshots\2026-08\18-08-2026\observer-cupo-7cc443.png,Se seleccionaron una fecha y una hora disponibles.
observer-***-104305-58ff2667,2026-08-18 10:43:13,,available,normal,LIMA-LA VICTORIA,12/09/2026,08:00,20,,,,8.436,,,,,,,event_atomic,,,,Se seleccionaron una fecha y una hora disponibles.
observer-***-104314-344a8d97,2026-08-18 10:43:23,,available,normal,LIMA-LA VICTORIA,12/09/2026,08:00,20,,,,8.810,,,,,,,event_atomic,,screenshots\2026-08\18-08-2026\observer-cupo-11c2ab.png,screenshots\2026-08\18-08-2026\observer-cupo-11c2ab.png,Se seleccionaron una fecha y una hora disponibles.
observer-***-104323-8dd72cbd,2026-08-18 10:43:31,,available,normal,LIMA-LA VICTORIA,12/09/2026,08:00,20,,,,8.402,,,,,,,event_atomic,,,,Se seleccionaron una fecha y una hora disponibles.
observer-***-104332-b82d7ff4,2026-08-18 10:43:41,,available,normal,LIMA-LA VICTORIA,12/09/2026,08:00,20,,,,8.799,,,,,,,event_atomic,,screenshots\2026-08\18-08-2026\observer-cupo-1fc12d.png,screenshots\2026-08\18-08-2026\observer-cupo-1fc12d.png,Se seleccionaron una fecha y una hora disponibles.
observer-***-104341-ac07ec84,2026-08-18 10:43:50,,available,normal,LIMA-LA VICTORIA,12/09/2026,08:00,20,,,,8.572,,,,,,,event_atomic,,,,Se seleccionaron una fecha y una hora disponibles.
observer-***-104350-10c3f6ff,2026-08-18 10:43:58,,available,normal,LIMA-LA VICTORIA,12/09/2026,09:00,20,,,,8.602,,,,,,,event_atomic,,screenshots\2026-08\18-08-2026\observer-cupo-8cee98.png,screenshots\2026-08\18-08-2026\observer-cupo-8cee98.png,Se seleccionaron una fecha y una hora disponibles.
observer-***-104358-7ea055d0,2026-08-18 10:44:07,,available,normal,LIMA-LA VICTORIA,12/09/2026,09:00,20,,,,8.394,,,,,,,event_atomic,,,,Se seleccionaron una fecha y una hora disponibles.
observer-***-104408-5530d4b8,2026-08-18 10:44:17,,available,normal,LIMA-LA VICTORIA,12/09/2026,09:00,20,,,,9.233,,,,,,,event_atomic,,screenshots\2026-08\18-08-2026\observer-cupo-a108de.png,screenshots\2026-08\18-08-2026\observer-cupo-a108de.png,Se seleccionaron una fecha y una hora disponibles.
observer-***-104417-a1da891d,2026-08-18 10:44:25,,available,normal,LIMA-LA VICTORIA,12/09/2026,09:00,20,,,,8.394,,,,,,,event_atomic,,,,Se seleccionaron una fecha y una hora disponibles.
observer-***-104426-a9d3234f,2026-08-18 10:44:35,,available,normal,LIMA-LA VICTORIA,12/09/2026,09:00,20,,,,8.915,,,,,,,event_atomic,,screenshots\2026-08\18-08-2026\observer-cupo-fd6bad.png,screenshots\2026-08\18-08-2026\observer-cupo-fd6bad.png,Se seleccionaron una fecha y una hora disponibles.
observer-***-104435-***,2026-08-18 10:44:44,,available,normal,LIMA-LA VICTORIA,12/09/2026,09:00,20,,,,8.492,,,,,,,event_atomic,,,,Se seleccionaron una fecha y una hora disponibles.
observer-***-104445-379898e2,2026-08-18 10:44:53,,available,normal,LIMA-LA VICTORIA,12/09/2026,09:00,20,,,,8.819,,,,,,,event_atomic,,screenshots\2026-08\18-08-2026\observer-cupo-312d5a.png,screenshots\2026-08\18-08-2026\observer-cupo-312d5a.png,Se seleccionaron una fecha y una hora disponibles.
observer-***-104454-eafb9a5b,2026-08-18 10:45:02,,available,normal,LIMA-LA VICTORIA,12/09/2026,09:00,20,,,,8.541,,,,,,,event_atomic,,,,Se seleccionaron una fecha y una hora disponibles.
observer-***-104502-be4260f8,2026-08-18 10:45:11,,available,normal,LIMA-LA VICTORIA,12/09/2026,10:00,20,,,,8.692,,,,,,,event_atomic,,screenshots\2026-08\18-08-2026\observer-cupo-2ec806.png,screenshots\2026-08\18-08-2026\observer-cupo-2ec806.png,Se seleccionaron una fecha y una hora disponibles.
observer-***-104511-95fab5c8,2026-08-18 10:45:19,,available,normal,LIMA-LA VICTORIA,12/09/2026,10:00,20,,,,8.448,,,,,,,event_atomic,,,,Se seleccionaron una fecha y una hora disponibles.
observer-***-104520-87eea5db,2026-08-18 10:45:29,,available,normal,LIMA-LA VICTORIA,12/09/2026,10:00,20,,,,8.851,,,,,,,event_atomic,,screenshots\2026-08\18-08-2026\observer-cupo-bdd41f.png,screenshots\2026-08\18-08-2026\observer-cupo-bdd41f.png,Se seleccionaron una fecha y una hora disponibles.
observer-***-104529-fc9bbaac,2026-08-18 10:45:38,,available,normal,LIMA-LA VICTORIA,12/09/2026,10:00,20,,,,8.445,,,,,,,event_atomic,,,,Se seleccionaron una fecha y una hora disponibles.
observer-***-104538-f6ec83df,2026-08-18 10:45:47,,available,normal,LIMA-LA VICTORIA,12/09/2026,10:00,20,,,,9.231,,,,,,,event_atomic,,screenshots\2026-08\18-08-2026\observer-cupo-da6c97.png,screenshots\2026-08\18-08-2026\observer-cupo-da6c97.png,Se seleccionaron una fecha y una hora disponibles.
observer-***-104547-d1cbc140,2026-08-18 10:45:56,,available,normal,LIMA-LA VICTORIA,12/09/2026,10:00,20,,,,8.383,,,,,,,event_atomic,,,,Se seleccionaron una fecha y una hora disponibles.
observer-***-104556-6299b515,2026-08-18 10:46:04,,available,normal,LIMA-LA VICTORIA,12/09/2026,10:00,20,,,,8.791,,,,,,,event_atomic,,screenshots\2026-08\18-08-2026\observer-cupo-5878c2.png,screenshots\2026-08\18-08-2026\observer-cupo-5878c2.png,Se seleccionaron una fecha y una hora disponibles.
observer-***-104605-46b1f6e7,2026-08-18 10:46:13,,available,normal,LIMA-LA VICTORIA,12/09/2026,10:00,20,,,,8.423,,,,,,,event_atomic,,,,Se seleccionaron una fecha y una hora disponibles.
observer-***-104613-1d734885,2026-08-18 10:46:22,,available,normal,LIMA-LA VICTORIA,12/09/2026,10:00,20,,,,8.792,,,,,,,event_atomic,,screenshots\2026-08\18-08-2026\observer-cupo-8f6326.png,screenshots\2026-08\18-08-2026\observer-cupo-8f6326.png,Se seleccionaron una fecha y una hora disponibles.
observer-***-104622-32d4c3a0,2026-08-18 10:46:30,,available,normal,LIMA-LA VICTORIA,12/09/2026,10:00,20,,,,8.368,,,,,,,event_atomic,,,,Se seleccionaron una fecha y una hora disponibles.
observer-***-104631-7878d0a9,2026-08-18 10:46:39,,available,normal,LIMA-LA VICTORIA,12/09/2026,10:00,20,,,,8.742,,,,,,,event_atomic,,screenshots\2026-08\18-08-2026\observer-cupo-24ed4b.png,screenshots\2026-08\18-08-2026\observer-cupo-24ed4b.png,Se seleccionaron una fecha y una hora disponibles.
observer-***-104639-c6317a51,2026-08-18 10:46:48,,available,normal,LIMA-LA VICTORIA,12/09/2026,11:00,20,,,,8.375,,,,,,,event_atomic,,,,Se seleccionaron una fecha y una hora disponibles.
observer-***-104649-0022200c,2026-08-18 10:46:57,,available,normal,LIMA-LA VICTORIA,12/09/2026,11:00,20,,,,8.783,,,,,,,event_atomic,,screenshots\2026-08\18-08-2026\observer-cupo-b90b95.png,screenshots\2026-08\18-08-2026\observer-cupo-b90b95.png,Se seleccionaron una fecha y una hora disponibles.
observer-***-104658-01338a52,2026-08-18 10:47:06,,available,normal,LIMA-LA VICTORIA,12/09/2026,11:00,20,,,,8.447,,,,,,,event_atomic,,,,Se seleccionaron una fecha y una hora disponibles.
observer-***-104706-4d333d57,2026-08-18 10:47:15,,available,normal,LIMA-LA VICTORIA,12/09/2026,11:00,20,,,,8.991,,,,,,,event_atomic,,screenshots\2026-08\18-08-2026\observer-cupo-f0c45f.png,screenshots\2026-08\18-08-2026\observer-cupo-f0c45f.png,Se seleccionaron una fecha y una hora disponibles.
observer-***-104715-8a982ff0,2026-08-18 10:47:24,,available,normal,LIMA-LA VICTORIA,12/09/2026,11:00,20,,,,8.370,,,,,,,event_atomic,,,,Se seleccionaron una fecha y una hora disponibles.
observer-***-104724-53d6a3f8,2026-08-18 10:47:33,,available,normal,LIMA-LA VICTORIA,12/09/2026,11:00,20,,,,8.780,,,,,,,event_atomic,,screenshots\2026-08\18-08-2026\observer-cupo-b92bf7.png,screenshots\2026-08\18-08-2026\observer-cupo-b92bf7.png,Se seleccionaron una fecha y una hora disponibles.
observer-***-104733-f1247c0d,2026-08-18 10:47:41,,available,normal,LIMA-LA VICTORIA,12/09/2026,11:00,20,,,,8.383,,,,,,,event_atomic,,,,Se seleccionaron una fecha y una hora disponibles.
observer-***-104741-04121aa4,2026-08-18 10:47:50,,available,normal,LIMA-LA VICTORIA,12/09/2026,11:00,20,,,,8.713,,,,,,,event_atomic,,screenshots\2026-08\18-08-2026\observer-cupo-e920cc.png,screenshots\2026-08\18-08-2026\observer-cupo-e920cc.png,Se seleccionaron una fecha y una hora disponibles.
observer-***-104750-db101881,2026-08-18 10:47:58,,available,normal,LIMA-LA VICTORIA,12/09/2026,11:00,20,,,,8.347,,,,,,,event_atomic,,,,Se seleccionaron una fecha y una hora disponibles.
observer-***-104759-4e23dcf2,2026-08-18 10:48:07,,available,normal,LIMA-LA VICTORIA,12/09/2026,11:00,20,,,,8.770,,,,,,,event_atomic,,screenshots\2026-08\18-08-2026\observer-cupo-7e2972.png,screenshots\2026-08\18-08-2026\observer-cupo-7e2972.png,Se seleccionaron una fecha y una hora disponibles.
observer-***-104807-6447f7c2,2026-08-18 10:48:16,,available,normal,LIMA-LA VICTORIA,12/09/2026,11:00,20,,,,8.347,,,,,,,event_atomic,,,,Se seleccionaron una fecha y una hora disponibles.
observer-***-104816-de2f20b9,2026-08-18 10:48:25,,available,normal,LIMA-LA VICTORIA,12/09/2026,11:00,20,,,,8.733,,,,,,,event_atomic,,screenshots\2026-08\18-08-2026\observer-cupo-d9ebea.png,screenshots\2026-08\18-08-2026\observer-cupo-d9ebea.png,Se seleccionaron una fecha y una hora disponibles.
observer-***-104825-a4b60b1b,2026-08-18 10:48:33,,available,normal,LIMA-LA VICTORIA,12/09/2026,11:00,20,,,,8.383,,,,,,,event_atomic,,,,Se seleccionaron una fecha y una hora disponibles.
observer-***-104833-aa451d30,2026-08-18 10:48:42,,available,normal,LIMA-LA VICTORIA,12/09/2026,12:00,20,,,,8.607,,,,,,,event_atomic,,screenshots\2026-08\18-08-2026\observer-cupo-ad441f.png,screenshots\2026-08\18-08-2026\observer-cupo-ad441f.png,Se seleccionaron una fecha y una hora disponibles.
observer-***-104842-1329922c,2026-08-18 10:48:50,,available,normal,LIMA-LA VICTORIA,12/09/2026,12:00,20,,,,8.283,,,,,,,event_atomic,,,,Se seleccionaron una fecha y una hora disponibles.
observer-***-104851-***,2026-08-18 10:49:00,,available,normal,LIMA-LA VICTORIA,12/09/2026,12:00,20,,,,8.739,,,,,,,event_atomic,,screenshots\2026-08\18-08-2026\observer-cupo-5210eb.png,screenshots\2026-08\18-08-2026\observer-cupo-5210eb.png,Se seleccionaron una fecha y una hora disponibles.
observer-***-104900-be87e89e,2026-08-18 10:49:08,,available,normal,LIMA-LA VICTORIA,12/09/2026,12:00,20,,,,8.379,,,,,,,event_atomic,,,,Se seleccionaron una fecha y una hora disponibles.
observer-***-104908-922c8a8c,2026-08-18 10:49:17,,available,normal,LIMA-LA VICTORIA,12/09/2026,12:00,20,,,,8.713,,,,,,,event_atomic,,screenshots\2026-08\18-08-2026\observer-cupo-982a4d.png,screenshots\2026-08\18-08-2026\observer-cupo-982a4d.png,Se seleccionaron una fecha y una hora disponibles.
observer-***-104917-243a98f4,2026-08-18 10:49:26,,available,normal,LIMA-LA VICTORIA,12/09/2026,12:00,20,,,,8.340,,,,,,,event_atomic,,,,Se seleccionaron una fecha y una hora disponibles.
observer-***-104926-93d5c316,2026-08-18 10:49:34,,available,normal,LIMA-LA VICTORIA,12/09/2026,12:00,20,,,,8.745,,,,,,,event_atomic,,screenshots\2026-08\18-08-2026\observer-cupo-4beac8.png,screenshots\2026-08\18-08-2026\observer-cupo-4beac8.png,Se seleccionaron una fecha y una hora disponibles.
observer-***-104935-85e1743e,2026-08-18 10:49:43,,available,normal,LIMA-LA VICTORIA,12/09/2026,12:00,20,,,,8.370,,,,,,,event_atomic,,,,Se seleccionaron una fecha y una hora disponibles.
observer-***-104943-71f98c02,2026-08-18 10:49:52,,available,normal,LIMA-LA VICTORIA,12/09/2026,12:00,20,,,,8.650,,,,,,,event_atomic,,screenshots\2026-08\18-08-2026\observer-cupo-58b7bb.png,screenshots\2026-08\18-08-2026\observer-cupo-58b7bb.png,Se seleccionaron una fecha y una hora disponibles.
observer-***-104952-072e7937,2026-08-18 10:50:00,,available,normal,LIMA-LA VICTORIA,12/09/2026,12:00,20,,,,8.358,,,,,,,event_atomic,,,,Se seleccionaron una fecha y una hora disponibles.
observer-***-105000-fddfd6ba,2026-08-18 10:50:09,,available,normal,LIMA-LA VICTORIA,12/09/2026,12:00,20,,,,8.691,,,,,,,event_atomic,,screenshots\2026-08\18-08-2026\observer-cupo-ee7544.png,screenshots\2026-08\18-08-2026\observer-cupo-ee7544.png,Se seleccionaron una fecha y una hora disponibles.
observer-***-105009-4be2df47,2026-08-18 10:50:18,,available,normal,LIMA-LA VICTORIA,12/09/2026,12:00,20,,,,8.387,,,,,,,event_atomic,,,,Se seleccionaron una fecha y una hora disponibles.
observer-***-105018-9c12966f,2026-08-18 10:50:26,,available,normal,LIMA-LA VICTORIA,12/09/2026,12:00,20,,,,8.740,,,,,,,event_atomic,,screenshots\2026-08\18-08-2026\observer-cupo-7a4079.png,screenshots\2026-08\18-08-2026\observer-cupo-7a4079.png,Se seleccionaron una fecha y una hora disponibles.
observer-***-105026-0f0dbd22,2026-08-18 10:50:35,,available,normal,LIMA-LA VICTORIA,14/09/2026,09:00,10,,,,8.449,,,,,,,event_atomic,,,,Se seleccionaron una fecha y una hora disponibles.
observer-***-105036-b017fd55,2026-08-18 10:50:45,,available,normal,LIMA-LA VICTORIA,14/09/2026,09:00,10,,,,8.657,,,,,,,event_atomic,,screenshots\2026-08\18-08-2026\observer-cupo-85d0db.png,screenshots\2026-08\18-08-2026\observer-cupo-85d0db.png,Se seleccionaron una fecha y una hora disponibles.
observer-***-105045-083b95ee,2026-08-18 10:50:53,,available,normal,LIMA-LA VICTORIA,14/09/2026,09:00,10,,,,8.453,,,,,,,event_atomic,,,,Se seleccionaron una fecha y una hora disponibles.
observer-***-105053-***,2026-08-18 10:51:02,,available,normal,LIMA-LA VICTORIA,14/09/2026,09:00,10,,,,8.757,,,,,,,event_atomic,,screenshots\2026-08\18-08-2026\observer-cupo-1b3afb.png,screenshots\2026-08\18-08-2026\observer-cupo-1b3afb.png,Se seleccionaron una fecha y una hora disponibles.
observer-***-105102-c560512f,2026-08-18 10:51:10,,available,normal,LIMA-LA VICTORIA,14/09/2026,09:00,10,,,,8.341,,,,,,,event_atomic,,,,Se seleccionaron una fecha y una hora disponibles.
observer-***-105111-9f8c1ab7,2026-08-18 10:51:19,,available,normal,LIMA-LA VICTORIA,14/09/2026,09:00,10,,,,8.515,,,,,,,event_atomic,,screenshots\2026-08\18-08-2026\observer-cupo-ab0655.png,screenshots\2026-08\18-08-2026\observer-cupo-ab0655.png,Se seleccionaron una fecha y una hora disponibles.
observer-***-105119-3e1398b3,2026-08-18 10:51:27,,available,normal,LIMA-LA VICTORIA,14/09/2026,09:00,10,,,,8.186,,,,,,,event_atomic,,,,Se seleccionaron una fecha y una hora disponibles.
observer-***-105127-87efe3ed,2026-08-18 10:51:36,,available,normal,LIMA-LA VICTORIA,14/09/2026,09:00,10,,,,8.600,,,,,,,event_atomic,,screenshots\2026-08\18-08-2026\observer-cupo-0fd068.png,screenshots\2026-08\18-08-2026\observer-cupo-0fd068.png,Se seleccionaron una fecha y una hora disponibles.
observer-***-105136-9131c8e0,2026-08-18 10:51:45,,available,normal,LIMA-LA VICTORIA,14/09/2026,09:00,10,,,,8.331,,,,,,,event_atomic,,,,Se seleccionaron una fecha y una hora disponibles.
observer-***-105145-c747a226,2026-08-18 10:51:53,,available,normal,LIMA-LA VICTORIA,14/09/2026,09:00,10,,,,8.425,,,,,,,event_atomic,,screenshots\2026-08\18-08-2026\observer-cupo-05ad45.png,screenshots\2026-08\18-08-2026\observer-cupo-05ad45.png,Se seleccionaron una fecha y una hora disponibles.
observer-***-105153-762d8efb,2026-08-18 10:52:02,,available,normal,LIMA-LA VICTORIA,14/09/2026,09:00,10,,,,8.975,,,,,,,event_atomic,,,,Se seleccionaron una fecha y una hora disponibles.
observer-***-105202-64c7352e,2026-08-18 10:52:11,,available,normal,LIMA-LA VICTORIA,14/09/2026,09:00,10,,,,8.699,,,,,,,event_atomic,,screenshots\2026-08\18-08-2026\observer-cupo-1f4374.png,screenshots\2026-08\18-08-2026\observer-cupo-1f4374.png,Se seleccionaron una fecha y una hora disponibles.
observer-***-105211-31beb5f0,2026-08-18 10:52:19,,available,normal,LIMA-LA VICTORIA,14/09/2026,10:00,10,,,,8.250,,,,,,,event_atomic,,,,Se seleccionaron una fecha y una hora disponibles.
observer-***-105220-3c27651d,2026-08-18 10:52:29,,available,normal,LIMA-LA VICTORIA,14/09/2026,10:00,10,,,,8.476,,,,,,,event_atomic,,screenshots\2026-08\18-08-2026\observer-cupo-48c192.png,screenshots\2026-08\18-08-2026\observer-cupo-48c192.png,Se seleccionaron una fecha y una hora disponibles.
observer-***-105229-47a5d316,2026-08-18 10:52:37,,available,normal,LIMA-LA VICTORIA,14/09/2026,10:00,10,,,,8.170,,,,,,,event_atomic,,,,Se seleccionaron una fecha y una hora disponibles.
observer-***-105237-3bc75c80,2026-08-18 10:52:45,,available,normal,LIMA-LA VICTORIA,14/09/2026,10:00,10,,,,8.491,,,,,,,event_atomic,,screenshots\2026-08\18-08-2026\observer-cupo-695faf.png,screenshots\2026-08\18-08-2026\observer-cupo-695faf.png,Se seleccionaron una fecha y una hora disponibles.
observer-***-105246-378abd59,2026-08-18 10:52:54,,available,normal,LIMA-LA VICTORIA,14/09/2026,10:00,10,,,,8.184,,,,,,,event_atomic,,,,Se seleccionaron una fecha y una hora disponibles.
observer-***-105254-648fc8dc,2026-08-18 10:53:03,,available,normal,LIMA-LA VICTORIA,14/09/2026,10:00,10,,,,8.942,,,,,,,event_atomic,,screenshots\2026-08\18-08-2026\observer-cupo-80cd36.png,screenshots\2026-08\18-08-2026\observer-cupo-80cd36.png,Se seleccionaron una fecha y una hora disponibles.
observer-***-105303-ad074df3,2026-08-18 10:53:11,,available,normal,LIMA-LA VICTORIA,14/09/2026,10:00,10,,,,8.227,,,,,,,event_atomic,,,,Se seleccionaron una fecha y una hora disponibles.
observer-***-105311-53db7b59,2026-08-18 10:53:20,,available,normal,LIMA-LA VICTORIA,14/09/2026,10:00,10,,,,8.483,,,,,,,event_atomic,,screenshots\2026-08\18-08-2026\observer-cupo-e9faaf.png,screenshots\2026-08\18-08-2026\observer-cupo-e9faaf.png,Se seleccionaron una fecha y una hora disponibles.
observer-***-105320-4307dee0,2026-08-18 10:53:28,,available,normal,LIMA-LA VICTORIA,14/09/2026,10:00,10,,,,8.176,,,,,,,event_atomic,,,,Se seleccionaron una fecha y una hora disponibles.
observer-***-105328-55b0c209,2026-08-18 10:53:36,,available,normal,LIMA-LA VICTORIA,14/09/2026,10:00,10,,,,8.378,,,,,,,event_atomic,,screenshots\2026-08\18-08-2026\observer-cupo-a818d5.png,screenshots\2026-08\18-08-2026\observer-cupo-a818d5.png,Se seleccionaron una fecha y una hora disponibles.
observer-***-105337-d5ad8a42,2026-08-18 10:53:45,,available,normal,LIMA-LA VICTORIA,14/09/2026,10:00,10,,,,8.207,,,,,,,event_atomic,,,,Se seleccionaron una fecha y una hora disponibles.
observer-***-105345-***,2026-08-18 10:53:53,,available,normal,LIMA-LA VICTORIA,14/09/2026,10:00,10,,,,8.493,,,,,,,event_atomic,,screenshots\2026-08\18-08-2026\observer-cupo-061e09.png,screenshots\2026-08\18-08-2026\observer-cupo-061e09.png,Se seleccionaron una fecha y una hora disponibles.
observer-***-105353-47acc8f4,2026-08-18 10:54:02,,available,normal,LIMA-LA VICTORIA,14/09/2026,10:00,10,,,,8.162,,,,,,,event_atomic,,,,Se seleccionaron una fecha y una hora disponibles.
observer-***-105402-4741e749,2026-08-18 10:54:10,,available,normal,LIMA-LA VICTORIA,14/09/2026,10:00,10,,,,8.479,,,,,,,event_atomic,,screenshots\2026-08\18-08-2026\observer-cupo-606c31.png,screenshots\2026-08\18-08-2026\observer-cupo-606c31.png,Se seleccionaron una fecha y una hora disponibles.
observer-***-105410-c0156e16,2026-08-18 10:54:19,,available,normal,LIMA-LA VICTORIA,14/09/2026,10:00,10,,,,8.207,,,,,,,event_atomic,,,,Se seleccionaron una fecha y una hora disponibles.
observer-***-105419-***,2026-08-18 10:54:27,,available,normal,LIMA-LA VICTORIA,14/09/2026,10:00,10,,,,8.528,,,,,,,event_atomic,,screenshots\2026-08\18-08-2026\observer-cupo-7d655a.png,screenshots\2026-08\18-08-2026\observer-cupo-7d655a.png,Se seleccionaron una fecha y una hora disponibles.
observer-***-105427-fa2b1403,2026-08-18 10:54:36,,available,normal,LIMA-LA VICTORIA,14/09/2026,10:00,10,,,,8.416,,,,,,,event_atomic,,,,Se seleccionaron una fecha y una hora disponibles.
observer-***-105436-42ca9af6,2026-08-18 10:54:44,,available,normal,LIMA-LA VICTORIA,14/09/2026,10:00,10,,,,8.545,,,,,,,event_atomic,,screenshots\2026-08\18-08-2026\observer-cupo-2fe1ee.png,screenshots\2026-08\18-08-2026\observer-cupo-2fe1ee.png,Se seleccionaron una fecha y una hora disponibles.
observer-***-105444-9eeb7d45,2026-08-18 10:54:53,,available,normal,LIMA-LA VICTORIA,14/09/2026,10:00,10,,,,8.218,,,,,,,event_atomic,,,,Se seleccionaron una fecha y una hora disponibles.
observer-***-105453-e1248a44,2026-08-18 10:55:01,,available,normal,LIMA-LA VICTORIA,14/09/2026,10:00,10,,,,8.471,,,,,,,event_atomic,,screenshots\2026-08\18-08-2026\observer-cupo-a97fe0.png,screenshots\2026-08\18-08-2026\observer-cupo-a97fe0.png,Se seleccionaron una fecha y una hora disponibles.
observer-***-105501-ec624a20,2026-08-18 10:55:10,,available,normal,LIMA-LA VICTORIA,14/09/2026,10:00,10,,,,8.162,,,,,,,event_atomic,,,,Se seleccionaron una fecha y una hora disponibles.
observer-***-105510-e4ed0913,2026-08-18 10:55:18,,available,normal,LIMA-LA VICTORIA,14/09/2026,10:00,10,,,,8.524,,,,,,,event_atomic,,screenshots\2026-08\18-08-2026\observer-cupo-8088e1.png,screenshots\2026-08\18-08-2026\observer-cupo-8088e1.png,Se seleccionaron una fecha y una hora disponibles.
observer-***-105518-***,2026-08-18 10:55:27,,available,normal,LIMA-LA VICTORIA,14/09/2026,10:00,10,,,,8.321,,,,,,,event_atomic,,,,Se seleccionaron una fecha y una hora disponibles.
observer-***-105527-03bdb952,2026-08-18 10:55:35,,available,normal,LIMA-LA VICTORIA,14/09/2026,11:00,10,,,,8.620,,,,,,,event_atomic,,screenshots\2026-08\18-08-2026\observer-cupo-8f912d.png,screenshots\2026-08\18-08-2026\observer-cupo-8f912d.png,Se seleccionaron una fecha y una hora disponibles.
observer-***-105535-117598e6,2026-08-18 10:55:44,,available,normal,LIMA-LA VICTORIA,14/09/2026,11:00,10,,,,8.305,,,,,,,event_atomic,,,,Se seleccionaron una fecha y una hora disponibles.
observer-***-105545-47ae9c86,2026-08-18 10:55:53,,available,normal,LIMA-LA VICTORIA,14/09/2026,11:00,10,,,,8.698,,,,,,,event_atomic,,screenshots\2026-08\18-08-2026\observer-cupo-5ecb96.png,screenshots\2026-08\18-08-2026\observer-cupo-5ecb96.png,Se seleccionaron una fecha y una hora disponibles.
observer-***-105553-c0f6a933,2026-08-18 10:56:02,,available,normal,LIMA-LA VICTORIA,14/09/2026,11:00,10,,,,8.340,,,,,,,event_atomic,,,,Se seleccionaron una fecha y una hora disponibles.
observer-***-105602-1c10ac43,2026-08-18 10:56:10,,available,normal,LIMA-LA VICTORIA,14/09/2026,11:00,10,,,,8.583,,,,,,,event_atomic,,screenshots\2026-08\18-08-2026\observer-cupo-279171.png,screenshots\2026-08\18-08-2026\observer-cupo-279171.png,Se seleccionaron una fecha y una hora disponibles.
observer-***-105611-75751b18,2026-08-18 10:56:19,,available,normal,LIMA-LA VICTORIA,14/09/2026,11:00,10,,,,8.571,,,,,,,event_atomic,,,,Se seleccionaron una fecha y una hora disponibles.
observer-***-105619-9507af1e,2026-08-18 10:56:28,,available,normal,LIMA-LA VICTORIA,14/09/2026,11:00,10,,,,8.718,,,,,,,event_atomic,,screenshots\2026-08\18-08-2026\observer-cupo-fe5a72.png,screenshots\2026-08\18-08-2026\observer-cupo-fe5a72.png,Se seleccionaron una fecha y una hora disponibles.
observer-***-105628-7276456d,2026-08-18 10:56:36,,available,normal,LIMA-LA VICTORIA,14/09/2026,11:00,10,,,,8.316,,,,,,,event_atomic,,,,Se seleccionaron una fecha y una hora disponibles.
observer-***-105637-aa2788ff,2026-08-18 10:56:45,,available,normal,LIMA-LA VICTORIA,14/09/2026,11:00,10,,,,8.587,,,,,,,event_atomic,,screenshots\2026-08\18-08-2026\observer-cupo-f7ee88.png,screenshots\2026-08\18-08-2026\observer-cupo-f7ee88.png,Se seleccionaron una fecha y una hora disponibles.
observer-***-105645-09bbe880,2026-08-18 10:56:53,,available,normal,LIMA-LA VICTORIA,14/09/2026,11:00,10,,,,8.260,,,,,,,event_atomic,,,,Se seleccionaron una fecha y una hora disponibles.
observer-***-105654-593b6666,2026-08-18 10:57:02,,available,normal,LIMA-LA VICTORIA,14/09/2026,11:00,10,,,,8.608,,,,,,,event_atomic,,screenshots\2026-08\18-08-2026\observer-cupo-df8a00.png,screenshots\2026-08\18-08-2026\observer-cupo-df8a00.png,Se seleccionaron una fecha y una hora disponibles.
observer-***-105702-4a51dbaa,2026-08-18 10:57:11,,available,normal,LIMA-LA VICTORIA,14/09/2026,11:00,10,,,,8.234,,,,,,,event_atomic,,,,Se seleccionaron una fecha y una hora disponibles.
observer-***-105711-5ea29d3e,2026-08-18 10:57:19,,available,normal,LIMA-LA VICTORIA,14/09/2026,11:00,10,,,,8.645,,,,,,,event_atomic,,screenshots\2026-08\18-08-2026\observer-cupo-54ef66.png,screenshots\2026-08\18-08-2026\observer-cupo-54ef66.png,Se seleccionaron una fecha y una hora disponibles.
observer-***-105719-e7b55e5b,2026-08-18 10:57:28,,available,normal,LIMA-LA VICTORIA,14/09/2026,11:00,10,,,,8.391,,,,,,,event_atomic,,,,Se seleccionaron una fecha y una hora disponibles.
observer-***-105728-45f2c872,2026-08-18 10:57:37,,available,normal,LIMA-LA VICTORIA,14/09/2026,11:00,10,,,,8.766,,,,,,,event_atomic,,screenshots\2026-08\18-08-2026\observer-cupo-7fadfb.png,screenshots\2026-08\18-08-2026\observer-cupo-7fadfb.png,Se seleccionaron una fecha y una hora disponibles.
observer-***-105737-07e0e183,2026-08-18 10:57:46,,available,normal,LIMA-LA VICTORIA,14/09/2026,11:00,10,,,,8.900,,,,,,,event_atomic,,,,Se seleccionaron una fecha y una hora disponibles.
observer-***-105746-6e8efa3d,2026-08-18 10:57:55,,available,normal,LIMA-LA VICTORIA,14/09/2026,11:00,10,,,,8.695,,,,,,,event_atomic,,screenshots\2026-08\18-08-2026\observer-cupo-e09347.png,screenshots\2026-08\18-08-2026\observer-cupo-e09347.png,Se seleccionaron una fecha y una hora disponibles.
observer-***-105755-da9e031c,2026-08-18 10:58:03,,available,normal,LIMA-LA VICTORIA,14/09/2026,11:00,10,,,,8.353,,,,,,,event_atomic,,,,Se seleccionaron una fecha y una hora disponibles.
observer-***-105803-3240850e,2026-08-18 10:58:12,,available,normal,LIMA-LA VICTORIA,14/09/2026,11:00,10,,,,8.521,,,,,,,event_atomic,,screenshots\2026-08\18-08-2026\observer-cupo-26cbfe.png,screenshots\2026-08\18-08-2026\observer-cupo-26cbfe.png,Se seleccionaron una fecha y una hora disponibles.
observer-***-105812-612e43c2,2026-08-18 10:58:20,,available,normal,LIMA-LA VICTORIA,14/09/2026,11:00,10,,,,8.381,,,,,,,event_atomic,,,,Se seleccionaron una fecha y una hora disponibles.
observer-***-105820-8c274f25,2026-08-18 10:58:29,,available,normal,LIMA-LA VICTORIA,14/09/2026,11:00,10,,,,8.619,,,,,,,event_atomic,,screenshots\2026-08\18-08-2026\observer-cupo-f5f825.png,screenshots\2026-08\18-08-2026\observer-cupo-f5f825.png,Se seleccionaron una fecha y una hora disponibles.
observer-***-105829-fb86004a,2026-08-18 10:58:38,,available,normal,LIMA-LA VICTORIA,14/09/2026,12:00,10,,,,8.776,,,,,,,event_atomic,,,,Se seleccionaron una fecha y una hora disponibles.
observer-***-105839-1ea0ea81,2026-08-18 10:58:47,,available,normal,LIMA-LA VICTORIA,14/09/2026,12:00,10,,,,8.605,,,,,,,event_atomic,,screenshots\2026-08\18-08-2026\observer-cupo-fd1d22.png,screenshots\2026-08\18-08-2026\observer-cupo-fd1d22.png,Se seleccionaron una fecha y una hora disponibles.
observer-***-105847-60fce5fc,2026-08-18 10:58:56,,available,normal,LIMA-LA VICTORIA,14/09/2026,12:00,10,,,,8.261,,,,,,,event_atomic,,,,Se seleccionaron una fecha y una hora disponibles.
observer-***-105856-8bca6681,2026-08-18 10:59:04,,available,normal,LIMA-LA VICTORIA,14/09/2026,12:00,10,,,,8.585,,,,,,,event_atomic,,screenshots\2026-08\18-08-2026\observer-cupo-b42d1c.png,screenshots\2026-08\18-08-2026\observer-cupo-b42d1c.png,Se seleccionaron una fecha y una hora disponibles.
observer-***-105904-16612e1b,2026-08-18 10:59:13,,available,normal,LIMA-LA VICTORIA,14/09/2026,12:00,10,,,,8.341,,,,,,,event_atomic,,,,Se seleccionaron una fecha y una hora disponibles.
observer-***-105913-5e0ba66a,2026-08-18 10:59:22,,available,normal,LIMA-LA VICTORIA,14/09/2026,12:00,10,,,,8.879,,,,,,,event_atomic,,screenshots\2026-08\18-08-2026\observer-cupo-2ce5b6.png,screenshots\2026-08\18-08-2026\observer-cupo-2ce5b6.png,Se seleccionaron una fecha y una hora disponibles.
observer-***-105922-2cac03d1,2026-08-18 10:59:30,,available,normal,LIMA-LA VICTORIA,14/09/2026,12:00,10,,,,8.216,,,,,,,event_atomic,,,,Se seleccionaron una fecha y una hora disponibles.
observer-***-105930-8c0f06b8,2026-08-18 10:59:39,,available,normal,LIMA-LA VICTORIA,14/09/2026,12:00,10,,,,9.065,,,,,,,event_atomic,,screenshots\2026-08\18-08-2026\observer-cupo-ab3225.png,screenshots\2026-08\18-08-2026\observer-cupo-ab3225.png,Se seleccionaron una fecha y una hora disponibles.
observer-***-105939-765b3a57,2026-08-18 10:59:48,,available,normal,LIMA-LA VICTORIA,14/09/2026,12:00,10,,,,8.275,,,,,,,event_atomic,,,,Se seleccionaron una fecha y una hora disponibles.
observer-***-105948-2b7d7a0b,2026-08-18 10:59:56,,available,normal,LIMA-LA VICTORIA,14/09/2026,12:00,10,,,,8.496,,,,,,,event_atomic,,screenshots\2026-08\18-08-2026\observer-cupo-60b69f.png,screenshots\2026-08\18-08-2026\observer-cupo-60b69f.png,Se seleccionaron una fecha y una hora disponibles.
observer-***-105956-41dfbcaa,2026-08-18 11:00:05,,available,normal,LIMA-LA VICTORIA,14/09/2026,12:00,10,,,,8.210,,,,,,,event_atomic,,,,Se seleccionaron una fecha y una hora disponibles.
observer-***-110005-3ab759e3,2026-08-18 11:00:13,,available,normal,LIMA-LA VICTORIA,14/09/2026,12:00,10,,,,8.558,,,,,,,event_atomic,,screenshots\2026-08\18-08-2026\observer-cupo-dbd191.png,screenshots\2026-08\18-08-2026\observer-cupo-dbd191.png,Se seleccionaron una fecha y una hora disponibles.
observer-***-110013-a8b87bdc,2026-08-18 11:00:22,,available,normal,LIMA-LA VICTORIA,14/09/2026,12:00,10,,,,8.241,,,,,,,event_atomic,,,,Se seleccionaron una fecha y una hora disponibles.
observer-***-110022-66c4ee3c,2026-08-18 11:00:30,,available,normal,LIMA-LA VICTORIA,14/09/2026,12:00,10,,,,8.638,,,,,,,event_atomic,,screenshots\2026-08\18-08-2026\observer-cupo-1759bf.png,screenshots\2026-08\18-08-2026\observer-cupo-1759bf.png,Se seleccionaron una fecha y una hora disponibles.
observer-***-110030-e0c3c48a,2026-08-18 11:00:39,,available,normal,LIMA-LA VICTORIA,14/09/2026,12:00,10,,,,8.279,,,,,,,event_atomic,,,,Se seleccionaron una fecha y una hora disponibles.
observer-***-110039-d596a684,2026-08-18 11:00:47,,available,normal,LIMA-LA VICTORIA,14/09/2026,12:00,10,,,,8.524,,,,,,,event_atomic,,screenshots\2026-08\18-08-2026\observer-cupo-0aeaf3.png,screenshots\2026-08\18-08-2026\observer-cupo-0aeaf3.png,Se seleccionaron una fecha y una hora disponibles.
observer-***-110047-ee166147,2026-08-18 11:00:56,,available,normal,LIMA-LA VICTORIA,14/09/2026,12:00,10,,,,8.694,,,,,,,event_atomic,,,,Se seleccionaron una fecha y una hora disponibles.
observer-***-110056-97113ee0,2026-08-18 11:01:05,,available,normal,LIMA-LA VICTORIA,14/09/2026,12:00,10,,,,8.903,,,,,,,event_atomic,,screenshots\2026-08\18-08-2026\observer-cupo-548f32.png,screenshots\2026-08\18-08-2026\observer-cupo-548f32.png,Se seleccionaron una fecha y una hora disponibles.
observer-***-110105-14f9f50a,2026-08-18 11:01:14,,available,normal,LIMA-LA VICTORIA,14/09/2026,12:00,10,,,,8.294,,,,,,,event_atomic,,,,Se seleccionaron una fecha y una hora disponibles.
observer-***-110114-83f690f1,2026-08-18 11:01:22,,available,normal,LIMA-LA VICTORIA,14/09/2026,12:00,10,,,,8.564,,,,,,,event_atomic,,screenshots\2026-08\18-08-2026\observer-cupo-93ee52.png,screenshots\2026-08\18-08-2026\observer-cupo-93ee52.png,Se seleccionaron una fecha y una hora disponibles.
observer-***-110122-4f575b41,2026-08-18 11:01:31,,available,normal,LIMA-LA VICTORIA,14/09/2026,12:00,10,,,,8.321,,,,,,,event_atomic,,,,Se seleccionaron una fecha y una hora disponibles.
observer-***-110131-4af43b38,2026-08-18 11:01:39,,available,normal,LIMA-LA VICTORIA,14/09/2026,12:00,10,,,,8.641,,,,,,,event_atomic,,screenshots\2026-08\18-08-2026\observer-cupo-43c6f3.png,screenshots\2026-08\18-08-2026\observer-cupo-43c6f3.png,Se seleccionaron una fecha y una hora disponibles.
observer-***-110140-b4d46263,2026-08-18 11:01:48,,available,normal,LIMA-LA VICTORIA,14/09/2026,12:00,10,,,,8.392,,,,,,,event_atomic,,,,Se seleccionaron una fecha y una hora disponibles.
observer-***-110148-c443e4ae,2026-08-18 11:01:57,,available,normal,LIMA-LA VICTORIA,14/09/2026,12:00,10,,,,8.607,,,,,,,event_atomic,,screenshots\2026-08\18-08-2026\observer-cupo-62e631.png,screenshots\2026-08\18-08-2026\observer-cupo-62e631.png,Se seleccionaron una fecha y una hora disponibles.
observer-***-110157-b84aa34c,2026-08-18 11:02:05,,available,normal,LIMA-LA VICTORIA,14/09/2026,12:00,10,,,,8.406,,,,,,,event_atomic,,,,Se seleccionaron una fecha y una hora disponibles.
observer-***-110205-c7aea3d4,2026-08-18 11:02:14,,available,normal,LIMA-LA VICTORIA,14/09/2026,12:00,10,,,,8.633,,,,,,,event_atomic,,screenshots\2026-08\18-08-2026\observer-cupo-cf89bc.png,screenshots\2026-08\18-08-2026\observer-cupo-cf89bc.png,Se seleccionaron una fecha y una hora disponibles.
observer-***-110214-d9c8ff4c,2026-08-18 11:02:23,,available,normal,LIMA-LA VICTORIA,14/09/2026,12:00,10,,,,8.849,,,,,,,event_atomic,,,,Se seleccionaron una fecha y una hora disponibles.
observer-***-110223-6282d061,2026-08-18 11:02:32,,available,normal,LIMA-LA VICTORIA,15/09/2026,08:00,10,,,,8.521,,,,,,,event_atomic,,screenshots\2026-08\18-08-2026\observer-cupo-592bf2.png,screenshots\2026-08\18-08-2026\observer-cupo-592bf2.png,Se seleccionaron una fecha y una hora disponibles.
observer-***-110232-49c401dc,2026-08-18 11:02:40,,available,normal,LIMA-LA VICTORIA,15/09/2026,08:00,10,,,,8.261,,,,,,,event_atomic,,,,Se seleccionaron una fecha y una hora disponibles.
observer-***-110241-95a23aa4,2026-08-18 11:02:49,,available,normal,LIMA-LA VICTORIA,15/09/2026,09:00,10,,,,8.637,,,,,,,event_atomic,,screenshots\2026-08\18-08-2026\observer-cupo-a0b8f7.png,screenshots\2026-08\18-08-2026\observer-cupo-a0b8f7.png,Se seleccionaron una fecha y una hora disponibles.
observer-***-110249-940a1bc9,2026-08-18 11:02:58,,available,normal,LIMA-LA VICTORIA,15/09/2026,09:00,10,,,,8.329,,,,,,,event_atomic,,,,Se seleccionaron una fecha y una hora disponibles.
observer-***-110259-d4c7273d,2026-08-18 11:03:07,,available,normal,LIMA-LA VICTORIA,15/09/2026,09:00,10,,,,8.646,,,,,,,event_atomic,,screenshots\2026-08\18-08-2026\observer-cupo-bdb457.png,screenshots\2026-08\18-08-2026\observer-cupo-bdb457.png,Se seleccionaron una fecha y una hora disponibles.
observer-***-110307-4505d9e6,2026-08-18 11:03:16,,available,normal,LIMA-LA VICTORIA,15/09/2026,09:00,10,,,,8.364,,,,,,,event_atomic,,,,Se seleccionaron una fecha y una hora disponibles.
observer-***-110316-5124b8e3,2026-08-18 11:03:25,,available,normal,LIMA-LA VICTORIA,15/09/2026,09:00,10,,,,8.636,,,,,,,event_atomic,,screenshots\2026-08\18-08-2026\observer-cupo-fa1ac9.png,screenshots\2026-08\18-08-2026\observer-cupo-fa1ac9.png,Se seleccionaron una fecha y una hora disponibles.
observer-***-110325-fc5bc422,2026-08-18 11:03:33,,available,normal,LIMA-LA VICTORIA,15/09/2026,09:00,10,,,,8.269,,,,,,,event_atomic,,,,Se seleccionaron una fecha y una hora disponibles.
observer-***-110333-0769d546,2026-08-18 11:03:42,,available,normal,LIMA-LA VICTORIA,15/09/2026,09:00,10,,,,8.622,,,,,,,event_atomic,,screenshots\2026-08\18-08-2026\observer-cupo-0107a0.png,screenshots\2026-08\18-08-2026\observer-cupo-0107a0.png,Se seleccionaron una fecha y una hora disponibles.
observer-***-110342-eb17e265,2026-08-18 11:03:50,,available,normal,LIMA-LA VICTORIA,15/09/2026,09:00,10,,,,8.476,,,,,,,event_atomic,,,,Se seleccionaron una fecha y una hora disponibles.
observer-***-110350-53cbca0c,2026-08-18 11:03:59,,available,normal,LIMA-LA VICTORIA,15/09/2026,09:00,10,,,,8.548,,,,,,,event_atomic,,screenshots\2026-08\18-08-2026\observer-cupo-ecdb66.png,screenshots\2026-08\18-08-2026\observer-cupo-ecdb66.png,Se seleccionaron una fecha y una hora disponibles.
observer-***-110359-c242530d,2026-08-18 11:04:07,,available,normal,LIMA-LA VICTORIA,15/09/2026,09:00,10,,,,8.336,,,,,,,event_atomic,,,,Se seleccionaron una fecha y una hora disponibles.
observer-***-110407-a1338c4b,2026-08-18 11:04:16,,available,normal,LIMA-LA VICTORIA,15/09/2026,09:00,10,,,,8.640,,,,,,,event_atomic,,screenshots\2026-08\18-08-2026\observer-cupo-cc5be5.png,screenshots\2026-08\18-08-2026\observer-cupo-cc5be5.png,Se seleccionaron una fecha y una hora disponibles.
observer-***-110416-979b5dfa,2026-08-18 11:04:25,,available,normal,LIMA-LA VICTORIA,15/09/2026,09:00,10,,,,8.352,,,,,,,event_atomic,,,,Se seleccionaron una fecha y una hora disponibles.
observer-***-110425-6ff632f4,2026-08-18 11:04:33,,available,normal,LIMA-LA VICTORIA,15/09/2026,09:00,10,,,,8.727,,,,,,,event_atomic,,screenshots\2026-08\18-08-2026\observer-cupo-373ce3.png,screenshots\2026-08\18-08-2026\observer-cupo-373ce3.png,Se seleccionaron una fecha y una hora disponibles.
observer-***-110434-fa0d33a3,2026-08-18 11:04:42,,available,normal,LIMA-LA VICTORIA,15/09/2026,09:00,10,,,,8.281,,,,,,,event_atomic,,,,Se seleccionaron una fecha y una hora disponibles.
observer-***-110442-c5a36a34,2026-08-18 11:04:51,,available,normal,LIMA-LA VICTORIA,15/09/2026,09:00,10,,,,8.646,,,,,,,event_atomic,,screenshots\2026-08\18-08-2026\observer-cupo-b88af9.png,screenshots\2026-08\18-08-2026\observer-cupo-b88af9.png,Se seleccionaron una fecha y una hora disponibles.
observer-***-110451-7160856e,2026-08-18 11:04:59,,available,normal,LIMA-LA VICTORIA,15/09/2026,10:00,10,,,,8.498,,,,,,,event_atomic,,,,Se seleccionaron una fecha y una hora disponibles.
***-110500-14f6a2d3,2026-08-18 11:05:07,order-***,registered,normal,LIMA-LA VICTORIA,15/09/2026,10:00,10,confirmed,portal_success_text,,6.684,3.297,0.672,0.016,0.015,0.015,0.016,event_atomic,0.281,screenshots\2026-08\18-08-2026\portal-1-110500-order-***,screenshots\2026-08\18-08-2026\portal-1-110500-order-*** | screenshots\2026-08\18-08-2026\cupo-110500-order-*** | screenshots\2026-08\18-08-2026\captchas\captcha-110500-order-*** | screenshots\2026-08\18-08-2026\diagnostics\portal-html-1-110500-order-***,La reserva fue confirmada por mensaje de exito del portal.
observer-***-110516-4b613235,2026-08-18 11:05:25,,available,normal,LIMA-LA VICTORIA,15/09/2026,10:00,10,,,,9.068,,,,,,,event_atomic,,screenshots\2026-08\18-08-2026\observer-cupo-42f25d.png,screenshots\2026-08\18-08-2026\observer-cupo-42f25d.png,Se seleccionaron una fecha y una hora disponibles.
observer-***-110525-***,2026-08-18 11:05:34,,available,normal,LIMA-LA VICTORIA,15/09/2026,10:00,10,,,,9.116,,,,,,,event_atomic,,,,Se seleccionaron una fecha y una hora disponibles.
observer-***-111820-cdf75b43,2026-08-18 11:19:09,,available,normal,LIMA-LA VICTORIA,14/09/2026,09:00,15,,,,48.547,,,,,,,event_atomic,,screenshots\2026-08\18-08-2026\observer-cupo-7ea5fc.png,screenshots\2026-08\18-08-2026\observer-cupo-7ea5fc.png,Se seleccionaron una fecha y una hora disponibles.
observer-***-111909-b269ef6f,2026-08-18 11:19:18,,available,normal,LIMA-LA VICTORIA,14/09/2026,09:00,15,,,,8.657,,,,,,,event_atomic,,,,Se seleccionaron una fecha y una hora disponibles.
observer-***-111919-ceec7554,2026-08-18 11:19:27,,available,normal,LIMA-LA VICTORIA,18/08/2026,12:00,34,,,,8.680,,,,,,,event_atomic,,screenshots\2026-08\18-08-2026\observer-cupo-7f3d38.png,screenshots\2026-08\18-08-2026\observer-cupo-7f3d38.png,Se seleccionaron una fecha y una hora disponibles.
observer-***-111927-026661aa,2026-08-18 11:19:36,,available,normal,LIMA-LA VICTORIA,14/09/2026,09:00,15,,,,8.388,,,,,,,event_atomic,,,,Se seleccionaron una fecha y una hora disponibles.
observer-***-111936-18d5fe5b,2026-08-18 11:19:44,,available,normal,LIMA-LA VICTORIA,14/09/2026,09:00,15,,,,8.571,,,,,,,event_atomic,,screenshots\2026-08\18-08-2026\observer-cupo-5850bf.png,screenshots\2026-08\18-08-2026\observer-cupo-5850bf.png,Se seleccionaron una fecha y una hora disponibles.
observer-***-111945-cc603d71,2026-08-18 11:19:53,,available,normal,LIMA-LA VICTORIA,14/09/2026,09:00,15,,,,8.348,,,,,,,event_atomic,,,,Se seleccionaron una fecha y una hora disponibles.
observer-***-111953-4bb06356,2026-08-18 11:20:02,,available,normal,LIMA-LA VICTORIA,14/09/2026,09:00,15,,,,8.594,,,,,,,event_atomic,,screenshots\2026-08\18-08-2026\observer-cupo-122721.png,screenshots\2026-08\18-08-2026\observer-cupo-122721.png,Se seleccionaron una fecha y una hora disponibles.
observer-***-112002-84867e39,2026-08-18 11:20:10,,available,normal,LIMA-LA VICTORIA,14/09/2026,09:00,15,,,,8.346,,,,,,,event_atomic,,,,Se seleccionaron una fecha y una hora disponibles.
observer-***-112010-a6ee7fed,2026-08-18 11:20:19,,available,normal,LIMA-LA VICTORIA,14/09/2026,09:00,15,,,,8.745,,,,,,,event_atomic,,screenshots\2026-08\18-08-2026\observer-cupo-0ae7e8.png,screenshots\2026-08\18-08-2026\observer-cupo-0ae7e8.png,Se seleccionaron una fecha y una hora disponibles.
observer-***-112019-b192eb2e,2026-08-18 11:20:28,,available,normal,LIMA-LA VICTORIA,14/09/2026,09:00,15,,,,9.342,,,,,,,event_atomic,,,,Se seleccionaron una fecha y una hora disponibles.
observer-***-112028-8dd0b547,2026-08-18 11:20:37,,available,normal,LIMA-LA VICTORIA,14/09/2026,09:00,15,,,,8.569,,,,,,,event_atomic,,screenshots\2026-08\18-08-2026\observer-cupo-e76f90.png,screenshots\2026-08\18-08-2026\observer-cupo-e76f90.png,Se seleccionaron una fecha y una hora disponibles.
observer-***-112037-42f60227,2026-08-18 11:20:45,,available,normal,LIMA-LA VICTORIA,14/09/2026,09:00,15,,,,8.305,,,,,,,event_atomic,,,,Se seleccionaron una fecha y una hora disponibles.
observer-***-112046-e20d364b,2026-08-18 11:20:54,,available,normal,LIMA-LA VICTORIA,14/09/2026,09:00,15,,,,8.643,,,,,,,event_atomic,,screenshots\2026-08\18-08-2026\observer-cupo-290ff6.png,screenshots\2026-08\18-08-2026\observer-cupo-290ff6.png,Se seleccionaron una fecha y una hora disponibles.
observer-***-112054-fa6fd874,2026-08-18 11:21:03,,available,normal,LIMA-LA VICTORIA,14/09/2026,09:00,15,,,,8.331,,,,,,,event_atomic,,,,Se seleccionaron una fecha y una hora disponibles.
observer-***-121618-4f317375,2026-08-18 12:16:27,,available,normal,LIMA-LA VICTORIA,14/09/2026,10:00,20,,,,8.599,,,,,,,event_atomic,,screenshots\2026-08\18-08-2026\observer-cupo-b7e1a3.png,screenshots\2026-08\18-08-2026\observer-cupo-b7e1a3.png,Se seleccionaron una fecha y una hora disponibles.
observer-***-121627-1def0623,2026-08-18 12:16:35,,available,normal,LIMA-LA VICTORIA,14/09/2026,10:00,20,,,,8.303,,,,,,,event_atomic,,,,Se seleccionaron una fecha y una hora disponibles.
observer-***-121636-ba4bbebd,2026-08-18 12:16:45,,available,normal,LIMA-LA VICTORIA,14/09/2026,10:00,20,,,,8.612,,,,,,,event_atomic,,screenshots\2026-08\18-08-2026\observer-cupo-04775a.png,screenshots\2026-08\18-08-2026\observer-cupo-04775a.png,Se seleccionaron una fecha y una hora disponibles.
observer-***-121645-ead83c4d,2026-08-18 12:16:53,,available,normal,LIMA-LA VICTORIA,14/09/2026,10:00,20,,,,8.281,,,,,,,event_atomic,,,,Se seleccionaron una fecha y una hora disponibles.
observer-***-121653-8b3c71c2,2026-08-18 12:17:02,,available,normal,LIMA-LA VICTORIA,14/09/2026,10:00,20,,,,8.638,,,,,,,event_atomic,,screenshots\2026-08\18-08-2026\observer-cupo-bb84bd.png,screenshots\2026-08\18-08-2026\observer-cupo-bb84bd.png,Se seleccionaron una fecha y una hora disponibles.
observer-***-121702-aad0db2d,2026-08-18 12:17:10,,available,normal,LIMA-LA VICTORIA,14/09/2026,10:00,20,,,,8.221,,,,,,,event_atomic,,,,Se seleccionaron una fecha y una hora disponibles.
observer-***-121710-e75e7a45,2026-08-18 12:17:19,,available,normal,LIMA-LA VICTORIA,14/09/2026,10:00,20,,,,8.683,,,,,,,event_atomic,,screenshots\2026-08\18-08-2026\observer-cupo-776eb8.png,screenshots\2026-08\18-08-2026\observer-cupo-776eb8.png,Se seleccionaron una fecha y una hora disponibles.
observer-***-121719-c06bbf1a,2026-08-18 12:17:28,,available,normal,LIMA-LA VICTORIA,14/09/2026,10:00,20,,,,8.332,,,,,,,event_atomic,,,,Se seleccionaron una fecha y una hora disponibles.
observer-***-121728-9e717dfe,2026-08-18 12:17:36,,available,normal,LIMA-LA VICTORIA,14/09/2026,10:00,20,,,,8.583,,,,,,,event_atomic,,screenshots\2026-08\18-08-2026\observer-cupo-2cc24e.png,screenshots\2026-08\18-08-2026\observer-cupo-2cc24e.png,Se seleccionaron una fecha y una hora disponibles.
observer-***-121736-9e093ed0,2026-08-18 12:17:45,,available,normal,LIMA-LA VICTORIA,14/09/2026,10:00,20,,,,8.283,,,,,,,event_atomic,,,,Se seleccionaron una fecha y una hora disponibles.
observer-***-121842-3991c82b,2026-08-18 12:19:28,,available,normal,LIMA-LA VICTORIA,20/08/2026,12:00,30,,,,46.514,,,,,,,event_atomic,,screenshots\2026-08\18-08-2026\observer-cupo-1f3c2e.png,screenshots\2026-08\18-08-2026\observer-cupo-1f3c2e.png,Se seleccionaron una fecha y una hora disponibles.
observer-***-121928-2ae0d8dd,2026-08-18 12:19:43,,available,normal,LIMA-LA VICTORIA,20/08/2026,08:00,35,,,,14.901,,,,,,,event_atomic,,,,Se seleccionaron una fecha y una hora disponibles.
observer-***-121944-a05565cb,2026-08-18 12:19:53,,available,normal,LIMA-LA VICTORIA,20/08/2026,08:00,35,,,,8.574,,,,,,,event_atomic,,screenshots\2026-08\18-08-2026\observer-cupo-7c7a95.png,screenshots\2026-08\18-08-2026\observer-cupo-7c7a95.png,Se seleccionaron una fecha y una hora disponibles.
observer-***-121953-8ed77f44,2026-08-18 12:20:01,,available,normal,LIMA-LA VICTORIA,20/08/2026,08:00,35,,,,8.282,,,,,,,event_atomic,,,,Se seleccionaron una fecha y una hora disponibles.
observer-***-122001-d9bd2c84,2026-08-18 12:20:10,,available,normal,LIMA-LA VICTORIA,20/08/2026,08:00,35,,,,8.601,,,,,,,event_atomic,,screenshots\2026-08\18-08-2026\observer-cupo-76ec73.png,screenshots\2026-08\18-08-2026\observer-cupo-76ec73.png,Se seleccionaron una fecha y una hora disponibles.
***-142535-565ee941,2026-08-18 14:26:12,order-***,registered,normal,LIMA-LA VICTORIA,11/09/2026,10:00,23,confirmed,portal_success_text,,37.507,2.922,0.641,0.016,0.016,0.015,0.000,event_atomic,0.281,screenshots\2026-08\18-08-2026\portal-1-142535-order-***,screenshots\2026-08\18-08-2026\portal-1-142535-order-*** | screenshots\2026-08\18-08-2026\cupo-142535-order-*** | screenshots\2026-08\18-08-2026\captchas\captcha-142535-order-*** | screenshots\2026-08\18-08-2026\diagnostics\portal-html-1-142535-order-***,La reserva fue confirmada por mensaje de exito del portal.
***-161505-43237eff,2026-08-18 16:15:31,order-***,registered,normal,LIMA-LA VICTORIA,14/09/2026,11:00,20,confirmed,portal_success_text,,25.891,3.360,0.657,0.016,0.015,0.000,0.016,event_atomic,0.265,screenshots\2026-08\18-08-2026\portal-1-161505-order-***,screenshots\2026-08\18-08-2026\portal-1-161505-order-*** | screenshots\2026-08\18-08-2026\cupo-161505-order-*** | screenshots\2026-08\18-08-2026\captchas\captcha-161505-order-*** | screenshots\2026-08\18-08-2026\diagnostics\portal-html-1-161505-order-***,La reserva fue confirmada por mensaje de exito del portal.
observer-***-161540-987b347d,2026-08-18 16:15:49,,available,normal,LIMA-LA VICTORIA,14/09/2026,11:00,20,,,,9.031,,,,,,,event_atomic,,screenshots\2026-08\18-08-2026\observer-cupo-33fd80.png,screenshots\2026-08\18-08-2026\observer-cupo-33fd80.png,Se seleccionaron una fecha y una hora disponibles.
observer-***-161549-99aa1a59,2026-08-18 16:15:58,,available,normal,LIMA-LA VICTORIA,14/09/2026,11:00,20,,,,8.550,,,,,,,event_atomic,,,,Se seleccionaron una fecha y una hora disponibles.
observer-***-161558-7751b0dc,2026-08-18 16:16:07,,available,normal,LIMA-LA VICTORIA,14/09/2026,11:00,20,,,,8.682,,,,,,,event_atomic,,screenshots\2026-08\18-08-2026\observer-cupo-aef51f.png,screenshots\2026-08\18-08-2026\observer-cupo-aef51f.png,Se seleccionaron una fecha y una hora disponibles.
observer-***-161607-33b0e705,2026-08-18 16:16:16,,available,normal,LIMA-LA VICTORIA,14/09/2026,11:00,20,,,,8.289,,,,,,,event_atomic,,,,Se seleccionaron una fecha y una hora disponibles.
observer-***-161616-7670d4bf,2026-08-18 16:16:24,,available,normal,LIMA-LA VICTORIA,24/08/2026,11:00,33,,,,8.558,,,,,,,event_atomic,,screenshots\2026-08\18-08-2026\observer-cupo-d0e701.png,screenshots\2026-08\18-08-2026\observer-cupo-d0e701.png,Se seleccionaron una fecha y una hora disponibles.
observer-***-161739-6d1dc99b,2026-08-18 16:17:54,,available,normal,LIMA-LA VICTORIA,31/08/2026,12:00,28,,,,15.211,,,,,,,event_atomic,,screenshots\2026-08\18-08-2026\observer-cupo-072991.png,screenshots\2026-08\18-08-2026\observer-cupo-072991.png,Se seleccionaron una fecha y una hora disponibles.
observer-***-161907-4e6c2907,2026-08-18 16:20:10,,available,normal,LIMA-LA VICTORIA,14/09/2026,12:00,20,,,,62.988,,,,,,,event_atomic,,screenshots\2026-08\18-08-2026\observer-cupo-1b457d.png,screenshots\2026-08\18-08-2026\observer-cupo-1b457d.png,Se seleccionaron una fecha y una hora disponibles.
observer-***-162010-7ea108eb,2026-08-18 16:20:19,,available,normal,LIMA-LA VICTORIA,14/09/2026,12:00,20,,,,8.414,,,,,,,event_atomic,,,,Se seleccionaron una fecha y una hora disponibles.
observer-***-162020-35b621d0,2026-08-18 16:20:28,,available,normal,LIMA-LA VICTORIA,14/09/2026,12:00,20,,,,8.736,,,,,,,event_atomic,,screenshots\2026-08\18-08-2026\observer-cupo-acfdef.png,screenshots\2026-08\18-08-2026\observer-cupo-acfdef.png,Se seleccionaron una fecha y una hora disponibles.
observer-***-162029-0ec3d1a5,2026-08-18 16:20:37,,available,normal,LIMA-LA VICTORIA,14/09/2026,12:00,20,,,,8.638,,,,,,,event_atomic,,,,Se seleccionaron una fecha y una hora disponibles.
observer-***-162037-f49c8d5b,2026-08-18 16:20:46,,available,normal,LIMA-LA VICTORIA,14/09/2026,12:00,20,,,,8.560,,,,,,,event_atomic,,screenshots\2026-08\18-08-2026\observer-cupo-69ee0c.png,screenshots\2026-08\18-08-2026\observer-cupo-69ee0c.png,Se seleccionaron una fecha y una hora disponibles.
observer-***-162046-24bb6068,2026-08-18 16:20:54,,available,normal,LIMA-LA VICTORIA,14/09/2026,12:00,20,,,,8.302,,,,,,,event_atomic,,,,Se seleccionaron una fecha y una hora disponibles.
observer-***-162054-ba297417,2026-08-18 16:21:03,,available,normal,LIMA-LA VICTORIA,14/09/2026,12:00,20,,,,8.631,,,,,,,event_atomic,,screenshots\2026-08\18-08-2026\observer-cupo-b6282e.png,screenshots\2026-08\18-08-2026\observer-cupo-b6282e.png,Se seleccionaron una fecha y una hora disponibles.
observer-***-162103-7c8b9a32,2026-08-18 16:21:11,,available,normal,LIMA-LA VICTORIA,14/09/2026,12:00,20,,,,8.308,,,,,,,event_atomic,,,,Se seleccionaron una fecha y una hora disponibles.
observer-***-162112-ed92e14b,2026-08-18 16:21:20,,available,normal,LIMA-LA VICTORIA,14/09/2026,12:00,20,,,,8.509,,,,,,,event_atomic,,screenshots\2026-08\18-08-2026\observer-cupo-d65322.png,screenshots\2026-08\18-08-2026\observer-cupo-d65322.png,Se seleccionaron una fecha y una hora disponibles.
observer-***-162120-9fdda49d,2026-08-18 16:21:28,,available,normal,LIMA-LA VICTORIA,14/09/2026,12:00,20,,,,8.311,,,,,,,event_atomic,,,,Se seleccionaron una fecha y una hora disponibles.
observer-***-162129-e3e13654,2026-08-18 16:21:37,,available,normal,LIMA-LA VICTORIA,14/09/2026,12:00,20,,,,8.636,,,,,,,event_atomic,,screenshots\2026-08\18-08-2026\observer-cupo-244023.png,screenshots\2026-08\18-08-2026\observer-cupo-244023.png,Se seleccionaron una fecha y una hora disponibles.
observer-***-162137-64229e5d,2026-08-18 16:21:46,,available,normal,LIMA-LA VICTORIA,14/09/2026,12:00,20,,,,8.224,,,,,,,event_atomic,,,,Se seleccionaron una fecha y una hora disponibles.
observer-***-162146-16bc4aba,2026-08-18 16:22:32,,available,normal,LIMA-LA VICTORIA,14/09/2026,09:00,20,,,,46.742,,,,,,,event_atomic,,screenshots\2026-08\18-08-2026\observer-cupo-91ac03.png,screenshots\2026-08\18-08-2026\observer-cupo-91ac03.png,Se seleccionaron una fecha y una hora disponibles.
observer-***-162233-ae929c51,2026-08-18 16:22:41,,available,normal,LIMA-LA VICTORIA,14/09/2026,09:00,20,,,,8.298,,,,,,,event_atomic,,,,Se seleccionaron una fecha y una hora disponibles.
observer-***-162242-f5fee22f,2026-08-18 16:22:50,,available,normal,LIMA-LA VICTORIA,14/09/2026,09:00,20,,,,8.627,,,,,,,event_atomic,,screenshots\2026-08\18-08-2026\observer-cupo-bd29ac.png,screenshots\2026-08\18-08-2026\observer-cupo-bd29ac.png,Se seleccionaron una fecha y una hora disponibles.
observer-***-162250-fee74879,2026-08-18 16:22:59,,available,normal,LIMA-LA VICTORIA,14/09/2026,09:00,20,,,,8.300,,,,,,,event_atomic,,,,Se seleccionaron una fecha y una hora disponibles.
observer-***-162259-2f20ac9c,2026-08-18 16:23:08,,available,normal,LIMA-LA VICTORIA,14/09/2026,09:00,20,,,,8.807,,,,,,,event_atomic,,screenshots\2026-08\18-08-2026\observer-cupo-57b6b0.png,screenshots\2026-08\18-08-2026\observer-cupo-57b6b0.png,Se seleccionaron una fecha y una hora disponibles.
observer-***-162308-6c93c521,2026-08-18 16:23:16,,available,normal,LIMA-LA VICTORIA,14/09/2026,09:00,20,,,,8.563,,,,,,,event_atomic,,,,Se seleccionaron una fecha y una hora disponibles.
***-162317-c5baa0e8,2026-08-18 16:23:22,order-***,registered,normal,LIMA-LA VICTORIA,14/09/2026,09:00,20,confirmed,portal_success_text,,5.924,3.016,0.657,0.016,0.016,0.000,0.000,event_atomic,0.297,screenshots\2026-08\18-08-2026\portal-1-162317-order-***,screenshots\2026-08\18-08-2026\portal-1-162317-order-*** | screenshots\2026-08\18-08-2026\cupo-162317-order-*** | screenshots\2026-08\18-08-2026\captchas\captcha-162317-order-*** | screenshots\2026-08\18-08-2026\diagnostics\portal-html-1-162317-order-***,La reserva fue confirmada por mensaje de exito del portal.
observer-***-162332-ad1a4757,2026-08-18 16:23:41,,available,normal,LIMA-LA VICTORIA,14/09/2026,09:00,20,,,,9.036,,,,,,,event_atomic,,screenshots\2026-08\18-08-2026\observer-cupo-fb57c0.png,screenshots\2026-08\18-08-2026\observer-cupo-fb57c0.png,Se seleccionaron una fecha y una hora disponibles.
observer-***-162341-2199188b,2026-08-18 16:23:49,,available,normal,LIMA-LA VICTORIA,14/09/2026,09:00,20,,,,8.508,,,,,,,event_atomic,,,,Se seleccionaron una fecha y una hora disponibles.
observer-***-162349-dc2e7fdc,2026-08-18 16:23:58,,available,normal,LIMA-LA VICTORIA,14/09/2026,09:00,20,,,,8.660,,,,,,,event_atomic,,screenshots\2026-08\18-08-2026\observer-cupo-a34311.png,screenshots\2026-08\18-08-2026\observer-cupo-a34311.png,Se seleccionaron una fecha y una hora disponibles.
***-172143-efe5cc2d,2026-08-18 17:22:49,order-***,error,normal,,,,,,,network,66.361,,,,,,,,,screenshots\2026-08\18-08-2026\error-172143-order-***,,"Locator.wait_for: Timeout 30000ms exceeded.
Call log:
  - waiting for locator(""#MainContent_idUcitas_cbosede"") to be visible"
***-080353-4e7a3eef,2026-08-19 08:04:42,order-***,registered,normal,LIMA-LA VICTORIA,14/09/2026,10:00,25,confirmed,portal_success_text,,49.044,3.313,0.641,0.016,0.016,0.000,0.000,event_atomic,0.266,screenshots\2026-08\19-08-2026\portal-1-080353-order-***,screenshots\2026-08\19-08-2026\portal-1-080353-order-*** | screenshots\2026-08\19-08-2026\cupo-080353-order-*** | screenshots\2026-08\19-08-2026\captchas\captcha-080353-order-*** | screenshots\2026-08\19-08-2026\diagnostics\portal-html-1-080353-order-***,La reserva fue confirmada por mensaje de exito del portal.
***-080440-1271d271,2026-08-19 08:04:46,order-***,registered,normal,LIMA-LA VICTORIA,14/09/2026,10:00,25,confirmed,portal_success_text,,6.619,3.906,0.641,0.016,0.016,0.015,0.078,event_atomic,0.281,screenshots\2026-08\19-08-2026\portal-1-080440-order-***,screenshots\2026-08\19-08-2026\portal-1-080440-order-*** | screenshots\2026-08\19-08-2026\cupo-080440-order-*** | screenshots\2026-08\19-08-2026\captchas\captcha-080440-order-*** | screenshots\2026-08\19-08-2026\diagnostics\portal-html-1-080440-order-***,La reserva fue confirmada por mensaje de exito del portal.
***-080442-6877df23,2026-08-19 08:04:48,order-***,registered,normal,LIMA-LA VICTORIA,14/09/2026,10:00,25,confirmed,portal_success_text,,5.682,2.844,0.625,0.016,0.016,0.000,0.000,event_atomic,0.281,screenshots\2026-08\19-08-2026\portal-1-080442-order-***,screenshots\2026-08\19-08-2026\portal-1-080442-order-*** | screenshots\2026-08\19-08-2026\cupo-080442-order-*** | screenshots\2026-08\19-08-2026\captchas\captcha-080442-order-*** | screenshots\2026-08\19-08-2026\diagnostics\portal-html-1-080442-order-***,La reserva fue confirmada por mensaje de exito del portal.
***-080516-f635391e,2026-08-19 08:05:22,order-***,registered,normal,LIMA-LA VICTORIA,14/09/2026,11:00,25,confirmed,portal_success_text,,6.230,3.391,0.656,0.016,0.000,0.000,0.031,event_atomic,0.250,screenshots\2026-08\19-08-2026\portal-1-080516-order-***,screenshots\2026-08\19-08-2026\portal-1-080516-order-*** | screenshots\2026-08\19-08-2026\cupo-080516-order-*** | screenshots\2026-08\19-08-2026\captchas\captcha-080516-order-*** | screenshots\2026-08\19-08-2026\diagnostics\portal-html-1-080516-order-***,La reserva fue confirmada por mensaje de exito del portal.
observer-***-083153-c6539fd9,2026-08-19 08:32:08,,available,normal,LIMA-LA VICTORIA,02/09/2026,11:00,30,,,,14.951,,,,,,,event_atomic,,screenshots\2026-08\19-08-2026\observer-cupo-5c40ec.png,screenshots\2026-08\19-08-2026\observer-cupo-5c40ec.png,Se seleccionaron una fecha y una hora disponibles.
observer-***-083208-9c69527a,2026-08-19 08:32:17,,available,normal,LIMA-LA VICTORIA,02/09/2026,11:00,30,,,,8.200,,,,,,,event_atomic,,,,Se seleccionaron una fecha y una hora disponibles.
observer-***-083217-db22ccab,2026-08-19 08:32:26,,available,normal,LIMA-LA VICTORIA,02/09/2026,11:00,30,,,,8.646,,,,,,,event_atomic,,screenshots\2026-08\19-08-2026\observer-cupo-0892e4.png,screenshots\2026-08\19-08-2026\observer-cupo-0892e4.png,Se seleccionaron una fecha y una hora disponibles.
observer-***-083226-e4f57fca,2026-08-19 08:32:34,,available,normal,LIMA-LA VICTORIA,02/09/2026,11:00,30,,,,8.149,,,,,,,event_atomic,,,,Se seleccionaron una fecha y una hora disponibles.
observer-***-083234-9d5bc67c,2026-08-19 08:32:43,,available,normal,LIMA-LA VICTORIA,02/09/2026,11:00,30,,,,8.657,,,,,,,event_atomic,,screenshots\2026-08\19-08-2026\observer-cupo-5e6654.png,screenshots\2026-08\19-08-2026\observer-cupo-5e6654.png,Se seleccionaron una fecha y una hora disponibles.
observer-***-083243-037d413f,2026-08-19 08:32:51,,available,normal,LIMA-LA VICTORIA,02/09/2026,11:00,30,,,,8.161,,,,,,,event_atomic,,,,Se seleccionaron una fecha y una hora disponibles.
observer-***-083251-2531cc95,2026-08-19 08:33:00,,available,normal,LIMA-LA VICTORIA,02/09/2026,11:00,30,,,,8.379,,,,,,,event_atomic,,screenshots\2026-08\19-08-2026\observer-cupo-4c93d9.png,screenshots\2026-08\19-08-2026\observer-cupo-4c93d9.png,Se seleccionaron una fecha y una hora disponibles.
observer-***-083314-39319a27,2026-08-19 08:34:18,,available,normal,LIMA-LA VICTORIA,15/09/2026,09:00,15,,,,64.291,,,,,,,event_atomic,,screenshots\2026-08\19-08-2026\observer-cupo-4dce5f.png,screenshots\2026-08\19-08-2026\observer-cupo-4dce5f.png,Se seleccionaron una fecha y una hora disponibles.
observer-***-083418-0b0a3f41,2026-08-19 08:34:26,,available,normal,LIMA-LA VICTORIA,15/09/2026,09:00,15,,,,8.042,,,,,,,event_atomic,,,,Se seleccionaron una fecha y una hora disponibles.
observer-***-083427-5a0733c1,2026-08-19 08:34:36,,available,normal,LIMA-LA VICTORIA,15/09/2026,09:00,15,,,,8.373,,,,,,,event_atomic,,screenshots\2026-08\19-08-2026\observer-cupo-fdcb90.png,screenshots\2026-08\19-08-2026\observer-cupo-fdcb90.png,Se seleccionaron una fecha y una hora disponibles.
observer-***-083436-50dee758,2026-08-19 08:34:44,,available,normal,LIMA-LA VICTORIA,15/09/2026,09:00,15,,,,8.106,,,,,,,event_atomic,,,,Se seleccionaron una fecha y una hora disponibles.
observer-***-083444-5e1205c4,2026-08-19 08:34:52,,available,normal,LIMA-LA VICTORIA,15/09/2026,09:00,15,,,,8.421,,,,,,,event_atomic,,screenshots\2026-08\19-08-2026\observer-cupo-5103b2.png,screenshots\2026-08\19-08-2026\observer-cupo-5103b2.png,Se seleccionaron una fecha y una hora disponibles.
observer-***-083452-c33b26c9,2026-08-19 08:35:01,,available,normal,LIMA-LA VICTORIA,15/09/2026,09:00,15,,,,8.142,,,,,,,event_atomic,,,,Se seleccionaron una fecha y una hora disponibles.
observer-***-083501-e63589fa,2026-08-19 08:35:46,,available,normal,LIMA-LA VICTORIA,15/09/2026,10:00,15,,,,45.398,,,,,,,event_atomic,,screenshots\2026-08\19-08-2026\observer-cupo-2233e8.png,screenshots\2026-08\19-08-2026\observer-cupo-2233e8.png,Se seleccionaron una fecha y una hora disponibles.
observer-***-083546-cc1b20ea,2026-08-19 08:35:55,,available,normal,LIMA-LA VICTORIA,15/09/2026,10:00,15,,,,8.744,,,,,,,event_atomic,,,,Se seleccionaron una fecha y una hora disponibles.
observer-***-083556-e60aa562,2026-08-19 08:36:04,,available,normal,LIMA-LA VICTORIA,15/09/2026,10:00,15,,,,8.425,,,,,,,event_atomic,,screenshots\2026-08\19-08-2026\observer-cupo-06f07b.png,screenshots\2026-08\19-08-2026\observer-cupo-06f07b.png,Se seleccionaron una fecha y una hora disponibles.
observer-***-083618-f3cb05e5,2026-08-19 08:36:46,,available,normal,LIMA-LA VICTORIA,15/09/2026,12:00,5,,,,28.103,,,,,,,event_atomic,,screenshots\2026-08\19-08-2026\observer-cupo-7da818.png,screenshots\2026-08\19-08-2026\observer-cupo-7da818.png,Se seleccionaron una fecha y una hora disponibles.
observer-***-083646-44634aca,2026-08-19 08:36:55,,available,normal,LIMA-LA VICTORIA,15/09/2026,12:00,5,,,,8.202,,,,,,,event_atomic,,,,Se seleccionaron una fecha y una hora disponibles.
observer-***-083655-e5548edd,2026-08-19 08:37:04,,available,normal,LIMA-LA VICTORIA,15/09/2026,12:00,5,,,,8.512,,,,,,,event_atomic,,screenshots\2026-08\19-08-2026\observer-cupo-e72170.png,screenshots\2026-08\19-08-2026\observer-cupo-e72170.png,Se seleccionaron una fecha y una hora disponibles.
observer-***-083718-3464cb50,2026-08-19 08:37:26,,available,normal,LIMA-LA VICTORIA,15/09/2026,12:00,10,,,,8.411,,,,,,,event_atomic,,screenshots\2026-08\19-08-2026\observer-cupo-c73f1f.png,screenshots\2026-08\19-08-2026\observer-cupo-c73f1f.png,Se seleccionaron una fecha y una hora disponibles.
observer-***-083727-2ef64cc9,2026-08-19 08:37:35,,available,normal,LIMA-LA VICTORIA,15/09/2026,12:00,10,,,,8.118,,,,,,,event_atomic,,,,Se seleccionaron una fecha y una hora disponibles.
observer-***-083735-e836a6ea,2026-08-19 08:37:44,,available,normal,LIMA-LA VICTORIA,15/09/2026,11:00,15,,,,8.542,,,,,,,event_atomic,,screenshots\2026-08\19-08-2026\observer-cupo-96625b.png,screenshots\2026-08\19-08-2026\observer-cupo-96625b.png,Se seleccionaron una fecha y una hora disponibles.
observer-***-083744-8e14ee4f,2026-08-19 08:37:53,,available,normal,LIMA-LA VICTORIA,15/09/2026,11:00,15,,,,8.634,,,,,,,event_atomic,,,,Se seleccionaron una fecha y una hora disponibles.
observer-***-083754-3c692c3b,2026-08-19 08:38:02,,available,normal,LIMA-LA VICTORIA,15/09/2026,11:00,15,,,,8.824,,,,,,,event_atomic,,screenshots\2026-08\19-08-2026\observer-cupo-309334.png,screenshots\2026-08\19-08-2026\observer-cupo-309334.png,Se seleccionaron una fecha y una hora disponibles.
observer-***-083803-b996ce8c,2026-08-19 08:38:11,,available,normal,LIMA-LA VICTORIA,15/09/2026,11:00,15,,,,8.380,,,,,,,event_atomic,,,,Se seleccionaron una fecha y una hora disponibles.
observer-***-083811-79fd39e6,2026-08-19 08:38:20,,available,normal,LIMA-LA VICTORIA,15/09/2026,11:00,15,,,,9.012,,,,,,,event_atomic,,screenshots\2026-08\19-08-2026\observer-cupo-f235e0.png,screenshots\2026-08\19-08-2026\observer-cupo-f235e0.png,Se seleccionaron una fecha y una hora disponibles.
observer-***-083820-383d527c,2026-08-19 08:38:29,,available,normal,LIMA-LA VICTORIA,15/09/2026,11:00,15,,,,8.587,,,,,,,event_atomic,,,,Se seleccionaron una fecha y una hora disponibles.
observer-***-084630-101fba68,2026-08-19 08:46:58,,available,normal,LIMA-LA VICTORIA,15/09/2026,12:00,15,,,,28.405,,,,,,,event_atomic,,screenshots\2026-08\19-08-2026\observer-cupo-127566.png,screenshots\2026-08\19-08-2026\observer-cupo-127566.png,Se seleccionaron una fecha y una hora disponibles.
observer-***-084658-dc14cbf3,2026-08-19 08:47:07,,available,normal,LIMA-LA VICTORIA,15/09/2026,12:00,15,,,,8.537,,,,,,,event_atomic,,,,Se seleccionaron una fecha y una hora disponibles.
observer-***-084708-9f71dd7b,2026-08-19 08:47:17,,available,normal,LIMA-LA VICTORIA,15/09/2026,12:00,15,,,,8.864,,,,,,,event_atomic,,screenshots\2026-08\19-08-2026\observer-cupo-53af0b.png,screenshots\2026-08\19-08-2026\observer-cupo-53af0b.png,Se seleccionaron una fecha y una hora disponibles.
observer-***-084717-576e2570,2026-08-19 08:47:25,,available,normal,LIMA-LA VICTORIA,15/09/2026,12:00,15,,,,8.419,,,,,,,event_atomic,,,,Se seleccionaron una fecha y una hora disponibles.
observer-***-084725-99fc1764,2026-08-19 08:47:34,,available,normal,LIMA-LA VICTORIA,15/09/2026,12:00,15,,,,8.757,,,,,,,event_atomic,,screenshots\2026-08\19-08-2026\observer-cupo-f2e308.png,screenshots\2026-08\19-08-2026\observer-cupo-f2e308.png,Se seleccionaron una fecha y una hora disponibles.
observer-***-084734-625e0001,2026-08-19 08:47:43,,available,normal,LIMA-LA VICTORIA,15/09/2026,12:00,15,,,,8.643,,,,,,,event_atomic,,,,Se seleccionaron una fecha y una hora disponibles.
observer-***-084743-930d159e,2026-08-19 08:47:52,,available,normal,LIMA-LA VICTORIA,15/09/2026,12:00,15,,,,8.829,,,,,,,event_atomic,,screenshots\2026-08\19-08-2026\observer-cupo-d552d0.png,screenshots\2026-08\19-08-2026\observer-cupo-d552d0.png,Se seleccionaron una fecha y una hora disponibles.
observer-***-084752-c22530ca,2026-08-19 08:48:01,,available,normal,LIMA-LA VICTORIA,15/09/2026,12:00,15,,,,8.519,,,,,,,event_atomic,,,,Se seleccionaron una fecha y una hora disponibles.
observer-***-084801-a9dab1c5,2026-08-19 08:48:10,,available,normal,LIMA-LA VICTORIA,15/09/2026,12:00,15,,,,8.968,,,,,,,event_atomic,,screenshots\2026-08\19-08-2026\observer-cupo-5f2ef0.png,screenshots\2026-08\19-08-2026\observer-cupo-5f2ef0.png,Se seleccionaron una fecha y una hora disponibles.
***-093216-538a0985,2026-08-19 09:32:54,order-***,partial,normal,LIMA-LA VICTORIA,15/09/2026,10:00,20,blocked_by_order_rule,,,38.363,1.203,1.015,,,,,event_atomic,,screenshots\2026-08\19-08-2026\captchas\captcha-093216-order-***,screenshots\2026-08\19-08-2026\captchas\captcha-093216-order-***,"Se encontro un horario disponible, pero no cumple la regla de reserva de la orden."
***-093254-8b2d3d07,2026-08-19 09:32:59,order-***,partial,normal,LIMA-LA VICTORIA,15/09/2026,10:00,20,blocked_by_order_rule,,,4.533,1.218,1.000,,,,,event_atomic,,screenshots\2026-08\19-08-2026\captchas\captcha-093254-order-***,screenshots\2026-08\19-08-2026\captchas\captcha-093254-order-***,"Se encontro un horario disponible, pero no cumple la regla de reserva de la orden."
***-093259-caeeaffd,2026-08-19 09:33:03,order-***,partial,normal,LIMA-LA VICTORIA,15/09/2026,10:00,20,blocked_by_order_rule,,,4.214,1.141,0.954,,,,,event_atomic,,screenshots\2026-08\19-08-2026\captchas\captcha-093259-order-***,screenshots\2026-08\19-08-2026\captchas\captcha-093259-order-***,"Se encontro un horario disponible, pero no cumple la regla de reserva de la orden."
***-093303-94a52e3d,2026-08-19 09:33:08,order-***,partial,normal,LIMA-LA VICTORIA,15/09/2026,10:00,20,blocked_by_order_rule,,,4.387,1.172,0.985,,,,,event_atomic,,screenshots\2026-08\19-08-2026\captchas\captcha-093303-order-***,screenshots\2026-08\19-08-2026\captchas\captcha-093303-order-***,"Se encontro un horario disponible, pero no cumple la regla de reserva de la orden."
***-093308-***,2026-08-19 09:33:12,order-***,partial,normal,LIMA-LA VICTORIA,15/09/2026,10:00,20,blocked_by_order_rule,,,4.420,1.188,1.000,,,,,event_atomic,,screenshots\2026-08\19-08-2026\captchas\captcha-093308-order-***,screenshots\2026-08\19-08-2026\captchas\captcha-093308-order-***,"Se encontro un horario disponible, pero no cumple la regla de reserva de la orden."
***-093312-a1f09a79,2026-08-19 09:33:17,order-***,partial,normal,LIMA-LA VICTORIA,15/09/2026,10:00,20,blocked_by_order_rule,,,4.450,1.141,0.969,,,,,event_atomic,,screenshots\2026-08\19-08-2026\captchas\captcha-093312-order-***,screenshots\2026-08\19-08-2026\captchas\captcha-093312-order-***,"Se encontro un horario disponible, pero no cumple la regla de reserva de la orden."
***-093317-e03aba92,2026-08-19 09:33:23,order-***,partial,normal,LIMA-LA VICTORIA,15/09/2026,10:00,20,blocked_by_order_rule,,,5.723,1.188,0.954,,,,,event_atomic,,screenshots\2026-08\19-08-2026\captchas\captcha-093317-order-***,screenshots\2026-08\19-08-2026\captchas\captcha-093317-order-***,"Se encontro un horario disponible, pero no cumple la regla de reserva de la orden."
***-093323-6990bedb,2026-08-19 09:33:28,order-***,partial,normal,LIMA-LA VICTORIA,15/09/2026,12:00,20,blocked_by_order_rule,,,4.671,1.187,0.984,,,,,event_atomic,,screenshots\2026-08\19-08-2026\captchas\captcha-093323-order-***,screenshots\2026-08\19-08-2026\captchas\captcha-093323-order-***,"Se encontro un horario disponible, pero no cumple la regla de reserva de la orden."
***-093328-5c71eb9f,2026-08-19 09:34:08,order-***,partial,normal,LIMA-LA VICTORIA,15/09/2026,12:00,20,blocked_by_order_rule,,,40.388,1.125,0.953,,,,,event_atomic,,screenshots\2026-08\19-08-2026\captchas\captcha-093328-order-***,screenshots\2026-08\19-08-2026\captchas\captcha-093328-order-***,"Se encontro un horario disponible, pero no cumple la regla de reserva de la orden."
***-093408-fb374c21,2026-08-19 09:34:12,order-***,partial,normal,LIMA-LA VICTORIA,15/09/2026,12:00,20,blocked_by_order_rule,,,4.295,1.172,0.985,,,,,event_atomic,,screenshots\2026-08\19-08-2026\captchas\captcha-093408-order-***,screenshots\2026-08\19-08-2026\captchas\captcha-093408-order-***,"Se encontro un horario disponible, pero no cumple la regla de reserva de la orden."
***-093413-b2c1bade,2026-08-19 09:34:17,order-***,partial,normal,LIMA-LA VICTORIA,15/09/2026,12:00,20,blocked_by_order_rule,,,4.246,1.218,0.953,,,,,event_atomic,,screenshots\2026-08\19-08-2026\captchas\captcha-093413-order-***,screenshots\2026-08\19-08-2026\captchas\captcha-093413-order-***,"Se encontro un horario disponible, pero no cumple la regla de reserva de la orden."
***-093417-50de0fbe,2026-08-19 09:34:21,order-***,partial,normal,LIMA-LA VICTORIA,15/09/2026,12:00,20,blocked_by_order_rule,,,4.489,1.188,1.000,,,,,event_atomic,,screenshots\2026-08\19-08-2026\captchas\captcha-093417-order-***,screenshots\2026-08\19-08-2026\captchas\captcha-093417-order-***,"Se encontro un horario disponible, pero no cumple la regla de reserva de la orden."
***-101552-21e0732f,2026-08-19 10:16:17,order-***,partial,normal,LIMA-LA VICTORIA,15/09/2026,08:00,20,blocked_by_order_rule,,,25.435,1.219,0.953,,,,,event_atomic,,screenshots\2026-08\19-08-2026\captchas\captcha-101552-order-***,screenshots\2026-08\19-08-2026\captchas\captcha-101552-order-***,"Se encontro un horario disponible, pero no cumple la regla de reserva de la orden."
***-101618-a9012a02,2026-08-19 10:16:22,order-***,partial,normal,LIMA-LA VICTORIA,15/09/2026,08:00,20,blocked_by_order_rule,,,4.244,1.313,1.156,,,,,event_atomic,,screenshots\2026-08\19-08-2026\captchas\captcha-101618-order-***,screenshots\2026-08\19-08-2026\captchas\captcha-101618-order-***,"Se encontro un horario disponible, pero no cumple la regla de reserva de la orden."
***-101622-77060b0a,2026-08-19 10:16:26,order-***,partial,normal,LIMA-LA VICTORIA,15/09/2026,08:00,20,blocked_by_order_rule,,,4.321,1.093,0.937,,,,,event_atomic,,screenshots\2026-08\19-08-2026\captchas\captcha-101622-order-***,screenshots\2026-08\19-08-2026\captchas\captcha-101622-order-***,"Se encontro un horario disponible, pero no cumple la regla de reserva de la orden."
***-101626-8f5f0a54,2026-08-19 10:16:30,order-***,partial,normal,LIMA-LA VICTORIA,15/09/2026,08:00,20,blocked_by_order_rule,,,3.940,1.125,0.969,,,,,event_atomic,,screenshots\2026-08\19-08-2026\captchas\captcha-101626-order-***,screenshots\2026-08\19-08-2026\captchas\captcha-101626-order-***,"Se encontro un horario disponible, pero no cumple la regla de reserva de la orden."
***-101630-095068a4,2026-08-19 10:16:35,order-***,partial,normal,LIMA-LA VICTORIA,15/09/2026,08:00,20,blocked_by_order_rule,,,4.742,1.141,0.938,,,,,event_atomic,,screenshots\2026-08\19-08-2026\captchas\captcha-101630-order-***,screenshots\2026-08\19-08-2026\captchas\captcha-101630-order-***,"Se encontro un horario disponible, pero no cumple la regla de reserva de la orden."
***-101635-6e1c574a,2026-08-19 10:16:39,order-***,partial,normal,LIMA-LA VICTORIA,15/09/2026,08:00,20,blocked_by_order_rule,,,3.986,1.125,0.938,,,,,event_atomic,,screenshots\2026-08\19-08-2026\captchas\captcha-101635-order-***,screenshots\2026-08\19-08-2026\captchas\captcha-101635-order-***,"Se encontro un horario disponible, pero no cumple la regla de reserva de la orden."
***-101639-b6a50de7,2026-08-19 10:16:44,order-***,partial,normal,LIMA-LA VICTORIA,15/09/2026,08:00,20,blocked_by_order_rule,,,4.822,1.969,1.782,,,,,event_atomic,,screenshots\2026-08\19-08-2026\captchas\captcha-101639-order-***,screenshots\2026-08\19-08-2026\captchas\captcha-101639-order-***,"Se encontro un horario disponible, pero no cumple la regla de reserva de la orden."
***-101644-a7814f0f,2026-08-19 10:16:49,order-***,partial,normal,LIMA-LA VICTORIA,15/09/2026,08:00,20,blocked_by_order_rule,,,5.084,1.969,1.781,,,,,event_atomic,,screenshots\2026-08\19-08-2026\captchas\captcha-101644-order-***,screenshots\2026-08\19-08-2026\captchas\captcha-101644-order-***,"Se encontro un horario disponible, pero no cumple la regla de reserva de la orden."
***-101649-46de1565,2026-08-19 10:16:53,order-***,partial,normal,LIMA-LA VICTORIA,16/09/2026,08:00,11,blocked_by_order_rule,,,3.994,1.141,0.969,,,,,event_atomic,,screenshots\2026-08\19-08-2026\captchas\captcha-101649-order-***,screenshots\2026-08\19-08-2026\captchas\captcha-101649-order-***,"Se encontro un horario disponible, pero no cumple la regla de reserva de la orden."
***-101653-dae05011,2026-08-19 10:16:57,order-***,partial,normal,LIMA-LA VICTORIA,16/09/2026,08:00,11,blocked_by_order_rule,,,4.030,1.141,0.954,,,,,event_atomic,,screenshots\2026-08\19-08-2026\captchas\captcha-101653-order-***,screenshots\2026-08\19-08-2026\captchas\captcha-101653-order-***,"Se encontro un horario disponible, pero no cumple la regla de reserva de la orden."
***-101658-f4d86c71,2026-08-19 10:17:02,order-***,partial,normal,LIMA-LA VICTORIA,16/09/2026,08:00,11,blocked_by_order_rule,,,3.973,1.093,0.937,,,,,event_atomic,,screenshots\2026-08\19-08-2026\captchas\captcha-101658-order-***,screenshots\2026-08\19-08-2026\captchas\captcha-101658-order-***,"Se encontro un horario disponible, pero no cumple la regla de reserva de la orden."
***-101702-8fb58801,2026-08-19 10:17:06,order-***,partial,normal,LIMA-LA VICTORIA,16/09/2026,08:00,11,blocked_by_order_rule,,,3.907,1.109,0.938,,,,,event_atomic,,screenshots\2026-08\19-08-2026\captchas\captcha-101702-order-***,screenshots\2026-08\19-08-2026\captchas\captcha-101702-order-***,"Se encontro un horario disponible, pero no cumple la regla de reserva de la orden."
***-101706-af561c56,2026-08-19 10:17:10,order-***,partial,normal,LIMA-LA VICTORIA,16/09/2026,08:00,11,blocked_by_order_rule,,,3.924,1.109,0.937,,,,,event_atomic,,screenshots\2026-08\19-08-2026\captchas\captcha-101706-order-***,screenshots\2026-08\19-08-2026\captchas\captcha-101706-order-***,"Se encontro un horario disponible, pero no cumple la regla de reserva de la orden."
***-101710-df255646,2026-08-19 10:17:14,order-***,partial,normal,LIMA-LA VICTORIA,16/09/2026,08:00,11,blocked_by_order_rule,,,3.993,1.157,0.953,,,,,event_atomic,,screenshots\2026-08\19-08-2026\captchas\captcha-101710-order-***,screenshots\2026-08\19-08-2026\captchas\captcha-101710-order-***,"Se encontro un horario disponible, pero no cumple la regla de reserva de la orden."
***-101714-98aad7ea,2026-08-19 10:17:18,order-***,partial,normal,LIMA-LA VICTORIA,16/09/2026,08:00,11,blocked_by_order_rule,,,4.084,1.157,0.969,,,,,event_atomic,,screenshots\2026-08\19-08-2026\captchas\captcha-101714-order-***,screenshots\2026-08\19-08-2026\captchas\captcha-101714-order-***,"Se encontro un horario disponible, pero no cumple la regla de reserva de la orden."
***-101718-3863b682,2026-08-19 10:17:22,order-***,partial,normal,LIMA-LA VICTORIA,16/09/2026,08:00,11,blocked_by_order_rule,,,4.112,1.140,0.969,,,,,event_atomic,,screenshots\2026-08\19-08-2026\captchas\captcha-101718-order-***,screenshots\2026-08\19-08-2026\captchas\captcha-101718-order-***,"Se encontro un horario disponible, pero no cumple la regla de reserva de la orden."
***-101722-519efeb4,2026-08-19 10:17:26,order-***,partial,normal,LIMA-LA VICTORIA,16/09/2026,08:00,11,blocked_by_order_rule,,,3.946,1.094,0.937,,,,,event_atomic,,screenshots\2026-08\19-08-2026\captchas\captcha-101722-order-***,screenshots\2026-08\19-08-2026\captchas\captcha-101722-order-***,"Se encontro un horario disponible, pero no cumple la regla de reserva de la orden."
***-101726-ab5fbe2a,2026-08-19 10:17:30,order-***,partial,normal,LIMA-LA VICTORIA,16/09/2026,08:00,11,blocked_by_order_rule,,,3.978,1.093,0.937,,,,,event_atomic,,screenshots\2026-08\19-08-2026\captchas\captcha-101726-order-***,screenshots\2026-08\19-08-2026\captchas\captcha-101726-order-***,"Se encontro un horario disponible, pero no cumple la regla de reserva de la orden."
***-101730-1342ee3d,2026-08-19 10:17:34,order-***,partial,normal,LIMA-LA VICTORIA,16/09/2026,08:00,11,blocked_by_order_rule,,,4.094,1.141,0.969,,,,,event_atomic,,screenshots\2026-08\19-08-2026\captchas\captcha-101730-order-***,screenshots\2026-08\19-08-2026\captchas\captcha-101730-order-***,"Se encontro un horario disponible, pero no cumple la regla de reserva de la orden."
***-101734-06baec2f,2026-08-19 10:17:38,order-***,partial,normal,LIMA-LA VICTORIA,16/09/2026,08:00,11,blocked_by_order_rule,,,4.007,1.140,0.953,,,,,event_atomic,,screenshots\2026-08\19-08-2026\captchas\captcha-101734-order-***,screenshots\2026-08\19-08-2026\captchas\captcha-101734-order-***,"Se encontro un horario disponible, pero no cumple la regla de reserva de la orden."
***-101739-ca2c6024,2026-08-19 10:17:43,order-***,partial,normal,LIMA-LA VICTORIA,16/09/2026,08:00,11,blocked_by_order_rule,,,4.247,1.141,0.985,,,,,event_atomic,,screenshots\2026-08\19-08-2026\captchas\captcha-101739-order-***,screenshots\2026-08\19-08-2026\captchas\captcha-101739-order-***,"Se encontro un horario disponible, pero no cumple la regla de reserva de la orden."
***-101743-98b4db56,2026-08-19 10:17:47,order-***,partial,normal,LIMA-LA VICTORIA,16/09/2026,08:00,11,blocked_by_order_rule,,,4.120,1.140,0.953,,,,,event_atomic,,screenshots\2026-08\19-08-2026\captchas\captcha-101743-order-***,screenshots\2026-08\19-08-2026\captchas\captcha-101743-order-***,"Se encontro un horario disponible, pero no cumple la regla de reserva de la orden."
***-101747-5e98d5fb,2026-08-19 10:17:51,order-***,partial,normal,LIMA-LA VICTORIA,16/09/2026,08:00,11,blocked_by_order_rule,,,4.010,1.125,0.969,,,,,event_atomic,,screenshots\2026-08\19-08-2026\captchas\captcha-101747-order-***,screenshots\2026-08\19-08-2026\captchas\captcha-101747-order-***,"Se encontro un horario disponible, pero no cumple la regla de reserva de la orden."
***-101751-83941a95,2026-08-19 10:17:55,order-***,partial,normal,LIMA-LA VICTORIA,16/09/2026,08:00,11,blocked_by_order_rule,,,3.998,1.125,0.969,,,,,event_atomic,,screenshots\2026-08\19-08-2026\captchas\captcha-101751-order-***,screenshots\2026-08\19-08-2026\captchas\captcha-101751-order-***,"Se encontro un horario disponible, pero no cumple la regla de reserva de la orden."
***-101755-ad98e85f,2026-08-19 10:17:59,order-***,partial,normal,LIMA-LA VICTORIA,16/09/2026,08:00,11,blocked_by_order_rule,,,4.005,1.125,0.953,,,,,event_atomic,,screenshots\2026-08\19-08-2026\captchas\captcha-101755-order-***,screenshots\2026-08\19-08-2026\captchas\captcha-101755-order-***,"Se encontro un horario disponible, pero no cumple la regla de reserva de la orden."
***-101759-9c499f99,2026-08-19 10:18:04,order-***,partial,normal,LIMA-LA VICTORIA,16/09/2026,08:00,11,blocked_by_order_rule,,,4.275,1.360,1.188,,,,,event_atomic,,screenshots\2026-08\19-08-2026\captchas\captcha-101759-order-***,screenshots\2026-08\19-08-2026\captchas\captcha-101759-order-***,"Se encontro un horario disponible, pero no cumple la regla de reserva de la orden."
***-101804-263159e8,2026-08-19 10:18:08,order-***,partial,normal,LIMA-LA VICTORIA,16/09/2026,08:00,11,blocked_by_order_rule,,,3.964,1.125,0.938,,,,,event_atomic,,screenshots\2026-08\19-08-2026\captchas\captcha-101804-order-***,screenshots\2026-08\19-08-2026\captchas\captcha-101804-order-***,"Se encontro un horario disponible, pero no cumple la regla de reserva de la orden."
***-101808-375dce8c,2026-08-19 10:18:12,order-***,partial,normal,LIMA-LA VICTORIA,16/09/2026,08:00,11,blocked_by_order_rule,,,4.000,1.109,0.937,,,,,event_atomic,,screenshots\2026-08\19-08-2026\captchas\captcha-101808-order-***,screenshots\2026-08\19-08-2026\captchas\captcha-101808-order-***,"Se encontro un horario disponible, pero no cumple la regla de reserva de la orden."
***-101812-e21d8993,2026-08-19 10:18:16,order-***,partial,normal,LIMA-LA VICTORIA,16/09/2026,08:00,11,blocked_by_order_rule,,,3.964,1.140,0.953,,,,,event_atomic,,screenshots\2026-08\19-08-2026\captchas\captcha-101812-order-***,screenshots\2026-08\19-08-2026\captchas\captcha-101812-order-***,"Se encontro un horario disponible, pero no cumple la regla de reserva de la orden."
***-101816-d5a571d3,2026-08-19 10:18:20,order-***,partial,normal,LIMA-LA VICTORIA,16/09/2026,08:00,11,blocked_by_order_rule,,,3.999,1.094,0.937,,,,,event_atomic,,screenshots\2026-08\19-08-2026\captchas\captcha-101816-order-***,screenshots\2026-08\19-08-2026\captchas\captcha-101816-order-***,"Se encontro un horario disponible, pero no cumple la regla de reserva de la orden."
***-101820-cdb05b98,2026-08-19 10:18:24,order-***,partial,normal,LIMA-LA VICTORIA,16/09/2026,08:00,11,blocked_by_order_rule,,,4.185,1.125,0.954,,,,,event_atomic,,screenshots\2026-08\19-08-2026\captchas\captcha-101820-order-***,screenshots\2026-08\19-08-2026\captchas\captcha-101820-order-***,"Se encontro un horario disponible, pero no cumple la regla de reserva de la orden."
***-101824-901985a3,2026-08-19 10:18:28,order-***,partial,normal,LIMA-LA VICTORIA,16/09/2026,08:00,11,blocked_by_order_rule,,,3.986,1.109,0.937,,,,,event_atomic,,screenshots\2026-08\19-08-2026\captchas\captcha-101824-order-***,screenshots\2026-08\19-08-2026\captchas\captcha-101824-order-***,"Se encontro un horario disponible, pero no cumple la regla de reserva de la orden."
***-101829-1e8d4730,2026-08-19 10:18:33,order-***,partial,normal,LIMA-LA VICTORIA,16/09/2026,08:00,11,blocked_by_order_rule,,,4.197,1.375,1.204,,,,,event_atomic,,screenshots\2026-08\19-08-2026\captchas\captcha-101829-order-***,screenshots\2026-08\19-08-2026\captchas\captcha-101829-order-***,"Se encontro un horario disponible, pero no cumple la regla de reserva de la orden."
***-101833-4cfecff8,2026-08-19 10:18:37,order-***,partial,normal,LIMA-LA VICTORIA,16/09/2026,08:00,11,blocked_by_order_rule,,,4.060,1.125,0.953,,,,,event_atomic,,screenshots\2026-08\19-08-2026\captchas\captcha-101833-order-***,screenshots\2026-08\19-08-2026\captchas\captcha-101833-order-***,"Se encontro un horario disponible, pero no cumple la regla de reserva de la orden."
***-101837-fa64689b,2026-08-19 10:18:41,order-***,partial,normal,LIMA-LA VICTORIA,16/09/2026,09:00,10,blocked_by_order_rule,,,4.051,1.125,0.937,,,,,event_atomic,,screenshots\2026-08\19-08-2026\captchas\captcha-101837-order-***,screenshots\2026-08\19-08-2026\captchas\captcha-101837-order-***,"Se encontro un horario disponible, pero no cumple la regla de reserva de la orden."
***-101841-dadc5088,2026-08-19 10:18:45,order-***,partial,normal,LIMA-LA VICTORIA,16/09/2026,09:00,10,blocked_by_order_rule,,,4.031,1.141,0.984,,,,,event_atomic,,screenshots\2026-08\19-08-2026\captchas\captcha-101841-order-***,screenshots\2026-08\19-08-2026\captchas\captcha-101841-order-***,"Se encontro un horario disponible, pero no cumple la regla de reserva de la orden."
***-101845-17bd7aeb,2026-08-19 10:18:49,order-***,partial,normal,LIMA-LA VICTORIA,16/09/2026,09:00,10,blocked_by_order_rule,,,4.147,1.110,0.953,,,,,event_atomic,,screenshots\2026-08\19-08-2026\captchas\captcha-101845-order-***,screenshots\2026-08\19-08-2026\captchas\captcha-101845-order-***,"Se encontro un horario disponible, pero no cumple la regla de reserva de la orden."
***-101849-23ee539d,2026-08-19 10:18:53,order-***,partial,normal,LIMA-LA VICTORIA,16/09/2026,09:00,10,blocked_by_order_rule,,,3.925,1.125,0.953,,,,,event_atomic,,screenshots\2026-08\19-08-2026\captchas\captcha-101849-order-***,screenshots\2026-08\19-08-2026\captchas\captcha-101849-order-***,"Se encontro un horario disponible, pero no cumple la regla de reserva de la orden."
***-101854-d894bff0,2026-08-19 10:18:58,order-***,partial,normal,LIMA-LA VICTORIA,16/09/2026,09:00,10,blocked_by_order_rule,,,4.023,1.125,0.968,,,,,event_atomic,,screenshots\2026-08\19-08-2026\captchas\captcha-101854-order-***,screenshots\2026-08\19-08-2026\captchas\captcha-101854-order-***,"Se encontro un horario disponible, pero no cumple la regla de reserva de la orden."
***-101858-a6604399,2026-08-19 10:19:02,order-***,partial,normal,LIMA-LA VICTORIA,16/09/2026,09:00,10,blocked_by_order_rule,,,3.923,1.125,0.953,,,,,event_atomic,,screenshots\2026-08\19-08-2026\captchas\captcha-101858-order-***,screenshots\2026-08\19-08-2026\captchas\captcha-101858-order-***,"Se encontro un horario disponible, pero no cumple la regla de reserva de la orden."
***-101902-2c16a561,2026-08-19 10:19:06,order-***,partial,normal,LIMA-LA VICTORIA,16/09/2026,09:00,10,blocked_by_order_rule,,,4.023,1.141,0.969,,,,,event_atomic,,screenshots\2026-08\19-08-2026\captchas\captcha-101902-order-***,screenshots\2026-08\19-08-2026\captchas\captcha-101902-order-***,"Se encontro un horario disponible, pero no cumple la regla de reserva de la orden."
***-101906-2f2b7123,2026-08-19 10:19:10,order-***,partial,normal,LIMA-LA VICTORIA,16/09/2026,09:00,10,blocked_by_order_rule,,,3.918,1.109,0.953,,,,,event_atomic,,screenshots\2026-08\19-08-2026\captchas\captcha-101906-order-***,screenshots\2026-08\19-08-2026\captchas\captcha-101906-order-***,"Se encontro un horario disponible, pero no cumple la regla de reserva de la orden."
***-101910-d4cbe84c,2026-08-19 10:19:14,order-***,partial,normal,LIMA-LA VICTORIA,16/09/2026,09:00,10,blocked_by_order_rule,,,3.870,1.094,0.938,,,,,event_atomic,,screenshots\2026-08\19-08-2026\captchas\captcha-101910-order-***,screenshots\2026-08\19-08-2026\captchas\captcha-101910-order-***,"Se encontro un horario disponible, pero no cumple la regla de reserva de la orden."
***-101914-d9bcb225,2026-08-19 10:19:18,order-***,partial,normal,LIMA-LA VICTORIA,16/09/2026,09:00,10,blocked_by_order_rule,,,3.924,1.094,0.937,,,,,event_atomic,,screenshots\2026-08\19-08-2026\captchas\captcha-101914-order-***,screenshots\2026-08\19-08-2026\captchas\captcha-101914-order-***,"Se encontro un horario disponible, pero no cumple la regla de reserva de la orden."
***-101918-ef651467,2026-08-19 10:19:22,order-***,partial,normal,LIMA-LA VICTORIA,16/09/2026,09:00,10,blocked_by_order_rule,,,4.004,1.109,0.953,,,,,event_atomic,,screenshots\2026-08\19-08-2026\captchas\captcha-101918-order-***,screenshots\2026-08\19-08-2026\captchas\captcha-101918-order-***,"Se encontro un horario disponible, pero no cumple la regla de reserva de la orden."
***-101922-6a806bf0,2026-08-19 10:19:26,order-***,partial,normal,LIMA-LA VICTORIA,16/09/2026,09:00,10,blocked_by_order_rule,,,4.078,1.250,1.094,,,,,event_atomic,,screenshots\2026-08\19-08-2026\captchas\captcha-101922-order-***,screenshots\2026-08\19-08-2026\captchas\captcha-101922-order-***,"Se encontro un horario disponible, pero no cumple la regla de reserva de la orden."
***-101926-f7653b75,2026-08-19 10:19:30,order-***,partial,normal,LIMA-LA VICTORIA,16/09/2026,09:00,10,blocked_by_order_rule,,,4.061,1.110,0.954,,,,,event_atomic,,screenshots\2026-08\19-08-2026\captchas\captcha-101926-order-***,screenshots\2026-08\19-08-2026\captchas\captcha-101926-order-***,"Se encontro un horario disponible, pero no cumple la regla de reserva de la orden."
***-105846-c9ea01e8,2026-08-19 10:58:51,order-***,partial,normal,LIMA-LA VICTORIA,15/09/2026,11:00,20,blocked_by_order_rule,,,5.186,1.094,0.937,,,,,event_atomic,,screenshots\2026-08\19-08-2026\captchas\captcha-105846-order-***,screenshots\2026-08\19-08-2026\captchas\captcha-105846-order-***,"Se encontro un horario disponible, pero no cumple la regla de reserva de la orden."
***-105851-740663e4,2026-08-19 10:58:55,order-***,partial,normal,LIMA-LA VICTORIA,15/09/2026,11:00,20,blocked_by_order_rule,,,3.889,1.109,0.937,,,,,event_atomic,,screenshots\2026-08\19-08-2026\captchas\captcha-105851-order-***,screenshots\2026-08\19-08-2026\captchas\captcha-105851-order-***,"Se encontro un horario disponible, pero no cumple la regla de reserva de la orden."
***-105855-8a261621,2026-08-19 10:58:59,order-***,partial,normal,LIMA-LA VICTORIA,15/09/2026,11:00,20,blocked_by_order_rule,,,3.922,1.094,0.937,,,,,event_atomic,,screenshots\2026-08\19-08-2026\captchas\captcha-105855-order-***,screenshots\2026-08\19-08-2026\captchas\captcha-105855-order-***,"Se encontro un horario disponible, pero no cumple la regla de reserva de la orden."
***-105859-70223a8d,2026-08-19 10:59:03,order-***,partial,normal,LIMA-LA VICTORIA,15/09/2026,11:00,20,blocked_by_order_rule,,,3.939,1.094,0.938,,,,,event_atomic,,screenshots\2026-08\19-08-2026\captchas\captcha-105859-order-***,screenshots\2026-08\19-08-2026\captchas\captcha-105859-order-***,"Se encontro un horario disponible, pero no cumple la regla de reserva de la orden."
***-105903-300db1b7,2026-08-19 10:59:07,order-***,partial,normal,LIMA-LA VICTORIA,15/09/2026,11:00,20,blocked_by_order_rule,,,3.919,1.110,0.938,,,,,event_atomic,,screenshots\2026-08\19-08-2026\captchas\captcha-105903-order-***,screenshots\2026-08\19-08-2026\captchas\captcha-105903-order-***,"Se encontro un horario disponible, pero no cumple la regla de reserva de la orden."
***-105907-831193b5,2026-08-19 10:59:38,order-***,partial,normal,LIMA-LA VICTORIA,15/09/2026,09:00,20,blocked_by_order_rule,,,30.918,1.109,0.937,,,,,event_atomic,,screenshots\2026-08\19-08-2026\captchas\captcha-105907-order-***,screenshots\2026-08\19-08-2026\captchas\captcha-105907-order-***,"Se encontro un horario disponible, pero no cumple la regla de reserva de la orden."
***-105939-b7375cac,2026-08-19 10:59:42,order-***,partial,normal,LIMA-LA VICTORIA,15/09/2026,09:00,20,blocked_by_order_rule,,,3.845,1.093,0.937,,,,,event_atomic,,screenshots\2026-08\19-08-2026\captchas\captcha-105939-order-***,screenshots\2026-08\19-08-2026\captchas\captcha-105939-order-***,"Se encontro un horario disponible, pero no cumple la regla de reserva de la orden."
***-105942-444609ef,2026-08-19 10:59:46,order-***,partial,normal,LIMA-LA VICTORIA,15/09/2026,09:00,20,blocked_by_order_rule,,,3.950,1.094,0.937,,,,,event_atomic,,screenshots\2026-08\19-08-2026\captchas\captcha-105942-order-***,screenshots\2026-08\19-08-2026\captchas\captcha-105942-order-***,"Se encontro un horario disponible, pero no cumple la regla de reserva de la orden."
***-105946-e483d0d5,2026-08-19 10:59:51,order-***,partial,normal,LIMA-LA VICTORIA,19/08/2026,11:00,32,blocked_by_order_rule,,,4.762,1.922,1.766,,,,,event_atomic,,screenshots\2026-08\19-08-2026\captchas\captcha-105946-order-***,screenshots\2026-08\19-08-2026\captchas\captcha-105946-order-***,"Se encontro un horario disponible, pero no cumple la regla de reserva de la orden."
***-105951-5de058dd,2026-08-19 11:00:30,order-***,partial,normal,LIMA-LA VICTORIA,15/09/2026,09:00,20,blocked_by_order_rule,,,38.956,1.125,0.953,,,,,event_atomic,,screenshots\2026-08\19-08-2026\captchas\captcha-105951-order-***,screenshots\2026-08\19-08-2026\captchas\captcha-105951-order-***,"Se encontro un horario disponible, pero no cumple la regla de reserva de la orden."
***-110030-23ea56b2,2026-08-19 11:00:34,order-***,partial,normal,LIMA-LA VICTORIA,15/09/2026,09:00,20,blocked_by_order_rule,,,3.999,1.109,0.937,,,,,event_atomic,,screenshots\2026-08\19-08-2026\captchas\captcha-110030-order-***,screenshots\2026-08\19-08-2026\captchas\captcha-110030-order-***,"Se encontro un horario disponible, pero no cumple la regla de reserva de la orden."
***-110034-3e150aac,2026-08-19 11:00:38,order-***,partial,normal,LIMA-LA VICTORIA,15/09/2026,09:00,20,blocked_by_order_rule,,,3.963,1.094,0.938,,,,,event_atomic,,screenshots\2026-08\19-08-2026\captchas\captcha-110034-order-***,screenshots\2026-08\19-08-2026\captchas\captcha-110034-order-***,"Se encontro un horario disponible, pero no cumple la regla de reserva de la orden."
***-110039-e93fdad9,2026-08-19 11:00:42,order-***,partial,normal,LIMA-LA VICTORIA,15/09/2026,09:00,20,blocked_by_order_rule,,,3.872,1.110,0.953,,,,,event_atomic,,screenshots\2026-08\19-08-2026\captchas\captcha-110039-order-***,screenshots\2026-08\19-08-2026\captchas\captcha-110039-order-***,"Se encontro un horario disponible, pero no cumple la regla de reserva de la orden."
***-110042-b4ec4d31,2026-08-19 11:01:16,order-***,partial,normal,LIMA-LA VICTORIA,16/09/2026,08:00,15,blocked_by_order_rule,,,33.047,1.110,0.953,,,,,event_atomic,,screenshots\2026-08\19-08-2026\captchas\captcha-110042-order-***,screenshots\2026-08\19-08-2026\captchas\captcha-110042-order-***,"Se encontro un horario disponible, pero no cumple la regla de reserva de la orden."
***-110116-b7a6d2cc,2026-08-19 11:01:20,order-***,partial,normal,LIMA-LA VICTORIA,16/09/2026,08:00,15,blocked_by_order_rule,,,4.029,1.125,0.953,,,,,event_atomic,,screenshots\2026-08\19-08-2026\captchas\captcha-110116-order-***,screenshots\2026-08\19-08-2026\captchas\captcha-110116-order-***,"Se encontro un horario disponible, pero no cumple la regla de reserva de la orden."
***-110120-2e5315aa,2026-08-19 11:01:24,order-***,partial,normal,LIMA-LA VICTORIA,19/08/2026,11:00,34,blocked_by_order_rule,,,4.723,1.937,1.765,,,,,event_atomic,,screenshots\2026-08\19-08-2026\captchas\captcha-110120-order-***,screenshots\2026-08\19-08-2026\captchas\captcha-110120-order-***,"Se encontro un horario disponible, pero no cumple la regla de reserva de la orden."
***-110246-4e3607c5,2026-08-19 11:03:18,order-***,partial,normal,LIMA-LA VICTORIA,19/08/2026,11:00,35,blocked_by_order_rule,,,31.735,1.140,0.953,,,,,event_atomic,,screenshots\2026-08\19-08-2026\captchas\captcha-110246-order-***,screenshots\2026-08\19-08-2026\captchas\captcha-110246-order-***,"Se encontro un horario disponible, pero no cumple la regla de reserva de la orden."
***-110318-b2be3c16,2026-08-19 11:03:22,order-***,partial,normal,LIMA-LA VICTORIA,19/08/2026,11:00,35,blocked_by_order_rule,,,3.943,1.094,0.937,,,,,event_atomic,,screenshots\2026-08\19-08-2026\captchas\captcha-110318-order-***,screenshots\2026-08\19-08-2026\captchas\captcha-110318-order-***,"Se encontro un horario disponible, pero no cumple la regla de reserva de la orden."
***-091233-61df1194,2026-08-20 09:12:55,order-***,unavailable,normal,LIMA-LA VICTORIA,31/08/2026,12:00,30,slot_lost,,,21.816,3.250,0.657,0.032,0.015,0.016,0.015,event_atomic,0.094,screenshots\2026-08\20-08-2026\portal-1-091233-order-***,screenshots\2026-08\20-08-2026\portal-1-091233-order-*** | screenshots\2026-08\20-08-2026\cupo-091233-order-*** | screenshots\2026-08\20-08-2026\captchas\captcha-091233-order-*** | screenshots\2026-08\20-08-2026\diagnostics\portal-html-1-091233-order-***,El cupo dejo de estar disponible antes de completar la reserva.
***-091259-c50b53f0,2026-08-20 09:13:12,order-***,registered,normal,LIMA-LA VICTORIA,16/09/2026,12:00,10,confirmed,portal_success_text,,12.974,3.828,0.625,0.015,0.000,0.015,0.015,event_atomic,0.281,screenshots\2026-08\20-08-2026\portal-1-091259-order-***,screenshots\2026-08\20-08-2026\portal-1-091259-order-*** | screenshots\2026-08\20-08-2026\cupo-091259-order-*** | screenshots\2026-08\20-08-2026\captchas\captcha-091259-order-*** | screenshots\2026-08\20-08-2026\diagnostics\portal-html-1-091259-order-***,La reserva fue confirmada por mensaje de exito del portal.
***-091309-3cc66a2f,2026-08-20 09:13:15,order-***,registered,normal,LIMA-LA VICTORIA,16/09/2026,12:00,10,confirmed,portal_success_text,,6.425,3.438,0.688,0.032,0.015,0.016,0.015,event_atomic,0.281,screenshots\2026-08\20-08-2026\portal-1-091309-order-***,screenshots\2026-08\20-08-2026\portal-1-091309-order-*** | screenshots\2026-08\20-08-2026\cupo-091309-order-*** | screenshots\2026-08\20-08-2026\captchas\captcha-091309-order-*** | screenshots\2026-08\20-08-2026\diagnostics\portal-html-1-091309-order-***,La reserva fue confirmada por mensaje de exito del portal.
***-091312-06ed8ff6,2026-08-20 09:13:19,order-***,registered,normal,LIMA-LA VICTORIA,16/09/2026,12:00,10,confirmed,portal_success_text,,6.631,3.609,0.656,0.015,0.015,0.000,0.000,event_atomic,0.281,screenshots\2026-08\20-08-2026\portal-1-091312-order-***,screenshots\2026-08\20-08-2026\portal-1-091312-order-*** | screenshots\2026-08\20-08-2026\cupo-091312-order-*** | screenshots\2026-08\20-08-2026\captchas\captcha-091312-order-*** | screenshots\2026-08\20-08-2026\diagnostics\portal-html-1-091312-order-***,La reserva fue confirmada por mensaje de exito del portal.
***-091316-24a436d9,2026-08-20 09:13:30,order-***,unavailable,slot_lost_reobservation,LIMA-LA VICTORIA,29/08/2026,11:00,27,slot_lost,,,14.781,3.031,0.656,0.031,0.016,0.000,0.016,event_atomic,0.094,screenshots\2026-08\20-08-2026\portal-1-091316-order-***,screenshots\2026-08\20-08-2026\portal-1-091316-order-*** | screenshots\2026-08\20-08-2026\portal-1-091316-order-*** | screenshots\2026-08\20-08-2026\cupo-091316-order-*** | screenshots\2026-08\20-08-2026\cupo-091316-order-*** | screenshots\2026-08\20-08-2026\captchas\captcha-091316-order-*** | screenshots\2026-08\20-08-2026\diagnostics\portal-html-1-091316-order-***,El cupo dejo de estar disponible antes de completar la reserva.
***-091400-e6e33e90,2026-08-20 09:14:04,order-***,partial,normal,LIMA-LA VICTORIA,16/09/2026,09:00,20,blocked_by_order_rule,,,4.406,1.172,0.953,,,,,event_atomic,,screenshots\2026-08\20-08-2026\captchas\captcha-091400-order-***,screenshots\2026-08\20-08-2026\captchas\captcha-091400-order-***,"Se encontro un horario disponible, pero no cumple la regla de reserva de la orden."
***-091404-a75c6e2d,2026-08-20 09:14:11,order-***,registered,normal,LIMA-LA VICTORIA,16/09/2026,10:00,20,confirmed,portal_success_text,,6.567,3.266,0.672,0.015,0.016,0.000,0.000,event_atomic,0.266,screenshots\2026-08\20-08-2026\portal-1-091404-order-***,screenshots\2026-08\20-08-2026\portal-1-091404-order-*** | screenshots\2026-08\20-08-2026\cupo-091404-order-*** | screenshots\2026-08\20-08-2026\captchas\captcha-091404-order-*** | screenshots\2026-08\20-08-2026\diagnostics\portal-html-1-091404-order-***,La reserva fue confirmada por mensaje de exito del portal.
***-091420-ff5e6ce7,2026-08-20 09:14:24,order-***,partial,normal,LIMA-LA VICTORIA,16/09/2026,10:00,20,blocked_by_order_rule,,,4.312,1.203,1.000,,,,,event_atomic,,screenshots\2026-08\20-08-2026\captchas\captcha-091420-order-***,screenshots\2026-08\20-08-2026\captchas\captcha-091420-order-***,"Se encontro un horario disponible, pero no cumple la regla de reserva de la orden."
***-091424-5d92c182,2026-08-20 09:14:43,order-***,partial,normal,LIMA-LA VICTORIA,17/09/2026,08:00,10,blocked_by_order_rule,,,18.246,1.156,0.969,,,,,event_atomic,,screenshots\2026-08\20-08-2026\captchas\captcha-091424-order-***,screenshots\2026-08\20-08-2026\captchas\captcha-091424-order-***,"Se encontro un horario disponible, pero no cumple la regla de reserva de la orden."
***-091443-907fd736,2026-08-20 09:14:47,order-***,partial,normal,LIMA-LA VICTORIA,17/09/2026,08:00,10,blocked_by_order_rule,,,4.154,1.172,0.953,,,,,event_atomic,,screenshots\2026-08\20-08-2026\captchas\captcha-091443-order-***,screenshots\2026-08\20-08-2026\captchas\captcha-091443-order-***,"Se encontro un horario disponible, pero no cumple la regla de reserva de la orden."
***-091447-9855889e,2026-08-20 09:14:51,order-***,partial,normal,LIMA-LA VICTORIA,17/09/2026,08:00,10,blocked_by_order_rule,,,4.249,1.171,0.984,,,,,event_atomic,,screenshots\2026-08\20-08-2026\captchas\captcha-091447-order-***,screenshots\2026-08\20-08-2026\captchas\captcha-091447-order-***,"Se encontro un horario disponible, pero no cumple la regla de reserva de la orden."
***-091451-bbd8a957,2026-08-20 09:14:56,order-***,partial,normal,LIMA-LA VICTORIA,17/09/2026,08:00,10,blocked_by_order_rule,,,4.300,1.187,0.984,,,,,event_atomic,,screenshots\2026-08\20-08-2026\captchas\captcha-091451-order-***,screenshots\2026-08\20-08-2026\captchas\captcha-091451-order-***,"Se encontro un horario disponible, pero no cumple la regla de reserva de la orden."
***-091456-f764b07b,2026-08-20 09:15:00,order-***,partial,normal,LIMA-LA VICTORIA,17/09/2026,08:00,10,blocked_by_order_rule,,,4.114,1.156,0.984,,,,,event_atomic,,screenshots\2026-08\20-08-2026\captchas\captcha-091456-order-***,screenshots\2026-08\20-08-2026\captchas\captcha-091456-order-***,"Se encontro un horario disponible, pero no cumple la regla de reserva de la orden."
***-091500-48badafb,2026-08-20 09:15:04,order-***,partial,normal,LIMA-LA VICTORIA,17/09/2026,08:00,10,blocked_by_order_rule,,,4.073,1.141,0.953,,,,,event_atomic,,screenshots\2026-08\20-08-2026\captchas\captcha-091500-order-***,screenshots\2026-08\20-08-2026\captchas\captcha-091500-order-***,"Se encontro un horario disponible, pero no cumple la regla de reserva de la orden."
***-091504-39df9236,2026-08-20 09:15:09,order-***,partial,normal,LIMA-LA VICTORIA,17/09/2026,08:00,10,blocked_by_order_rule,,,4.117,1.125,0.953,,,,,event_atomic,,screenshots\2026-08\20-08-2026\captchas\captcha-091504-order-***,screenshots\2026-08\20-08-2026\captchas\captcha-091504-order-***,"Se encontro un horario disponible, pero no cumple la regla de reserva de la orden."
***-091509-2a305579,2026-08-20 09:15:13,order-***,partial,normal,LIMA-LA VICTORIA,17/09/2026,08:00,10,blocked_by_order_rule,,,4.366,1.203,1.000,,,,,event_atomic,,screenshots\2026-08\20-08-2026\captchas\captcha-091509-order-***,screenshots\2026-08\20-08-2026\captchas\captcha-091509-order-***,"Se encontro un horario disponible, pero no cumple la regla de reserva de la orden."
***-091513-328cb18b,2026-08-20 09:15:18,order-***,partial,normal,LIMA-LA VICTORIA,17/09/2026,09:00,10,blocked_by_order_rule,,,4.540,1.297,0.969,,,,,event_atomic,,screenshots\2026-08\20-08-2026\captchas\captcha-091513-order-***,screenshots\2026-08\20-08-2026\captchas\captcha-091513-order-***,"Se encontro un horario disponible, pero no cumple la regla de reserva de la orden."
***-091518-6a594463,2026-08-20 09:15:23,order-***,partial,normal,LIMA-LA VICTORIA,17/09/2026,09:00,10,blocked_by_order_rule,,,4.714,1.156,0.984,,,,,event_atomic,,screenshots\2026-08\20-08-2026\captchas\captcha-091518-order-***,screenshots\2026-08\20-08-2026\captchas\captcha-091518-order-***,"Se encontro un horario disponible, pero no cumple la regla de reserva de la orden."
***-091523-2c5255a5,2026-08-20 09:15:27,order-***,partial,normal,LIMA-LA VICTORIA,17/09/2026,09:00,10,blocked_by_order_rule,,,4.289,1.141,0.969,,,,,event_atomic,,screenshots\2026-08\20-08-2026\captchas\captcha-091523-order-***,screenshots\2026-08\20-08-2026\captchas\captcha-091523-order-***,"Se encontro un horario disponible, pero no cumple la regla de reserva de la orden."
***-091527-4233ad16,2026-08-20 09:15:31,order-***,partial,normal,LIMA-LA VICTORIA,17/09/2026,09:00,10,blocked_by_order_rule,,,4.107,1.125,0.953,,,,,event_atomic,,screenshots\2026-08\20-08-2026\captchas\captcha-091527-order-***,screenshots\2026-08\20-08-2026\captchas\captcha-091527-order-***,"Se encontro un horario disponible, pero no cumple la regla de reserva de la orden."
***-091531-11d357b5,2026-08-20 09:15:35,order-***,partial,normal,LIMA-LA VICTORIA,17/09/2026,09:00,10,blocked_by_order_rule,,,4.131,1.140,0.984,,,,,event_atomic,,screenshots\2026-08\20-08-2026\captchas\captcha-091531-order-***,screenshots\2026-08\20-08-2026\captchas\captcha-091531-order-***,"Se encontro un horario disponible, pero no cumple la regla de reserva de la orden."
***-091536-c9a21f66,2026-08-20 09:15:40,order-***,partial,normal,LIMA-LA VICTORIA,17/09/2026,09:00,10,blocked_by_order_rule,,,4.011,1.109,0.922,,,,,event_atomic,,screenshots\2026-08\20-08-2026\captchas\captcha-091536-order-***,screenshots\2026-08\20-08-2026\captchas\captcha-091536-order-***,"Se encontro un horario disponible, pero no cumple la regla de reserva de la orden."
***-091540-3742c6c1,2026-08-20 09:15:44,order-***,partial,normal,LIMA-LA VICTORIA,17/09/2026,09:00,10,blocked_by_order_rule,,,4.005,1.157,0.953,,,,,event_atomic,,screenshots\2026-08\20-08-2026\captchas\captcha-091540-order-***,screenshots\2026-08\20-08-2026\captchas\captcha-091540-order-***,"Se encontro un horario disponible, pero no cumple la regla de reserva de la orden."
***-091544-ec638163,2026-08-20 09:15:48,order-***,partial,normal,LIMA-LA VICTORIA,17/09/2026,09:00,10,blocked_by_order_rule,,,4.029,1.094,0.922,,,,,event_atomic,,screenshots\2026-08\20-08-2026\captchas\captcha-091544-order-***,screenshots\2026-08\20-08-2026\captchas\captcha-091544-order-***,"Se encontro un horario disponible, pero no cumple la regla de reserva de la orden."
***-091548-362c01b8,2026-08-20 09:15:52,order-***,partial,normal,LIMA-LA VICTORIA,17/09/2026,09:00,10,blocked_by_order_rule,,,4.054,1.109,0.953,,,,,event_atomic,,screenshots\2026-08\20-08-2026\captchas\captcha-091548-order-***,screenshots\2026-08\20-08-2026\captchas\captcha-091548-order-***,"Se encontro un horario disponible, pero no cumple la regla de reserva de la orden."
***-091552-b2ec3893,2026-08-20 09:15:56,order-***,partial,normal,LIMA-LA VICTORIA,17/09/2026,09:00,10,blocked_by_order_rule,,,3.972,1.125,0.953,,,,,event_atomic,,screenshots\2026-08\20-08-2026\captchas\captcha-091552-order-***,screenshots\2026-08\20-08-2026\captchas\captcha-091552-order-***,"Se encontro un horario disponible, pero no cumple la regla de reserva de la orden."
***-091556-485d86bb,2026-08-20 09:16:00,order-***,partial,normal,LIMA-LA VICTORIA,17/09/2026,09:00,10,blocked_by_order_rule,,,4.269,1.438,1.266,,,,,event_atomic,,screenshots\2026-08\20-08-2026\captchas\captcha-091556-order-***,screenshots\2026-08\20-08-2026\captchas\captcha-091556-order-***,"Se encontro un horario disponible, pero no cumple la regla de reserva de la orden."
***-091600-b2c467c3,2026-08-20 09:16:05,order-***,partial,normal,LIMA-LA VICTORIA,17/09/2026,09:00,10,blocked_by_order_rule,,,4.030,1.156,0.968,,,,,event_atomic,,screenshots\2026-08\20-08-2026\captchas\captcha-091600-order-***,screenshots\2026-08\20-08-2026\captchas\captcha-091600-order-***,"Se encontro un horario disponible, pero no cumple la regla de reserva de la orden."
***-091605-069e3594,2026-08-20 09:16:09,order-***,partial,normal,LIMA-LA VICTORIA,17/09/2026,09:00,10,blocked_by_order_rule,,,4.179,1.156,0.969,,,,,event_atomic,,screenshots\2026-08\20-08-2026\captchas\captcha-091605-order-***,screenshots\2026-08\20-08-2026\captchas\captcha-091605-order-***,"Se encontro un horario disponible, pero no cumple la regla de reserva de la orden."
***-091609-3aa3d7c8,2026-08-20 09:16:13,order-***,partial,normal,LIMA-LA VICTORIA,17/09/2026,09:00,10,blocked_by_order_rule,,,3.975,1.125,0.953,,,,,event_atomic,,screenshots\2026-08\20-08-2026\captchas\captcha-091609-order-***,screenshots\2026-08\20-08-2026\captchas\captcha-091609-order-***,"Se encontro un horario disponible, pero no cumple la regla de reserva de la orden."
***-091613-***,2026-08-20 09:16:17,order-***,partial,normal,LIMA-LA VICTORIA,17/09/2026,09:00,10,blocked_by_order_rule,,,4.028,1.109,0.953,,,,,event_atomic,,screenshots\2026-08\20-08-2026\captchas\captcha-091613-order-***,screenshots\2026-08\20-08-2026\captchas\captcha-091613-order-***,"Se encontro un horario disponible, pero no cumple la regla de reserva de la orden."
***-102235-d342ca8e,2026-08-20 10:22:50,order-***,partial,normal,LIMA-LA VICTORIA,17/09/2026,10:00,20,blocked_by_order_rule,,,15.493,1.125,0.953,,,,,event_atomic,,screenshots\2026-08\20-08-2026\captchas\captcha-102235-order-***,screenshots\2026-08\20-08-2026\captchas\captcha-102235-order-***,"Se encontro un horario disponible, pero no cumple la regla de reserva de la orden."
***-102251-9d38f546,2026-08-20 10:22:57,order-***,registered,normal,LIMA-LA VICTORIA,17/09/2026,10:00,20,confirmed,portal_success_text,,6.717,3.672,0.672,0.015,0.016,0.015,0.016,event_atomic,0.265,screenshots\2026-08\20-08-2026\portal-1-102251-order-***,screenshots\2026-08\20-08-2026\portal-1-102251-order-*** | screenshots\2026-08\20-08-2026\cupo-102251-order-*** | screenshots\2026-08\20-08-2026\captchas\captcha-102251-order-*** | screenshots\2026-08\20-08-2026\diagnostics\portal-html-1-102251-order-***,La reserva fue confirmada por mensaje de exito del portal.
***-102306-b7d22c23,2026-08-20 10:23:11,order-***,partial,normal,LIMA-LA VICTORIA,17/09/2026,10:00,20,blocked_by_order_rule,,,4.256,1.110,0.938,,,,,event_atomic,,screenshots\2026-08\20-08-2026\captchas\captcha-102306-order-***,screenshots\2026-08\20-08-2026\captchas\captcha-102306-order-***,"Se encontro un horario disponible, pero no cumple la regla de reserva de la orden."
***-102311-6f48479c,2026-08-20 10:23:16,order-***,partial,normal,LIMA-LA VICTORIA,17/09/2026,10:00,20,blocked_by_order_rule,,,4.752,1.219,0.985,,,,,event_atomic,,screenshots\2026-08\20-08-2026\captchas\captcha-102311-order-***,screenshots\2026-08\20-08-2026\captchas\captcha-102311-order-***,"Se encontro un horario disponible, pero no cumple la regla de reserva de la orden."
***-102316-0b67b4b5,2026-08-20 10:23:21,order-***,partial,normal,LIMA-LA VICTORIA,17/09/2026,10:00,20,blocked_by_order_rule,,,5.203,1.141,0.969,,,,,event_atomic,,screenshots\2026-08\20-08-2026\captchas\captcha-102316-order-***,screenshots\2026-08\20-08-2026\captchas\captcha-102316-order-***,"Se encontro un horario disponible, pero no cumple la regla de reserva de la orden."
***-102321-1b09ccf7,2026-08-20 10:23:25,order-***,partial,normal,LIMA-LA VICTORIA,17/09/2026,10:00,20,blocked_by_order_rule,,,4.325,1.125,0.954,,,,,event_atomic,,screenshots\2026-08\20-08-2026\captchas\captcha-102321-order-***,screenshots\2026-08\20-08-2026\captchas\captcha-102321-order-***,"Se encontro un horario disponible, pero no cumple la regla de reserva de la orden."
***-102325-237c0184,2026-08-20 10:23:30,order-***,partial,normal,LIMA-LA VICTORIA,17/09/2026,10:00,20,blocked_by_order_rule,,,4.206,1.156,0.968,,,,,event_atomic,,screenshots\2026-08\20-08-2026\captchas\captcha-102325-order-***,screenshots\2026-08\20-08-2026\captchas\captcha-102325-order-***,"Se encontro un horario disponible, pero no cumple la regla de reserva de la orden."
***-102330-c6b5d4f1,2026-08-20 10:23:34,order-***,partial,normal,LIMA-LA VICTORIA,17/09/2026,10:00,20,blocked_by_order_rule,,,4.259,1.110,0.953,,,,,event_atomic,,screenshots\2026-08\20-08-2026\captchas\captcha-102330-order-***,screenshots\2026-08\20-08-2026\captchas\captcha-102330-order-***,"Se encontro un horario disponible, pero no cumple la regla de reserva de la orden."
***-102334-c86f4e29,2026-08-20 10:23:38,order-***,partial,normal,LIMA-LA VICTORIA,17/09/2026,10:00,20,blocked_by_order_rule,,,4.092,1.140,0.953,,,,,event_atomic,,screenshots\2026-08\20-08-2026\captchas\captcha-102334-order-***,screenshots\2026-08\20-08-2026\captchas\captcha-102334-order-***,"Se encontro un horario disponible, pero no cumple la regla de reserva de la orden."
***-102338-e762f133,2026-08-20 10:23:42,order-***,partial,normal,LIMA-LA VICTORIA,17/09/2026,10:00,20,blocked_by_order_rule,,,4.052,1.140,0.968,,,,,event_atomic,,screenshots\2026-08\20-08-2026\captchas\captcha-102338-order-***,screenshots\2026-08\20-08-2026\captchas\captcha-102338-order-***,"Se encontro un horario disponible, pero no cumple la regla de reserva de la orden."
***-102343-***,2026-08-20 10:23:47,order-***,partial,normal,LIMA-LA VICTORIA,17/09/2026,10:00,20,blocked_by_order_rule,,,4.001,1.109,0.953,,,,,event_atomic,,screenshots\2026-08\20-08-2026\captchas\captcha-102343-order-***,screenshots\2026-08\20-08-2026\captchas\captcha-102343-order-***,"Se encontro un horario disponible, pero no cumple la regla de reserva de la orden."
***-102347-728a339a,2026-08-20 10:23:51,order-***,partial,normal,LIMA-LA VICTORIA,17/09/2026,10:00,20,blocked_by_order_rule,,,4.059,1.109,0.938,,,,,event_atomic,,screenshots\2026-08\20-08-2026\captchas\captcha-102347-order-***,screenshots\2026-08\20-08-2026\captchas\captcha-102347-order-***,"Se encontro un horario disponible, pero no cumple la regla de reserva de la orden."
***-102351-7ed28cf0,2026-08-20 10:23:55,order-***,partial,normal,LIMA-LA VICTORIA,17/09/2026,10:00,20,blocked_by_order_rule,,,3.944,1.093,0.937,,,,,event_atomic,,screenshots\2026-08\20-08-2026\captchas\captcha-102351-order-***,screenshots\2026-08\20-08-2026\captchas\captcha-102351-order-***,"Se encontro un horario disponible, pero no cumple la regla de reserva de la orden."
***-102355-c82011d9,2026-08-20 10:23:59,order-***,partial,normal,LIMA-LA VICTORIA,17/09/2026,10:00,20,blocked_by_order_rule,,,4.030,1.140,0.984,,,,,event_atomic,,screenshots\2026-08\20-08-2026\captchas\captcha-102355-order-***,screenshots\2026-08\20-08-2026\captchas\captcha-102355-order-***,"Se encontro un horario disponible, pero no cumple la regla de reserva de la orden."
***-102359-f111fe41,2026-08-20 10:24:03,order-***,partial,normal,LIMA-LA VICTORIA,17/09/2026,10:00,20,blocked_by_order_rule,,,4.118,1.094,0.938,,,,,event_atomic,,screenshots\2026-08\20-08-2026\captchas\captcha-102359-order-***,screenshots\2026-08\20-08-2026\captchas\captcha-102359-order-***,"Se encontro un horario disponible, pero no cumple la regla de reserva de la orden."
***-102403-3b5b6165,2026-08-20 10:24:07,order-***,partial,normal,LIMA-LA VICTORIA,17/09/2026,10:00,20,blocked_by_order_rule,,,3.973,1.078,0.922,,,,,event_atomic,,screenshots\2026-08\20-08-2026\captchas\captcha-102403-order-***,screenshots\2026-08\20-08-2026\captchas\captcha-102403-order-***,"Se encontro un horario disponible, pero no cumple la regla de reserva de la orden."
***-102407-555ef8ab,2026-08-20 10:24:11,order-***,partial,normal,LIMA-LA VICTORIA,17/09/2026,10:00,20,blocked_by_order_rule,,,4.063,1.172,1.000,,,,,event_atomic,,screenshots\2026-08\20-08-2026\captchas\captcha-102407-order-***,screenshots\2026-08\20-08-2026\captchas\captcha-102407-order-***,"Se encontro un horario disponible, pero no cumple la regla de reserva de la orden."
***-102411-7b4d05d2,2026-08-20 10:24:16,order-***,partial,normal,LIMA-LA VICTORIA,17/09/2026,10:00,20,blocked_by_order_rule,,,4.161,1.125,0.953,,,,,event_atomic,,screenshots\2026-08\20-08-2026\captchas\captcha-102411-order-***,screenshots\2026-08\20-08-2026\captchas\captcha-102411-order-***,"Se encontro un horario disponible, pero no cumple la regla de reserva de la orden."
***-103208-6713bd50,2026-08-20 10:32:39,order-***,partial,normal,LIMA-LA VICTORIA,17/09/2026,09:00,15,blocked_by_order_rule,,,30.552,1.094,0.937,,,,,event_atomic,,screenshots\2026-08\20-08-2026\captchas\captcha-103208-order-***,screenshots\2026-08\20-08-2026\captchas\captcha-103208-order-***,"Se encontro un horario disponible, pero no cumple la regla de reserva de la orden."
***-103239-40f0c251,2026-08-20 10:32:43,order-***,partial,normal,LIMA-LA VICTORIA,17/09/2026,09:00,15,blocked_by_order_rule,,,4.106,1.297,1.125,,,,,event_atomic,,screenshots\2026-08\20-08-2026\captchas\captcha-103239-order-***,screenshots\2026-08\20-08-2026\captchas\captcha-103239-order-***,"Se encontro un horario disponible, pero no cumple la regla de reserva de la orden."
***-103243-6d06841f,2026-08-20 10:32:47,order-***,partial,normal,LIMA-LA VICTORIA,17/09/2026,09:00,15,blocked_by_order_rule,,,3.969,1.140,0.922,,,,,event_atomic,,screenshots\2026-08\20-08-2026\captchas\captcha-103243-order-***,screenshots\2026-08\20-08-2026\captchas\captcha-103243-order-***,"Se encontro un horario disponible, pero no cumple la regla de reserva de la orden."
***-103247-b1372159,2026-08-20 10:32:53,order-***,registered,normal,LIMA-LA VICTORIA,01/09/2026,11:00,27,confirmed,portal_success_text,,5.768,2.969,0.656,0.015,0.015,0.000,0.000,event_atomic,0.281,screenshots\2026-08\20-08-2026\portal-1-103247-order-***,screenshots\2026-08\20-08-2026\portal-1-103247-order-*** | screenshots\2026-08\20-08-2026\cupo-103247-order-*** | screenshots\2026-08\20-08-2026\captchas\captcha-103247-order-*** | screenshots\2026-08\20-08-2026\diagnostics\portal-html-1-103247-order-***,La reserva fue confirmada por mensaje de exito del portal.
***-103251-fd66057d,2026-08-20 10:32:57,order-***,registered,normal,LIMA-LA VICTORIA,01/09/2026,11:00,27,confirmed,portal_success_text,,6.555,3.640,0.640,0.031,0.016,0.015,0.016,event_atomic,0.250,screenshots\2026-08\20-08-2026\portal-1-103251-order-***,screenshots\2026-08\20-08-2026\portal-1-103251-order-*** | screenshots\2026-08\20-08-2026\cupo-103251-order-*** | screenshots\2026-08\20-08-2026\captchas\captcha-103251-order-*** | screenshots\2026-08\20-08-2026\diagnostics\portal-html-1-103251-order-***,La reserva fue confirmada por mensaje de exito del portal.
observer-***-103316-6cf52b07,2026-08-20 10:33:24,,available,normal,LIMA-LA VICTORIA,17/09/2026,11:00,20,,,,8.689,,,,,,,event_atomic,,screenshots\2026-08\20-08-2026\observer-cupo-eda302.png,screenshots\2026-08\20-08-2026\observer-cupo-eda302.png,Se seleccionaron una fecha y una hora disponibles.
observer-***-103325-0ad8a1ed,2026-08-20 10:33:33,,available,normal,LIMA-LA VICTORIA,17/09/2026,11:00,20,,,,8.342,,,,,,,event_atomic,,,,Se seleccionaron una fecha y una hora disponibles.
observer-***-103334-5c66f500,2026-08-20 10:33:42,,available,normal,LIMA-LA VICTORIA,17/09/2026,11:00,20,,,,8.586,,,,,,,event_atomic,,screenshots\2026-08\20-08-2026\observer-cupo-25a166.png,screenshots\2026-08\20-08-2026\observer-cupo-25a166.png,Se seleccionaron una fecha y una hora disponibles.
observer-***-103342-70b15924,2026-08-20 10:33:51,,available,normal,LIMA-LA VICTORIA,17/09/2026,11:00,20,,,,8.456,,,,,,,event_atomic,,,,Se seleccionaron una fecha y una hora disponibles.
observer-***-103351-95bb17fb,2026-08-20 10:33:59,,available,normal,LIMA-LA VICTORIA,17/09/2026,11:00,20,,,,8.425,,,,,,,event_atomic,,screenshots\2026-08\20-08-2026\observer-cupo-f60302.png,screenshots\2026-08\20-08-2026\observer-cupo-f60302.png,Se seleccionaron una fecha y una hora disponibles.
observer-***-103400-70a6b874,2026-08-20 10:34:08,,available,normal,LIMA-LA VICTORIA,17/09/2026,11:00,20,,,,8.163,,,,,,,event_atomic,,,,Se seleccionaron una fecha y una hora disponibles.
observer-***-103408-39f57ef5,2026-08-20 10:34:16,,available,normal,LIMA-LA VICTORIA,17/09/2026,11:00,20,,,,8.573,,,,,,,event_atomic,,screenshots\2026-08\20-08-2026\observer-cupo-34e8c2.png,screenshots\2026-08\20-08-2026\observer-cupo-34e8c2.png,Se seleccionaron una fecha y una hora disponibles.
observer-***-103417-47b04975,2026-08-20 10:34:25,,available,normal,LIMA-LA VICTORIA,17/09/2026,11:00,20,,,,8.239,,,,,,,event_atomic,,,,Se seleccionaron una fecha y una hora disponibles.
observer-***-103425-c7fc54b6,2026-08-20 10:34:33,,available,normal,LIMA-LA VICTORIA,04/09/2026,12:00,21,,,,8.441,,,,,,,event_atomic,,screenshots\2026-08\20-08-2026\observer-cupo-729b26.png,screenshots\2026-08\20-08-2026\observer-cupo-729b26.png,Se seleccionaron una fecha y una hora disponibles.
observer-***-103433-77418a52,2026-08-20 10:34:42,,available,normal,LIMA-LA VICTORIA,17/09/2026,11:00,20,,,,8.128,,,,,,,event_atomic,,,,Se seleccionaron una fecha y una hora disponibles.
observer-***-103442-1aa9e292,2026-08-20 10:34:50,,available,normal,LIMA-LA VICTORIA,17/09/2026,11:00,20,,,,8.476,,,,,,,event_atomic,,screenshots\2026-08\20-08-2026\observer-cupo-73443b.png,screenshots\2026-08\20-08-2026\observer-cupo-73443b.png,Se seleccionaron una fecha y una hora disponibles.
observer-***-103450-d82485e1,2026-08-20 10:34:58,,available,normal,LIMA-LA VICTORIA,17/09/2026,11:00,20,,,,8.158,,,,,,,event_atomic,,,,Se seleccionaron una fecha y una hora disponibles.
observer-***-103459-b3b60ac1,2026-08-20 10:35:07,,available,normal,LIMA-LA VICTORIA,17/09/2026,11:00,20,,,,8.485,,,,,,,event_atomic,,screenshots\2026-08\20-08-2026\observer-cupo-e498ae.png,screenshots\2026-08\20-08-2026\observer-cupo-e498ae.png,Se seleccionaron una fecha y una hora disponibles.
observer-***-103507-b136233d,2026-08-20 10:35:15,,available,normal,LIMA-LA VICTORIA,17/09/2026,11:00,20,,,,8.199,,,,,,,event_atomic,,,,Se seleccionaron una fecha y una hora disponibles.
observer-***-103515-***,2026-08-20 10:35:24,,available,normal,LIMA-LA VICTORIA,17/09/2026,11:00,20,,,,8.470,,,,,,,event_atomic,,screenshots\2026-08\20-08-2026\observer-cupo-fab98d.png,screenshots\2026-08\20-08-2026\observer-cupo-fab98d.png,Se seleccionaron una fecha y una hora disponibles.
observer-***-103524-ebb626dd,2026-08-20 10:35:32,,available,normal,LIMA-LA VICTORIA,17/09/2026,11:00,20,,,,8.216,,,,,,,event_atomic,,,,Se seleccionaron una fecha y una hora disponibles.
observer-***-103532-ce574083,2026-08-20 10:35:41,,available,normal,LIMA-LA VICTORIA,17/09/2026,11:00,20,,,,8.519,,,,,,,event_atomic,,screenshots\2026-08\20-08-2026\observer-cupo-eea59a.png,screenshots\2026-08\20-08-2026\observer-cupo-eea59a.png,Se seleccionaron una fecha y una hora disponibles.
observer-***-103541-694bb4ad,2026-08-20 10:35:49,,available,normal,LIMA-LA VICTORIA,17/09/2026,11:00,20,,,,8.167,,,,,,,event_atomic,,,,Se seleccionaron una fecha y una hora disponibles.
observer-***-114106-3b3e7128,2026-08-20 11:41:36,,available,normal,LIMA-LA VICTORIA,11/09/2026,11:00,25,,,,29.859,,,,,,,event_atomic,,screenshots\2026-08\20-08-2026\observer-cupo-2378be.png,screenshots\2026-08\20-08-2026\observer-cupo-2378be.png,Se seleccionaron una fecha y una hora disponibles.
observer-***-114136-6332b42e,2026-08-20 11:41:44,,available,normal,LIMA-LA VICTORIA,11/09/2026,11:00,25,,,,8.226,,,,,,,event_atomic,,,,Se seleccionaron una fecha y una hora disponibles.
observer-***-114145-0404f4d2,2026-08-20 11:41:54,,available,normal,LIMA-LA VICTORIA,11/09/2026,11:00,25,,,,8.734,,,,,,,event_atomic,,screenshots\2026-08\20-08-2026\observer-cupo-22cd5f.png,screenshots\2026-08\20-08-2026\observer-cupo-22cd5f.png,Se seleccionaron una fecha y una hora disponibles.
observer-***-114154-0f366c3c,2026-08-20 11:42:02,,available,normal,LIMA-LA VICTORIA,11/09/2026,11:00,25,,,,8.256,,,,,,,event_atomic,,,,Se seleccionaron una fecha y una hora disponibles.
observer-***-114202-c9f67834,2026-08-20 11:42:11,,available,normal,LIMA-LA VICTORIA,11/09/2026,11:00,25,,,,8.557,,,,,,,event_atomic,,screenshots\2026-08\20-08-2026\observer-cupo-d25ebc.png,screenshots\2026-08\20-08-2026\observer-cupo-d25ebc.png,Se seleccionaron una fecha y una hora disponibles.
observer-***-114211-9432ad58,2026-08-20 11:42:19,,available,normal,LIMA-LA VICTORIA,11/09/2026,12:00,25,,,,8.226,,,,,,,event_atomic,,,,Se seleccionaron una fecha y una hora disponibles.
observer-***-114220-1435a6b0,2026-08-20 11:42:29,,available,normal,LIMA-LA VICTORIA,11/09/2026,12:00,25,,,,8.659,,,,,,,event_atomic,,screenshots\2026-08\20-08-2026\observer-cupo-f1177a.png,screenshots\2026-08\20-08-2026\observer-cupo-f1177a.png,Se seleccionaron una fecha y una hora disponibles.
observer-***-114229-285ea03f,2026-08-20 11:42:37,,available,normal,LIMA-LA VICTORIA,11/09/2026,12:00,25,,,,8.182,,,,,,,event_atomic,,,,Se seleccionaron una fecha y una hora disponibles.
observer-***-114237-85d92035,2026-08-20 11:42:46,,available,normal,LIMA-LA VICTORIA,11/09/2026,12:00,25,,,,8.513,,,,,,,event_atomic,,screenshots\2026-08\20-08-2026\observer-cupo-1d9721.png,screenshots\2026-08\20-08-2026\observer-cupo-1d9721.png,Se seleccionaron una fecha y una hora disponibles.
observer-***-121214-abcc3d14,2026-08-20 12:13:01,,available,normal,LIMA-LA VICTORIA,14/09/2026,08:00,25,,,,47.496,,,,,,,event_atomic,,screenshots\2026-08\20-08-2026\observer-cupo-7f64c9.png,screenshots\2026-08\20-08-2026\observer-cupo-7f64c9.png,Se seleccionaron una fecha y una hora disponibles.
observer-***-132154-c3ad9598,2026-08-20 13:22:02,,available,normal,LIMA-LA VICTORIA,17/09/2026,09:00,25,,,,8.638,,,,,,,event_atomic,,screenshots\2026-08\20-08-2026\observer-cupo-d0af5c.png,screenshots\2026-08\20-08-2026\observer-cupo-d0af5c.png,Se seleccionaron una fecha y una hora disponibles.
observer-***-132202-bd435920,2026-08-20 13:22:11,,available,normal,LIMA-LA VICTORIA,17/09/2026,09:00,25,,,,8.280,,,,,,,event_atomic,,,,Se seleccionaron una fecha y una hora disponibles.
observer-***-132212-155e8ce6,2026-08-20 13:22:20,,available,normal,LIMA-LA VICTORIA,17/09/2026,09:00,25,,,,8.654,,,,,,,event_atomic,,screenshots\2026-08\20-08-2026\observer-cupo-8ff3f6.png,screenshots\2026-08\20-08-2026\observer-cupo-8ff3f6.png,Se seleccionaron una fecha y una hora disponibles.
observer-***-132220-d1cde625,2026-08-20 13:22:29,,available,normal,LIMA-LA VICTORIA,17/09/2026,09:00,25,,,,8.303,,,,,,,event_atomic,,,,Se seleccionaron una fecha y una hora disponibles.
observer-***-132229-b6b80d12,2026-08-20 13:22:37,,available,normal,LIMA-LA VICTORIA,17/09/2026,09:00,25,,,,8.559,,,,,,,event_atomic,,screenshots\2026-08\20-08-2026\observer-cupo-ec2479.png,screenshots\2026-08\20-08-2026\observer-cupo-ec2479.png,Se seleccionaron una fecha y una hora disponibles.
observer-***-132237-2f7233b9,2026-08-20 13:22:46,,available,normal,LIMA-LA VICTORIA,17/09/2026,09:00,25,,,,8.347,,,,,,,event_atomic,,,,Se seleccionaron una fecha y una hora disponibles.
observer-***-132246-2d9144e7,2026-08-20 13:22:55,,available,normal,LIMA-LA VICTORIA,17/09/2026,09:00,25,,,,8.640,,,,,,,event_atomic,,screenshots\2026-08\20-08-2026\observer-cupo-e9bd67.png,screenshots\2026-08\20-08-2026\observer-cupo-e9bd67.png,Se seleccionaron una fecha y una hora disponibles.
observer-***-132255-e6f3a663,2026-08-20 13:23:03,,available,normal,LIMA-LA VICTORIA,17/09/2026,09:00,25,,,,8.328,,,,,,,event_atomic,,,,Se seleccionaron una fecha y una hora disponibles.
observer-***-132303-98f081b3,2026-08-20 13:23:12,,available,normal,LIMA-LA VICTORIA,17/09/2026,09:00,25,,,,8.759,,,,,,,event_atomic,,screenshots\2026-08\20-08-2026\observer-cupo-1d6f3f.png,screenshots\2026-08\20-08-2026\observer-cupo-1d6f3f.png,Se seleccionaron una fecha y una hora disponibles.
observer-***-132326-83cb511e,2026-08-20 13:24:25,,available,normal,LIMA-LA VICTORIA,17/09/2026,12:00,5,,,,58.790,,,,,,,event_atomic,,screenshots\2026-08\20-08-2026\observer-cupo-28bbee.png,screenshots\2026-08\20-08-2026\observer-cupo-28bbee.png,Se seleccionaron una fecha y una hora disponibles.
observer-***-132425-a522ab3c,2026-08-20 13:24:33,,available,normal,LIMA-LA VICTORIA,17/09/2026,12:00,5,,,,8.370,,,,,,,event_atomic,,,,Se seleccionaron una fecha y una hora disponibles.
observer-***-132434-8ba80d6f,2026-08-20 13:24:43,,available,normal,LIMA-LA VICTORIA,17/09/2026,12:00,5,,,,8.638,,,,,,,event_atomic,,screenshots\2026-08\20-08-2026\observer-cupo-ec6be1.png,screenshots\2026-08\20-08-2026\observer-cupo-ec6be1.png,Se seleccionaron una fecha y una hora disponibles.
observer-***-132443-a8f93d14,2026-08-20 13:24:51,,available,normal,LIMA-LA VICTORIA,17/09/2026,12:00,5,,,,8.275,,,,,,,event_atomic,,,,Se seleccionaron una fecha y una hora disponibles.
observer-***-132451-312b9fd2,2026-08-20 13:25:00,,available,normal,LIMA-LA VICTORIA,10/09/2026,12:00,22,,,,8.610,,,,,,,event_atomic,,screenshots\2026-08\20-08-2026\observer-cupo-9fb40e.png,screenshots\2026-08\20-08-2026\observer-cupo-9fb40e.png,Se seleccionaron una fecha y una hora disponibles.
observer-***-132500-5f4e6329,2026-08-20 13:25:09,,available,normal,LIMA-LA VICTORIA,17/09/2026,12:00,5,,,,8.742,,,,,,,event_atomic,,,,Se seleccionaron una fecha y una hora disponibles.
observer-***-133957-a2631224,2026-08-20 13:40:44,,available,normal,LIMA-LA VICTORIA,07/09/2026,12:00,20,,,,46.430,,,,,,,event_atomic,,screenshots\2026-08\20-08-2026\observer-cupo-07ff66.png,screenshots\2026-08\20-08-2026\observer-cupo-07ff66.png,Se seleccionaron una fecha y una hora disponibles.
observer-***-134201-b41c003f,2026-08-20 13:42:31,,available,normal,LIMA-LA VICTORIA,10/09/2026,12:00,23,,,,30.049,,,,,,,event_atomic,,screenshots\2026-08\20-08-2026\observer-cupo-77d302.png,screenshots\2026-08\20-08-2026\observer-cupo-77d302.png,Se seleccionaron una fecha y una hora disponibles.
***-140656-bc85964c,2026-08-20 14:07:17,order-***,registered,normal,LIMA-LA VICTORIA,16/09/2026,12:00,13,confirmed,portal_success_text,,21.177,2.968,0.625,0.032,0.000,0.000,0.016,event_atomic,0.297,screenshots\2026-08\20-08-2026\portal-1-140656-order-***,screenshots\2026-08\20-08-2026\portal-1-140656-order-*** | screenshots\2026-08\20-08-2026\cupo-140656-order-*** | screenshots\2026-08\20-08-2026\captchas\captcha-140656-order-*** | screenshots\2026-08\20-08-2026\diagnostics\portal-html-1-140656-order-***,La reserva fue confirmada por mensaje de exito del portal.
observer-***-140726-7b0dbc1a,2026-08-20 14:07:56,,available,normal,LIMA-LA VICTORIA,16/09/2026,12:00,15,,,,29.616,,,,,,,event_atomic,,screenshots\2026-08\20-08-2026\observer-cupo-23cf85.png,screenshots\2026-08\20-08-2026\observer-cupo-23cf85.png,Se seleccionaron una fecha y una hora disponibles.
observer-***-141001-1deb6c91,2026-08-20 14:10:31,,available,normal,LIMA-LA VICTORIA,17/09/2026,12:00,10,,,,29.976,,,,,,,event_atomic,,screenshots\2026-08\20-08-2026\observer-cupo-d325d6.png,screenshots\2026-08\20-08-2026\observer-cupo-d325d6.png,Se seleccionaron una fecha y una hora disponibles.
observer-***-141031-c64bbb0c,2026-08-20 14:10:40,,available,normal,LIMA-LA VICTORIA,17/09/2026,12:00,10,,,,8.366,,,,,,,event_atomic,,,,Se seleccionaron una fecha y una hora disponibles.
observer-***-141041-796577a3,2026-08-20 14:10:49,,available,normal,LIMA-LA VICTORIA,17/09/2026,12:00,10,,,,8.600,,,,,,,event_atomic,,screenshots\2026-08\20-08-2026\observer-cupo-cd77df.png,screenshots\2026-08\20-08-2026\observer-cupo-cd77df.png,Se seleccionaron una fecha y una hora disponibles.
observer-***-141203-0af92e76,2026-08-20 14:12:34,,available,normal,LIMA-LA VICTORIA,17/09/2026,12:00,15,,,,31.096,,,,,,,event_atomic,,screenshots\2026-08\20-08-2026\observer-cupo-0d65bc.png,screenshots\2026-08\20-08-2026\observer-cupo-0d65bc.png,Se seleccionaron una fecha y una hora disponibles.
observer-***-141234-5e2c63d9,2026-08-20 14:12:43,,available,normal,LIMA-LA VICTORIA,17/09/2026,12:00,15,,,,8.549,,,,,,,event_atomic,,,,Se seleccionaron una fecha y una hora disponibles.
observer-***-141244-df94cf1b,2026-08-20 14:12:52,,available,normal,LIMA-LA VICTORIA,17/09/2026,12:00,15,,,,8.606,,,,,,,event_atomic,,screenshots\2026-08\20-08-2026\observer-cupo-5eb4d4.png,screenshots\2026-08\20-08-2026\observer-cupo-5eb4d4.png,Se seleccionaron una fecha y una hora disponibles.
observer-***-142941-8e58cc12,2026-08-20 14:29:50,,available,normal,LIMA-LA VICTORIA,17/09/2026,12:00,17,,,,8.627,,,,,,,event_atomic,,screenshots\2026-08\20-08-2026\observer-cupo-09d8f6.png,screenshots\2026-08\20-08-2026\observer-cupo-09d8f6.png,Se seleccionaron una fecha y una hora disponibles.
***-090738-7480aefe,2026-08-21 09:08:03,order-***,partial,normal,LIMA-LA VICTORIA,18/09/2026,08:00,10,blocked_by_order_rule,,,25.354,1.250,0.969,,,,,event_atomic,,screenshots\2026-08\21-08-2026\captchas\captcha-090738-order-***,screenshots\2026-08\21-08-2026\captchas\captcha-090738-order-***,"Se encontro un horario disponible, pero no cumple la regla de reserva de la orden."
***-090803-1425558e,2026-08-21 09:08:10,order-***,registered,normal,LIMA-LA VICTORIA,18/09/2026,08:00,10,confirmed,portal_success_text,,6.603,3.688,0.641,0.016,0.016,0.000,0.015,event_atomic,0.281,screenshots\2026-08\21-08-2026\portal-1-090803-order-***,screenshots\2026-08\21-08-2026\portal-1-090803-order-*** | screenshots\2026-08\21-08-2026\cupo-090803-order-*** | screenshots\2026-08\21-08-2026\captchas\captcha-090803-order-*** | screenshots\2026-08\21-08-2026\diagnostics\portal-html-1-090803-order-***,La reserva fue confirmada por mensaje de exito del portal.
***-092025-a24d539e,2026-08-21 09:20:35,order-***,partial,normal,LIMA-LA VICTORIA,18/09/2026,09:00,10,blocked_by_order_rule,,,10.420,1.125,0.968,,,,,event_atomic,,screenshots\2026-08\21-08-2026\captchas\captcha-092025-order-***,screenshots\2026-08\21-08-2026\captchas\captcha-092025-order-***,"Se encontro un horario disponible, pero no cumple la regla de reserva de la orden."
***-092035-24bc140b,2026-08-21 09:20:39,order-***,partial,normal,LIMA-LA VICTORIA,18/09/2026,09:00,10,blocked_by_order_rule,,,3.958,1.109,0.937,,,,,event_atomic,,screenshots\2026-08\21-08-2026\captchas\captcha-092035-order-***,screenshots\2026-08\21-08-2026\captchas\captcha-092035-order-***,"Se encontro un horario disponible, pero no cumple la regla de reserva de la orden."
***-092039-8225c034,2026-08-21 09:20:43,order-***,partial,normal,LIMA-LA VICTORIA,18/09/2026,09:00,10,blocked_by_order_rule,,,4.021,1.109,0.938,,,,,event_atomic,,screenshots\2026-08\21-08-2026\captchas\captcha-092039-order-***,screenshots\2026-08\21-08-2026\captchas\captcha-092039-order-***,"Se encontro un horario disponible, pero no cumple la regla de reserva de la orden."
***-092044-a8cb996b,2026-08-21 09:20:48,order-***,partial,normal,LIMA-LA VICTORIA,18/09/2026,09:00,10,blocked_by_order_rule,,,3.993,1.109,0.953,,,,,event_atomic,,screenshots\2026-08\21-08-2026\captchas\captcha-092044-order-***,screenshots\2026-08\21-08-2026\captchas\captcha-092044-order-***,"Se encontro un horario disponible, pero no cumple la regla de reserva de la orden."
***-092048-f6bc81b2,2026-08-21 09:20:52,order-***,partial,normal,LIMA-LA VICTORIA,18/09/2026,09:00,10,blocked_by_order_rule,,,3.992,1.109,0.937,,,,,event_atomic,,screenshots\2026-08\21-08-2026\captchas\captcha-092048-order-***,screenshots\2026-08\21-08-2026\captchas\captcha-092048-order-***,"Se encontro un horario disponible, pero no cumple la regla de reserva de la orden."
***-092052-7756124e,2026-08-21 09:20:56,order-***,partial,normal,LIMA-LA VICTORIA,18/09/2026,09:00,10,blocked_by_order_rule,,,3.954,1.094,0.938,,,,,event_atomic,,screenshots\2026-08\21-08-2026\captchas\captcha-092052-order-***,screenshots\2026-08\21-08-2026\captchas\captcha-092052-order-***,"Se encontro un horario disponible, pero no cumple la regla de reserva de la orden."
***-092056-19d46e28,2026-08-21 09:21:00,order-***,partial,normal,LIMA-LA VICTORIA,18/09/2026,09:00,10,blocked_by_order_rule,,,4.045,1.125,0.969,,,,,event_atomic,,screenshots\2026-08\21-08-2026\captchas\captcha-092056-order-***,screenshots\2026-08\21-08-2026\captchas\captcha-092056-order-***,"Se encontro un horario disponible, pero no cumple la regla de reserva de la orden."
***-092150-1ad0db58,2026-08-21 09:22:27,order-***,partial,normal,LIMA-LA VICTORIA,18/09/2026,10:00,5,blocked_by_order_rule,,,37.288,1.094,0.938,,,,,event_atomic,,screenshots\2026-08\21-08-2026\captchas\captcha-092150-order-***,screenshots\2026-08\21-08-2026\captchas\captcha-092150-order-***,"Se encontro un horario disponible, pero no cumple la regla de reserva de la orden."
***-092227-721591ae,2026-08-21 09:22:31,order-***,partial,normal,LIMA-LA VICTORIA,18/09/2026,10:00,5,blocked_by_order_rule,,,4.053,1.140,0.968,,,,,event_atomic,,screenshots\2026-08\21-08-2026\captchas\captcha-092227-order-***,screenshots\2026-08\21-08-2026\captchas\captcha-092227-order-***,"Se encontro un horario disponible, pero no cumple la regla de reserva de la orden."
***-092231-6cec0927,2026-08-21 09:22:35,order-***,partial,normal,LIMA-LA VICTORIA,18/09/2026,10:00,5,blocked_by_order_rule,,,3.960,1.094,0.938,,,,,event_atomic,,screenshots\2026-08\21-08-2026\captchas\captcha-092231-order-***,screenshots\2026-08\21-08-2026\captchas\captcha-092231-order-***,"Se encontro un horario disponible, pero no cumple la regla de reserva de la orden."
***-092235-06cae17f,2026-08-21 09:22:39,order-***,partial,normal,LIMA-LA VICTORIA,18/09/2026,10:00,5,blocked_by_order_rule,,,3.985,1.110,0.938,,,,,event_atomic,,screenshots\2026-08\21-08-2026\captchas\captcha-092235-order-***,screenshots\2026-08\21-08-2026\captchas\captcha-092235-order-***,"Se encontro un horario disponible, pero no cumple la regla de reserva de la orden."
***-092646-0615f398,2026-08-21 09:27:04,order-***,partial,normal,LIMA-LA VICTORIA,18/09/2026,10:00,10,blocked_by_order_rule,,,18.152,1.110,0.938,,,,,event_atomic,,screenshots\2026-08\21-08-2026\captchas\captcha-092646-order-***,screenshots\2026-08\21-08-2026\captchas\captcha-092646-order-***,"Se encontro un horario disponible, pero no cumple la regla de reserva de la orden."
***-092704-33297eeb,2026-08-21 09:27:08,order-***,partial,normal,LIMA-LA VICTORIA,18/09/2026,10:00,10,blocked_by_order_rule,,,3.987,1.110,0.938,,,,,event_atomic,,screenshots\2026-08\21-08-2026\captchas\captcha-092704-order-***,screenshots\2026-08\21-08-2026\captchas\captcha-092704-order-***,"Se encontro un horario disponible, pero no cumple la regla de reserva de la orden."
***-092709-626df4a7,2026-08-21 09:27:13,order-***,partial,normal,LIMA-LA VICTORIA,18/09/2026,10:00,10,blocked_by_order_rule,,,3.982,1.110,0.954,,,,,event_atomic,,screenshots\2026-08\21-08-2026\captchas\captcha-092709-order-***,screenshots\2026-08\21-08-2026\captchas\captcha-092709-order-***,"Se encontro un horario disponible, pero no cumple la regla de reserva de la orden."
***-092713-e7ac2608,2026-08-21 09:27:17,order-***,partial,normal,LIMA-LA VICTORIA,18/09/2026,10:00,10,blocked_by_order_rule,,,3.973,1.094,0.938,,,,,event_atomic,,screenshots\2026-08\21-08-2026\captchas\captcha-092713-order-***,screenshots\2026-08\21-08-2026\captchas\captcha-092713-order-***,"Se encontro un horario disponible, pero no cumple la regla de reserva de la orden."
***-092717-60d5c304,2026-08-21 09:27:21,order-***,partial,normal,LIMA-LA VICTORIA,18/09/2026,10:00,10,blocked_by_order_rule,,,4.075,1.125,0.954,,,,,event_atomic,,screenshots\2026-08\21-08-2026\captchas\captcha-092717-order-***,screenshots\2026-08\21-08-2026\captchas\captcha-092717-order-***,"Se encontro un horario disponible, pero no cumple la regla de reserva de la orden."
***-093343-fee32f3b,2026-08-21 09:34:33,order-***,partial,normal,LIMA-LA VICTORIA,14/09/2026,09:00,25,blocked_by_order_rule,,,50.368,1.093,0.921,,,,,event_atomic,,screenshots\2026-08\21-08-2026\captchas\captcha-093343-order-***,screenshots\2026-08\21-08-2026\captchas\captcha-093343-order-***,"Se encontro un horario disponible, pero no cumple la regla de reserva de la orden."
***-093433-9b69f27d,2026-08-21 09:34:38,order-***,partial,normal,LIMA-LA VICTORIA,14/09/2026,09:00,25,blocked_by_order_rule,,,4.420,1.094,0.922,,,,,event_atomic,,screenshots\2026-08\21-08-2026\captchas\captcha-093433-order-***,screenshots\2026-08\21-08-2026\captchas\captcha-093433-order-***,"Se encontro un horario disponible, pero no cumple la regla de reserva de la orden."
***-093438-d1f27272,2026-08-21 09:34:42,order-***,partial,normal,LIMA-LA VICTORIA,14/09/2026,09:00,25,blocked_by_order_rule,,,3.989,1.125,0.969,,,,,event_atomic,,screenshots\2026-08\21-08-2026\captchas\captcha-093438-order-***,screenshots\2026-08\21-08-2026\captchas\captcha-093438-order-***,"Se encontro un horario disponible, pero no cumple la regla de reserva de la orden."
***-093442-60d428f1,2026-08-21 09:34:46,order-***,partial,normal,LIMA-LA VICTORIA,14/09/2026,09:00,25,blocked_by_order_rule,,,3.869,1.094,0.938,,,,,event_atomic,,screenshots\2026-08\21-08-2026\captchas\captcha-093442-order-***,screenshots\2026-08\21-08-2026\captchas\captcha-093442-order-***,"Se encontro un horario disponible, pero no cumple la regla de reserva de la orden."
***-110731-1e700d95,2026-08-21 11:08:13,order-***,partial,normal,LIMA-LA VICTORIA,18/09/2026,11:00,10,blocked_by_order_rule,,,42.086,1.125,0.969,,,,,event_atomic,,screenshots\2026-08\21-08-2026\captchas\captcha-110731-order-***,screenshots\2026-08\21-08-2026\captchas\captcha-110731-order-***,"Se encontro un horario disponible, pero no cumple la regla de reserva de la orden."
***-110813-7b1187a2,2026-08-21 11:08:17,order-***,partial,normal,LIMA-LA VICTORIA,18/09/2026,11:00,10,blocked_by_order_rule,,,4.287,1.156,0.969,,,,,event_atomic,,screenshots\2026-08\21-08-2026\captchas\captcha-110813-order-***,screenshots\2026-08\21-08-2026\captchas\captcha-110813-order-***,"Se encontro un horario disponible, pero no cumple la regla de reserva de la orden."
***-110818-3b8f6e4f,2026-08-21 11:08:22,order-***,partial,normal,LIMA-LA VICTORIA,18/09/2026,11:00,10,blocked_by_order_rule,,,4.114,1.125,0.969,,,,,event_atomic,,screenshots\2026-08\21-08-2026\captchas\captcha-110818-order-***,screenshots\2026-08\21-08-2026\captchas\captcha-110818-order-***,"Se encontro un horario disponible, pero no cumple la regla de reserva de la orden."
***-110822-918ccc2e,2026-08-21 11:08:26,order-***,partial,normal,LIMA-LA VICTORIA,18/09/2026,11:00,10,blocked_by_order_rule,,,4.059,1.125,0.954,,,,,event_atomic,,screenshots\2026-08\21-08-2026\captchas\captcha-110822-order-***,screenshots\2026-08\21-08-2026\captchas\captcha-110822-order-***,"Se encontro un horario disponible, pero no cumple la regla de reserva de la orden."
***-110826-7db37aa6,2026-08-21 11:08:30,order-***,partial,normal,LIMA-LA VICTORIA,18/09/2026,11:00,10,blocked_by_order_rule,,,4.115,1.110,0.954,,,,,event_atomic,,screenshots\2026-08\21-08-2026\captchas\captcha-110826-order-***,screenshots\2026-08\21-08-2026\captchas\captcha-110826-order-***,"Se encontro un horario disponible, pero no cumple la regla de reserva de la orden."
***-115749-e10fe38b,2026-08-21 11:58:35,order-***,unavailable,normal,LIMA-LA VICTORIA,07/09/2026,12:00,25,slot_lost,,,46.104,3.844,0.687,0.015,0.000,0.000,0.015,event_atomic,0.109,screenshots\2026-08\21-08-2026\portal-1-115749-order-***,screenshots\2026-08\21-08-2026\portal-1-115749-order-*** | screenshots\2026-08\21-08-2026\cupo-115749-order-*** | screenshots\2026-08\21-08-2026\captchas\captcha-115749-order-*** | screenshots\2026-08\21-08-2026\diagnostics\portal-html-1-115749-order-***,El cupo dejo de estar disponible antes de completar la reserva.
***-115820-a651ac9f,2026-08-21 11:58:39,order-***,unavailable,normal,LIMA-LA VICTORIA,07/09/2026,12:00,25,slot_lost,,,19.267,4.016,0.672,0.015,0.000,0.016,0.016,event_atomic,0.110,screenshots\2026-08\21-08-2026\portal-1-115820-order-***,screenshots\2026-08\21-08-2026\portal-1-115820-order-*** | screenshots\2026-08\21-08-2026\cupo-115820-order-*** | screenshots\2026-08\21-08-2026\captchas\captcha-115820-order-*** | screenshots\2026-08\21-08-2026\diagnostics\portal-html-1-115820-order-***,El cupo dejo de estar disponible antes de completar la reserva.
***-115845-6bfe8e3b,2026-08-21 11:59:02,order-***,registered,normal,LIMA-LA VICTORIA,08/09/2026,08:00,25,confirmed,portal_success_text,,16.473,3.531,0.640,0.016,0.016,0.016,0.016,event_atomic,0.281,screenshots\2026-08\21-08-2026\portal-1-115845-order-***,screenshots\2026-08\21-08-2026\portal-1-115845-order-*** | screenshots\2026-08\21-08-2026\cupo-115845-order-*** | screenshots\2026-08\21-08-2026\captchas\captcha-115845-order-*** | screenshots\2026-08\21-08-2026\diagnostics\portal-html-1-115845-order-***,La reserva fue confirmada por mensaje de exito del portal.
***-115859-066e6a71,2026-08-21 11:59:06,order-***,registered,normal,LIMA-LA VICTORIA,08/09/2026,08:00,25,confirmed,portal_success_text,,6.294,3.313,0.657,0.016,0.016,0.000,0.016,event_atomic,0.266,screenshots\2026-08\21-08-2026\portal-1-115859-order-***,screenshots\2026-08\21-08-2026\portal-1-115859-order-*** | screenshots\2026-08\21-08-2026\cupo-115859-order-*** | screenshots\2026-08\21-08-2026\captchas\captcha-115859-order-*** | screenshots\2026-08\21-08-2026\diagnostics\portal-html-1-115859-order-***,La reserva fue confirmada por mensaje de exito del portal.
***-123500-edd04d02,2026-08-21 12:35:22,order-***,partial,normal,LIMA-LA VICTORIA,18/09/2026,08:00,15,blocked_by_order_rule,,,22.847,1.125,0.953,,,,,event_atomic,,screenshots\2026-08\21-08-2026\captchas\captcha-123500-order-***,screenshots\2026-08\21-08-2026\captchas\captcha-123500-order-***,"Se encontro un horario disponible, pero no cumple la regla de reserva de la orden."
***-123523-ae3264a5,2026-08-21 12:35:27,order-***,partial,normal,LIMA-LA VICTORIA,18/09/2026,08:00,15,blocked_by_order_rule,,,4.428,1.125,0.953,,,,,event_atomic,,screenshots\2026-08\21-08-2026\captchas\captcha-123523-order-***,screenshots\2026-08\21-08-2026\captchas\captcha-123523-order-***,"Se encontro un horario disponible, pero no cumple la regla de reserva de la orden."
***-123615-40cb2443,2026-08-21 12:36:54,order-***,partial,normal,LIMA-LA VICTORIA,18/09/2026,09:00,15,blocked_by_order_rule,,,39.898,1.125,0.953,,,,,event_atomic,,screenshots\2026-08\21-08-2026\captchas\captcha-123615-order-***,screenshots\2026-08\21-08-2026\captchas\captcha-123615-order-***,"Se encontro un horario disponible, pero no cumple la regla de reserva de la orden."
***-123655-5a3d4b35,2026-08-21 12:37:00,order-***,partial,normal,LIMA-LA VICTORIA,18/09/2026,09:00,15,blocked_by_order_rule,,,5.107,1.141,0.969,,,,,event_atomic,,screenshots\2026-08\21-08-2026\captchas\captcha-123655-order-***,screenshots\2026-08\21-08-2026\captchas\captcha-123655-order-***,"Se encontro un horario disponible, pero no cumple la regla de reserva de la orden."
***-123700-2a56d420,2026-08-21 12:37:04,order-***,partial,normal,LIMA-LA VICTORIA,18/09/2026,09:00,15,blocked_by_order_rule,,,4.273,1.141,0.969,,,,,event_atomic,,screenshots\2026-08\21-08-2026\captchas\captcha-123700-order-***,screenshots\2026-08\21-08-2026\captchas\captcha-123700-order-***,"Se encontro un horario disponible, pero no cumple la regla de reserva de la orden."
***-123704-60056b0b,2026-08-21 12:37:08,order-***,partial,normal,LIMA-LA VICTORIA,18/09/2026,09:00,15,blocked_by_order_rule,,,4.308,1.156,0.985,,,,,event_atomic,,screenshots\2026-08\21-08-2026\captchas\captcha-123704-order-***,screenshots\2026-08\21-08-2026\captchas\captcha-123704-order-***,"Se encontro un horario disponible, pero no cumple la regla de reserva de la orden."
***-123709-a78743dd,2026-08-21 12:37:19,order-***,partial,normal,LIMA-LA VICTORIA,07/09/2026,11:00,28,blocked_by_order_rule,,,10.603,1.156,0.984,,,,,event_atomic,,screenshots\2026-08\21-08-2026\captchas\captcha-123709-order-***,screenshots\2026-08\21-08-2026\captchas\captcha-123709-order-***,"Se encontro un horario disponible, pero no cumple la regla de reserva de la orden."
***-123719-e7b4fb94,2026-08-21 12:37:24,order-***,partial,normal,LIMA-LA VICTORIA,07/09/2026,11:00,28,blocked_by_order_rule,,,4.254,1.172,0.968,,,,,event_atomic,,screenshots\2026-08\21-08-2026\captchas\captcha-123719-order-***,screenshots\2026-08\21-08-2026\captchas\captcha-123719-order-***,"Se encontro un horario disponible, pero no cumple la regla de reserva de la orden."
***-123724-002ae7cc,2026-08-21 12:37:52,order-***,partial,normal,LIMA-LA VICTORIA,18/09/2026,11:00,20,blocked_by_order_rule,,,28.622,1.093,0.937,,,,,event_atomic,,screenshots\2026-08\21-08-2026\captchas\captcha-123724-order-***,screenshots\2026-08\21-08-2026\captchas\captcha-123724-order-***,"Se encontro un horario disponible, pero no cumple la regla de reserva de la orden."
***-123752-6f0c6470,2026-08-21 12:37:57,order-***,partial,normal,LIMA-LA VICTORIA,18/09/2026,11:00,20,blocked_by_order_rule,,,4.251,1.125,0.953,,,,,event_atomic,,screenshots\2026-08\21-08-2026\captchas\captcha-123752-order-***,screenshots\2026-08\21-08-2026\captchas\captcha-123752-order-***,"Se encontro un horario disponible, pero no cumple la regla de reserva de la orden."
***-123757-fde3d39d,2026-08-21 12:38:01,order-***,partial,normal,LIMA-LA VICTORIA,18/09/2026,11:00,20,blocked_by_order_rule,,,4.238,1.109,0.938,,,,,event_atomic,,screenshots\2026-08\21-08-2026\captchas\captcha-123757-order-***,screenshots\2026-08\21-08-2026\captchas\captcha-123757-order-***,"Se encontro un horario disponible, pero no cumple la regla de reserva de la orden."
***-123801-af24880f,2026-08-21 12:38:05,order-***,partial,normal,LIMA-LA VICTORIA,18/09/2026,11:00,20,blocked_by_order_rule,,,4.111,1.109,0.937,,,,,event_atomic,,screenshots\2026-08\21-08-2026\captchas\captcha-123801-order-***,screenshots\2026-08\21-08-2026\captchas\captcha-123801-order-***,"Se encontro un horario disponible, pero no cumple la regla de reserva de la orden."
***-123805-3eeed3ed,2026-08-21 12:38:10,order-***,partial,normal,LIMA-LA VICTORIA,18/09/2026,11:00,20,blocked_by_order_rule,,,4.265,1.125,0.953,,,,,event_atomic,,screenshots\2026-08\21-08-2026\captchas\captcha-123805-order-***,screenshots\2026-08\21-08-2026\captchas\captcha-123805-order-***,"Se encontro un horario disponible, pero no cumple la regla de reserva de la orden."
***-123810-01cd0c38,2026-08-21 12:38:20,order-***,partial,normal,LIMA-LA VICTORIA,09/09/2026,09:00,25,blocked_by_order_rule,,,10.642,1.125,0.953,,,,,event_atomic,,screenshots\2026-08\21-08-2026\captchas\captcha-123810-order-***,screenshots\2026-08\21-08-2026\captchas\captcha-123810-order-***,"Se encontro un horario disponible, pero no cumple la regla de reserva de la orden."
***-123820-3de44db0,2026-08-21 12:38:25,order-***,partial,normal,LIMA-LA VICTORIA,09/09/2026,09:00,25,blocked_by_order_rule,,,4.254,1.141,0.969,,,,,event_atomic,,screenshots\2026-08\21-08-2026\captchas\captcha-123820-order-***,screenshots\2026-08\21-08-2026\captchas\captcha-123820-order-***,"Se encontro un horario disponible, pero no cumple la regla de reserva de la orden."
***-123915-40f3e7ed,2026-08-21 12:39:32,order-***,registered,normal,LIMA-LA VICTORIA,17/09/2026,12:00,20,confirmed,portal_success_text,,17.665,3.172,0.640,0.016,0.015,0.016,0.015,event_atomic,0.265,screenshots\2026-08\21-08-2026\portal-1-123915-order-***,screenshots\2026-08\21-08-2026\portal-1-123915-order-*** | screenshots\2026-08\21-08-2026\cupo-123915-order-*** | screenshots\2026-08\21-08-2026\captchas\captcha-123915-order-*** | screenshots\2026-08\21-08-2026\diagnostics\portal-html-1-123915-order-***,La reserva fue confirmada por mensaje de exito del portal.
observer-***-123941-6d5f2be7,2026-08-21 12:39:57,,available,normal,LIMA-LA VICTORIA,11/09/2026,11:00,28,,,,15.687,,,,,,,event_atomic,,screenshots\2026-08\21-08-2026\observer-cupo-dd832c.png,screenshots\2026-08\21-08-2026\observer-cupo-dd832c.png,Se seleccionaron una fecha y una hora disponibles.
observer-***-124306-b8748f5c,2026-08-21 12:44:07,,available,normal,LIMA-LA VICTORIA,07/09/2026,12:00,29,,,,60.692,,,,,,,event_atomic,,screenshots\2026-08\21-08-2026\observer-cupo-3c4589.png,screenshots\2026-08\21-08-2026\observer-cupo-3c4589.png,Se seleccionaron una fecha y una hora disponibles.
observer-***-124618-3dc49680,2026-08-21 12:46:27,,available,normal,LIMA-LA VICTORIA,14/09/2026,11:00,28,,,,8.665,,,,,,,event_atomic,,screenshots\2026-08\21-08-2026\observer-cupo-662bd0.png,screenshots\2026-08\21-08-2026\observer-cupo-662bd0.png,Se seleccionaron una fecha y una hora disponibles.
observer-***-124627-88f963a6,2026-08-21 12:46:35,,available,normal,LIMA-LA VICTORIA,14/09/2026,11:00,28,,,,8.392,,,,,,,event_atomic,,,,Se seleccionaron una fecha y una hora disponibles.
observer-***-124737-dcda6627,2026-08-21 12:48:35,,available,normal,LIMA-LA VICTORIA,10/09/2026,08:00,22,,,,57.717,,,,,,,event_atomic,,screenshots\2026-08\21-08-2026\observer-cupo-e17c60.png,screenshots\2026-08\21-08-2026\observer-cupo-e17c60.png,Se seleccionaron una fecha y una hora disponibles.
observer-***-124835-90f5905b,2026-08-21 12:48:43,,available,normal,LIMA-LA VICTORIA,10/09/2026,08:00,22,,,,8.384,,,,,,,event_atomic,,,,Se seleccionaron una fecha y una hora disponibles.
***-131818-4fa09487,2026-08-21 13:19:06,order-***,partial,normal,LIMA-LA VICTORIA,18/09/2026,12:00,10,blocked_by_order_rule,,,48.075,1.156,0.953,,,,,event_atomic,,screenshots\2026-08\21-08-2026\captchas\captcha-131818-order-***,screenshots\2026-08\21-08-2026\captchas\captcha-131818-order-***,"Se encontro un horario disponible, pero no cumple la regla de reserva de la orden."
***-131906-678a2b8a,2026-08-21 13:19:13,order-***,registered,normal,LIMA-LA VICTORIA,18/09/2026,12:00,10,confirmed,portal_success_text,,7.116,3.922,0.687,0.015,0.015,0.000,0.016,event_atomic,0.281,screenshots\2026-08\21-08-2026\portal-1-131906-order-***,screenshots\2026-08\21-08-2026\portal-1-131906-order-*** | screenshots\2026-08\21-08-2026\cupo-131906-order-*** | screenshots\2026-08\21-08-2026\captchas\captcha-131906-order-*** | screenshots\2026-08\21-08-2026\diagnostics\portal-html-1-131906-order-***,La reserva fue confirmada por mensaje de exito del portal.
***-131922-9f57b409,2026-08-21 13:19:27,order-***,partial,normal,LIMA-LA VICTORIA,18/09/2026,12:00,10,blocked_by_order_rule,,,4.731,1.234,1.016,,,,,event_atomic,,screenshots\2026-08\21-08-2026\captchas\captcha-131922-order-***,screenshots\2026-08\21-08-2026\captchas\captcha-131922-order-***,"Se encontro un horario disponible, pero no cumple la regla de reserva de la orden."
***-131927-211d68db,2026-08-21 13:19:31,order-***,partial,normal,LIMA-LA VICTORIA,18/09/2026,12:00,10,blocked_by_order_rule,,,4.615,1.141,0.953,,,,,event_atomic,,screenshots\2026-08\21-08-2026\captchas\captcha-131927-order-***,screenshots\2026-08\21-08-2026\captchas\captcha-131927-order-***,"Se encontro un horario disponible, pero no cumple la regla de reserva de la orden."
***-131932-***,2026-08-21 13:19:36,order-***,partial,normal,LIMA-LA VICTORIA,18/09/2026,12:00,10,blocked_by_order_rule,,,4.686,1.188,0.984,,,,,event_atomic,,screenshots\2026-08\21-08-2026\captchas\captcha-131932-order-***,screenshots\2026-08\21-08-2026\captchas\captcha-131932-order-***,"Se encontro un horario disponible, pero no cumple la regla de reserva de la orden."
***-131936-e0155d59,2026-08-21 13:19:41,order-***,partial,normal,LIMA-LA VICTORIA,18/09/2026,12:00,10,blocked_by_order_rule,,,5.154,1.265,1.000,,,,,event_atomic,,screenshots\2026-08\21-08-2026\captchas\captcha-131936-order-***,screenshots\2026-08\21-08-2026\captchas\captcha-131936-order-***,"Se encontro un horario disponible, pero no cumple la regla de reserva de la orden."
***-132119-d32ddc76,2026-08-21 13:21:44,order-***,partial,normal,LIMA-LA VICTORIA,19/09/2026,09:00,8,blocked_by_order_rule,,,25.385,1.125,0.937,,,,,event_atomic,,screenshots\2026-08\21-08-2026\captchas\captcha-132119-order-***,screenshots\2026-08\21-08-2026\captchas\captcha-132119-order-***,"Se encontro un horario disponible, pero no cumple la regla de reserva de la orden."
***-132145-1f3c8beb,2026-08-21 13:21:49,order-***,partial,normal,LIMA-LA VICTORIA,19/09/2026,09:00,8,blocked_by_order_rule,,,4.321,1.157,0.953,,,,,event_atomic,,screenshots\2026-08\21-08-2026\captchas\captcha-132145-order-***,screenshots\2026-08\21-08-2026\captchas\captcha-132145-order-***,"Se encontro un horario disponible, pero no cumple la regla de reserva de la orden."
***-132149-6226664e,2026-08-21 13:21:53,order-***,partial,normal,LIMA-LA VICTORIA,19/09/2026,09:00,8,blocked_by_order_rule,,,4.178,1.125,0.969,,,,,event_atomic,,screenshots\2026-08\21-08-2026\captchas\captcha-132149-order-***,screenshots\2026-08\21-08-2026\captchas\captcha-132149-order-***,"Se encontro un horario disponible, pero no cumple la regla de reserva de la orden."
***-132153-d3b98979,2026-08-21 13:21:58,order-***,partial,normal,LIMA-LA VICTORIA,19/09/2026,09:00,8,blocked_by_order_rule,,,4.273,1.125,0.954,,,,,event_atomic,,screenshots\2026-08\21-08-2026\captchas\captcha-132153-order-***,screenshots\2026-08\21-08-2026\captchas\captcha-132153-order-***,"Se encontro un horario disponible, pero no cumple la regla de reserva de la orden."
***-132158-7f38533a,2026-08-21 13:22:02,order-***,partial,normal,LIMA-LA VICTORIA,19/09/2026,09:00,8,blocked_by_order_rule,,,4.294,1.188,1.016,,,,,event_atomic,,screenshots\2026-08\21-08-2026\captchas\captcha-132158-order-***,screenshots\2026-08\21-08-2026\captchas\captcha-132158-order-***,"Se encontro un horario disponible, pero no cumple la regla de reserva de la orden."
***-132202-de71bf36,2026-08-21 13:22:06,order-***,partial,normal,LIMA-LA VICTORIA,19/09/2026,09:00,8,blocked_by_order_rule,,,4.290,1.187,0.969,,,,,event_atomic,,screenshots\2026-08\21-08-2026\captchas\captcha-132202-order-***,screenshots\2026-08\21-08-2026\captchas\captcha-132202-order-***,"Se encontro un horario disponible, pero no cumple la regla de reserva de la orden."
***-132206-ecc3d1ca,2026-08-21 13:22:11,order-***,partial,normal,LIMA-LA VICTORIA,19/09/2026,09:00,8,blocked_by_order_rule,,,4.368,1.156,1.000,,,,,event_atomic,,screenshots\2026-08\21-08-2026\captchas\captcha-132206-order-***,screenshots\2026-08\21-08-2026\captchas\captcha-132206-order-***,"Se encontro un horario disponible, pero no cumple la regla de reserva de la orden."
***-132211-613d1a07,2026-08-21 13:22:15,order-***,partial,normal,LIMA-LA VICTORIA,19/09/2026,09:00,8,blocked_by_order_rule,,,4.240,1.140,0.969,,,,,event_atomic,,screenshots\2026-08\21-08-2026\captchas\captcha-132211-order-***,screenshots\2026-08\21-08-2026\captchas\captcha-132211-order-***,"Se encontro un horario disponible, pero no cumple la regla de reserva de la orden."
***-132215-601abb24,2026-08-21 13:22:19,order-***,partial,normal,LIMA-LA VICTORIA,19/09/2026,09:00,8,blocked_by_order_rule,,,4.093,1.109,0.953,,,,,event_atomic,,screenshots\2026-08\21-08-2026\captchas\captcha-132215-order-***,screenshots\2026-08\21-08-2026\captchas\captcha-132215-order-***,"Se encontro un horario disponible, pero no cumple la regla de reserva de la orden."
***-132220-bcb0673b,2026-08-21 13:22:24,order-***,partial,normal,LIMA-LA VICTORIA,19/09/2026,09:00,8,blocked_by_order_rule,,,4.116,1.093,0.921,,,,,event_atomic,,screenshots\2026-08\21-08-2026\captchas\captcha-132220-order-***,screenshots\2026-08\21-08-2026\captchas\captcha-132220-order-***,"Se encontro un horario disponible, pero no cumple la regla de reserva de la orden."
***-132224-e9f735d6,2026-08-21 13:22:28,order-***,partial,normal,LIMA-LA VICTORIA,19/09/2026,09:00,8,blocked_by_order_rule,,,4.161,1.125,0.938,,,,,event_atomic,,screenshots\2026-08\21-08-2026\captchas\captcha-132224-order-***,screenshots\2026-08\21-08-2026\captchas\captcha-132224-order-***,"Se encontro un horario disponible, pero no cumple la regla de reserva de la orden."
***-132228-9e0131ef,2026-08-21 13:22:32,order-***,partial,normal,LIMA-LA VICTORIA,19/09/2026,09:00,8,blocked_by_order_rule,,,4.111,1.110,0.938,,,,,event_atomic,,screenshots\2026-08\21-08-2026\captchas\captcha-132228-order-***,screenshots\2026-08\21-08-2026\captchas\captcha-132228-order-***,"Se encontro un horario disponible, pero no cumple la regla de reserva de la orden."
***-132232-8117cf42,2026-08-21 13:22:36,order-***,partial,normal,LIMA-LA VICTORIA,19/09/2026,09:00,8,blocked_by_order_rule,,,4.125,1.109,0.937,,,,,event_atomic,,screenshots\2026-08\21-08-2026\captchas\captcha-132232-order-***,screenshots\2026-08\21-08-2026\captchas\captcha-132232-order-***,"Se encontro un horario disponible, pero no cumple la regla de reserva de la orden."
***-132236-e5473b66,2026-08-21 13:22:41,order-***,partial,normal,LIMA-LA VICTORIA,19/09/2026,09:00,8,blocked_by_order_rule,,,4.096,1.078,0.922,,,,,event_atomic,,screenshots\2026-08\21-08-2026\captchas\captcha-132236-order-***,screenshots\2026-08\21-08-2026\captchas\captcha-132236-order-***,"Se encontro un horario disponible, pero no cumple la regla de reserva de la orden."
***-132241-6a841946,2026-08-21 13:22:45,order-***,partial,normal,LIMA-LA VICTORIA,19/09/2026,09:00,8,blocked_by_order_rule,,,4.101,1.125,0.922,,,,,event_atomic,,screenshots\2026-08\21-08-2026\captchas\captcha-132241-order-***,screenshots\2026-08\21-08-2026\captchas\captcha-132241-order-***,"Se encontro un horario disponible, pero no cumple la regla de reserva de la orden."
***-132245-a09c5e53,2026-08-21 13:22:49,order-***,partial,normal,LIMA-LA VICTORIA,19/09/2026,09:00,8,blocked_by_order_rule,,,4.116,1.109,0.937,,,,,event_atomic,,screenshots\2026-08\21-08-2026\captchas\captcha-132245-order-***,screenshots\2026-08\21-08-2026\captchas\captcha-132245-order-***,"Se encontro un horario disponible, pero no cumple la regla de reserva de la orden."
***-132249-f3543f64,2026-08-21 13:22:53,order-***,partial,normal,LIMA-LA VICTORIA,19/09/2026,09:00,8,blocked_by_order_rule,,,4.115,1.109,0.953,,,,,event_atomic,,screenshots\2026-08\21-08-2026\captchas\captcha-132249-order-***,screenshots\2026-08\21-08-2026\captchas\captcha-132249-order-***,"Se encontro un horario disponible, pero no cumple la regla de reserva de la orden."
***-132253-586b40b4,2026-08-21 13:22:57,order-***,partial,normal,LIMA-LA VICTORIA,19/09/2026,09:00,8,blocked_by_order_rule,,,4.110,1.109,0.937,,,,,event_atomic,,screenshots\2026-08\21-08-2026\captchas\captcha-132253-order-***,screenshots\2026-08\21-08-2026\captchas\captcha-132253-order-***,"Se encontro un horario disponible, pero no cumple la regla de reserva de la orden."
***-132257-2aae7aa1,2026-08-21 13:23:02,order-***,partial,normal,LIMA-LA VICTORIA,19/09/2026,09:00,8,blocked_by_order_rule,,,4.134,1.140,0.953,,,,,event_atomic,,screenshots\2026-08\21-08-2026\captchas\captcha-132257-order-***,screenshots\2026-08\21-08-2026\captchas\captcha-132257-order-***,"Se encontro un horario disponible, pero no cumple la regla de reserva de la orden."
***-132302-c2693097,2026-08-21 13:23:06,order-***,partial,normal,LIMA-LA VICTORIA,19/09/2026,09:00,8,blocked_by_order_rule,,,4.154,1.093,0.937,,,,,event_atomic,,screenshots\2026-08\21-08-2026\captchas\captcha-132302-order-***,screenshots\2026-08\21-08-2026\captchas\captcha-132302-order-***,"Se encontro un horario disponible, pero no cumple la regla de reserva de la orden."
***-132306-dc6809d9,2026-08-21 13:23:10,order-***,partial,normal,LIMA-LA VICTORIA,19/09/2026,09:00,8,blocked_by_order_rule,,,4.113,1.141,0.954,,,,,event_atomic,,screenshots\2026-08\21-08-2026\captchas\captcha-132306-order-***,screenshots\2026-08\21-08-2026\captchas\captcha-132306-order-***,"Se encontro un horario disponible, pero no cumple la regla de reserva de la orden."
***-132310-3b52b6b8,2026-08-21 13:23:14,order-***,partial,normal,LIMA-LA VICTORIA,19/09/2026,09:00,8,blocked_by_order_rule,,,4.168,1.110,0.953,,,,,event_atomic,,screenshots\2026-08\21-08-2026\captchas\captcha-132310-order-***,screenshots\2026-08\21-08-2026\captchas\captcha-132310-order-***,"Se encontro un horario disponible, pero no cumple la regla de reserva de la orden."
***-135355-***,2026-08-21 13:53:59,order-***,partial,normal,LIMA-LA VICTORIA,19/09/2026,10:00,10,blocked_by_order_rule,,,4.752,1.265,0.969,,,,,event_atomic,,screenshots\2026-08\21-08-2026\captchas\captcha-135355-order-***,screenshots\2026-08\21-08-2026\captchas\captcha-135355-order-***,"Se encontro un horario disponible, pero no cumple la regla de reserva de la orden."
***-135400-a3114d69,2026-08-21 13:54:05,order-***,partial,normal,LIMA-LA VICTORIA,19/09/2026,10:00,10,blocked_by_order_rule,,,5.243,1.250,1.000,,,,,event_atomic,,screenshots\2026-08\21-08-2026\captchas\captcha-135400-order-***,screenshots\2026-08\21-08-2026\captchas\captcha-135400-order-***,"Se encontro un horario disponible, pero no cumple la regla de reserva de la orden."
***-135405-a5f7821a,2026-08-21 13:54:10,order-***,partial,normal,LIMA-LA VICTORIA,19/09/2026,10:00,10,blocked_by_order_rule,,,5.142,1.328,1.078,,,,,event_atomic,,screenshots\2026-08\21-08-2026\captchas\captcha-135405-order-***,screenshots\2026-08\21-08-2026\captchas\captcha-135405-order-***,"Se encontro un horario disponible, pero no cumple la regla de reserva de la orden."
***-135410-f82dbc15,2026-08-21 13:54:15,order-***,partial,normal,LIMA-LA VICTORIA,19/09/2026,10:00,10,blocked_by_order_rule,,,4.971,1.219,0.985,,,,,event_atomic,,screenshots\2026-08\21-08-2026\captchas\captcha-135410-order-***,screenshots\2026-08\21-08-2026\captchas\captcha-135410-order-***,"Se encontro un horario disponible, pero no cumple la regla de reserva de la orden."
***-135415-21f21ac8,2026-08-21 13:54:20,order-***,partial,normal,LIMA-LA VICTORIA,19/09/2026,10:00,10,blocked_by_order_rule,,,4.893,1.250,1.015,,,,,event_atomic,,screenshots\2026-08\21-08-2026\captchas\captcha-135415-order-***,screenshots\2026-08\21-08-2026\captchas\captcha-135415-order-***,"Se encontro un horario disponible, pero no cumple la regla de reserva de la orden."
***-135420-4f837091,2026-08-21 13:54:26,order-***,partial,normal,LIMA-LA VICTORIA,19/09/2026,10:00,10,blocked_by_order_rule,,,5.151,1.250,1.015,,,,,event_atomic,,screenshots\2026-08\21-08-2026\captchas\captcha-135420-order-***,screenshots\2026-08\21-08-2026\captchas\captcha-135420-order-***,"Se encontro un horario disponible, pero no cumple la regla de reserva de la orden."
***-135426-e5069dab,2026-08-21 13:54:31,order-***,partial,normal,LIMA-LA VICTORIA,19/09/2026,10:00,10,blocked_by_order_rule,,,5.053,1.219,0.969,,,,,event_atomic,,screenshots\2026-08\21-08-2026\captchas\captcha-135426-order-***,screenshots\2026-08\21-08-2026\captchas\captcha-135426-order-***,"Se encontro un horario disponible, pero no cumple la regla de reserva de la orden."
***-135431-a237cea6,2026-08-21 13:54:36,order-***,partial,normal,LIMA-LA VICTORIA,19/09/2026,10:00,10,blocked_by_order_rule,,,4.985,1.219,1.000,,,,,event_atomic,,screenshots\2026-08\21-08-2026\captchas\captcha-135431-order-***,screenshots\2026-08\21-08-2026\captchas\captcha-135431-order-***,"Se encontro un horario disponible, pero no cumple la regla de reserva de la orden."
***-135436-a0cc3ed0,2026-08-21 13:54:41,order-***,partial,normal,LIMA-LA VICTORIA,19/09/2026,10:00,10,blocked_by_order_rule,,,4.836,1.188,1.000,,,,,event_atomic,,screenshots\2026-08\21-08-2026\captchas\captcha-135436-order-***,screenshots\2026-08\21-08-2026\captchas\captcha-135436-order-***,"Se encontro un horario disponible, pero no cumple la regla de reserva de la orden."
***-135441-a8b85976,2026-08-21 13:54:46,order-***,partial,normal,LIMA-LA VICTORIA,19/09/2026,10:00,10,blocked_by_order_rule,,,5.053,1.250,1.016,,,,,event_atomic,,screenshots\2026-08\21-08-2026\captchas\captcha-135441-order-***,screenshots\2026-08\21-08-2026\captchas\captcha-135441-order-***,"Se encontro un horario disponible, pero no cumple la regla de reserva de la orden."
***-135446-a9f5d728,2026-08-21 13:54:51,order-***,partial,normal,LIMA-LA VICTORIA,19/09/2026,10:00,10,blocked_by_order_rule,,,5.069,1.234,0.984,,,,,event_atomic,,screenshots\2026-08\21-08-2026\captchas\captcha-135446-order-***,screenshots\2026-08\21-08-2026\captchas\captcha-135446-order-***,"Se encontro un horario disponible, pero no cumple la regla de reserva de la orden."
***-135451-b26e090e,2026-08-21 13:54:56,order-***,partial,normal,LIMA-LA VICTORIA,19/09/2026,10:00,10,blocked_by_order_rule,,,4.986,1.235,1.000,,,,,event_atomic,,screenshots\2026-08\21-08-2026\captchas\captcha-135451-order-***,screenshots\2026-08\21-08-2026\captchas\captcha-135451-order-***,"Se encontro un horario disponible, pero no cumple la regla de reserva de la orden."
***-140246-83552f4f,2026-08-21 14:03:39,order-***,partial,normal,LIMA-LA VICTORIA,19/09/2026,11:00,7,blocked_by_order_rule,,,52.299,1.343,1.062,,,,,event_atomic,,screenshots\2026-08\21-08-2026\captchas\captcha-140246-order-***,screenshots\2026-08\21-08-2026\captchas\captcha-140246-order-***,"Se encontro un horario disponible, pero no cumple la regla de reserva de la orden."
***-140339-470f69d3,2026-08-21 14:03:44,order-***,partial,normal,LIMA-LA VICTORIA,19/09/2026,11:00,7,blocked_by_order_rule,,,5.470,1.297,1.016,,,,,event_atomic,,screenshots\2026-08\21-08-2026\captchas\captcha-140339-order-***,screenshots\2026-08\21-08-2026\captchas\captcha-140339-order-***,"Se encontro un horario disponible, pero no cumple la regla de reserva de la orden."
***-140344-4c040248,2026-08-21 14:03:50,order-***,partial,normal,LIMA-LA VICTORIA,19/09/2026,11:00,7,blocked_by_order_rule,,,5.336,1.312,1.015,,,,,event_atomic,,screenshots\2026-08\21-08-2026\captchas\captcha-140344-order-***,screenshots\2026-08\21-08-2026\captchas\captcha-140344-order-***,"Se encontro un horario disponible, pero no cumple la regla de reserva de la orden."
***-140350-0f31ca8b,2026-08-21 14:03:55,order-***,partial,normal,LIMA-LA VICTORIA,19/09/2026,11:00,7,blocked_by_order_rule,,,5.092,1.234,1.000,,,,,event_atomic,,screenshots\2026-08\21-08-2026\captchas\captcha-140350-order-***,screenshots\2026-08\21-08-2026\captchas\captcha-140350-order-***,"Se encontro un horario disponible, pero no cumple la regla de reserva de la orden."
***-140355-44bbb4a5,2026-08-21 14:04:00,order-***,partial,normal,LIMA-LA VICTORIA,19/09/2026,11:00,7,blocked_by_order_rule,,,4.966,1.203,0.984,,,,,event_atomic,,screenshots\2026-08\21-08-2026\captchas\captcha-140355-order-***,screenshots\2026-08\21-08-2026\captchas\captcha-140355-order-***,"Se encontro un horario disponible, pero no cumple la regla de reserva de la orden."
***-140400-***,2026-08-21 14:04:05,order-***,partial,normal,LIMA-LA VICTORIA,19/09/2026,11:00,7,blocked_by_order_rule,,,4.742,1.203,0.969,,,,,event_atomic,,screenshots\2026-08\21-08-2026\captchas\captcha-140400-order-***,screenshots\2026-08\21-08-2026\captchas\captcha-140400-order-***,"Se encontro un horario disponible, pero no cumple la regla de reserva de la orden."
***-140405-1c6b5ead,2026-08-21 14:04:10,order-***,partial,normal,LIMA-LA VICTORIA,19/09/2026,11:00,7,blocked_by_order_rule,,,4.760,1.187,0.969,,,,,event_atomic,,screenshots\2026-08\21-08-2026\captchas\captcha-140405-order-***,screenshots\2026-08\21-08-2026\captchas\captcha-140405-order-***,"Se encontro un horario disponible, pero no cumple la regla de reserva de la orden."
***-140410-4da4e5ae,2026-08-21 14:04:15,order-***,partial,normal,LIMA-LA VICTORIA,19/09/2026,11:00,7,blocked_by_order_rule,,,4.701,1.250,1.016,,,,,event_atomic,,screenshots\2026-08\21-08-2026\captchas\captcha-140410-order-***,screenshots\2026-08\21-08-2026\captchas\captcha-140410-order-***,"Se encontro un horario disponible, pero no cumple la regla de reserva de la orden."
***-140415-ad06f401,2026-08-21 14:04:20,order-***,partial,normal,LIMA-LA VICTORIA,19/09/2026,11:00,7,blocked_by_order_rule,,,5.202,1.328,1.031,,,,,event_atomic,,screenshots\2026-08\21-08-2026\captchas\captcha-140415-order-***,screenshots\2026-08\21-08-2026\captchas\captcha-140415-order-***,"Se encontro un horario disponible, pero no cumple la regla de reserva de la orden."
***-140420-a8fb0fb3,2026-08-21 14:04:29,order-***,registered,normal,LIMA-LA VICTORIA,19/09/2026,11:00,7,confirmed,portal_success_text,,8.405,4.391,0.688,0.031,0.016,0.000,0.000,event_atomic,0.281,screenshots\2026-08\21-08-2026\portal-1-140420-order-***,screenshots\2026-08\21-08-2026\portal-1-140420-order-*** | screenshots\2026-08\21-08-2026\cupo-140420-order-*** | screenshots\2026-08\21-08-2026\captchas\captcha-140420-order-*** | screenshots\2026-08\21-08-2026\diagnostics\portal-html-1-140420-order-***,La reserva fue confirmada por mensaje de exito del portal.
observer-***-141649-fb490823,2026-08-21 14:17:06,,available,normal,LIMA-LA VICTORIA,19/09/2026,12:00,10,,,,16.289,,,,,,,event_atomic,,screenshots\2026-08\21-08-2026\observer-cupo-766bc0.png,screenshots\2026-08\21-08-2026\observer-cupo-766bc0.png,Se seleccionaron una fecha y una hora disponibles.
observer-***-141706-631ba703,2026-08-21 14:17:15,,available,normal,LIMA-LA VICTORIA,19/09/2026,12:00,10,,,,9.183,,,,,,,event_atomic,,,,Se seleccionaron una fecha y una hora disponibles.
observer-***-141716-7e4aefd1,2026-08-21 14:17:26,,available,normal,LIMA-LA VICTORIA,19/09/2026,12:00,10,,,,9.537,,,,,,,event_atomic,,screenshots\2026-08\21-08-2026\observer-cupo-3a84e9.png,screenshots\2026-08\21-08-2026\observer-cupo-3a84e9.png,Se seleccionaron una fecha y una hora disponibles.
observer-***-141726-a3930779,2026-08-21 14:17:35,,available,normal,LIMA-LA VICTORIA,19/09/2026,12:00,10,,,,9.259,,,,,,,event_atomic,,,,Se seleccionaron una fecha y una hora disponibles.
observer-***-141735-3d7379c7,2026-08-21 14:17:45,,available,normal,LIMA-LA VICTORIA,19/09/2026,12:00,10,,,,9.447,,,,,,,event_atomic,,screenshots\2026-08\21-08-2026\observer-cupo-635aa3.png,screenshots\2026-08\21-08-2026\observer-cupo-635aa3.png,Se seleccionaron una fecha y una hora disponibles.
observer-***-141745-51b4cb50,2026-08-21 14:17:54,,available,normal,LIMA-LA VICTORIA,19/09/2026,12:00,10,,,,9.140,,,,,,,event_atomic,,,,Se seleccionaron una fecha y una hora disponibles.
observer-***-141754-***,2026-08-21 14:18:04,,available,normal,LIMA-LA VICTORIA,19/09/2026,12:00,10,,,,9.634,,,,,,,event_atomic,,screenshots\2026-08\21-08-2026\observer-cupo-648170.png,screenshots\2026-08\21-08-2026\observer-cupo-648170.png,Se seleccionaron una fecha y una hora disponibles.
observer-***-141804-bb7f331e,2026-08-21 14:18:13,,available,normal,LIMA-LA VICTORIA,01/09/2026,12:00,27,,,,9.259,,,,,,,event_atomic,,,,Se seleccionaron una fecha y una hora disponibles.
observer-***-141814-07e5ff99,2026-08-21 14:18:24,,available,normal,LIMA-LA VICTORIA,19/09/2026,12:00,10,,,,9.446,,,,,,,event_atomic,,screenshots\2026-08\21-08-2026\observer-cupo-4c2935.png,screenshots\2026-08\21-08-2026\observer-cupo-4c2935.png,Se seleccionaron una fecha y una hora disponibles.
observer-***-141824-a03f64e6,2026-08-21 14:18:33,,available,normal,LIMA-LA VICTORIA,19/09/2026,12:00,10,,,,9.083,,,,,,,event_atomic,,,,Se seleccionaron una fecha y una hora disponibles.
observer-***-141834-b0dfa36e,2026-08-21 14:18:43,,available,normal,LIMA-LA VICTORIA,19/09/2026,12:00,10,,,,9.346,,,,,,,event_atomic,,screenshots\2026-08\21-08-2026\observer-cupo-12e389.png,screenshots\2026-08\21-08-2026\observer-cupo-12e389.png,Se seleccionaron una fecha y una hora disponibles.
observer-***-141843-f5ba5123,2026-08-21 14:18:52,,available,normal,LIMA-LA VICTORIA,19/09/2026,12:00,10,,,,8.669,,,,,,,event_atomic,,,,Se seleccionaron una fecha y una hora disponibles.
observer-***-141852-9c723a43,2026-08-21 14:19:02,,available,normal,LIMA-LA VICTORIA,01/09/2026,12:00,30,,,,9.509,,,,,,,event_atomic,,screenshots\2026-08\21-08-2026\observer-cupo-dcb155.png,screenshots\2026-08\21-08-2026\observer-cupo-dcb155.png,Se seleccionaron una fecha y una hora disponibles.
observer-***-141902-077acbd4,2026-08-21 14:19:11,,available,normal,LIMA-LA VICTORIA,19/09/2026,12:00,10,,,,9.330,,,,,,,event_atomic,,,,Se seleccionaron una fecha y una hora disponibles.
observer-***-141911-269560b9,2026-08-21 14:19:21,,available,normal,LIMA-LA VICTORIA,19/09/2026,12:00,10,,,,9.479,,,,,,,event_atomic,,screenshots\2026-08\21-08-2026\observer-cupo-c8d3f9.png,screenshots\2026-08\21-08-2026\observer-cupo-c8d3f9.png,Se seleccionaron una fecha y una hora disponibles.
observer-***-141921-1f9f5d42,2026-08-21 14:19:30,,available,normal,LIMA-LA VICTORIA,19/09/2026,12:00,10,,,,9.195,,,,,,,event_atomic,,,,Se seleccionaron una fecha y una hora disponibles.
observer-***-141930-***,2026-08-21 14:19:40,,available,normal,LIMA-LA VICTORIA,19/09/2026,12:00,10,,,,9.707,,,,,,,event_atomic,,screenshots\2026-08\21-08-2026\observer-cupo-6fbf41.png,screenshots\2026-08\21-08-2026\observer-cupo-6fbf41.png,Se seleccionaron una fecha y una hora disponibles.
observer-***-141940-220ad993,2026-08-21 14:19:49,,available,normal,LIMA-LA VICTORIA,19/09/2026,12:00,10,,,,9.185,,,,,,,event_atomic,,,,Se seleccionaron una fecha y una hora disponibles.
observer-***-150329-018177e0,2026-08-21 15:03:44,,available,normal,LIMA-LA VICTORIA,19/09/2026,10:00,20,,,,15.135,,,,,,,event_atomic,,screenshots\2026-08\21-08-2026\observer-cupo-f37a00.png,screenshots\2026-08\21-08-2026\observer-cupo-f37a00.png,Se seleccionaron una fecha y una hora disponibles.
observer-***-150344-***,2026-08-21 15:03:52,,available,normal,LIMA-LA VICTORIA,19/09/2026,10:00,20,,,,8.389,,,,,,,event_atomic,,,,Se seleccionaron una fecha y una hora disponibles.
observer-***-150353-2bda382f,2026-08-21 15:04:02,,available,normal,LIMA-LA VICTORIA,19/09/2026,10:00,20,,,,8.603,,,,,,,event_atomic,,screenshots\2026-08\21-08-2026\observer-cupo-ebb01c.png,screenshots\2026-08\21-08-2026\observer-cupo-ebb01c.png,Se seleccionaron una fecha y una hora disponibles.
observer-***-150402-c656a8c8,2026-08-21 15:04:10,,available,normal,LIMA-LA VICTORIA,19/09/2026,10:00,20,,,,8.306,,,,,,,event_atomic,,,,Se seleccionaron una fecha y una hora disponibles.
observer-***-150410-6c367881,2026-08-21 15:04:19,,available,normal,LIMA-LA VICTORIA,19/09/2026,10:00,20,,,,8.560,,,,,,,event_atomic,,screenshots\2026-08\21-08-2026\observer-cupo-5e1aa6.png,screenshots\2026-08\21-08-2026\observer-cupo-5e1aa6.png,Se seleccionaron una fecha y una hora disponibles.
observer-***-150419-142874f4,2026-08-21 15:04:27,,available,normal,LIMA-LA VICTORIA,19/09/2026,10:00,20,,,,8.292,,,,,,,event_atomic,,,,Se seleccionaron una fecha y una hora disponibles.
observer-***-150428-25883e72,2026-08-21 15:04:36,,available,normal,LIMA-LA VICTORIA,19/09/2026,10:00,20,,,,8.587,,,,,,,event_atomic,,screenshots\2026-08\21-08-2026\observer-cupo-d305c6.png,screenshots\2026-08\21-08-2026\observer-cupo-d305c6.png,Se seleccionaron una fecha y una hora disponibles.
observer-***-150436-***,2026-08-21 15:04:45,,available,normal,LIMA-LA VICTORIA,19/09/2026,10:00,20,,,,8.302,,,,,,,event_atomic,,,,Se seleccionaron una fecha y una hora disponibles.
observer-***-150445-1820fcbf,2026-08-21 15:04:53,,available,normal,LIMA-LA VICTORIA,19/09/2026,10:00,20,,,,8.638,,,,,,,event_atomic,,screenshots\2026-08\21-08-2026\observer-cupo-732238.png,screenshots\2026-08\21-08-2026\observer-cupo-732238.png,Se seleccionaron una fecha y una hora disponibles.
observer-***-150453-ab1b4fc4,2026-08-21 15:05:02,,available,normal,LIMA-LA VICTORIA,19/09/2026,10:00,20,,,,8.236,,,,,,,event_atomic,,,,Se seleccionaron una fecha y una hora disponibles.
observer-***-151556-01b8c170,2026-08-21 15:16:28,,available,normal,LIMA-LA VICTORIA,09/09/2026,08:00,23,,,,31.908,,,,,,,event_atomic,,screenshots\2026-08\21-08-2026\observer-cupo-af7609.png,screenshots\2026-08\21-08-2026\observer-cupo-af7609.png,Se seleccionaron una fecha y una hora disponibles.
observer-***-151628-4ed05448,2026-08-21 15:16:36,,available,normal,LIMA-LA VICTORIA,09/09/2026,08:00,23,,,,8.277,,,,,,,event_atomic,,,,Se seleccionaron una fecha y una hora disponibles.
observer-***-151637-00c09997,2026-08-21 15:16:46,,available,normal,LIMA-LA VICTORIA,09/09/2026,08:00,23,,,,8.605,,,,,,,event_atomic,,screenshots\2026-08\21-08-2026\observer-cupo-3371ec.png,screenshots\2026-08\21-08-2026\observer-cupo-3371ec.png,Se seleccionaron una fecha y una hora disponibles.
observer-***-151646-0b5dacac,2026-08-21 15:16:54,,available,normal,LIMA-LA VICTORIA,09/09/2026,08:00,23,,,,8.347,,,,,,,event_atomic,,,,Se seleccionaron una fecha y una hora disponibles.
observer-***-151654-da2248d4,2026-08-21 15:17:03,,available,normal,LIMA-LA VICTORIA,09/09/2026,08:00,23,,,,8.595,,,,,,,event_atomic,,screenshots\2026-08\21-08-2026\observer-cupo-e2789d.png,screenshots\2026-08\21-08-2026\observer-cupo-e2789d.png,Se seleccionaron una fecha y una hora disponibles.
observer-***-152646-ed10f9ea,2026-08-21 15:27:26,,available,normal,LIMA-LA VICTORIA,10/09/2026,08:00,30,,,,40.739,,,,,,,event_atomic,,screenshots\2026-08\21-08-2026\observer-cupo-e48966.png,screenshots\2026-08\21-08-2026\observer-cupo-e48966.png,Se seleccionaron una fecha y una hora disponibles.
observer-***-152726-c5c523c6,2026-08-21 15:27:35,,available,normal,LIMA-LA VICTORIA,10/09/2026,08:00,30,,,,8.312,,,,,,,event_atomic,,,,Se seleccionaron una fecha y una hora disponibles.
observer-***-152736-497e36d9,2026-08-21 15:27:44,,available,normal,LIMA-LA VICTORIA,10/09/2026,08:00,30,,,,8.575,,,,,,,event_atomic,,screenshots\2026-08\21-08-2026\observer-cupo-da97b9.png,screenshots\2026-08\21-08-2026\observer-cupo-da97b9.png,Se seleccionaron una fecha y una hora disponibles.
observer-***-152744-deae3a5c,2026-08-21 15:27:53,,available,normal,LIMA-LA VICTORIA,10/09/2026,08:00,30,,,,8.239,,,,,,,event_atomic,,,,Se seleccionaron una fecha y una hora disponibles.
observer-***-152753-8d82c25e,2026-08-21 15:28:01,,available,normal,LIMA-LA VICTORIA,10/09/2026,08:00,30,,,,8.739,,,,,,,event_atomic,,screenshots\2026-08\21-08-2026\observer-cupo-f7c052.png,screenshots\2026-08\21-08-2026\observer-cupo-f7c052.png,Se seleccionaron una fecha y una hora disponibles.
observer-***-152802-f5322539,2026-08-21 15:28:10,,available,normal,LIMA-LA VICTORIA,10/09/2026,08:00,30,,,,8.294,,,,,,,event_atomic,,,,Se seleccionaron una fecha y una hora disponibles.
observer-***-152810-1fadbdce,2026-08-21 15:28:19,,available,normal,LIMA-LA VICTORIA,10/09/2026,08:00,30,,,,8.609,,,,,,,event_atomic,,screenshots\2026-08\21-08-2026\observer-cupo-6fb24e.png,screenshots\2026-08\21-08-2026\observer-cupo-6fb24e.png,Se seleccionaron una fecha y una hora disponibles.
observer-***-152819-5b95143e,2026-08-21 15:28:27,,available,normal,LIMA-LA VICTORIA,10/09/2026,08:00,30,,,,8.253,,,,,,,event_atomic,,,,Se seleccionaron una fecha y una hora disponibles.
observer-***-152827-1c5ccb8c,2026-08-21 15:28:36,,available,normal,LIMA-LA VICTORIA,10/09/2026,08:00,30,,,,8.558,,,,,,,event_atomic,,screenshots\2026-08\21-08-2026\observer-cupo-cdc68d.png,screenshots\2026-08\21-08-2026\observer-cupo-cdc68d.png,Se seleccionaron una fecha y una hora disponibles.
observer-***-152836-c743129d,2026-08-21 15:28:44,,available,normal,LIMA-LA VICTORIA,10/09/2026,08:00,30,,,,8.290,,,,,,,event_atomic,,,,Se seleccionaron una fecha y una hora disponibles.
observer-***-160820-8dd38651,2026-08-21 16:09:17,,available,normal,LIMA-LA VICTORIA,18/09/2026,10:00,15,,,,57.013,,,,,,,event_atomic,,screenshots\2026-08\21-08-2026\observer-cupo-bf51f9.png,screenshots\2026-08\21-08-2026\observer-cupo-bf51f9.png,Se seleccionaron una fecha y una hora disponibles.
observer-***-160918-946cd8a9,2026-08-21 16:09:27,,available,normal,LIMA-LA VICTORIA,18/09/2026,10:00,15,,,,8.994,,,,,,,event_atomic,,,,Se seleccionaron una fecha y una hora disponibles.
observer-***-160928-7ac857ea,2026-08-21 16:09:41,,available,normal,LIMA-LA VICTORIA,18/09/2026,10:00,15,,,,13.504,,,,,,,event_atomic,,screenshots\2026-08\21-08-2026\observer-cupo-b21510.png,screenshots\2026-08\21-08-2026\observer-cupo-b21510.png,Se seleccionaron una fecha y una hora disponibles.
observer-***-160943-ac2cf7d3,2026-08-21 16:09:52,,available,normal,LIMA-LA VICTORIA,18/09/2026,10:00,15,,,,8.711,,,,,,,event_atomic,,,,Se seleccionaron una fecha y una hora disponibles.
observer-***-160954-5a5f6d6b,2026-08-21 16:10:13,,available,normal,LIMA-LA VICTORIA,18/09/2026,10:00,15,,,,19.084,,,,,,,legacy_fallback,,screenshots\2026-08\21-08-2026\observer-cupo-09cbae.png,screenshots\2026-08\21-08-2026\observer-cupo-09cbae.png,Se seleccionaron una fecha y una hora disponibles.
observer-***-161014-d959e939,2026-08-21 16:10:23,,available,normal,LIMA-LA VICTORIA,18/09/2026,10:00,15,,,,8.270,,,,,,,event_atomic,,,,Se seleccionaron una fecha y una hora disponibles.
observer-***-161023-19ecaa3c,2026-08-21 16:11:00,,available,normal,LIMA-LA VICTORIA,01/09/2026,08:00,31,,,,37.532,,,,,,,event_atomic,,screenshots\2026-08\21-08-2026\observer-cupo-d1f9b0.png,screenshots\2026-08\21-08-2026\observer-cupo-d1f9b0.png,Se seleccionaron una fecha y una hora disponibles.
observer-***-161101-91cc8390,2026-08-21 16:11:09,,available,normal,LIMA-LA VICTORIA,01/09/2026,08:00,31,,,,8.217,,,,,,,event_atomic,,,,Se seleccionaron una fecha y una hora disponibles.
observer-***-161110-9c491234,2026-08-21 16:11:19,,available,normal,LIMA-LA VICTORIA,01/09/2026,08:00,31,,,,8.846,,,,,,,event_atomic,,screenshots\2026-08\21-08-2026\observer-cupo-253314.png,screenshots\2026-08\21-08-2026\observer-cupo-253314.png,Se seleccionaron una fecha y una hora disponibles.
***-083917-9df2a971,2026-08-22 08:39:37,order-***,registered,normal,LIMA-LA VICTORIA,19/09/2026,11:00,10,confirmed,portal_success_text,,20.408,3.672,0.641,0.032,0.031,0.000,0.063,event_atomic,0.297,screenshots\2026-08\22-08-2026\portal-1-083917-order-***,screenshots\2026-08\22-08-2026\portal-1-083917-order-*** | screenshots\2026-08\22-08-2026\cupo-083917-order-*** | screenshots\2026-08\22-08-2026\captchas\captcha-083917-order-*** | screenshots\2026-08\22-08-2026\diagnostics\portal-html-1-083917-order-***,La reserva fue confirmada por mensaje de exito del portal.
***-083935-161e8de9,2026-08-22 08:39:55,order-***,unavailable,normal,LIMA-LA VICTORIA,19/09/2026,11:00,10,slot_lost,,,19.933,3.265,0.672,0.016,0.015,0.000,0.016,event_atomic,0.094,screenshots\2026-08\22-08-2026\portal-1-083935-order-***,screenshots\2026-08\22-08-2026\portal-1-083935-order-*** | screenshots\2026-08\22-08-2026\cupo-083935-order-*** | screenshots\2026-08\22-08-2026\captchas\captcha-083935-order-*** | screenshots\2026-08\22-08-2026\diagnostics\portal-html-1-083935-order-***,El cupo dejo de estar disponible antes de completar la reserva.
***-084148-e15573a9,2026-08-22 08:42:15,order-***,registered,normal,LIMA-LA VICTORIA,19/09/2026,09:00,20,confirmed,portal_success_text,,26.533,3.609,0.656,0.031,0.015,0.015,0.000,event_atomic,0.281,screenshots\2026-08\22-08-2026\portal-1-084148-order-***,screenshots\2026-08\22-08-2026\portal-1-084148-order-*** | screenshots\2026-08\22-08-2026\cupo-084148-order-*** | screenshots\2026-08\22-08-2026\captchas\captcha-084148-order-*** | screenshots\2026-08\22-08-2026\diagnostics\portal-html-1-084148-order-***,La reserva fue confirmada por mensaje de exito del portal.
***-084212-a4a580e6,2026-08-22 08:42:19,order-***,registered,normal,LIMA-LA VICTORIA,19/09/2026,09:00,20,confirmed,portal_success_text,,6.899,3.875,0.687,0.032,0.015,0.000,0.000,event_atomic,0.281,screenshots\2026-08\22-08-2026\portal-1-084212-order-***,screenshots\2026-08\22-08-2026\portal-1-084212-order-*** | screenshots\2026-08\22-08-2026\cupo-084212-order-*** | screenshots\2026-08\22-08-2026\captchas\captcha-084212-order-*** | screenshots\2026-08\22-08-2026\diagnostics\portal-html-1-084212-order-***,La reserva fue confirmada por mensaje de exito del portal.
***-084215-3ee9862f,2026-08-22 08:42:21,order-***,registered,normal,LIMA-LA VICTORIA,19/09/2026,09:00,20,confirmed,portal_success_text,,6.466,2.985,0.672,0.016,0.016,0.000,0.015,event_atomic,0.281,screenshots\2026-08\22-08-2026\portal-1-084215-order-***,screenshots\2026-08\22-08-2026\portal-1-084215-order-*** | screenshots\2026-08\22-08-2026\cupo-084215-order-*** | screenshots\2026-08\22-08-2026\captchas\captcha-084215-order-*** | screenshots\2026-08\22-08-2026\diagnostics\portal-html-1-084215-order-***,La reserva fue confirmada por mensaje de exito del portal.
***-084429-e13ce921,2026-08-22 08:44:43,order-***,partial,normal,LIMA-LA VICTORIA,18/09/2026,12:00,15,blocked_by_order_rule,,,14.357,1.172,0.969,,,,,event_atomic,,screenshots\2026-08\22-08-2026\captchas\captcha-084429-order-***,screenshots\2026-08\22-08-2026\captchas\captcha-084429-order-***,"Se encontro un horario disponible, pero no cumple la regla de reserva de la orden."
***-084443-7bf81a56,2026-08-22 08:44:48,order-***,partial,normal,LIMA-LA VICTORIA,18/09/2026,12:00,15,blocked_by_order_rule,,,4.384,1.171,0.984,,,,,event_atomic,,screenshots\2026-08\22-08-2026\captchas\captcha-084443-order-***,screenshots\2026-08\22-08-2026\captchas\captcha-084443-order-***,"Se encontro un horario disponible, pero no cumple la regla de reserva de la orden."
***-084448-c0b1853f,2026-08-22 08:44:52,order-***,partial,normal,LIMA-LA VICTORIA,18/09/2026,12:00,15,blocked_by_order_rule,,,4.418,1.172,0.969,,,,,event_atomic,,screenshots\2026-08\22-08-2026\captchas\captcha-084448-order-***,screenshots\2026-08\22-08-2026\captchas\captcha-084448-order-***,"Se encontro un horario disponible, pero no cumple la regla de reserva de la orden."
***-084452-1f97e43c,2026-08-22 08:44:57,order-***,partial,normal,LIMA-LA VICTORIA,18/09/2026,12:00,15,blocked_by_order_rule,,,4.264,1.250,1.047,,,,,event_atomic,,screenshots\2026-08\22-08-2026\captchas\captcha-084452-order-***,screenshots\2026-08\22-08-2026\captchas\captcha-084452-order-***,"Se encontro un horario disponible, pero no cumple la regla de reserva de la orden."
***-084457-74dc4a4b,2026-08-22 08:45:01,order-***,partial,normal,LIMA-LA VICTORIA,18/09/2026,12:00,15,blocked_by_order_rule,,,4.549,1.188,1.000,,,,,event_atomic,,screenshots\2026-08\22-08-2026\captchas\captcha-084457-order-***,screenshots\2026-08\22-08-2026\captchas\captcha-084457-order-***,"Se encontro un horario disponible, pero no cumple la regla de reserva de la orden."
***-092808-474480c5,2026-08-22 09:28:50,order-***,partial,normal,LIMA-LA VICTORIA,21/09/2026,08:00,10,blocked_by_order_rule,,,42.586,1.109,0.938,,,,,event_atomic,,screenshots\2026-08\22-08-2026\captchas\captcha-092808-order-***,screenshots\2026-08\22-08-2026\captchas\captcha-092808-order-***,"Se encontro un horario disponible, pero no cumple la regla de reserva de la orden."
***-092851-1a9ee21a,2026-08-22 09:28:55,order-***,partial,normal,LIMA-LA VICTORIA,21/09/2026,08:00,10,blocked_by_order_rule,,,3.989,1.094,0.954,,,,,event_atomic,,screenshots\2026-08\22-08-2026\captchas\captcha-092851-order-***,screenshots\2026-08\22-08-2026\captchas\captcha-092851-order-***,"Se encontro un horario disponible, pero no cumple la regla de reserva de la orden."
***-092855-9637827c,2026-08-22 09:28:59,order-***,partial,normal,LIMA-LA VICTORIA,21/09/2026,08:00,10,blocked_by_order_rule,,,3.894,1.125,0.969,,,,,event_atomic,,screenshots\2026-08\22-08-2026\captchas\captcha-092855-order-***,screenshots\2026-08\22-08-2026\captchas\captcha-092855-order-***,"Se encontro un horario disponible, pero no cumple la regla de reserva de la orden."
***-092859-cba697c7,2026-08-22 09:29:03,order-***,partial,normal,LIMA-LA VICTORIA,21/09/2026,08:00,10,blocked_by_order_rule,,,3.948,1.094,0.953,,,,,event_atomic,,screenshots\2026-08\22-08-2026\captchas\captcha-092859-order-***,screenshots\2026-08\22-08-2026\captchas\captcha-092859-order-***,"Se encontro un horario disponible, pero no cumple la regla de reserva de la orden."
***-092903-4ab3dcea,2026-08-22 09:29:07,order-***,partial,normal,LIMA-LA VICTORIA,21/09/2026,08:00,10,blocked_by_order_rule,,,3.974,1.109,0.953,,,,,event_atomic,,screenshots\2026-08\22-08-2026\captchas\captcha-092903-order-***,screenshots\2026-08\22-08-2026\captchas\captcha-092903-order-***,"Se encontro un horario disponible, pero no cumple la regla de reserva de la orden."
***-092907-75ca300f,2026-08-22 09:29:25,order-***,unavailable,normal,LIMA-LA VICTORIA,27/08/2026,10:00,32,slot_lost,,,18.532,3.422,0.656,0.016,0.016,0.000,0.015,event_atomic,0.078,screenshots\2026-08\22-08-2026\portal-1-092907-order-***,screenshots\2026-08\22-08-2026\portal-1-092907-order-*** | screenshots\2026-08\22-08-2026\cupo-092907-order-*** | screenshots\2026-08\22-08-2026\captchas\captcha-092907-order-*** | screenshots\2026-08\22-08-2026\diagnostics\portal-html-1-092907-order-***,El cupo dejo de estar disponible antes de completar la reserva.
***-101357-049723b6,2026-08-22 10:14:25,order-***,registered,normal,LIMA-LA VICTORIA,21/09/2026,09:00,10,confirmed,portal_success_text,,28.597,3.688,0.844,0.016,0.015,0.000,0.000,event_atomic,0.297,screenshots\2026-08\22-08-2026\portal-1-101357-order-***,screenshots\2026-08\22-08-2026\portal-1-101357-order-*** | screenshots\2026-08\22-08-2026\cupo-101357-order-*** | screenshots\2026-08\22-08-2026\captchas\captcha-101357-order-*** | screenshots\2026-08\22-08-2026\diagnostics\portal-html-1-101357-order-***,La reserva fue confirmada por mensaje de exito del portal.
***-101423-030635f3,2026-08-22 10:14:29,order-***,registered,normal,LIMA-LA VICTORIA,21/09/2026,09:00,10,confirmed,portal_success_text,,6.167,3.343,0.656,0.016,0.000,0.000,0.000,event_atomic,0.281,screenshots\2026-08\22-08-2026\portal-1-101423-order-***,screenshots\2026-08\22-08-2026\portal-1-101423-order-*** | screenshots\2026-08\22-08-2026\cupo-101423-order-*** | screenshots\2026-08\22-08-2026\captchas\captcha-101423-order-*** | screenshots\2026-08\22-08-2026\diagnostics\portal-html-1-101423-order-***,La reserva fue confirmada por mensaje de exito del portal.
***-104854-91db1377,2026-08-22 10:49:38,order-***,registered,normal,LIMA-LA VICTORIA,07/09/2026,09:00,27,confirmed,portal_success_text,,43.879,3.860,0.657,0.016,0.016,0.000,0.032,event_atomic,0.297,screenshots\2026-08\22-08-2026\portal-1-104854-order-***,screenshots\2026-08\22-08-2026\portal-1-104854-order-*** | screenshots\2026-08\22-08-2026\cupo-104854-order-*** | screenshots\2026-08\22-08-2026\captchas\captcha-104854-order-*** | screenshots\2026-08\22-08-2026\diagnostics\portal-html-1-104854-order-***,La reserva fue confirmada por mensaje de exito del portal.
observer-***-105338-de610069,2026-08-22 10:54:38,,available,normal,LIMA-LA VICTORIA,04/09/2026,12:00,23,,,,60.129,,,,,,,event_atomic,,screenshots\2026-08\22-08-2026\observer-cupo-6d2838.png,screenshots\2026-08\22-08-2026\observer-cupo-6d2838.png,Se seleccionaron una fecha y una hora disponibles.
observer-***-105552-fb655e72,2026-08-22 10:56:01,,available,normal,LIMA-LA VICTORIA,11/09/2026,10:00,27,,,,8.376,,,,,,,event_atomic,,screenshots\2026-08\22-08-2026\observer-cupo-040ae3.png,screenshots\2026-08\22-08-2026\observer-cupo-040ae3.png,Se seleccionaron una fecha y una hora disponibles.
***-085806-926ce413,2026-08-24 08:58:54,order-***,registered,normal,LIMA-LA VICTORIA,22/09/2026,08:00,3,confirmed,portal_success_text,,47.866,3.641,0.672,0.015,0.015,0.000,0.016,event_atomic,0.266,screenshots\2026-08\24-08-2026\portal-1-085806-order-***,screenshots\2026-08\24-08-2026\portal-1-085806-order-*** | screenshots\2026-08\24-08-2026\cupo-085806-order-*** | screenshots\2026-08\24-08-2026\captchas\captcha-085806-order-*** | screenshots\2026-08\24-08-2026\diagnostics\portal-html-1-085806-order-***,La reserva fue confirmada por mensaje de exito del portal.
***-085851-9aaba2bb,2026-08-24 08:59:11,order-***,unavailable,normal,LIMA-LA VICTORIA,22/09/2026,08:00,3,slot_lost,,,19.331,3.891,0.672,0.016,0.015,0.000,0.016,event_atomic,0.094,screenshots\2026-08\24-08-2026\portal-1-085851-order-***,screenshots\2026-08\24-08-2026\portal-1-085851-order-*** | screenshots\2026-08\24-08-2026\cupo-085851-order-*** | screenshots\2026-08\24-08-2026\captchas\captcha-085851-order-*** | screenshots\2026-08\24-08-2026\diagnostics\portal-html-1-085851-order-***,El cupo dejo de estar disponible antes de completar la reserva.
***-085922-801b5c27,2026-08-24 08:59:59,order-***,registered,normal,LIMA-LA VICTORIA,22/09/2026,08:00,6,confirmed,portal_success_text,,36.169,3.219,0.640,0.000,0.015,0.000,0.000,event_atomic,0.265,screenshots\2026-08\24-08-2026\portal-1-085922-order-***,screenshots\2026-08\24-08-2026\portal-1-085922-order-*** | screenshots\2026-08\24-08-2026\cupo-085922-order-*** | screenshots\2026-08\24-08-2026\captchas\captcha-085922-order-*** | screenshots\2026-08\24-08-2026\diagnostics\portal-html-1-085922-order-***,La reserva fue confirmada por mensaje de exito del portal.
***-085956-a414b3dd,2026-08-24 09:00:15,order-***,unavailable,normal,LIMA-LA VICTORIA,22/09/2026,08:00,6,slot_lost,,,18.725,3.188,0.672,0.015,0.016,0.016,0.016,event_atomic,0.093,screenshots\2026-08\24-08-2026\portal-1-085956-order-***,screenshots\2026-08\24-08-2026\portal-1-085956-order-*** | screenshots\2026-08\24-08-2026\cupo-085956-order-*** | screenshots\2026-08\24-08-2026\captchas\captcha-085956-order-*** | screenshots\2026-08\24-08-2026\diagnostics\portal-html-1-085956-order-***,El cupo dejo de estar disponible antes de completar la reserva.
***-095801-98c0fa24,2026-08-24 09:58:47,order-***,registered,normal,LIMA-LA VICTORIA,10/09/2026,09:00,30,confirmed,portal_success_text,,45.753,3.406,0.656,0.015,0.015,0.000,0.000,event_atomic,0.282,screenshots\2026-08\24-08-2026\portal-1-095801-order-***,screenshots\2026-08\24-08-2026\portal-1-095801-order-*** | screenshots\2026-08\24-08-2026\cupo-095801-order-*** | screenshots\2026-08\24-08-2026\captchas\captcha-095801-order-*** | screenshots\2026-08\24-08-2026\diagnostics\portal-html-1-095801-order-***,La reserva fue confirmada por mensaje de exito del portal.
***-095845-d0f33738,2026-08-24 09:59:04,order-***,unavailable,normal,LIMA-LA VICTORIA,10/09/2026,09:00,30,slot_lost,,,19.206,3.563,0.641,0.015,0.016,0.016,0.016,event_atomic,0.109,screenshots\2026-08\24-08-2026\portal-1-095845-order-***,screenshots\2026-08\24-08-2026\portal-1-095845-order-*** | screenshots\2026-08\24-08-2026\cupo-095845-order-*** | screenshots\2026-08\24-08-2026\captchas\captcha-095845-order-*** | screenshots\2026-08\24-08-2026\diagnostics\portal-html-1-095845-order-***,El cupo dejo de estar disponible antes de completar la reserva.
***-095916-d87024d1,2026-08-24 09:59:30,order-***,registered,normal,LIMA-LA VICTORIA,14/09/2026,08:00,30,confirmed,portal_success_text,,14.106,3.344,0.656,0.031,0.016,0.016,0.016,event_atomic,0.281,screenshots\2026-08\24-08-2026\portal-1-095916-order-***,screenshots\2026-08\24-08-2026\portal-1-095916-order-*** | screenshots\2026-08\24-08-2026\cupo-095916-order-*** | screenshots\2026-08\24-08-2026\captchas\captcha-095916-order-*** | screenshots\2026-08\24-08-2026\diagnostics\portal-html-1-095916-order-***,La reserva fue confirmada por mensaje de exito del portal.
***-095928-a61137a5,2026-08-24 09:59:46,order-***,unavailable,normal,LIMA-LA VICTORIA,14/09/2026,08:00,30,slot_lost,,,18.409,3.329,0.672,0.015,0.016,0.000,0.016,event_atomic,0.094,screenshots\2026-08\24-08-2026\portal-1-095928-order-***,screenshots\2026-08\24-08-2026\portal-1-095928-order-*** | screenshots\2026-08\24-08-2026\cupo-095928-order-*** | screenshots\2026-08\24-08-2026\captchas\captcha-095928-order-*** | screenshots\2026-08\24-08-2026\diagnostics\portal-html-1-095928-order-***,El cupo dejo de estar disponible antes de completar la reserva.
***-115635-04c64d0f,2026-08-24 11:57:21,order-***,unavailable,normal,LIMA-LA VICTORIA,29/08/2026,11:00,30,slot_lost,,,45.430,3.469,0.657,0.016,0.016,0.015,0.016,event_atomic,0.093,screenshots\2026-08\24-08-2026\portal-1-115635-order-***,screenshots\2026-08\24-08-2026\portal-1-115635-order-*** | screenshots\2026-08\24-08-2026\cupo-115635-order-*** | screenshots\2026-08\24-08-2026\captchas\captcha-115635-order-*** | screenshots\2026-08\24-08-2026\diagnostics\portal-html-1-115635-order-***,El cupo dejo de estar disponible antes de completar la reserva.
***-115724-9a444b64,2026-08-24 11:58:06,order-***,registered,normal,LIMA-LA VICTORIA,21/09/2026,10:00,10,confirmed,portal_success_text,,42.238,3.719,0.641,0.016,0.000,0.000,0.015,event_atomic,0.282,screenshots\2026-08\24-08-2026\portal-1-115724-order-***,screenshots\2026-08\24-08-2026\portal-1-115724-order-*** | screenshots\2026-08\24-08-2026\cupo-115724-order-*** | screenshots\2026-08\24-08-2026\captchas\captcha-115724-order-*** | screenshots\2026-08\24-08-2026\diagnostics\portal-html-1-115724-order-***,La reserva fue confirmada por mensaje de exito del portal.
***-115804-61c0cbdb,2026-08-24 11:58:09,order-***,registered,normal,LIMA-LA VICTORIA,21/09/2026,10:00,10,confirmed,portal_success_text,,5.911,2.875,0.656,0.016,0.016,0.000,0.015,event_atomic,0.281,screenshots\2026-08\24-08-2026\portal-1-115804-order-***,screenshots\2026-08\24-08-2026\portal-1-115804-order-*** | screenshots\2026-08\24-08-2026\cupo-115804-order-*** | screenshots\2026-08\24-08-2026\captchas\captcha-115804-order-*** | screenshots\2026-08\24-08-2026\diagnostics\portal-html-1-115804-order-***,La reserva fue confirmada por mensaje de exito del portal.
***-115806-7d83f6db,2026-08-24 11:58:13,order-***,registered,normal,LIMA-LA VICTORIA,21/09/2026,10:00,10,confirmed,portal_success_text,,6.495,3.719,0.656,0.016,0.015,0.016,0.016,event_atomic,0.281,screenshots\2026-08\24-08-2026\portal-1-115806-order-***,screenshots\2026-08\24-08-2026\portal-1-115806-order-*** | screenshots\2026-08\24-08-2026\cupo-115806-order-*** | screenshots\2026-08\24-08-2026\captchas\captcha-115806-order-*** | screenshots\2026-08\24-08-2026\diagnostics\portal-html-1-115806-order-***,La reserva fue confirmada por mensaje de exito del portal.
***-115810-9463c2c3,2026-08-24 11:58:28,order-***,unavailable,normal,LIMA-LA VICTORIA,21/09/2026,10:00,10,slot_lost,,,18.386,3.500,0.656,0.015,0.016,0.000,0.000,event_atomic,0.094,screenshots\2026-08\24-08-2026\portal-1-115810-order-***,screenshots\2026-08\24-08-2026\portal-1-115810-order-*** | screenshots\2026-08\24-08-2026\cupo-115810-order-*** | screenshots\2026-08\24-08-2026\captchas\captcha-115810-order-*** | screenshots\2026-08\24-08-2026\diagnostics\portal-html-1-115810-order-***,El cupo dejo de estar disponible antes de completar la reserva.
***-115858-37f802c6,2026-08-24 11:59:04,order-***,registered,normal,LIMA-LA VICTORIA,21/09/2026,11:00,10,confirmed,portal_success_text,,6.484,3.578,0.641,0.016,0.016,0.016,0.016,event_atomic,0.266,screenshots\2026-08\24-08-2026\portal-1-115858-order-***,screenshots\2026-08\24-08-2026\portal-1-115858-order-*** | screenshots\2026-08\24-08-2026\cupo-115858-order-*** | screenshots\2026-08\24-08-2026\captchas\captcha-115858-order-*** | screenshots\2026-08\24-08-2026\diagnostics\portal-html-1-115858-order-***,La reserva fue confirmada por mensaje de exito del portal.
***-115902-0a77b367,2026-08-24 11:59:08,order-***,registered,normal,LIMA-LA VICTORIA,21/09/2026,11:00,10,confirmed,portal_success_text,,6.400,3.375,0.656,0.031,0.016,0.000,0.016,event_atomic,0.297,screenshots\2026-08\24-08-2026\portal-1-115902-order-***,screenshots\2026-08\24-08-2026\portal-1-115902-order-*** | screenshots\2026-08\24-08-2026\cupo-115902-order-*** | screenshots\2026-08\24-08-2026\captchas\captcha-115902-order-*** | screenshots\2026-08\24-08-2026\diagnostics\portal-html-1-115902-order-***,La reserva fue confirmada por mensaje de exito del portal.
***-115904-0d23e01b,2026-08-24 11:59:10,order-***,registered,normal,LIMA-LA VICTORIA,21/09/2026,11:00,10,confirmed,portal_success_text,,6.004,3.062,0.656,0.016,0.000,0.000,0.000,event_atomic,0.281,screenshots\2026-08\24-08-2026\portal-1-115904-order-***,screenshots\2026-08\24-08-2026\portal-1-115904-order-*** | screenshots\2026-08\24-08-2026\cupo-115904-order-*** | screenshots\2026-08\24-08-2026\captchas\captcha-115904-order-*** | screenshots\2026-08\24-08-2026\diagnostics\portal-html-1-115904-order-***,La reserva fue confirmada por mensaje de exito del portal.
***-115911-1d677c46,2026-08-24 11:59:15,order-***,partial,normal,LIMA-LA VICTORIA,29/08/2026,09:00,28,blocked_by_order_rule,,,4.001,1.079,0.922,,,,,event_atomic,,screenshots\2026-08\24-08-2026\captchas\captcha-115911-order-***,screenshots\2026-08\24-08-2026\captchas\captcha-115911-order-***,"Se encontro un horario disponible, pero no cumple la regla de reserva de la orden."
***-115908-399cd491,2026-08-24 11:59:29,order-***,unavailable,normal,LIMA-LA VICTORIA,21/09/2026,11:00,10,slot_lost,,,20.266,3.594,0.656,0.015,0.016,0.016,0.015,event_atomic,0.079,screenshots\2026-08\24-08-2026\portal-1-115908-order-***,screenshots\2026-08\24-08-2026\portal-1-115908-order-*** | screenshots\2026-08\24-08-2026\cupo-115908-order-*** | screenshots\2026-08\24-08-2026\captchas\captcha-115908-order-*** | screenshots\2026-08\24-08-2026\diagnostics\portal-html-1-115908-order-***,El cupo dejo de estar disponible antes de completar la reserva.
***-120047-a24a0933,2026-08-24 12:01:13,order-***,registered,normal,LIMA-LA VICTORIA,21/09/2026,12:00,10,confirmed,portal_success_text,,26.198,3.156,0.656,0.016,0.000,0.000,0.000,event_atomic,0.282,screenshots\2026-08\24-08-2026\portal-1-120047-order-***,screenshots\2026-08\24-08-2026\portal-1-120047-order-*** | screenshots\2026-08\24-08-2026\cupo-120047-order-*** | screenshots\2026-08\24-08-2026\captchas\captcha-120047-order-*** | screenshots\2026-08\24-08-2026\diagnostics\portal-html-1-120047-order-***,La reserva fue confirmada por mensaje de exito del portal.
***-120111-032797e8,2026-08-24 12:01:17,order-***,registered,normal,LIMA-LA VICTORIA,21/09/2026,12:00,10,confirmed,portal_success_text,,5.711,2.937,0.703,0.016,0.000,0.015,0.000,event_atomic,0.266,screenshots\2026-08\24-08-2026\portal-1-120111-order-***,screenshots\2026-08\24-08-2026\portal-1-120111-order-*** | screenshots\2026-08\24-08-2026\cupo-120111-order-*** | screenshots\2026-08\24-08-2026\captchas\captcha-120111-order-*** | screenshots\2026-08\24-08-2026\diagnostics\portal-html-1-120111-order-***,La reserva fue confirmada por mensaje de exito del portal.
***-120117-5ac91f13,2026-08-24 12:01:27,order-***,partial,normal,LIMA-LA VICTORIA,29/08/2026,09:00,31,blocked_by_order_rule,,,10.010,1.109,0.953,,,,,event_atomic,,screenshots\2026-08\24-08-2026\captchas\captcha-120117-order-***,screenshots\2026-08\24-08-2026\captchas\captcha-120117-order-***,"Se encontro un horario disponible, pero no cumple la regla de reserva de la orden."
***-120113-ed3919b6,2026-08-24 12:02:03,order-***,unavailable,normal,LIMA-LA VICTORIA,21/09/2026,12:00,10,slot_lost,,,49.379,3.656,0.656,0.016,0.000,0.016,0.016,event_atomic,0.110,screenshots\2026-08\24-08-2026\portal-1-120113-order-***,screenshots\2026-08\24-08-2026\portal-1-120113-order-*** | screenshots\2026-08\24-08-2026\cupo-120113-order-*** | screenshots\2026-08\24-08-2026\captchas\captcha-120113-order-*** | screenshots\2026-08\24-08-2026\diagnostics\portal-html-1-120113-order-***,El cupo dejo de estar disponible antes de completar la reserva.
***-131752-8c904308,2026-08-24 13:18:09,order-***,registered,normal,LIMA-LA VICTORIA,21/09/2026,08:00,15,confirmed,portal_success_text,,16.961,3.484,0.656,0.015,0.015,0.000,0.015,event_atomic,0.266,screenshots\2026-08\24-08-2026\portal-1-131752-order-***,screenshots\2026-08\24-08-2026\portal-1-131752-order-*** | screenshots\2026-08\24-08-2026\cupo-131752-order-*** | screenshots\2026-08\24-08-2026\captchas\captcha-131752-order-*** | screenshots\2026-08\24-08-2026\diagnostics\portal-html-1-131752-order-***,La reserva fue confirmada por mensaje de exito del portal.
***-131806-5d9af705,2026-08-24 13:18:26,order-***,unavailable,normal,LIMA-LA VICTORIA,21/09/2026,08:00,15,slot_lost,,,19.898,3.703,0.641,0.031,0.015,0.016,0.015,event_atomic,0.109,screenshots\2026-08\24-08-2026\portal-1-131806-order-***,screenshots\2026-08\24-08-2026\portal-1-131806-order-*** | screenshots\2026-08\24-08-2026\cupo-131806-order-*** | screenshots\2026-08\24-08-2026\captchas\captcha-131806-order-*** | screenshots\2026-08\24-08-2026\diagnostics\portal-html-1-131806-order-***,El cupo dejo de estar disponible antes de completar la reserva.
***-133028-0a3d10c4,2026-08-24 13:30:37,order-***,registered,normal,LIMA-LA VICTORIA,21/09/2026,09:00,20,confirmed,portal_success_text,,8.666,3.297,0.641,0.016,0.016,0.000,0.000,event_atomic,0.250,screenshots\2026-08\24-08-2026\portal-1-133028-order-***,screenshots\2026-08\24-08-2026\portal-1-133028-order-*** | screenshots\2026-08\24-08-2026\cupo-133028-order-*** | screenshots\2026-08\24-08-2026\captchas\captcha-133028-order-*** | screenshots\2026-08\24-08-2026\diagnostics\portal-html-1-133028-order-***,La reserva fue confirmada por mensaje de exito del portal.
***-133035-011b116b,2026-08-24 13:30:41,order-***,registered,normal,LIMA-LA VICTORIA,21/09/2026,09:00,20,confirmed,portal_success_text,,5.822,3.016,0.657,0.016,0.016,0.000,0.000,event_atomic,0.281,screenshots\2026-08\24-08-2026\portal-1-133035-order-***,screenshots\2026-08\24-08-2026\portal-1-133035-order-*** | screenshots\2026-08\24-08-2026\cupo-133035-order-*** | screenshots\2026-08\24-08-2026\captchas\captcha-133035-order-*** | screenshots\2026-08\24-08-2026\diagnostics\portal-html-1-133035-order-***,La reserva fue confirmada por mensaje de exito del portal.
***-133037-7e427bfa,2026-08-24 13:30:43,order-***,registered,normal,LIMA-LA VICTORIA,21/09/2026,09:00,20,confirmed,portal_success_text,,5.834,3.125,0.641,0.016,0.016,0.000,0.000,event_atomic,0.265,screenshots\2026-08\24-08-2026\portal-1-133037-order-***,screenshots\2026-08\24-08-2026\portal-1-133037-order-*** | screenshots\2026-08\24-08-2026\cupo-133037-order-*** | screenshots\2026-08\24-08-2026\captchas\captcha-133037-order-*** | screenshots\2026-08\24-08-2026\diagnostics\portal-html-1-133037-order-***,La reserva fue confirmada por mensaje de exito del portal.
***-133041-4301cb62,2026-08-24 13:30:47,order-***,registered,normal,LIMA-LA VICTORIA,21/09/2026,09:00,20,confirmed,portal_success_text,,5.986,3.188,0.625,0.031,0.015,0.000,0.016,event_atomic,0.266,screenshots\2026-08\24-08-2026\portal-1-133041-order-***,screenshots\2026-08\24-08-2026\portal-1-133041-order-*** | screenshots\2026-08\24-08-2026\cupo-133041-order-*** | screenshots\2026-08\24-08-2026\captchas\captcha-133041-order-*** | screenshots\2026-08\24-08-2026\diagnostics\portal-html-1-133041-order-***,La reserva fue confirmada por mensaje de exito del portal.
observer-***-133222-3380d911,2026-08-24 13:33:07,,available,normal,LIMA-LA VICTORIA,21/09/2026,08:00,20,,,,45.864,,,,,,,event_atomic,,screenshots\2026-08\24-08-2026\observer-cupo-3540db.png,screenshots\2026-08\24-08-2026\observer-cupo-3540db.png,Se seleccionaron una fecha y una hora disponibles.
observer-***-133308-9501cae1,2026-08-24 13:33:16,,available,normal,LIMA-LA VICTORIA,28/08/2026,08:00,33,,,,8.159,,,,,,,event_atomic,,,,Se seleccionaron una fecha y una hora disponibles.
observer-***-142026-316a4e6e,2026-08-24 14:21:10,,available,normal,LIMA-LA VICTORIA,21/09/2026,10:00,20,,,,44.391,,,,,,,event_atomic,,screenshots\2026-08\24-08-2026\observer-cupo-6165d6.png,screenshots\2026-08\24-08-2026\observer-cupo-6165d6.png,Se seleccionaron una fecha y una hora disponibles.
observer-***-142110-0f40dd09,2026-08-24 14:21:18,,available,normal,LIMA-LA VICTORIA,21/09/2026,10:00,20,,,,8.159,,,,,,,event_atomic,,,,Se seleccionaron una fecha y una hora disponibles.
observer-***-142119-fd0ac761,2026-08-24 14:21:28,,available,normal,LIMA-LA VICTORIA,21/09/2026,10:00,20,,,,8.339,,,,,,,event_atomic,,screenshots\2026-08\24-08-2026\observer-cupo-64012e.png,screenshots\2026-08\24-08-2026\observer-cupo-64012e.png,Se seleccionaron una fecha y una hora disponibles.
observer-***-142142-8bda0f78,2026-08-24 14:22:42,,available,normal,LIMA-LA VICTORIA,07/09/2026,09:00,30,,,,60.099,,,,,,,event_atomic,,screenshots\2026-08\24-08-2026\observer-cupo-f229e4.png,screenshots\2026-08\24-08-2026\observer-cupo-f229e4.png,Se seleccionaron una fecha y una hora disponibles.
observer-***-143812-e653752e,2026-08-24 14:38:40,,available,normal,LIMA-LA VICTORIA,15/09/2026,08:00,30,,,,27.625,,,,,,,event_atomic,,screenshots\2026-08\24-08-2026\observer-cupo-4096f4.png,screenshots\2026-08\24-08-2026\observer-cupo-4096f4.png,Se seleccionaron una fecha y una hora disponibles.
observer-***-143840-89bfa679,2026-08-24 14:38:48,,available,normal,LIMA-LA VICTORIA,15/09/2026,08:00,30,,,,8.182,,,,,,,event_atomic,,,,Se seleccionaron una fecha y una hora disponibles.
observer-***-143849-a0a4fd76,2026-08-24 14:38:57,,available,normal,LIMA-LA VICTORIA,15/09/2026,08:00,30,,,,8.454,,,,,,,event_atomic,,screenshots\2026-08\24-08-2026\observer-cupo-921316.png,screenshots\2026-08\24-08-2026\observer-cupo-921316.png,Se seleccionaron una fecha y una hora disponibles.
observer-***-143857-89199bab,2026-08-24 14:39:05,,available,normal,LIMA-LA VICTORIA,15/09/2026,08:00,30,,,,8.098,,,,,,,event_atomic,,,,Se seleccionaron una fecha y una hora disponibles.
observer-***-143906-6e479bbf,2026-08-24 14:39:36,,available,normal,LIMA-LA VICTORIA,22/09/2026,09:00,10,,,,30.658,,,,,,,event_atomic,,screenshots\2026-08\24-08-2026\observer-cupo-ea575d.png,screenshots\2026-08\24-08-2026\observer-cupo-ea575d.png,Se seleccionaron una fecha y una hora disponibles.
observer-***-143936-3963b00f,2026-08-24 14:39:44,,available,normal,LIMA-LA VICTORIA,22/09/2026,09:00,10,,,,8.118,,,,,,,event_atomic,,,,Se seleccionaron una fecha y una hora disponibles.
observer-***-143945-ffbca8e3,2026-08-24 14:39:54,,available,normal,LIMA-LA VICTORIA,22/09/2026,09:00,10,,,,8.367,,,,,,,event_atomic,,screenshots\2026-08\24-08-2026\observer-cupo-275f12.png,screenshots\2026-08\24-08-2026\observer-cupo-275f12.png,Se seleccionaron una fecha y una hora disponibles.
observer-***-143954-4ce90fcf,2026-08-24 14:40:02,,available,normal,LIMA-LA VICTORIA,22/09/2026,09:00,10,,,,8.180,,,,,,,event_atomic,,,,Se seleccionaron una fecha y una hora disponibles.
observer-***-144002-950c836e,2026-08-24 14:40:10,,available,normal,LIMA-LA VICTORIA,22/09/2026,09:00,10,,,,8.368,,,,,,,event_atomic,,screenshots\2026-08\24-08-2026\observer-cupo-d1b4d6.png,screenshots\2026-08\24-08-2026\observer-cupo-d1b4d6.png,Se seleccionaron una fecha y una hora disponibles.
observer-***-144010-39abe34c,2026-08-24 14:40:19,,available,normal,LIMA-LA VICTORIA,18/09/2026,08:00,20,,,,8.212,,,,,,,event_atomic,,,,Se seleccionaron una fecha y una hora disponibles.
observer-***-144020-6dcb7263,2026-08-24 14:40:28,,available,normal,LIMA-LA VICTORIA,18/09/2026,08:00,20,,,,8.358,,,,,,,event_atomic,,screenshots\2026-08\24-08-2026\observer-cupo-ca9981.png,screenshots\2026-08\24-08-2026\observer-cupo-ca9981.png,Se seleccionaron una fecha y una hora disponibles.
observer-***-144028-b152efdf,2026-08-24 14:40:36,,available,normal,LIMA-LA VICTORIA,18/09/2026,08:00,20,,,,8.141,,,,,,,event_atomic,,,,Se seleccionaron una fecha y una hora disponibles.
observer-***-144036-441ba7b8,2026-08-24 14:40:45,,available,normal,LIMA-LA VICTORIA,18/09/2026,08:00,20,,,,8.414,,,,,,,event_atomic,,screenshots\2026-08\24-08-2026\observer-cupo-e2accd.png,screenshots\2026-08\24-08-2026\observer-cupo-e2accd.png,Se seleccionaron una fecha y una hora disponibles.
observer-***-144045-334d02bd,2026-08-24 14:40:53,,available,normal,LIMA-LA VICTORIA,18/09/2026,08:00,20,,,,8.119,,,,,,,event_atomic,,,,Se seleccionaron una fecha y una hora disponibles.
observer-***-144053-a5675aea,2026-08-24 14:41:01,,available,normal,LIMA-LA VICTORIA,22/09/2026,10:00,10,,,,8.380,,,,,,,event_atomic,,screenshots\2026-08\24-08-2026\observer-cupo-17e39b.png,screenshots\2026-08\24-08-2026\observer-cupo-17e39b.png,Se seleccionaron una fecha y una hora disponibles.
observer-***-144101-f0c634c8,2026-08-24 14:41:10,,available,normal,LIMA-LA VICTORIA,22/09/2026,10:00,10,,,,8.109,,,,,,,event_atomic,,,,Se seleccionaron una fecha y una hora disponibles.
observer-***-144110-e1053e24,2026-08-24 14:41:19,,available,normal,LIMA-LA VICTORIA,22/09/2026,10:00,10,,,,8.413,,,,,,,event_atomic,,screenshots\2026-08\24-08-2026\observer-cupo-34a1e7.png,screenshots\2026-08\24-08-2026\observer-cupo-34a1e7.png,Se seleccionaron una fecha y una hora disponibles.
observer-***-151847-3c2828b3,2026-08-24 15:20:11,,unknown,normal,,,,,,,,84.353,,,,,,,,,,,La pagina no confirmo que las opciones de cita se actualizaran despues de elegir sede.
***-152950-374bcb59,2026-08-24 15:30:16,order-***,registered,normal,LIMA-LA VICTORIA,21/09/2026,11:00,15,confirmed,portal_success_text,,26.476,3.422,0.672,0.016,0.016,0.000,0.016,event_atomic,0.282,screenshots\2026-08\24-08-2026\portal-1-152950-order-***,screenshots\2026-08\24-08-2026\portal-1-152950-order-*** | screenshots\2026-08\24-08-2026\cupo-152950-order-*** | screenshots\2026-08\24-08-2026\captchas\captcha-152950-order-*** | screenshots\2026-08\24-08-2026\diagnostics\portal-html-1-152950-order-***,La reserva fue confirmada por mensaje de exito del portal.
observer-***-155756-2c25918b,2026-08-24 15:58:23,,available,normal,LIMA-LA VICTORIA,21/09/2026,11:00,20,,,,27.609,,,,,,,event_atomic,,screenshots\2026-08\24-08-2026\observer-cupo-a9c50b.png,screenshots\2026-08\24-08-2026\observer-cupo-a9c50b.png,Se seleccionaron una fecha y una hora disponibles.
***-101204-fa38baa4,2026-08-25 10:12:44,order-***,unavailable,normal,LIMA-LA VICTORIA,09/09/2026,08:00,30,slot_lost,,,40.307,3.782,0.704,0.031,0.016,0.016,0.016,event_atomic,0.109,screenshots\2026-08\25-08-2026\portal-1-101204-order-***,screenshots\2026-08\25-08-2026\portal-1-101204-order-*** | screenshots\2026-08\25-08-2026\cupo-101204-order-*** | screenshots\2026-08\25-08-2026\captchas\captcha-101204-order-*** | screenshots\2026-08\25-08-2026\diagnostics\portal-html-1-101204-order-***,El cupo dejo de estar disponible antes de completar la reserva.
***-101252-1aa6da42,2026-08-25 10:13:57,order-***,unavailable,normal,LIMA-LA VICTORIA,11/09/2026,09:00,30,slot_lost,,,65.484,4.250,0.656,0.031,0.016,0.000,0.015,event_atomic,0.109,screenshots\2026-08\25-08-2026\portal-1-101252-order-***,screenshots\2026-08\25-08-2026\portal-1-101252-order-*** | screenshots\2026-08\25-08-2026\cupo-101252-order-*** | screenshots\2026-08\25-08-2026\captchas\captcha-101252-order-*** | screenshots\2026-08\25-08-2026\diagnostics\portal-html-1-101252-order-***,El cupo dejo de estar disponible antes de completar la reserva.
***-101459-8d77617d,2026-08-25 10:15:40,order-***,registered,normal,LIMA-LA VICTORIA,08/09/2026,09:00,30,confirmed,portal_success_text,,41.750,3.422,0.672,0.031,0.015,0.015,0.016,event_atomic,0.312,screenshots\2026-08\25-08-2026\portal-1-101459-order-***,screenshots\2026-08\25-08-2026\portal-1-101459-order-*** | screenshots\2026-08\25-08-2026\cupo-101459-order-*** | screenshots\2026-08\25-08-2026\captchas\captcha-101459-order-*** | screenshots\2026-08\25-08-2026\diagnostics\portal-html-1-101459-order-***,La reserva fue confirmada por mensaje de exito del portal.
***-101538-fd5190db,2026-08-25 10:15:58,order-***,unavailable,normal,LIMA-LA VICTORIA,08/09/2026,09:00,30,slot_lost,,,19.570,3.407,0.672,0.031,0.016,0.016,0.016,event_atomic,0.109,screenshots\2026-08\25-08-2026\portal-1-101538-order-***,screenshots\2026-08\25-08-2026\portal-1-101538-order-*** | screenshots\2026-08\25-08-2026\cupo-101538-order-*** | screenshots\2026-08\25-08-2026\captchas\captcha-101538-order-*** | screenshots\2026-08\25-08-2026\diagnostics\portal-html-1-101538-order-***,El cupo dejo de estar disponible antes de completar la reserva.
***-101703-f3b16b46,2026-08-25 10:17:24,order-***,registered,normal,LIMA-LA VICTORIA,11/09/2026,08:00,30,confirmed,portal_success_text,,21.707,3.485,0.656,0.032,0.015,0.000,0.015,event_atomic,0.328,screenshots\2026-08\25-08-2026\portal-1-101703-order-***,screenshots\2026-08\25-08-2026\portal-1-101703-order-*** | screenshots\2026-08\25-08-2026\cupo-101703-order-*** | screenshots\2026-08\25-08-2026\captchas\captcha-101703-order-*** | screenshots\2026-08\25-08-2026\diagnostics\portal-html-1-101703-order-***,La reserva fue confirmada por mensaje de exito del portal.
observer-***-101734-e70e65cb,2026-08-25 10:18:05,,available,normal,LIMA-LA VICTORIA,14/09/2026,09:00,30,,,,31.246,,,,,,,event_atomic,,screenshots\2026-08\25-08-2026\observer-cupo-8d0974.png,screenshots\2026-08\25-08-2026\observer-cupo-8d0974.png,Se seleccionaron una fecha y una hora disponibles.
***-112336-c61686f7,2026-08-25 11:23:51,order-***,registered,normal,LIMA-LA VICTORIA,19/09/2026,11:00,20,confirmed,portal_success_text,,14.200,4.266,0.688,0.047,0.032,0.016,0.016,event_atomic,0.282,screenshots\2026-08\25-08-2026\portal-1-112336-order-***,screenshots\2026-08\25-08-2026\portal-1-112336-order-*** | screenshots\2026-08\25-08-2026\cupo-112336-order-*** | screenshots\2026-08\25-08-2026\captchas\captcha-112336-order-*** | screenshots\2026-08\25-08-2026\diagnostics\portal-html-1-112336-order-***,La reserva fue confirmada por mensaje de exito del portal.
***-112351-***,2026-08-25 11:23:56,order-***,partial,normal,LIMA-LA VICTORIA,19/09/2026,11:00,20,blocked_by_order_rule,,,4.732,1.172,1.000,,,,,event_atomic,,screenshots\2026-08\25-08-2026\captchas\captcha-112351-order-***,screenshots\2026-08\25-08-2026\captchas\captcha-112351-order-***,"Se encontro un horario disponible, pero no cumple la regla de reserva de la orden."
***-112405-dc2b9306,2026-08-25 11:24:41,order-***,registered,normal,LIMA-LA VICTORIA,21/09/2026,12:00,20,confirmed,portal_success_text,,36.222,3.875,0.688,0.032,0.016,0.000,0.000,event_atomic,0.344,screenshots\2026-08\25-08-2026\portal-1-112405-order-***,screenshots\2026-08\25-08-2026\portal-1-112405-order-*** | screenshots\2026-08\25-08-2026\cupo-112405-order-*** | screenshots\2026-08\25-08-2026\captchas\captcha-112405-order-*** | screenshots\2026-08\25-08-2026\diagnostics\portal-html-1-112405-order-***,La reserva fue confirmada por mensaje de exito del portal.
***-115231-d4098df1,2026-08-25 11:52:58,order-***,unavailable,normal,LIMA-LA VICTORIA,14/09/2026,11:00,30,slot_lost,,,27.034,3.797,0.641,0.016,0.000,0.000,0.016,event_atomic,0.094,screenshots\2026-08\25-08-2026\portal-1-115231-order-***,screenshots\2026-08\25-08-2026\portal-1-115231-order-*** | screenshots\2026-08\25-08-2026\cupo-115231-order-*** | screenshots\2026-08\25-08-2026\captchas\captcha-115231-order-*** | screenshots\2026-08\25-08-2026\diagnostics\portal-html-1-115231-order-***,El cupo dejo de estar disponible antes de completar la reserva.
***-115301-a13a12e2,2026-08-25 11:53:36,order-***,registered,normal,LIMA-LA VICTORIA,14/09/2026,10:00,30,confirmed,portal_success_text,,35.481,3.125,0.640,0.031,0.015,0.000,0.000,event_atomic,0.281,screenshots\2026-08\25-08-2026\portal-1-115301-order-***,screenshots\2026-08\25-08-2026\portal-1-115301-order-*** | screenshots\2026-08\25-08-2026\cupo-115301-order-*** | screenshots\2026-08\25-08-2026\captchas\captcha-115301-order-*** | screenshots\2026-08\25-08-2026\diagnostics\portal-html-1-115301-order-***,La reserva fue confirmada por mensaje de exito del portal.
observer-***-121136-62b3d8e3,2026-08-25 12:12:04,,available,normal,LIMA-LA VICTORIA,08/09/2026,12:00,15,,,,28.083,,,,,,,event_atomic,,screenshots\2026-08\25-08-2026\observer-cupo-9dca80.png,screenshots\2026-08\25-08-2026\observer-cupo-9dca80.png,Se seleccionaron una fecha y una hora disponibles.
observer-***-121312-7e46c413,2026-08-25 12:13:57,,available,normal,LIMA-LA VICTORIA,22/09/2026,11:00,10,,,,44.856,,,,,,,event_atomic,,screenshots\2026-08\25-08-2026\observer-cupo-f3a47c.png,screenshots\2026-08\25-08-2026\observer-cupo-f3a47c.png,Se seleccionaron una fecha y una hora disponibles.
observer-***-121357-e292919b,2026-08-25 12:14:05,,available,normal,LIMA-LA VICTORIA,22/09/2026,11:00,10,,,,8.329,,,,,,,event_atomic,,,,Se seleccionaron una fecha y una hora disponibles.
observer-***-121406-5b363782,2026-08-25 12:14:14,,available,normal,LIMA-LA VICTORIA,22/09/2026,12:00,10,,,,8.573,,,,,,,event_atomic,,screenshots\2026-08\25-08-2026\observer-cupo-eb47cb.png,screenshots\2026-08\25-08-2026\observer-cupo-eb47cb.png,Se seleccionaron una fecha y una hora disponibles.
observer-***-121415-f7a551f0,2026-08-25 12:14:23,,available,normal,LIMA-LA VICTORIA,22/09/2026,12:00,10,,,,8.336,,,,,,,event_atomic,,,,Se seleccionaron una fecha y una hora disponibles.
observer-***-121424-d4704bb7,2026-08-25 12:14:32,,available,normal,LIMA-LA VICTORIA,22/09/2026,12:00,10,,,,8.553,,,,,,,event_atomic,,screenshots\2026-08\25-08-2026\observer-cupo-58595b.png,screenshots\2026-08\25-08-2026\observer-cupo-58595b.png,Se seleccionaron una fecha y una hora disponibles.
***-130704-cdeca764,2026-08-25 13:07:25,order-***,registered,normal,LIMA-LA VICTORIA,22/09/2026,08:00,30,confirmed,portal_success_text,,21.330,3.188,0.641,0.015,0.015,0.000,0.016,event_atomic,0.281,screenshots\2026-08\25-08-2026\portal-1-130704-order-***,screenshots\2026-08\25-08-2026\portal-1-130704-order-*** | screenshots\2026-08\25-08-2026\cupo-130704-order-*** | screenshots\2026-08\25-08-2026\captchas\captcha-130704-order-*** | screenshots\2026-08\25-08-2026\diagnostics\portal-html-1-130704-order-***,La reserva fue confirmada por mensaje de exito del portal.
***-130723-e9029867,2026-08-25 13:07:30,order-***,registered,normal,LIMA-LA VICTORIA,22/09/2026,08:00,30,confirmed,portal_success_text,,6.841,3.843,0.703,0.016,0.015,0.000,0.000,event_atomic,0.235,screenshots\2026-08\25-08-2026\portal-1-130723-order-***,screenshots\2026-08\25-08-2026\portal-1-130723-order-*** | screenshots\2026-08\25-08-2026\cupo-130723-order-*** | screenshots\2026-08\25-08-2026\captchas\captcha-130723-order-*** | screenshots\2026-08\25-08-2026\diagnostics\portal-html-1-130723-order-***,La reserva fue confirmada por mensaje de exito del portal.
***-130725-981a783b,2026-08-25 13:07:32,order-***,registered,normal,LIMA-LA VICTORIA,22/09/2026,08:00,30,confirmed,portal_success_text,,6.668,3.563,0.641,0.015,0.047,0.000,0.015,event_atomic,0.297,screenshots\2026-08\25-08-2026\portal-1-130725-order-***,screenshots\2026-08\25-08-2026\portal-1-130725-order-*** | screenshots\2026-08\25-08-2026\cupo-130725-order-*** | screenshots\2026-08\25-08-2026\captchas\captcha-130725-order-*** | screenshots\2026-08\25-08-2026\diagnostics\portal-html-1-130725-order-***,La reserva fue confirmada por mensaje de exito del portal.
observer-***-130759-47e2ef94,2026-08-25 13:08:59,,available,normal,LIMA-LA VICTORIA,23/09/2026,08:00,10,,,,59.755,,,,,,,event_atomic,,screenshots\2026-08\25-08-2026\observer-cupo-47ef7b.png,screenshots\2026-08\25-08-2026\observer-cupo-47ef7b.png,Se seleccionaron una fecha y una hora disponibles.
observer-***-130859-52df754a,2026-08-25 13:09:07,,available,normal,LIMA-LA VICTORIA,23/09/2026,08:00,10,,,,8.352,,,,,,,event_atomic,,,,Se seleccionaron una fecha y una hora disponibles.
observer-***-130908-57ad5d35,2026-08-25 13:09:17,,available,normal,LIMA-LA VICTORIA,23/09/2026,08:00,10,,,,8.793,,,,,,,event_atomic,,screenshots\2026-08\25-08-2026\observer-cupo-e41e16.png,screenshots\2026-08\25-08-2026\observer-cupo-e41e16.png,Se seleccionaron una fecha y una hora disponibles.
observer-***-130917-b3d74384,2026-08-25 13:09:26,,available,normal,LIMA-LA VICTORIA,23/09/2026,08:00,10,,,,8.671,,,,,,,event_atomic,,,,Se seleccionaron una fecha y una hora disponibles.
observer-***-130926-e9224e60,2026-08-25 13:09:35,,available,normal,LIMA-LA VICTORIA,23/09/2026,09:00,10,,,,8.918,,,,,,,event_atomic,,screenshots\2026-08\25-08-2026\observer-cupo-fb986e.png,screenshots\2026-08\25-08-2026\observer-cupo-fb986e.png,Se seleccionaron una fecha y una hora disponibles.
observer-***-130935-4232eeea,2026-08-25 13:09:43,,available,normal,LIMA-LA VICTORIA,23/09/2026,09:00,10,,,,8.336,,,,,,,event_atomic,,,,Se seleccionaron una fecha y una hora disponibles.
observer-***-130944-a0506bde,2026-08-25 13:09:53,,available,normal,LIMA-LA VICTORIA,23/09/2026,09:00,10,,,,8.672,,,,,,,event_atomic,,screenshots\2026-08\25-08-2026\observer-cupo-0fa922.png,screenshots\2026-08\25-08-2026\observer-cupo-0fa922.png,Se seleccionaron una fecha y una hora disponibles.
observer-***-130953-9c4c0cde,2026-08-25 13:10:01,,available,normal,LIMA-LA VICTORIA,23/09/2026,09:00,10,,,,8.468,,,,,,,event_atomic,,,,Se seleccionaron una fecha y una hora disponibles.
observer-***-132053-14f8de33,2026-08-25 13:21:21,,available,normal,LIMA-LA VICTORIA,05/09/2026,12:00,20,,,,27.960,,,,,,,event_atomic,,screenshots\2026-08\25-08-2026\observer-cupo-857d3d.png,screenshots\2026-08\25-08-2026\observer-cupo-857d3d.png,Se seleccionaron una fecha y una hora disponibles.
observer-***-132121-263ffa4c,2026-08-25 13:21:29,,available,normal,LIMA-LA VICTORIA,05/09/2026,12:00,20,,,,8.419,,,,,,,event_atomic,,,,Se seleccionaron una fecha y una hora disponibles.
observer-***-132130-2fd92a78,2026-08-25 13:21:39,,available,normal,LIMA-LA VICTORIA,05/09/2026,12:00,20,,,,8.613,,,,,,,event_atomic,,screenshots\2026-08\25-08-2026\observer-cupo-936c12.png,screenshots\2026-08\25-08-2026\observer-cupo-936c12.png,Se seleccionaron una fecha y una hora disponibles.
observer-***-132139-b46ed668,2026-08-25 13:21:47,,available,normal,LIMA-LA VICTORIA,05/09/2026,12:00,20,,,,8.521,,,,,,,event_atomic,,,,Se seleccionaron una fecha y una hora disponibles.
observer-***-132147-3bc3de76,2026-08-25 13:21:56,,available,normal,LIMA-LA VICTORIA,05/09/2026,12:00,20,,,,8.802,,,,,,,event_atomic,,screenshots\2026-08\25-08-2026\observer-cupo-0a91c2.png,screenshots\2026-08\25-08-2026\observer-cupo-0a91c2.png,Se seleccionaron una fecha y una hora disponibles.
observer-***-132156-cd6e9daa,2026-08-25 13:22:05,,available,normal,LIMA-LA VICTORIA,05/09/2026,12:00,20,,,,8.450,,,,,,,event_atomic,,,,Se seleccionaron una fecha y una hora disponibles.
observer-***-132503-6ea5c7d1,2026-08-25 13:25:50,,available,normal,LIMA-LA VICTORIA,31/08/2026,09:00,35,,,,47.031,,,,,,,event_atomic,,screenshots\2026-08\25-08-2026\observer-cupo-218196.png,screenshots\2026-08\25-08-2026\observer-cupo-218196.png,Se seleccionaron una fecha y una hora disponibles.
observer-***-133500-a76bb58e,2026-08-25 13:35:28,,available,normal,LIMA-LA VICTORIA,23/09/2026,10:00,10,,,,28.167,,,,,,,event_atomic,,screenshots\2026-08\25-08-2026\observer-cupo-c55f9d.png,screenshots\2026-08\25-08-2026\observer-cupo-c55f9d.png,Se seleccionaron una fecha y una hora disponibles.
observer-***-133528-ebbecef1,2026-08-25 13:35:36,,available,normal,LIMA-LA VICTORIA,23/09/2026,10:00,10,,,,8.295,,,,,,,event_atomic,,,,Se seleccionaron una fecha y una hora disponibles.
observer-***-133537-b9f5f1b2,2026-08-25 13:35:46,,available,normal,LIMA-LA VICTORIA,23/09/2026,10:00,10,,,,8.565,,,,,,,event_atomic,,screenshots\2026-08\25-08-2026\observer-cupo-559453.png,screenshots\2026-08\25-08-2026\observer-cupo-559453.png,Se seleccionaron una fecha y una hora disponibles.
observer-***-133546-65a7902b,2026-08-25 13:35:54,,available,normal,LIMA-LA VICTORIA,23/09/2026,10:00,10,,,,8.298,,,,,,,event_atomic,,,,Se seleccionaron una fecha y una hora disponibles.
observer-***-133656-f4db6162,2026-08-25 13:37:28,,available,normal,LIMA-LA VICTORIA,23/09/2026,09:00,15,,,,31.967,,,,,,,event_atomic,,screenshots\2026-08\25-08-2026\observer-cupo-1096cf.png,screenshots\2026-08\25-08-2026\observer-cupo-1096cf.png,Se seleccionaron una fecha y una hora disponibles.
observer-***-133728-dd3b2cd4,2026-08-25 13:37:36,,available,normal,LIMA-LA VICTORIA,23/09/2026,09:00,15,,,,8.297,,,,,,,event_atomic,,,,Se seleccionaron una fecha y una hora disponibles.
observer-***-133737-9330549e,2026-08-25 13:37:45,,available,normal,LIMA-LA VICTORIA,23/09/2026,09:00,15,,,,8.606,,,,,,,event_atomic,,screenshots\2026-08\25-08-2026\observer-cupo-f45f0b.png,screenshots\2026-08\25-08-2026\observer-cupo-f45f0b.png,Se seleccionaron una fecha y una hora disponibles.
observer-***-134532-2a4762ad,2026-08-25 13:45:47,,available,normal,LIMA-LA VICTORIA,22/09/2026,09:00,20,,,,15.354,,,,,,,event_atomic,,screenshots\2026-08\25-08-2026\observer-cupo-d95aed.png,screenshots\2026-08\25-08-2026\observer-cupo-d95aed.png,Se seleccionaron una fecha y una hora disponibles.
observer-***-134547-1c4e562d,2026-08-25 13:45:56,,available,normal,LIMA-LA VICTORIA,22/09/2026,09:00,20,,,,8.463,,,,,,,event_atomic,,,,Se seleccionaron una fecha y una hora disponibles.
observer-***-134556-9961e37b,2026-08-25 13:46:05,,available,normal,LIMA-LA VICTORIA,22/09/2026,09:00,20,,,,8.709,,,,,,,event_atomic,,screenshots\2026-08\25-08-2026\observer-cupo-b130b5.png,screenshots\2026-08\25-08-2026\observer-cupo-b130b5.png,Se seleccionaron una fecha y una hora disponibles.
observer-***-134605-f0c2f96a,2026-08-25 13:46:14,,available,normal,LIMA-LA VICTORIA,22/09/2026,09:00,20,,,,8.447,,,,,,,event_atomic,,,,Se seleccionaron una fecha y una hora disponibles.
observer-***-134614-ed19422b,2026-08-25 13:46:22,,available,normal,LIMA-LA VICTORIA,22/09/2026,09:00,20,,,,8.605,,,,,,,event_atomic,,screenshots\2026-08\25-08-2026\observer-cupo-b5c160.png,screenshots\2026-08\25-08-2026\observer-cupo-b5c160.png,Se seleccionaron una fecha y una hora disponibles.
observer-***-134623-5b36131b,2026-08-25 13:46:31,,available,normal,LIMA-LA VICTORIA,22/09/2026,09:00,20,,,,8.359,,,,,,,event_atomic,,,,Se seleccionaron una fecha y una hora disponibles.
observer-***-143733-74eaf038,2026-08-25 14:38:05,,available,normal,LIMA-LA VICTORIA,12/09/2026,08:00,25,,,,32.408,,,,,,,event_atomic,,screenshots\2026-08\25-08-2026\observer-cupo-c6f85f.png,screenshots\2026-08\25-08-2026\observer-cupo-c6f85f.png,Se seleccionaron una fecha y una hora disponibles.
observer-***-143806-815637d1,2026-08-25 14:38:14,,available,normal,LIMA-LA VICTORIA,12/09/2026,08:00,25,,,,8.377,,,,,,,event_atomic,,,,Se seleccionaron una fecha y una hora disponibles.
observer-***-143815-a435666b,2026-08-25 14:38:24,,available,normal,LIMA-LA VICTORIA,12/09/2026,08:00,25,,,,8.707,,,,,,,event_atomic,,screenshots\2026-08\25-08-2026\observer-cupo-da9efd.png,screenshots\2026-08\25-08-2026\observer-cupo-da9efd.png,Se seleccionaron una fecha y una hora disponibles.
observer-***-143824-4e9e7f24,2026-08-25 14:38:32,,available,normal,LIMA-LA VICTORIA,12/09/2026,08:00,25,,,,8.543,,,,,,,event_atomic,,,,Se seleccionaron una fecha y una hora disponibles.
observer-***-145113-cba14dea,2026-08-25 14:51:58,,available,normal,LIMA-LA VICTORIA,08/09/2026,10:00,30,,,,45.139,,,,,,,event_atomic,,screenshots\2026-08\25-08-2026\observer-cupo-342a9b.png,screenshots\2026-08\25-08-2026\observer-cupo-342a9b.png,Se seleccionaron una fecha y una hora disponibles.
observer-***-145158-788e2307,2026-08-25 14:52:07,,available,normal,LIMA-LA VICTORIA,08/09/2026,10:00,30,,,,8.442,,,,,,,event_atomic,,,,Se seleccionaron una fecha y una hora disponibles.
observer-***-145208-ae4db458,2026-08-25 14:52:17,,available,normal,LIMA-LA VICTORIA,08/09/2026,10:00,30,,,,8.732,,,,,,,event_atomic,,screenshots\2026-08\25-08-2026\observer-cupo-f0c451.png,screenshots\2026-08\25-08-2026\observer-cupo-f0c451.png,Se seleccionaron una fecha y una hora disponibles.
observer-***-150125-6497df94,2026-08-25 15:01:40,,available,normal,LIMA-LA VICTORIA,08/09/2026,12:00,20,,,,15.284,,,,,,,event_atomic,,screenshots\2026-08\25-08-2026\observer-cupo-247f98.png,screenshots\2026-08\25-08-2026\observer-cupo-247f98.png,Se seleccionaron una fecha y una hora disponibles.
observer-***-150140-6b59962c,2026-08-25 15:01:48,,available,normal,LIMA-LA VICTORIA,08/09/2026,12:00,20,,,,8.321,,,,,,,event_atomic,,,,Se seleccionaron una fecha y una hora disponibles.
observer-***-150149-ef9ce9bb,2026-08-25 15:01:58,,available,normal,LIMA-LA VICTORIA,08/09/2026,12:00,20,,,,8.789,,,,,,,event_atomic,,screenshots\2026-08\25-08-2026\observer-cupo-88f6f2.png,screenshots\2026-08\25-08-2026\observer-cupo-88f6f2.png,Se seleccionaron una fecha y una hora disponibles.
observer-***-150158-a47c4fd5,2026-08-25 15:02:07,,available,normal,LIMA-LA VICTORIA,08/09/2026,12:00,20,,,,8.554,,,,,,,event_atomic,,,,Se seleccionaron una fecha y una hora disponibles.
***-153647-cbcc64d6,2026-08-25 15:37:36,order-***,registered,normal,LIMA-LA VICTORIA,08/09/2026,11:00,25,confirmed,portal_success_text,,48.897,3.843,0.625,0.031,0.016,0.000,0.000,event_atomic,0.297,screenshots\2026-08\25-08-2026\portal-1-153647-order-***,screenshots\2026-08\25-08-2026\portal-1-153647-order-*** | screenshots\2026-08\25-08-2026\cupo-153647-order-*** | screenshots\2026-08\25-08-2026\captchas\captcha-153647-order-*** | screenshots\2026-08\25-08-2026\diagnostics\portal-html-1-153647-order-***,La reserva fue confirmada por mensaje de exito del portal.
observer-***-153745-78f627d4,2026-08-25 15:37:54,,available,normal,LIMA-LA VICTORIA,08/09/2026,12:00,25,,,,9.052,,,,,,,event_atomic,,screenshots\2026-08\25-08-2026\observer-cupo-cdee07.png,screenshots\2026-08\25-08-2026\observer-cupo-cdee07.png,Se seleccionaron una fecha y una hora disponibles.
observer-***-153754-022fbdc2,2026-08-25 15:38:03,,available,normal,LIMA-LA VICTORIA,08/09/2026,12:00,25,,,,8.560,,,,,,,event_atomic,,,,Se seleccionaron una fecha y una hora disponibles.
observer-***-153803-8a066f35,2026-08-25 15:38:12,,available,normal,LIMA-LA VICTORIA,08/09/2026,12:00,25,,,,8.899,,,,,,,event_atomic,,screenshots\2026-08\25-08-2026\observer-cupo-eaaae8.png,screenshots\2026-08\25-08-2026\observer-cupo-eaaae8.png,Se seleccionaron una fecha y una hora disponibles.
observer-***-153812-0944a34f,2026-08-25 15:38:21,,available,normal,LIMA-LA VICTORIA,08/09/2026,12:00,25,,,,8.377,,,,,,,event_atomic,,,,Se seleccionaron una fecha y una hora disponibles.
observer-***-153821-d93baf8a,2026-08-25 15:38:30,,available,normal,LIMA-LA VICTORIA,08/09/2026,12:00,25,,,,8.645,,,,,,,event_atomic,,screenshots\2026-08\25-08-2026\observer-cupo-8df4d0.png,screenshots\2026-08\25-08-2026\observer-cupo-8df4d0.png,Se seleccionaron una fecha y una hora disponibles.
observer-***-153830-9f252ab6,2026-08-25 15:38:38,,available,normal,LIMA-LA VICTORIA,08/09/2026,12:00,25,,,,8.453,,,,,,,event_atomic,,,,Se seleccionaron una fecha y una hora disponibles.
observer-***-153838-7bcfe87c,2026-08-25 15:38:47,,available,normal,LIMA-LA VICTORIA,09/09/2026,12:00,10,,,,8.561,,,,,,,event_atomic,,screenshots\2026-08\25-08-2026\observer-cupo-49cbcf.png,screenshots\2026-08\25-08-2026\observer-cupo-49cbcf.png,Se seleccionaron una fecha y una hora disponibles.
observer-***-153847-3ccf7bbf,2026-08-25 15:38:55,,available,normal,LIMA-LA VICTORIA,09/09/2026,12:00,10,,,,8.310,,,,,,,event_atomic,,,,Se seleccionaron una fecha y una hora disponibles.
observer-***-153856-871c82d2,2026-08-25 15:39:05,,available,normal,LIMA-LA VICTORIA,09/09/2026,12:00,10,,,,8.877,,,,,,,event_atomic,,screenshots\2026-08\25-08-2026\observer-cupo-3229a5.png,screenshots\2026-08\25-08-2026\observer-cupo-3229a5.png,Se seleccionaron una fecha y una hora disponibles.
observer-***-153905-2df7e91e,2026-08-25 15:39:13,,available,normal,LIMA-LA VICTORIA,09/09/2026,12:00,10,,,,8.355,,,,,,,event_atomic,,,,Se seleccionaron una fecha y una hora disponibles.
observer-***-153914-b4e9d736,2026-08-25 15:39:22,,available,normal,LIMA-LA VICTORIA,09/09/2026,12:00,10,,,,8.595,,,,,,,event_atomic,,screenshots\2026-08\25-08-2026\observer-cupo-fe29c9.png,screenshots\2026-08\25-08-2026\observer-cupo-fe29c9.png,Se seleccionaron una fecha y una hora disponibles.
observer-***-153922-4c05ff85,2026-08-25 15:39:31,,available,normal,LIMA-LA VICTORIA,09/09/2026,12:00,10,,,,8.329,,,,,,,event_atomic,,,,Se seleccionaron una fecha y una hora disponibles.
observer-***-153931-f81b7988,2026-08-25 15:39:39,,available,normal,LIMA-LA VICTORIA,09/09/2026,12:00,10,,,,8.506,,,,,,,event_atomic,,screenshots\2026-08\25-08-2026\observer-cupo-0987c9.png,screenshots\2026-08\25-08-2026\observer-cupo-0987c9.png,Se seleccionaron una fecha y una hora disponibles.
observer-***-153939-0e73d2ed,2026-08-25 15:39:48,,available,normal,LIMA-LA VICTORIA,09/09/2026,12:00,10,,,,8.281,,,,,,,event_atomic,,,,Se seleccionaron una fecha y una hora disponibles.
observer-***-153948-12ad83d2,2026-08-25 15:39:56,,available,normal,LIMA-LA VICTORIA,09/09/2026,12:00,10,,,,8.546,,,,,,,event_atomic,,screenshots\2026-08\25-08-2026\observer-cupo-115ce7.png,screenshots\2026-08\25-08-2026\observer-cupo-115ce7.png,Se seleccionaron una fecha y una hora disponibles.
observer-***-153957-f5535a99,2026-08-25 15:40:05,,available,normal,LIMA-LA VICTORIA,09/09/2026,12:00,10,,,,8.774,,,,,,,event_atomic,,,,Se seleccionaron una fecha y una hora disponibles.
observer-***-154005-dea471c4,2026-08-25 15:40:14,,available,normal,LIMA-LA VICTORIA,09/09/2026,12:00,10,,,,8.751,,,,,,,event_atomic,,screenshots\2026-08\25-08-2026\observer-cupo-b49fb0.png,screenshots\2026-08\25-08-2026\observer-cupo-b49fb0.png,Se seleccionaron una fecha y una hora disponibles.
observer-***-154014-973dd288,2026-08-25 15:40:23,,available,normal,LIMA-LA VICTORIA,09/09/2026,12:00,10,,,,8.327,,,,,,,event_atomic,,,,Se seleccionaron una fecha y una hora disponibles.
***-085442-cbfc6ffe,2026-08-26 08:54:55,order-***,registered,normal,LIMA-LA VICTORIA,22/09/2026,10:00,30,confirmed,portal_success_text,,12.869,3.938,0.641,0.015,0.015,0.000,0.000,event_atomic,0.297,screenshots\2026-08\26-08-2026\portal-1-085442-order-***,screenshots\2026-08\26-08-2026\portal-1-085442-order-*** | screenshots\2026-08\26-08-2026\cupo-085442-order-*** | screenshots\2026-08\26-08-2026\captchas\captcha-085442-order-*** | screenshots\2026-08\26-08-2026\diagnostics\portal-html-1-085442-order-***,La reserva fue confirmada por mensaje de exito del portal.
***-085452-2fa98ddf,2026-08-26 08:54:58,order-***,registered,normal,LIMA-LA VICTORIA,22/09/2026,10:00,30,confirmed,portal_success_text,http_403,6.596,3.828,0.687,0.031,0.016,0.016,0.016,event_atomic,0.281,screenshots\2026-08\26-08-2026\portal-1-085452-order-***,screenshots\2026-08\26-08-2026\portal-1-085452-order-*** | screenshots\2026-08\26-08-2026\cupo-085452-order-*** | screenshots\2026-08\26-08-2026\captchas\captcha-085452-order-*** | screenshots\2026-08\26-08-2026\diagnostics\portal-html-1-085452-order-***,La reserva fue confirmada por mensaje de exito del portal.
***-085455-6d4f0c3b,2026-08-26 08:55:01,order-***,registered,normal,LIMA-LA VICTORIA,22/09/2026,10:00,30,confirmed,portal_success_text,,6.271,3.312,0.687,0.031,0.016,0.016,0.016,event_atomic,0.266,screenshots\2026-08\26-08-2026\portal-1-085455-order-***,screenshots\2026-08\26-08-2026\portal-1-085455-order-*** | screenshots\2026-08\26-08-2026\cupo-085455-order-*** | screenshots\2026-08\26-08-2026\captchas\captcha-085455-order-*** | screenshots\2026-08\26-08-2026\diagnostics\portal-html-1-085455-order-***,La reserva fue confirmada por mensaje de exito del portal.
***-085458-00862ba3,2026-08-26 08:55:05,order-***,registered,normal,LIMA-LA VICTORIA,22/09/2026,10:00,30,confirmed,portal_success_text,,6.454,3.578,0.641,0.015,0.016,0.016,0.000,event_atomic,0.297,screenshots\2026-08\26-08-2026\portal-1-085458-order-***,screenshots\2026-08\26-08-2026\portal-1-085458-order-*** | screenshots\2026-08\26-08-2026\cupo-085458-order-*** | screenshots\2026-08\26-08-2026\captchas\captcha-085458-order-*** | screenshots\2026-08\26-08-2026\diagnostics\portal-html-1-085458-order-***,La reserva fue confirmada por mensaje de exito del portal.
***-085501-115e4bf1,2026-08-26 08:55:08,order-***,registered,normal,LIMA-LA VICTORIA,22/09/2026,10:00,30,confirmed,portal_success_text,,6.538,3.688,0.657,0.032,0.000,0.000,0.000,event_atomic,0.266,screenshots\2026-08\26-08-2026\portal-1-085501-order-***,screenshots\2026-08\26-08-2026\portal-1-085501-order-*** | screenshots\2026-08\26-08-2026\cupo-085501-order-*** | screenshots\2026-08\26-08-2026\captchas\captcha-085501-order-*** | screenshots\2026-08\26-08-2026\diagnostics\portal-html-1-085501-order-***,La reserva fue confirmada por mensaje de exito del portal.
observer-***-085748-da8f499a,2026-08-26 08:58:04,,available,normal,LIMA-LA VICTORIA,04/09/2026,12:00,30,,,,15.413,,,,,,,event_atomic,,screenshots\2026-08\26-08-2026\observer-cupo-1cbfe9.png,screenshots\2026-08\26-08-2026\observer-cupo-1cbfe9.png,Se seleccionaron una fecha y una hora disponibles.
observer-***-090021-399fcf60,2026-08-26 09:00:30,,available,normal,LIMA-LA VICTORIA,22/09/2026,11:00,20,,,,8.579,,,,,,,event_atomic,,screenshots\2026-08\26-08-2026\observer-cupo-d6bc8e.png,screenshots\2026-08\26-08-2026\observer-cupo-d6bc8e.png,Se seleccionaron una fecha y una hora disponibles.
observer-***-090030-12dc989c,2026-08-26 09:00:38,,available,normal,LIMA-LA VICTORIA,22/09/2026,11:00,20,,,,8.450,,,,,,,event_atomic,,,,Se seleccionaron una fecha y una hora disponibles.
observer-***-090039-287541c0,2026-08-26 09:00:48,,available,normal,LIMA-LA VICTORIA,22/09/2026,11:00,20,,,,8.607,,,,,,,event_atomic,,screenshots\2026-08\26-08-2026\observer-cupo-3b9284.png,screenshots\2026-08\26-08-2026\observer-cupo-3b9284.png,Se seleccionaron una fecha y una hora disponibles.
observer-***-090157-fdf92aad,2026-08-26 09:02:13,,available,normal,LIMA-LA VICTORIA,07/09/2026,10:00,30,,,,15.609,,,,,,,event_atomic,,screenshots\2026-08\26-08-2026\observer-cupo-6d1420.png,screenshots\2026-08\26-08-2026\observer-cupo-6d1420.png,Se seleccionaron una fecha y una hora disponibles.
observer-***-090227-78ec1d80,2026-08-26 09:02:36,,available,normal,LIMA-LA VICTORIA,07/09/2026,08:00,35,,,,8.776,,,,,,,event_atomic,,screenshots\2026-08\26-08-2026\observer-cupo-d4371d.png,screenshots\2026-08\26-08-2026\observer-cupo-d4371d.png,Se seleccionaron una fecha y una hora disponibles.
observer-***-090236-fc88d254,2026-08-26 09:02:44,,available,normal,LIMA-LA VICTORIA,07/09/2026,08:00,35,,,,8.309,,,,,,,event_atomic,,,,Se seleccionaron una fecha y una hora disponibles.
observer-***-090926-4923a5bd,2026-08-26 09:09:41,,available,normal,LIMA-LA VICTORIA,23/09/2026,11:00,10,,,,15.542,,,,,,,event_atomic,,screenshots\2026-08\26-08-2026\observer-cupo-6df57e.png,screenshots\2026-08\26-08-2026\observer-cupo-6df57e.png,Se seleccionaron una fecha y una hora disponibles.
observer-***-090942-27eb0517,2026-08-26 09:09:50,,available,normal,LIMA-LA VICTORIA,23/09/2026,11:00,10,,,,8.375,,,,,,,event_atomic,,,,Se seleccionaron una fecha y una hora disponibles.
observer-***-090951-8647e26e,2026-08-26 09:10:00,,available,normal,LIMA-LA VICTORIA,23/09/2026,11:00,10,,,,8.966,,,,,,,event_atomic,,screenshots\2026-08\26-08-2026\observer-cupo-c898fc.png,screenshots\2026-08\26-08-2026\observer-cupo-c898fc.png,Se seleccionaron una fecha y una hora disponibles.
observer-***-091000-7a4049b2,2026-08-26 09:10:08,,available,normal,LIMA-LA VICTORIA,23/09/2026,11:00,10,,,,8.284,,,,,,,event_atomic,,,,Se seleccionaron una fecha y una hora disponibles.
observer-***-091104-***,2026-08-26 09:11:50,,available,normal,LIMA-LA VICTORIA,23/09/2026,12:00,10,,,,45.702,,,,,,,event_atomic,,screenshots\2026-08\26-08-2026\observer-cupo-16806e.png,screenshots\2026-08\26-08-2026\observer-cupo-16806e.png,Se seleccionaron una fecha y una hora disponibles.
observer-***-091150-c65c6bb1,2026-08-26 09:11:59,,available,normal,LIMA-LA VICTORIA,23/09/2026,12:00,10,,,,8.308,,,,,,,event_atomic,,,,Se seleccionaron una fecha y una hora disponibles.
observer-***-091159-68a53065,2026-08-26 09:12:08,,available,normal,LIMA-LA VICTORIA,23/09/2026,12:00,10,,,,8.678,,,,,,,event_atomic,,screenshots\2026-08\26-08-2026\observer-cupo-4e03d7.png,screenshots\2026-08\26-08-2026\observer-cupo-4e03d7.png,Se seleccionaron una fecha y una hora disponibles.
observer-***-091208-fa813cf4,2026-08-26 09:12:16,,available,normal,LIMA-LA VICTORIA,23/09/2026,12:00,10,,,,8.251,,,,,,,event_atomic,,,,Se seleccionaron una fecha y una hora disponibles.
***-103240-19a3319b,2026-08-26 10:33:30,order-***,partial,normal,LIMA-LA VICTORIA,08/09/2026,08:00,30,blocked_by_order_rule,,,49.928,1.187,0.984,,,,,event_atomic,,screenshots\2026-08\26-08-2026\captchas\captcha-103240-order-***,screenshots\2026-08\26-08-2026\captchas\captcha-103240-order-***,"Se encontro un horario disponible, pero no cumple la regla de reserva de la orden."
***-103331-3cb303e2,2026-08-26 10:33:36,order-***,partial,normal,LIMA-LA VICTORIA,08/09/2026,08:00,30,blocked_by_order_rule,,,5.156,1.297,0.984,,,,,event_atomic,,screenshots\2026-08\26-08-2026\captchas\captcha-103331-order-***,screenshots\2026-08\26-08-2026\captchas\captcha-103331-order-***,"Se encontro un horario disponible, pero no cumple la regla de reserva de la orden."
***-103336-647c9659,2026-08-26 10:33:40,order-***,partial,normal,LIMA-LA VICTORIA,08/09/2026,08:00,30,blocked_by_order_rule,,,4.434,1.172,0.984,,,,,event_atomic,,screenshots\2026-08\26-08-2026\captchas\captcha-103336-order-***,screenshots\2026-08\26-08-2026\captchas\captcha-103336-order-***,"Se encontro un horario disponible, pero no cumple la regla de reserva de la orden."
***-103340-f2c432eb,2026-08-26 10:34:16,order-***,partial,normal,LIMA-LA VICTORIA,09/09/2026,12:00,20,blocked_by_order_rule,,,36.067,1.219,0.969,,,,,event_atomic,,screenshots\2026-08\26-08-2026\captchas\captcha-103340-order-***,screenshots\2026-08\26-08-2026\captchas\captcha-103340-order-***,"Se encontro un horario disponible, pero no cumple la regla de reserva de la orden."
***-103417-f2fc0605,2026-08-26 10:34:21,order-***,partial,normal,LIMA-LA VICTORIA,09/09/2026,12:00,20,blocked_by_order_rule,,,4.561,1.218,0.984,,,,,event_atomic,,screenshots\2026-08\26-08-2026\captchas\captcha-103417-order-***,screenshots\2026-08\26-08-2026\captchas\captcha-103417-order-***,"Se encontro un horario disponible, pero no cumple la regla de reserva de la orden."
***-103421-0476b71f,2026-08-26 10:34:26,order-***,partial,normal,LIMA-LA VICTORIA,09/09/2026,12:00,20,blocked_by_order_rule,,,4.553,1.203,1.000,,,,,event_atomic,,screenshots\2026-08\26-08-2026\captchas\captcha-103421-order-***,screenshots\2026-08\26-08-2026\captchas\captcha-103421-order-***,"Se encontro un horario disponible, pero no cumple la regla de reserva de la orden."
***-103426-2371d7dc,2026-08-26 10:34:31,order-***,partial,normal,LIMA-LA VICTORIA,09/09/2026,12:00,20,blocked_by_order_rule,,,4.575,1.203,0.984,,,,,event_atomic,,screenshots\2026-08\26-08-2026\captchas\captcha-103426-order-***,screenshots\2026-08\26-08-2026\captchas\captcha-103426-order-***,"Se encontro un horario disponible, pero no cumple la regla de reserva de la orden."
***-103431-6c190b09,2026-08-26 10:34:35,order-***,partial,normal,LIMA-LA VICTORIA,09/09/2026,12:00,20,blocked_by_order_rule,,,4.558,1.234,1.000,,,,,event_atomic,,screenshots\2026-08\26-08-2026\captchas\captcha-103431-order-***,screenshots\2026-08\26-08-2026\captchas\captcha-103431-order-***,"Se encontro un horario disponible, pero no cumple la regla de reserva de la orden."
***-103435-1ec1be64,2026-08-26 10:34:40,order-***,partial,normal,LIMA-LA VICTORIA,09/09/2026,12:00,20,blocked_by_order_rule,,,4.346,1.219,1.016,,,,,event_atomic,,screenshots\2026-08\26-08-2026\captchas\captcha-103435-order-***,screenshots\2026-08\26-08-2026\captchas\captcha-103435-order-***,"Se encontro un horario disponible, pero no cumple la regla de reserva de la orden."
***-104828-1062e8aa,2026-08-26 10:48:59,order-***,partial,normal,LIMA-LA VICTORIA,09/09/2026,09:00,30,blocked_by_order_rule,,,30.880,1.281,1.047,,,,,event_atomic,,screenshots\2026-08\26-08-2026\captchas\captcha-104828-order-***,screenshots\2026-08\26-08-2026\captchas\captcha-104828-order-***,"Se encontro un horario disponible, pero no cumple la regla de reserva de la orden."
***-104859-0286b304,2026-08-26 10:49:04,order-***,partial,normal,LIMA-LA VICTORIA,09/09/2026,09:00,30,blocked_by_order_rule,,,4.887,1.188,0.985,,,,,event_atomic,,screenshots\2026-08\26-08-2026\captchas\captcha-104859-order-***,screenshots\2026-08\26-08-2026\captchas\captcha-104859-order-***,"Se encontro un horario disponible, pero no cumple la regla de reserva de la orden."
***-104904-56b27076,2026-08-26 10:49:09,order-***,partial,normal,LIMA-LA VICTORIA,09/09/2026,09:00,30,blocked_by_order_rule,,,4.607,1.328,0.984,,,,,event_atomic,,screenshots\2026-08\26-08-2026\captchas\captcha-104904-order-***,screenshots\2026-08\26-08-2026\captchas\captcha-104904-order-***,"Se encontro un horario disponible, pero no cumple la regla de reserva de la orden."
***-104909-b35b7b9e,2026-08-26 10:49:13,order-***,partial,normal,LIMA-LA VICTORIA,09/09/2026,09:00,30,blocked_by_order_rule,,,4.058,1.156,0.985,,,,,event_atomic,,screenshots\2026-08\26-08-2026\captchas\captcha-104909-order-***,screenshots\2026-08\26-08-2026\captchas\captcha-104909-order-***,"Se encontro un horario disponible, pero no cumple la regla de reserva de la orden."
***-104913-8130dd10,2026-08-26 10:49:17,order-***,partial,normal,LIMA-LA VICTORIA,09/09/2026,09:00,30,blocked_by_order_rule,,,3.949,1.110,0.938,,,,,event_atomic,,screenshots\2026-08\26-08-2026\captchas\captcha-104913-order-***,screenshots\2026-08\26-08-2026\captchas\captcha-104913-order-***,"Se encontro un horario disponible, pero no cumple la regla de reserva de la orden."
***-104917-7666ba03,2026-08-26 10:49:21,order-***,partial,normal,LIMA-LA VICTORIA,09/09/2026,12:00,25,blocked_by_order_rule,,,4.027,1.140,0.953,,,,,event_atomic,,screenshots\2026-08\26-08-2026\captchas\captcha-104917-order-***,screenshots\2026-08\26-08-2026\captchas\captcha-104917-order-***,"Se encontro un horario disponible, pero no cumple la regla de reserva de la orden."
***-104922-ab14e180,2026-08-26 10:49:26,order-***,partial,normal,LIMA-LA VICTORIA,09/09/2026,12:00,25,blocked_by_order_rule,,,3.956,1.109,0.937,,,,,event_atomic,,screenshots\2026-08\26-08-2026\captchas\captcha-104922-order-***,screenshots\2026-08\26-08-2026\captchas\captcha-104922-order-***,"Se encontro un horario disponible, pero no cumple la regla de reserva de la orden."
***-104926-1c8050d6,2026-08-26 10:49:30,order-***,partial,normal,LIMA-LA VICTORIA,09/09/2026,12:00,25,blocked_by_order_rule,,,3.992,1.109,0.921,,,,,event_atomic,,screenshots\2026-08\26-08-2026\captchas\captcha-104926-order-***,screenshots\2026-08\26-08-2026\captchas\captcha-104926-order-***,"Se encontro un horario disponible, pero no cumple la regla de reserva de la orden."
***-104930-cdbb0574,2026-08-26 10:49:34,order-***,partial,normal,LIMA-LA VICTORIA,09/09/2026,12:00,25,blocked_by_order_rule,,,3.967,1.109,0.953,,,,,event_atomic,,screenshots\2026-08\26-08-2026\captchas\captcha-104930-order-***,screenshots\2026-08\26-08-2026\captchas\captcha-104930-order-***,"Se encontro un horario disponible, pero no cumple la regla de reserva de la orden."
***-104934-e665701f,2026-08-26 10:49:38,order-***,partial,normal,LIMA-LA VICTORIA,09/09/2026,12:00,25,blocked_by_order_rule,,,4.032,1.094,0.922,,,,,event_atomic,,screenshots\2026-08\26-08-2026\captchas\captcha-104934-order-***,screenshots\2026-08\26-08-2026\captchas\captcha-104934-order-***,"Se encontro un horario disponible, pero no cumple la regla de reserva de la orden."
***-111352-e4e54662,2026-08-26 11:13:59,order-***,partial,normal,LIMA-LA VICTORIA,23/09/2026,08:00,20,blocked_by_order_rule,,,7.417,1.250,0.984,,,,,event_atomic,,screenshots\2026-08\26-08-2026\captchas\captcha-111352-order-***,screenshots\2026-08\26-08-2026\captchas\captcha-111352-order-***,"Se encontro un horario disponible, pero no cumple la regla de reserva de la orden."
***-111359-bb73ea3a,2026-08-26 11:14:04,order-***,partial,normal,LIMA-LA VICTORIA,23/09/2026,08:00,20,blocked_by_order_rule,,,4.953,1.281,1.031,,,,,event_atomic,,screenshots\2026-08\26-08-2026\captchas\captcha-111359-order-***,screenshots\2026-08\26-08-2026\captchas\captcha-111359-order-***,"Se encontro un horario disponible, pero no cumple la regla de reserva de la orden."
***-111404-8e78ba2d,2026-08-26 11:14:09,order-***,partial,normal,LIMA-LA VICTORIA,23/09/2026,08:00,20,blocked_by_order_rule,,,4.794,1.250,1.031,,,,,event_atomic,,screenshots\2026-08\26-08-2026\captchas\captcha-111404-order-***,screenshots\2026-08\26-08-2026\captchas\captcha-111404-order-***,"Se encontro un horario disponible, pero no cumple la regla de reserva de la orden."
***-111409-c6f53a42,2026-08-26 11:14:13,order-***,partial,normal,LIMA-LA VICTORIA,23/09/2026,08:00,20,blocked_by_order_rule,,,4.082,1.110,0.953,,,,,event_atomic,,screenshots\2026-08\26-08-2026\captchas\captcha-111409-order-***,screenshots\2026-08\26-08-2026\captchas\captcha-111409-order-***,"Se encontro un horario disponible, pero no cumple la regla de reserva de la orden."
***-111413-f5de6e8a,2026-08-26 11:14:18,order-***,partial,normal,LIMA-LA VICTORIA,23/09/2026,08:00,20,blocked_by_order_rule,,,4.135,1.093,0.921,,,,,event_atomic,,screenshots\2026-08\26-08-2026\captchas\captcha-111413-order-***,screenshots\2026-08\26-08-2026\captchas\captcha-111413-order-***,"Se encontro un horario disponible, pero no cumple la regla de reserva de la orden."
***-111418-de54a8d7,2026-08-26 11:14:22,order-***,partial,normal,LIMA-LA VICTORIA,23/09/2026,08:00,20,blocked_by_order_rule,,,4.091,1.125,0.954,,,,,event_atomic,,screenshots\2026-08\26-08-2026\captchas\captcha-111418-order-***,screenshots\2026-08\26-08-2026\captchas\captcha-111418-order-***,"Se encontro un horario disponible, pero no cumple la regla de reserva de la orden."
***-111422-4efc24c8,2026-08-26 11:14:26,order-***,partial,normal,LIMA-LA VICTORIA,23/09/2026,08:00,20,blocked_by_order_rule,,,4.082,1.172,1.000,,,,,event_atomic,,screenshots\2026-08\26-08-2026\captchas\captcha-111422-order-***,screenshots\2026-08\26-08-2026\captchas\captcha-111422-order-***,"Se encontro un horario disponible, pero no cumple la regla de reserva de la orden."
***-111426-b164758a,2026-08-26 11:14:30,order-***,partial,normal,LIMA-LA VICTORIA,23/09/2026,10:00,20,blocked_by_order_rule,,,3.976,1.109,0.937,,,,,event_atomic,,screenshots\2026-08\26-08-2026\captchas\captcha-111426-order-***,screenshots\2026-08\26-08-2026\captchas\captcha-111426-order-***,"Se encontro un horario disponible, pero no cumple la regla de reserva de la orden."
***-111430-b5e38a64,2026-08-26 11:14:35,order-***,partial,normal,LIMA-LA VICTORIA,23/09/2026,10:00,20,blocked_by_order_rule,,,5.173,2.391,2.235,,,,,legacy_fallback,,screenshots\2026-08\26-08-2026\captchas\captcha-111430-order-***,screenshots\2026-08\26-08-2026\captchas\captcha-111430-order-***,"Se encontro un horario disponible, pero no cumple la regla de reserva de la orden."
***-111435-5f3bd2aa,2026-08-26 11:14:39,order-***,partial,normal,LIMA-LA VICTORIA,23/09/2026,10:00,20,blocked_by_order_rule,,,3.955,1.109,0.953,,,,,event_atomic,,screenshots\2026-08\26-08-2026\captchas\captcha-111435-order-***,screenshots\2026-08\26-08-2026\captchas\captcha-111435-order-***,"Se encontro un horario disponible, pero no cumple la regla de reserva de la orden."
***-111440-***,2026-08-26 11:14:44,order-***,partial,normal,LIMA-LA VICTORIA,23/09/2026,10:00,20,blocked_by_order_rule,,,3.952,1.109,0.937,,,,,event_atomic,,screenshots\2026-08\26-08-2026\captchas\captcha-111440-order-***,screenshots\2026-08\26-08-2026\captchas\captcha-111440-order-***,"Se encontro un horario disponible, pero no cumple la regla de reserva de la orden."
***-111444-50eab98f,2026-08-26 11:14:48,order-***,partial,normal,LIMA-LA VICTORIA,23/09/2026,10:00,20,blocked_by_order_rule,,,4.004,1.109,0.921,,,,,event_atomic,,screenshots\2026-08\26-08-2026\captchas\captcha-111444-order-***,screenshots\2026-08\26-08-2026\captchas\captcha-111444-order-***,"Se encontro un horario disponible, pero no cumple la regla de reserva de la orden."
***-111448-ebf6369f,2026-08-26 11:14:52,order-***,partial,normal,LIMA-LA VICTORIA,23/09/2026,10:00,20,blocked_by_order_rule,,,3.997,1.203,1.031,,,,,event_atomic,,screenshots\2026-08\26-08-2026\captchas\captcha-111448-order-***,screenshots\2026-08\26-08-2026\captchas\captcha-111448-order-***,"Se encontro un horario disponible, pero no cumple la regla de reserva de la orden."
***-111452-c12f902b,2026-08-26 11:14:56,order-***,partial,normal,LIMA-LA VICTORIA,23/09/2026,10:00,20,blocked_by_order_rule,,,3.896,1.125,0.953,,,,,event_atomic,,screenshots\2026-08\26-08-2026\captchas\captcha-111452-order-***,screenshots\2026-08\26-08-2026\captchas\captcha-111452-order-***,"Se encontro un horario disponible, pero no cumple la regla de reserva de la orden."
***-111456-11d6ce8d,2026-08-26 11:15:00,order-***,partial,normal,LIMA-LA VICTORIA,23/09/2026,10:00,20,blocked_by_order_rule,,,3.968,1.078,0.922,,,,,event_atomic,,screenshots\2026-08\26-08-2026\captchas\captcha-111456-order-***,screenshots\2026-08\26-08-2026\captchas\captcha-111456-order-***,"Se encontro un horario disponible, pero no cumple la regla de reserva de la orden."
***-111500-4c3bb086,2026-08-26 11:15:04,order-***,partial,normal,LIMA-LA VICTORIA,23/09/2026,10:00,20,blocked_by_order_rule,,,3.915,1.140,0.953,,,,,event_atomic,,screenshots\2026-08\26-08-2026\captchas\captcha-111500-order-***,screenshots\2026-08\26-08-2026\captchas\captcha-111500-order-***,"Se encontro un horario disponible, pero no cumple la regla de reserva de la orden."
***-111504-bffaf567,2026-08-26 11:15:08,order-***,partial,normal,LIMA-LA VICTORIA,23/09/2026,10:00,20,blocked_by_order_rule,,,4.147,1.125,0.954,,,,,event_atomic,,screenshots\2026-08\26-08-2026\captchas\captcha-111504-order-***,screenshots\2026-08\26-08-2026\captchas\captcha-111504-order-***,"Se encontro un horario disponible, pero no cumple la regla de reserva de la orden."
***-111508-d0ce3ce1,2026-08-26 11:15:12,order-***,partial,normal,LIMA-LA VICTORIA,23/09/2026,10:00,20,blocked_by_order_rule,,,3.886,1.110,0.938,,,,,event_atomic,,screenshots\2026-08\26-08-2026\captchas\captcha-111508-order-***,screenshots\2026-08\26-08-2026\captchas\captcha-111508-order-***,"Se encontro un horario disponible, pero no cumple la regla de reserva de la orden."
***-114012-13a78109,2026-08-26 11:41:02,order-***,registered,normal,LIMA-LA VICTORIA,23/09/2026,11:00,20,confirmed,portal_success_text,,49.978,3.469,0.766,0.016,0.000,0.015,0.016,event_atomic,0.282,screenshots\2026-08\26-08-2026\portal-1-114012-order-***,screenshots\2026-08\26-08-2026\portal-1-114012-order-*** | screenshots\2026-08\26-08-2026\cupo-114012-order-*** | screenshots\2026-08\26-08-2026\captchas\captcha-114012-order-*** | screenshots\2026-08\26-08-2026\diagnostics\portal-html-1-114012-order-***,La reserva fue confirmada por mensaje de exito del portal.
***-114111-559d2f7a,2026-08-26 11:41:15,order-***,partial,normal,LIMA-LA VICTORIA,23/09/2026,11:00,20,blocked_by_order_rule,,,4.207,1.172,0.969,,,,,event_atomic,,screenshots\2026-08\26-08-2026\captchas\captcha-114111-order-***,screenshots\2026-08\26-08-2026\captchas\captcha-114111-order-***,"Se encontro un horario disponible, pero no cumple la regla de reserva de la orden."
***-114115-84fc6df8,2026-08-26 11:41:20,order-***,partial,normal,LIMA-LA VICTORIA,23/09/2026,11:00,20,blocked_by_order_rule,,,4.337,1.156,1.000,,,,,event_atomic,,screenshots\2026-08\26-08-2026\captchas\captcha-114115-order-***,screenshots\2026-08\26-08-2026\captchas\captcha-114115-order-***,"Se encontro un horario disponible, pero no cumple la regla de reserva de la orden."
***-114120-b04048c9,2026-08-26 11:41:25,order-***,partial,normal,LIMA-LA VICTORIA,23/09/2026,12:00,20,blocked_by_order_rule,,,5.025,1.125,0.953,,,,,event_atomic,,screenshots\2026-08\26-08-2026\captchas\captcha-114120-order-***,screenshots\2026-08\26-08-2026\captchas\captcha-114120-order-***,"Se encontro un horario disponible, pero no cumple la regla de reserva de la orden."
***-114125-6e6d3d4b,2026-08-26 11:41:29,order-***,partial,normal,LIMA-LA VICTORIA,23/09/2026,12:00,20,blocked_by_order_rule,,,4.229,1.109,0.953,,,,,event_atomic,,screenshots\2026-08\26-08-2026\captchas\captcha-114125-order-***,screenshots\2026-08\26-08-2026\captchas\captcha-114125-order-***,"Se encontro un horario disponible, pero no cumple la regla de reserva de la orden."
***-114129-b82b0a24,2026-08-26 11:41:33,order-***,partial,normal,LIMA-LA VICTORIA,23/09/2026,12:00,20,blocked_by_order_rule,,,4.024,1.109,0.922,,,,,event_atomic,,screenshots\2026-08\26-08-2026\captchas\captcha-114129-order-***,screenshots\2026-08\26-08-2026\captchas\captcha-114129-order-***,"Se encontro un horario disponible, pero no cumple la regla de reserva de la orden."
***-114134-c066b084,2026-08-26 11:41:37,order-***,partial,normal,LIMA-LA VICTORIA,23/09/2026,12:00,20,blocked_by_order_rule,,,3.896,1.125,0.953,,,,,event_atomic,,screenshots\2026-08\26-08-2026\captchas\captcha-114134-order-***,screenshots\2026-08\26-08-2026\captchas\captcha-114134-order-***,"Se encontro un horario disponible, pero no cumple la regla de reserva de la orden."
***-114138-50ba0fbc,2026-08-26 11:41:42,order-***,partial,normal,LIMA-LA VICTORIA,23/09/2026,12:00,20,blocked_by_order_rule,,,3.961,1.125,0.953,,,,,event_atomic,,screenshots\2026-08\26-08-2026\captchas\captcha-114138-order-***,screenshots\2026-08\26-08-2026\captchas\captcha-114138-order-***,"Se encontro un horario disponible, pero no cumple la regla de reserva de la orden."
***-114142-9e0753a4,2026-08-26 11:41:46,order-***,partial,normal,LIMA-LA VICTORIA,23/09/2026,12:00,20,blocked_by_order_rule,,,3.976,1.140,0.953,,,,,event_atomic,,screenshots\2026-08\26-08-2026\captchas\captcha-114142-order-***,screenshots\2026-08\26-08-2026\captchas\captcha-114142-order-***,"Se encontro un horario disponible, pero no cumple la regla de reserva de la orden."
***-114146-de4dc76e,2026-08-26 11:41:50,order-***,partial,normal,LIMA-LA VICTORIA,23/09/2026,12:00,20,blocked_by_order_rule,,,3.951,1.140,0.937,,,,,event_atomic,,screenshots\2026-08\26-08-2026\captchas\captcha-114146-order-***,screenshots\2026-08\26-08-2026\captchas\captcha-114146-order-***,"Se encontro un horario disponible, pero no cumple la regla de reserva de la orden."
***-114150-88b9e159,2026-08-26 11:41:54,order-***,partial,normal,LIMA-LA VICTORIA,23/09/2026,12:00,20,blocked_by_order_rule,,,4.013,1.094,0.938,,,,,event_atomic,,screenshots\2026-08\26-08-2026\captchas\captcha-114150-order-***,screenshots\2026-08\26-08-2026\captchas\captcha-114150-order-***,"Se encontro un horario disponible, pero no cumple la regla de reserva de la orden."
***-114154-531601d9,2026-08-26 11:41:58,order-***,partial,normal,LIMA-LA VICTORIA,23/09/2026,12:00,20,blocked_by_order_rule,,,4.008,1.141,0.938,,,,,event_atomic,,screenshots\2026-08\26-08-2026\captchas\captcha-114154-order-***,screenshots\2026-08\26-08-2026\captchas\captcha-114154-order-***,"Se encontro un horario disponible, pero no cumple la regla de reserva de la orden."
***-114158-fada5311,2026-08-26 11:42:02,order-***,partial,normal,LIMA-LA VICTORIA,23/09/2026,12:00,20,blocked_by_order_rule,,,4.227,1.125,0.953,,,,,event_atomic,,screenshots\2026-08\26-08-2026\captchas\captcha-114158-order-***,screenshots\2026-08\26-08-2026\captchas\captcha-114158-order-***,"Se encontro un horario disponible, pero no cumple la regla de reserva de la orden."
***-114202-c82fc013,2026-08-26 11:42:06,order-***,partial,normal,LIMA-LA VICTORIA,23/09/2026,12:00,20,blocked_by_order_rule,,,4.044,1.125,0.953,,,,,event_atomic,,screenshots\2026-08\26-08-2026\captchas\captcha-114202-order-***,screenshots\2026-08\26-08-2026\captchas\captcha-114202-order-***,"Se encontro un horario disponible, pero no cumple la regla de reserva de la orden."
***-114206-9a580d30,2026-08-26 11:42:11,order-***,partial,normal,LIMA-LA VICTORIA,23/09/2026,12:00,20,blocked_by_order_rule,,,4.044,1.125,0.953,,,,,event_atomic,,screenshots\2026-08\26-08-2026\captchas\captcha-114206-order-***,screenshots\2026-08\26-08-2026\captchas\captcha-114206-order-***,"Se encontro un horario disponible, pero no cumple la regla de reserva de la orden."
***-114211-ea9cadac,2026-08-26 11:42:15,order-***,partial,normal,LIMA-LA VICTORIA,23/09/2026,12:00,20,blocked_by_order_rule,,,3.945,1.110,0.938,,,,,event_atomic,,screenshots\2026-08\26-08-2026\captchas\captcha-114211-order-***,screenshots\2026-08\26-08-2026\captchas\captcha-114211-order-***,"Se encontro un horario disponible, pero no cumple la regla de reserva de la orden."
***-114215-19b2ba3b,2026-08-26 11:42:19,order-***,partial,normal,LIMA-LA VICTORIA,23/09/2026,12:00,20,blocked_by_order_rule,,,3.950,1.093,0.921,,,,,event_atomic,,screenshots\2026-08\26-08-2026\captchas\captcha-114215-order-***,screenshots\2026-08\26-08-2026\captchas\captcha-114215-order-***,"Se encontro un horario disponible, pero no cumple la regla de reserva de la orden."
***-114219-f4ea1c0f,2026-08-26 11:42:23,order-***,partial,normal,LIMA-LA VICTORIA,23/09/2026,12:00,20,blocked_by_order_rule,,,4.107,1.140,0.937,,,,,event_atomic,,screenshots\2026-08\26-08-2026\captchas\captcha-114219-order-***,screenshots\2026-08\26-08-2026\captchas\captcha-114219-order-***,"Se encontro un horario disponible, pero no cumple la regla de reserva de la orden."
***-114223-7377613f,2026-08-26 11:42:27,order-***,partial,normal,LIMA-LA VICTORIA,23/09/2026,12:00,20,blocked_by_order_rule,,,4.020,1.125,0.922,,,,,event_atomic,,screenshots\2026-08\26-08-2026\captchas\captcha-114223-order-***,screenshots\2026-08\26-08-2026\captchas\captcha-114223-order-***,"Se encontro un horario disponible, pero no cumple la regla de reserva de la orden."
***-114227-f060f3ac,2026-08-26 11:42:31,order-***,partial,normal,LIMA-LA VICTORIA,23/09/2026,12:00,20,blocked_by_order_rule,,,4.085,1.141,0.969,,,,,event_atomic,,screenshots\2026-08\26-08-2026\captchas\captcha-114227-order-***,screenshots\2026-08\26-08-2026\captchas\captcha-114227-order-***,"Se encontro un horario disponible, pero no cumple la regla de reserva de la orden."
***-114231-f97cd113,2026-08-26 11:42:35,order-***,partial,normal,LIMA-LA VICTORIA,23/09/2026,12:00,20,blocked_by_order_rule,,,4.059,1.141,0.969,,,,,event_atomic,,screenshots\2026-08\26-08-2026\captchas\captcha-114231-order-***,screenshots\2026-08\26-08-2026\captchas\captcha-114231-order-***,"Se encontro un horario disponible, pero no cumple la regla de reserva de la orden."
***-114235-5a3aca64,2026-08-26 11:42:39,order-***,partial,normal,LIMA-LA VICTORIA,23/09/2026,12:00,20,blocked_by_order_rule,,,4.060,1.156,0.969,,,,,event_atomic,,screenshots\2026-08\26-08-2026\captchas\captcha-114235-order-***,screenshots\2026-08\26-08-2026\captchas\captcha-114235-order-***,"Se encontro un horario disponible, pero no cumple la regla de reserva de la orden."
***-114240-2942372d,2026-08-26 11:42:45,order-***,partial,normal,LIMA-LA VICTORIA,23/09/2026,12:00,20,blocked_by_order_rule,,,5.181,1.140,0.968,,,,,event_atomic,,screenshots\2026-08\26-08-2026\captchas\captcha-114240-order-***,screenshots\2026-08\26-08-2026\captchas\captcha-114240-order-***,"Se encontro un horario disponible, pero no cumple la regla de reserva de la orden."
***-114245-dbbf18fb,2026-08-26 11:42:49,order-***,partial,normal,LIMA-LA VICTORIA,23/09/2026,12:00,20,blocked_by_order_rule,,,3.960,1.110,0.938,,,,,event_atomic,,screenshots\2026-08\26-08-2026\captchas\captcha-114245-order-***,screenshots\2026-08\26-08-2026\captchas\captcha-114245-order-***,"Se encontro un horario disponible, pero no cumple la regla de reserva de la orden."
***-114249-d91344e5,2026-08-26 11:42:53,order-***,partial,normal,LIMA-LA VICTORIA,23/09/2026,12:00,20,blocked_by_order_rule,,,4.080,1.125,0.953,,,,,event_atomic,,screenshots\2026-08\26-08-2026\captchas\captcha-114249-order-***,screenshots\2026-08\26-08-2026\captchas\captcha-114249-order-***,"Se encontro un horario disponible, pero no cumple la regla de reserva de la orden."
***-114253-7b021299,2026-08-26 11:42:57,order-***,partial,normal,LIMA-LA VICTORIA,23/09/2026,12:00,20,blocked_by_order_rule,,,4.087,1.203,0.969,,,,,event_atomic,,screenshots\2026-08\26-08-2026\captchas\captcha-114253-order-***,screenshots\2026-08\26-08-2026\captchas\captcha-114253-order-***,"Se encontro un horario disponible, pero no cumple la regla de reserva de la orden."
***-114257-4ecbefbe,2026-08-26 11:43:02,order-***,partial,normal,LIMA-LA VICTORIA,23/09/2026,12:00,20,blocked_by_order_rule,,,4.236,1.156,0.969,,,,,event_atomic,,screenshots\2026-08\26-08-2026\captchas\captcha-114257-order-***,screenshots\2026-08\26-08-2026\captchas\captcha-114257-order-***,"Se encontro un horario disponible, pero no cumple la regla de reserva de la orden."
***-121011-944d9e5c,2026-08-26 12:10:19,order-***,partial,normal,LIMA-LA VICTORIA,08/09/2026,11:00,30,blocked_by_order_rule,,,8.187,1.125,0.953,,,,,event_atomic,,screenshots\2026-08\26-08-2026\captchas\captcha-121011-order-***,screenshots\2026-08\26-08-2026\captchas\captcha-121011-order-***,"Se encontro un horario disponible, pero no cumple la regla de reserva de la orden."
***-121019-816e0624,2026-08-26 12:10:39,order-***,unavailable,normal,LIMA-LA VICTORIA,08/09/2026,11:00,30,slot_lost,,,20.303,3.579,0.657,0.016,0.000,0.016,0.015,event_atomic,0.094,screenshots\2026-08\26-08-2026\portal-1-121019-order-***,screenshots\2026-08\26-08-2026\portal-1-121019-order-*** | screenshots\2026-08\26-08-2026\cupo-121019-order-*** | screenshots\2026-08\26-08-2026\captchas\captcha-121019-order-*** | screenshots\2026-08\26-08-2026\diagnostics\portal-html-1-121019-order-***,El cupo dejo de estar disponible antes de completar la reserva.
***-121039-b2553ead,2026-08-26 12:10:56,order-***,partial,normal,LIMA-LA VICTORIA,08/09/2026,12:00,30,blocked_by_order_rule,,,16.528,1.125,0.938,,,,,event_atomic,,screenshots\2026-08\26-08-2026\captchas\captcha-121039-order-***,screenshots\2026-08\26-08-2026\captchas\captcha-121039-order-***,"Se encontro un horario disponible, pero no cumple la regla de reserva de la orden."
***-121056-589efa7e,2026-08-26 12:11:15,order-***,unavailable,normal,LIMA-LA VICTORIA,08/09/2026,12:00,30,slot_lost,,,19.223,3.422,0.657,0.015,0.016,0.000,0.000,event_atomic,0.109,screenshots\2026-08\26-08-2026\portal-1-121056-order-***,screenshots\2026-08\26-08-2026\portal-1-121056-order-*** | screenshots\2026-08\26-08-2026\cupo-121056-order-*** | screenshots\2026-08\26-08-2026\captchas\captcha-121056-order-*** | screenshots\2026-08\26-08-2026\diagnostics\portal-html-1-121056-order-***,El cupo dejo de estar disponible antes de completar la reserva.
***-130050-dbf6a207,2026-08-26 13:01:06,order-***,registered,normal,LIMA-LA VICTORIA,22/09/2026,09:00,30,confirmed,portal_success_text,,15.983,3.328,0.656,0.032,0.016,0.000,0.015,event_atomic,0.281,screenshots\2026-08\26-08-2026\portal-1-130050-order-***,screenshots\2026-08\26-08-2026\portal-1-130050-order-*** | screenshots\2026-08\26-08-2026\cupo-130050-order-*** | screenshots\2026-08\26-08-2026\captchas\captcha-130050-order-*** | screenshots\2026-08\26-08-2026\diagnostics\portal-html-1-130050-order-***,La reserva fue confirmada por mensaje de exito del portal.
***-130104-8eede4a0,2026-08-26 13:01:10,order-***,registered,normal,LIMA-LA VICTORIA,22/09/2026,09:00,30,confirmed,portal_success_text,,6.628,3.703,0.672,0.016,0.016,0.000,0.015,event_atomic,0.282,screenshots\2026-08\26-08-2026\portal-1-130104-order-***,screenshots\2026-08\26-08-2026\portal-1-130104-order-*** | screenshots\2026-08\26-08-2026\cupo-130104-order-*** | screenshots\2026-08\26-08-2026\captchas\captcha-130104-order-*** | screenshots\2026-08\26-08-2026\diagnostics\portal-html-1-130104-order-***,La reserva fue confirmada por mensaje de exito del portal.
observer-***-130129-208e30d7,2026-08-26 13:01:38,,available,normal,LIMA-LA VICTORIA,22/09/2026,09:00,30,,,,8.905,,,,,,,event_atomic,,screenshots\2026-08\26-08-2026\observer-cupo-4b6ede.png,screenshots\2026-08\26-08-2026\observer-cupo-4b6ede.png,Se seleccionaron una fecha y una hora disponibles.
observer-***-130547-efe08033,2026-08-26 13:06:17,,available,normal,LIMA-LA VICTORIA,24/09/2026,08:00,10,,,,29.831,,,,,,,event_atomic,,screenshots\2026-08\26-08-2026\observer-cupo-6ee66b.png,screenshots\2026-08\26-08-2026\observer-cupo-6ee66b.png,Se seleccionaron una fecha y una hora disponibles.
observer-***-130617-f97811ad,2026-08-26 13:06:25,,available,normal,LIMA-LA VICTORIA,24/09/2026,08:00,10,,,,8.313,,,,,,,event_atomic,,,,Se seleccionaron una fecha y una hora disponibles.
observer-***-130626-a4c05957,2026-08-26 13:06:35,,available,normal,LIMA-LA VICTORIA,24/09/2026,08:00,10,,,,8.582,,,,,,,event_atomic,,screenshots\2026-08\26-08-2026\observer-cupo-e5e040.png,screenshots\2026-08\26-08-2026\observer-cupo-e5e040.png,Se seleccionaron una fecha y una hora disponibles.
observer-***-130635-04b92be1,2026-08-26 13:06:43,,available,normal,LIMA-LA VICTORIA,24/09/2026,08:00,10,,,,8.236,,,,,,,event_atomic,,,,Se seleccionaron una fecha y una hora disponibles.
observer-***-130643-03c97de2,2026-08-26 13:06:52,,available,normal,LIMA-LA VICTORIA,24/09/2026,08:00,10,,,,8.493,,,,,,,event_atomic,,screenshots\2026-08\26-08-2026\observer-cupo-69a210.png,screenshots\2026-08\26-08-2026\observer-cupo-69a210.png,Se seleccionaron una fecha y una hora disponibles.
observer-***-130652-32ae6033,2026-08-26 13:07:00,,available,normal,LIMA-LA VICTORIA,24/09/2026,08:00,10,,,,8.347,,,,,,,event_atomic,,,,Se seleccionaron una fecha y una hora disponibles.
observer-***-130700-cc6586c0,2026-08-26 13:07:15,,available,normal,LIMA-LA VICTORIA,24/09/2026,08:00,10,,,,15.037,,,,,,,event_atomic,,screenshots\2026-08\26-08-2026\observer-cupo-6f1474.png,screenshots\2026-08\26-08-2026\observer-cupo-6f1474.png,Se seleccionaron una fecha y una hora disponibles.
observer-***-130716-fca28319,2026-08-26 13:07:24,,available,normal,LIMA-LA VICTORIA,24/09/2026,08:00,10,,,,8.159,,,,,,,event_atomic,,,,Se seleccionaron una fecha y una hora disponibles.
observer-***-130724-597d7b31,2026-08-26 13:07:32,,available,normal,LIMA-LA VICTORIA,24/09/2026,08:00,10,,,,8.494,,,,,,,event_atomic,,screenshots\2026-08\26-08-2026\observer-cupo-64b69b.png,screenshots\2026-08\26-08-2026\observer-cupo-64b69b.png,Se seleccionaron una fecha y una hora disponibles.
observer-***-130732-7577cc8b,2026-08-26 13:07:41,,available,normal,LIMA-LA VICTORIA,24/09/2026,08:00,10,,,,8.338,,,,,,,event_atomic,,,,Se seleccionaron una fecha y una hora disponibles.
observer-***-130741-a7b0f0b8,2026-08-26 13:07:49,,available,normal,LIMA-LA VICTORIA,24/09/2026,08:00,10,,,,8.438,,,,,,,event_atomic,,screenshots\2026-08\26-08-2026\observer-cupo-e53c12.png,screenshots\2026-08\26-08-2026\observer-cupo-e53c12.png,Se seleccionaron una fecha y una hora disponibles.
observer-***-130749-3445e990,2026-08-26 13:07:58,,available,normal,LIMA-LA VICTORIA,24/09/2026,08:00,10,,,,8.201,,,,,,,event_atomic,,,,Se seleccionaron una fecha y una hora disponibles.
observer-***-130758-52070edb,2026-08-26 13:08:06,,available,normal,LIMA-LA VICTORIA,24/09/2026,08:00,10,,,,8.528,,,,,,,event_atomic,,screenshots\2026-08\26-08-2026\observer-cupo-bb6940.png,screenshots\2026-08\26-08-2026\observer-cupo-bb6940.png,Se seleccionaron una fecha y una hora disponibles.
observer-***-130806-60b06a1a,2026-08-26 13:08:15,,available,normal,LIMA-LA VICTORIA,24/09/2026,08:00,10,,,,8.238,,,,,,,event_atomic,,,,Se seleccionaron una fecha y una hora disponibles.
observer-***-130815-56f591f1,2026-08-26 13:08:23,,available,normal,LIMA-LA VICTORIA,24/09/2026,08:00,10,,,,8.418,,,,,,,event_atomic,,screenshots\2026-08\26-08-2026\observer-cupo-e801e7.png,screenshots\2026-08\26-08-2026\observer-cupo-e801e7.png,Se seleccionaron una fecha y una hora disponibles.
observer-***-130823-778a68af,2026-08-26 13:08:31,,available,normal,LIMA-LA VICTORIA,24/09/2026,08:00,10,,,,8.176,,,,,,,event_atomic,,,,Se seleccionaron una fecha y una hora disponibles.
observer-***-130832-94abccbf,2026-08-26 13:08:40,,available,normal,LIMA-LA VICTORIA,24/09/2026,08:00,10,,,,8.423,,,,,,,event_atomic,,screenshots\2026-08\26-08-2026\observer-cupo-b22a9f.png,screenshots\2026-08\26-08-2026\observer-cupo-b22a9f.png,Se seleccionaron una fecha y una hora disponibles.
observer-***-130840-c47b6f80,2026-08-26 13:08:49,,available,normal,LIMA-LA VICTORIA,24/09/2026,08:00,10,,,,8.429,,,,,,,event_atomic,,,,Se seleccionaron una fecha y una hora disponibles.
observer-***-130849-a9ebec52,2026-08-26 13:08:57,,available,normal,LIMA-LA VICTORIA,24/09/2026,08:00,10,,,,8.370,,,,,,,event_atomic,,screenshots\2026-08\26-08-2026\observer-cupo-db17c5.png,screenshots\2026-08\26-08-2026\observer-cupo-db17c5.png,Se seleccionaron una fecha y una hora disponibles.
observer-***-130857-***,2026-08-26 13:09:05,,available,normal,LIMA-LA VICTORIA,24/09/2026,08:00,10,,,,8.233,,,,,,,event_atomic,,,,Se seleccionaron una fecha y una hora disponibles.
observer-***-130905-09018aa6,2026-08-26 13:09:14,,available,normal,LIMA-LA VICTORIA,24/09/2026,09:00,10,,,,8.433,,,,,,,event_atomic,,screenshots\2026-08\26-08-2026\observer-cupo-9ee8cb.png,screenshots\2026-08\26-08-2026\observer-cupo-9ee8cb.png,Se seleccionaron una fecha y una hora disponibles.
observer-***-130914-0cba4f19,2026-08-26 13:09:22,,available,normal,LIMA-LA VICTORIA,24/09/2026,09:00,10,,,,8.248,,,,,,,event_atomic,,,,Se seleccionaron una fecha y una hora disponibles.
observer-***-130923-661681c0,2026-08-26 13:09:32,,available,normal,LIMA-LA VICTORIA,24/09/2026,09:00,10,,,,8.507,,,,,,,event_atomic,,screenshots\2026-08\26-08-2026\observer-cupo-5348de.png,screenshots\2026-08\26-08-2026\observer-cupo-5348de.png,Se seleccionaron una fecha y una hora disponibles.
observer-***-130932-fab660b4,2026-08-26 13:09:40,,available,normal,LIMA-LA VICTORIA,24/09/2026,09:00,10,,,,8.310,,,,,,,event_atomic,,,,Se seleccionaron una fecha y una hora disponibles.
observer-***-130940-78787f6b,2026-08-26 13:09:49,,available,normal,LIMA-LA VICTORIA,24/09/2026,09:00,10,,,,8.712,,,,,,,event_atomic,,screenshots\2026-08\26-08-2026\observer-cupo-84c105.png,screenshots\2026-08\26-08-2026\observer-cupo-84c105.png,Se seleccionaron una fecha y una hora disponibles.
***-151025-a1201083,2026-08-26 15:11:29,order-***,error,normal,,,,,,,network,63.351,,,,,,,,,screenshots\2026-08\26-08-2026\error-151025-order-***,,"Locator.wait_for: Timeout 30000ms exceeded.
Call log:
  - waiting for locator(""#MainContent_idUcitas_cbosede"") to be visible"
***-092528-46417d9a,2026-08-27 09:25:44,order-***,registered,normal,LIMA-LA VICTORIA,24/09/2026,10:00,10,confirmed,portal_success_text,,15.460,5.109,0.718,0.032,0.015,0.015,0.016,event_atomic,0.344,screenshots\2026-08\27-08-2026\portal-1-092528-order-***,screenshots\2026-08\27-08-2026\portal-1-092528-order-*** | screenshots\2026-08\27-08-2026\cupo-092528-order-*** | screenshots\2026-08\27-08-2026\captchas\captcha-092528-order-*** | screenshots\2026-08\27-08-2026\diagnostics\portal-html-1-092528-order-***,La reserva fue confirmada por mensaje de exito del portal.
***-092544-21e057ad,2026-08-27 09:25:58,order-***,registered,normal,LIMA-LA VICTORIA,24/09/2026,11:00,10,confirmed,portal_success_text,,13.724,5.406,0.734,0.031,0.016,0.015,0.016,event_atomic,0.313,screenshots\2026-08\27-08-2026\portal-1-092544-order-***,screenshots\2026-08\27-08-2026\portal-1-092544-order-*** | screenshots\2026-08\27-08-2026\cupo-092544-order-*** | screenshots\2026-08\27-08-2026\captchas\captcha-092544-order-*** | screenshots\2026-08\27-08-2026\diagnostics\portal-html-1-092544-order-***,La reserva fue confirmada por mensaje de exito del portal.
***-092536-4ccabd34,2026-08-27 09:25:58,order-***,registered,slot_lost_reobservation,LIMA-LA VICTORIA,24/09/2026,11:00,10,confirmed,portal_success_text,,22.240,4.375,0.687,0.031,0.016,0.016,0.016,event_atomic,0.250,screenshots\2026-08\27-08-2026\portal-1-092536-order-***,screenshots\2026-08\27-08-2026\portal-1-092536-order-*** | screenshots\2026-08\27-08-2026\portal-1-092536-order-*** | screenshots\2026-08\27-08-2026\cupo-092536-order-*** | screenshots\2026-08\27-08-2026\cupo-092536-order-*** | screenshots\2026-08\27-08-2026\captchas\captcha-092536-order-*** | screenshots\2026-08\27-08-2026\diagnostics\portal-html-1-092536-order-***,La reserva fue confirmada por mensaje de exito del portal.
***-092558-***,2026-08-27 09:26:19,order-***,unavailable,normal,LIMA-LA VICTORIA,24/09/2026,11:00,10,slot_lost,,,21.542,5.344,0.672,0.031,0.015,0.000,0.000,event_atomic,0.093,screenshots\2026-08\27-08-2026\portal-1-092558-order-***,screenshots\2026-08\27-08-2026\portal-1-092558-order-*** | screenshots\2026-08\27-08-2026\cupo-092558-order-*** | screenshots\2026-08\27-08-2026\captchas\captcha-092558-order-*** | screenshots\2026-08\27-08-2026\diagnostics\portal-html-1-092558-order-***,El cupo dejo de estar disponible antes de completar la reserva.
***-092558-cb74bd5c,2026-08-27 09:26:20,order-***,unavailable,normal,LIMA-LA VICTORIA,24/09/2026,11:00,10,slot_lost,,,21.895,5.641,0.688,0.015,0.016,0.016,0.016,event_atomic,0.172,screenshots\2026-08\27-08-2026\portal-1-092558-order-***,screenshots\2026-08\27-08-2026\portal-1-092558-order-*** | screenshots\2026-08\27-08-2026\cupo-092558-order-*** | screenshots\2026-08\27-08-2026\captchas\captcha-092558-order-*** | screenshots\2026-08\27-08-2026\diagnostics\portal-html-1-092558-order-***,El cupo dejo de estar disponible antes de completar la reserva.
***-092723-e7dab85d,2026-08-27 09:27:39,order-***,registered,normal,LIMA-LA VICTORIA,24/09/2026,12:00,10,confirmed,portal_success_text,,15.336,5.688,0.766,0.047,0.047,0.016,0.063,event_atomic,0.328,screenshots\2026-08\27-08-2026\portal-1-092723-order-***,screenshots\2026-08\27-08-2026\portal-1-092723-order-*** | screenshots\2026-08\27-08-2026\cupo-092723-order-*** | screenshots\2026-08\27-08-2026\captchas\captcha-092723-order-*** | screenshots\2026-08\27-08-2026\diagnostics\portal-html-1-092723-order-***,La reserva fue confirmada por mensaje de exito del portal.
***-092655-c26226f5,2026-08-27 09:27:39,order-***,registered,normal,LIMA-LA VICTORIA,24/09/2026,12:00,10,confirmed,portal_success_text,,44.268,5.000,0.734,0.031,0.031,0.016,0.016,event_atomic,0.297,screenshots\2026-08\27-08-2026\portal-1-092655-order-***,screenshots\2026-08\27-08-2026\portal-1-092655-order-*** | screenshots\2026-08\27-08-2026\cupo-092655-order-*** | screenshots\2026-08\27-08-2026\captchas\captcha-092655-order-*** | screenshots\2026-08\27-08-2026\diagnostics\portal-html-1-092655-order-***,La reserva fue confirmada por mensaje de exito del portal.
***-093122-1d909f6c,2026-08-27 09:32:17,order-***,unavailable,normal,LIMA-LA VICTORIA,03/09/2026,11:00,30,slot_lost,,,55.702,6.109,0.781,0.032,0.015,0.015,0.000,event_atomic,0.079,screenshots\2026-08\27-08-2026\portal-1-093122-order-***,screenshots\2026-08\27-08-2026\portal-1-093122-order-*** | screenshots\2026-08\27-08-2026\cupo-093122-order-*** | screenshots\2026-08\27-08-2026\captchas\captcha-093122-order-*** | screenshots\2026-08\27-08-2026\diagnostics\portal-html-1-093122-order-***,El cupo dejo de estar disponible antes de completar la reserva.
***-093221-5691383d,2026-08-27 09:32:57,order-***,unavailable,normal,LIMA-LA VICTORIA,05/09/2026,08:00,25,slot_lost,,,35.935,5.360,0.656,0.032,0.016,0.016,0.015,event_atomic,0.093,screenshots\2026-08\27-08-2026\portal-1-093221-order-***,screenshots\2026-08\27-08-2026\portal-1-093221-order-*** | screenshots\2026-08\27-08-2026\cupo-093221-order-*** | screenshots\2026-08\27-08-2026\captchas\captcha-093221-order-*** | screenshots\2026-08\27-08-2026\diagnostics\portal-html-1-093221-order-***,El cupo dejo de estar disponible antes de completar la reserva.
***-093300-25bee732,2026-08-27 09:33:29,order-***,partial,normal,LIMA-LA VICTORIA,09/09/2026,10:00,30,blocked_by_order_rule,,,29.310,1.219,0.985,,,,,event_atomic,,screenshots\2026-08\27-08-2026\captchas\captcha-093300-order-***,screenshots\2026-08\27-08-2026\captchas\captcha-093300-order-***,"Se encontro un horario disponible, pero no cumple la regla de reserva de la orden."
***-093329-a4ac0867,2026-08-27 09:33:34,order-***,partial,normal,LIMA-LA VICTORIA,09/09/2026,10:00,30,blocked_by_order_rule,,,4.702,1.266,0.984,,,,,event_atomic,,screenshots\2026-08\27-08-2026\captchas\captcha-093329-order-***,screenshots\2026-08\27-08-2026\captchas\captcha-093329-order-***,"Se encontro un horario disponible, pero no cumple la regla de reserva de la orden."
***-102016-637142f8,2026-08-27 10:20:54,order-***,partial,normal,LIMA-LA VICTORIA,10/09/2026,12:00,30,blocked_by_order_rule,,,38.309,1.281,1.000,,,,,event_atomic,,screenshots\2026-08\27-08-2026\captchas\captcha-102016-order-***,screenshots\2026-08\27-08-2026\captchas\captcha-102016-order-***,"Se encontro un horario disponible, pero no cumple la regla de reserva de la orden."
***-102054-f25f6584,2026-08-27 10:21:14,order-***,registered,slot_lost_reobservation,LIMA-LA VICTORIA,10/09/2026,10:00,30,confirmed,portal_success_text,,19.507,4.344,0.766,0.016,0.015,0.000,0.000,event_atomic,0.265,screenshots\2026-08\27-08-2026\portal-1-102054-order-***,screenshots\2026-08\27-08-2026\portal-1-102054-order-*** | screenshots\2026-08\27-08-2026\portal-1-102054-order-*** | screenshots\2026-08\27-08-2026\cupo-102054-order-*** | screenshots\2026-08\27-08-2026\cupo-102054-order-*** | screenshots\2026-08\27-08-2026\captchas\captcha-102054-order-*** | screenshots\2026-08\27-08-2026\diagnostics\portal-html-1-102054-order-***,La reserva fue confirmada por mensaje de exito del portal.
***-102123-0f583804,2026-08-27 10:21:37,order-***,partial,normal,LIMA-LA VICTORIA,10/09/2026,11:00,30,blocked_by_order_rule,,,13.550,1.391,1.047,,,,,event_atomic,,screenshots\2026-08\27-08-2026\captchas\captcha-102123-order-***,screenshots\2026-08\27-08-2026\captchas\captcha-102123-order-***,"Se encontro un horario disponible, pero no cumple la regla de reserva de la orden."
***-103350-1f9f970b,2026-08-27 10:34:07,order-***,partial,normal,LIMA-LA VICTORIA,09/09/2026,11:00,30,blocked_by_order_rule,,,17.354,1.188,0.938,,,,,event_atomic,,screenshots\2026-08\27-08-2026\captchas\captcha-103350-order-***,screenshots\2026-08\27-08-2026\captchas\captcha-103350-order-***,"Se encontro un horario disponible, pero no cumple la regla de reserva de la orden."
***-103407-ef7fe566,2026-08-27 10:34:29,order-***,unavailable,normal,LIMA-LA VICTORIA,09/09/2026,11:00,30,slot_lost,,,22.151,5.407,0.735,0.031,0.016,0.000,0.015,event_atomic,0.094,screenshots\2026-08\27-08-2026\portal-1-103407-order-***,screenshots\2026-08\27-08-2026\portal-1-103407-order-*** | screenshots\2026-08\27-08-2026\cupo-103407-order-*** | screenshots\2026-08\27-08-2026\captchas\captcha-103407-order-*** | screenshots\2026-08\27-08-2026\diagnostics\portal-html-1-103407-order-***,El cupo dejo de estar disponible antes de completar la reserva.
***-103753-b032388d,2026-08-27 10:38:05,order-***,partial,normal,LIMA-LA VICTORIA,09/09/2026,12:00,30,blocked_by_order_rule,,,11.797,1.266,0.953,,,,,event_atomic,,screenshots\2026-08\27-08-2026\captchas\captcha-103753-order-***,screenshots\2026-08\27-08-2026\captchas\captcha-103753-order-***,"Se encontro un horario disponible, pero no cumple la regla de reserva de la orden."
***-103805-3c33d97c,2026-08-27 10:38:27,order-***,unavailable,normal,LIMA-LA VICTORIA,09/09/2026,12:00,30,slot_lost,,,22.115,5.578,0.797,0.016,0.016,0.016,0.000,event_atomic,0.078,screenshots\2026-08\27-08-2026\portal-1-103805-order-***,screenshots\2026-08\27-08-2026\portal-1-103805-order-*** | screenshots\2026-08\27-08-2026\cupo-103805-order-*** | screenshots\2026-08\27-08-2026\captchas\captcha-103805-order-*** | screenshots\2026-08\27-08-2026\diagnostics\portal-html-1-103805-order-***,El cupo dejo de estar disponible antes de completar la reserva.
***-121629-f741de35,2026-08-27 12:17:24,order-***,registered,normal,LIMA-LA VICTORIA,24/09/2026,08:00,20,confirmed,portal_success_text,,54.574,4.875,0.797,0.016,0.015,0.016,0.016,event_atomic,0.266,screenshots\2026-08\27-08-2026\portal-1-121629-order-***,screenshots\2026-08\27-08-2026\portal-1-121629-order-*** | screenshots\2026-08\27-08-2026\cupo-121629-order-*** | screenshots\2026-08\27-08-2026\captchas\captcha-121629-order-*** | screenshots\2026-08\27-08-2026\diagnostics\portal-html-1-121629-order-***,La reserva fue confirmada por mensaje de exito del portal.
***-121708-f183f02b,2026-08-27 12:17:31,order-***,unavailable,normal,LIMA-LA VICTORIA,24/09/2026,08:00,20,slot_lost,,,22.774,6.875,0.782,0.047,0.031,0.016,0.031,event_atomic,0.187,screenshots\2026-08\27-08-2026\portal-1-121708-order-***,screenshots\2026-08\27-08-2026\portal-1-121708-order-*** | screenshots\2026-08\27-08-2026\cupo-121708-order-*** | screenshots\2026-08\27-08-2026\captchas\captcha-121708-order-*** | screenshots\2026-08\27-08-2026\diagnostics\portal-html-1-121708-order-***,El cupo dejo de estar disponible antes de completar la reserva.
***-121754-370d04f2,2026-08-27 12:18:36,order-***,partial,normal,LIMA-LA VICTORIA,24/09/2026,09:00,20,blocked_by_order_rule,,,41.376,1.343,1.093,,,,,event_atomic,,screenshots\2026-08\27-08-2026\captchas\captcha-121754-order-***,screenshots\2026-08\27-08-2026\captchas\captcha-121754-order-***,"Se encontro un horario disponible, pero no cumple la regla de reserva de la orden."
***-121836-cc213564,2026-08-27 12:18:55,order-***,registered,slot_lost_reobservation,LIMA-LA VICTORIA,23/09/2026,09:00,20,confirmed,portal_success_text,,19.451,4.484,0.812,0.031,0.016,0.016,0.016,event_atomic,0.281,screenshots\2026-08\27-08-2026\portal-1-121836-order-***,screenshots\2026-08\27-08-2026\portal-1-121836-order-*** | screenshots\2026-08\27-08-2026\portal-1-121836-order-*** | screenshots\2026-08\27-08-2026\cupo-121836-order-*** | screenshots\2026-08\27-08-2026\cupo-121836-order-*** | screenshots\2026-08\27-08-2026\captchas\captcha-121836-order-*** | screenshots\2026-08\27-08-2026\diagnostics\portal-html-1-121836-order-***,La reserva fue confirmada por mensaje de exito del portal.
***-122003-***,2026-08-27 12:20:13,order-***,registered,normal,LIMA-LA VICTORIA,24/09/2026,10:00,20,confirmed,portal_success_text,,10.123,4.422,0.672,0.016,0.016,0.000,0.015,event_atomic,0.360,screenshots\2026-08\27-08-2026\portal-1-122003-order-***,screenshots\2026-08\27-08-2026\portal-1-122003-order-*** | screenshots\2026-08\27-08-2026\cupo-122003-order-*** | screenshots\2026-08\27-08-2026\captchas\captcha-122003-order-*** | screenshots\2026-08\27-08-2026\diagnostics\portal-html-1-122003-order-***,La reserva fue confirmada por mensaje de exito del portal.
***-124619-98291b57,2026-08-27 12:47:19,order-***,unavailable,normal,LIMA-LA VICTORIA,08/09/2026,08:00,35,slot_lost,,,59.494,5.390,0.656,0.031,0.016,0.015,0.016,event_atomic,0.110,screenshots\2026-08\27-08-2026\portal-1-124619-order-***,screenshots\2026-08\27-08-2026\portal-1-124619-order-*** | screenshots\2026-08\27-08-2026\cupo-124619-order-*** | screenshots\2026-08\27-08-2026\captchas\captcha-124619-order-*** | screenshots\2026-08\27-08-2026\diagnostics\portal-html-1-124619-order-***,El cupo dejo de estar disponible antes de completar la reserva.
***-124722-bcd25bd2,2026-08-27 12:47:43,order-***,partial,normal,LIMA-LA VICTORIA,11/09/2026,12:00,30,blocked_by_order_rule,,,21.432,1.421,1.062,,,,,event_atomic,,screenshots\2026-08\27-08-2026\captchas\captcha-124722-order-***,screenshots\2026-08\27-08-2026\captchas\captcha-124722-order-***,"Se encontro un horario disponible, pero no cumple la regla de reserva de la orden."
***-124744-3cfd8e69,2026-08-27 12:48:27,order-***,partial,normal,LIMA-LA VICTORIA,11/09/2026,10:00,30,blocked_by_order_rule,,,43.370,1.281,1.015,,,,,event_atomic,,screenshots\2026-08\27-08-2026\captchas\captcha-124744-order-***,screenshots\2026-08\27-08-2026\captchas\captcha-124744-order-***,"Se encontro un horario disponible, pero no cumple la regla de reserva de la orden."
***-092136-ae5d2234,2026-08-28 09:22:52,order-***,error,normal,,,,,,,network,75.452,,,,,,,,,screenshots\2026-08\28-08-2026\error-092136-order-***,,"Locator.wait_for: Timeout 30000ms exceeded.
Call log:
  - waiting for locator(""#MainContent_idUcitas_cbosede"") to be visible"
***-094056-34499bea,2026-08-28 09:42:02,order-***,registered,normal,LIMA-LA VICTORIA,15/09/2026,09:00,30,confirmed,portal_success_text,,65.832,4.016,0.797,0.016,0.015,0.000,0.000,event_atomic,0.297,screenshots\2026-08\28-08-2026\portal-1-094056-order-***,screenshots\2026-08\28-08-2026\portal-1-094056-order-*** | screenshots\2026-08\28-08-2026\cupo-094056-order-*** | screenshots\2026-08\28-08-2026\captchas\captcha-094056-order-*** | screenshots\2026-08\28-08-2026\diagnostics\portal-html-1-094056-order-***,La reserva fue confirmada por mensaje de exito del portal.
***-094147-ccfd02e2,2026-08-28 09:42:10,order-***,unavailable,normal,LIMA-LA VICTORIA,15/09/2026,09:00,30,slot_lost,,,23.113,6.907,0.750,0.047,0.015,0.016,0.016,event_atomic,0.093,screenshots\2026-08\28-08-2026\portal-1-094147-order-***,screenshots\2026-08\28-08-2026\portal-1-094147-order-*** | screenshots\2026-08\28-08-2026\cupo-094147-order-*** | screenshots\2026-08\28-08-2026\captchas\captcha-094147-order-*** | screenshots\2026-08\28-08-2026\diagnostics\portal-html-1-094147-order-***,El cupo dejo de estar disponible antes de completar la reserva.
***-094236-77e0a04c,2026-08-28 09:43:04,order-***,registered,normal,LIMA-LA VICTORIA,17/09/2026,08:00,25,confirmed,portal_success_text,,27.555,5.031,0.828,0.016,0.016,0.016,0.016,event_atomic,0.297,screenshots\2026-08\28-08-2026\portal-1-094236-order-***,screenshots\2026-08\28-08-2026\portal-1-094236-order-*** | screenshots\2026-08\28-08-2026\cupo-094236-order-*** | screenshots\2026-08\28-08-2026\captchas\captcha-094236-order-*** | screenshots\2026-08\28-08-2026\diagnostics\portal-html-1-094236-order-***,La reserva fue confirmada por mensaje de exito del portal.
***-094254-99f32208,2026-08-28 09:43:17,order-***,unavailable,normal,LIMA-LA VICTORIA,17/09/2026,08:00,25,slot_lost,,,22.710,6.625,0.859,0.047,0.031,0.015,0.015,event_atomic,0.141,screenshots\2026-08\28-08-2026\portal-1-094254-order-***,screenshots\2026-08\28-08-2026\portal-1-094254-order-*** | screenshots\2026-08\28-08-2026\cupo-094254-order-*** | screenshots\2026-08\28-08-2026\captchas\captcha-094254-order-*** | screenshots\2026-08\28-08-2026\diagnostics\portal-html-1-094254-order-***,El cupo dejo de estar disponible antes de completar la reserva.
***-094334-752fe095,2026-08-28 09:43:57,order-***,unavailable,normal,LIMA-LA VICTORIA,18/09/2026,09:00,20,slot_lost,,,22.597,5.562,0.687,0.047,0.031,0.000,0.000,event_atomic,0.172,screenshots\2026-08\28-08-2026\portal-1-094334-order-***,screenshots\2026-08\28-08-2026\portal-1-094334-order-*** | screenshots\2026-08\28-08-2026\cupo-094334-order-*** | screenshots\2026-08\28-08-2026\captchas\captcha-094334-order-*** | screenshots\2026-08\28-08-2026\diagnostics\portal-html-1-094334-order-***,El cupo dejo de estar disponible antes de completar la reserva.
***-094402-096d3c4a,2026-08-28 09:44:36,order-***,registered,normal,LIMA-LA VICTORIA,18/09/2026,10:00,20,confirmed,portal_success_text,,34.024,4.422,0.657,0.016,0.031,0.016,0.016,event_atomic,0.281,screenshots\2026-08\28-08-2026\portal-1-094402-order-***,screenshots\2026-08\28-08-2026\portal-1-094402-order-*** | screenshots\2026-08\28-08-2026\cupo-094402-order-*** | screenshots\2026-08\28-08-2026\captchas\captcha-094402-order-*** | screenshots\2026-08\28-08-2026\diagnostics\portal-html-1-094402-order-***,La reserva fue confirmada por mensaje de exito del portal.
***-094504-5b42c7b9,2026-08-28 09:45:09,order-***,partial,normal,LIMA-LA VICTORIA,23/09/2026,08:00,25,blocked_by_order_rule,,,5.662,1.344,1.016,,,,,event_atomic,,screenshots\2026-08\28-08-2026\captchas\captcha-094504-order-***,screenshots\2026-08\28-08-2026\captchas\captcha-094504-order-***,"Se encontro un horario disponible, pero no cumple la regla de reserva de la orden."
***-094657-5538341f,2026-08-28 09:47:57,order-***,registered,normal,LIMA-LA VICTORIA,17/09/2026,10:00,25,confirmed,portal_success_text,,60.182,5.062,0.656,0.031,0.016,0.000,0.000,event_atomic,0.265,screenshots\2026-08\28-08-2026\portal-1-094657-order-***,screenshots\2026-08\28-08-2026\portal-1-094657-order-*** | screenshots\2026-08\28-08-2026\cupo-094657-order-*** | screenshots\2026-08\28-08-2026\captchas\captcha-094657-order-*** | screenshots\2026-08\28-08-2026\diagnostics\portal-html-1-094657-order-***,La reserva fue confirmada por mensaje de exito del portal.
***-094743-0d3577ae,2026-08-28 09:48:06,order-***,unavailable,normal,LIMA-LA VICTORIA,17/09/2026,10:00,25,slot_lost,,,23.607,6.547,0.734,0.031,0.015,0.016,0.016,event_atomic,0.172,screenshots\2026-08\28-08-2026\portal-1-094743-order-***,screenshots\2026-08\28-08-2026\portal-1-094743-order-*** | screenshots\2026-08\28-08-2026\cupo-094743-order-*** | screenshots\2026-08\28-08-2026\captchas\captcha-094743-order-*** | screenshots\2026-08\28-08-2026\diagnostics\portal-html-1-094743-order-***,El cupo dejo de estar disponible antes de completar la reserva.
***-095808-ddb2bd95,2026-08-28 09:58:47,order-***,registered,normal,LIMA-LA VICTORIA,24/09/2026,11:00,20,confirmed,portal_success_text,,38.572,5.172,0.797,0.032,0.032,0.016,0.016,event_atomic,0.266,screenshots\2026-08\28-08-2026\portal-1-095808-order-***,screenshots\2026-08\28-08-2026\portal-1-095808-order-*** | screenshots\2026-08\28-08-2026\cupo-095808-order-*** | screenshots\2026-08\28-08-2026\captchas\captcha-095808-order-*** | screenshots\2026-08\28-08-2026\diagnostics\portal-html-1-095808-order-***,La reserva fue confirmada por mensaje de exito del portal.
***-095835-4537f4e1,2026-08-28 09:58:58,order-***,unavailable,normal,LIMA-LA VICTORIA,24/09/2026,11:00,20,slot_lost,,,23.241,6.438,0.672,0.031,0.031,0.015,0.031,event_atomic,0.266,screenshots\2026-08\28-08-2026\portal-1-095835-order-***,screenshots\2026-08\28-08-2026\portal-1-095835-order-*** | screenshots\2026-08\28-08-2026\cupo-095835-order-*** | screenshots\2026-08\28-08-2026\captchas\captcha-095835-order-*** | screenshots\2026-08\28-08-2026\diagnostics\portal-html-1-095835-order-***,El cupo dejo de estar disponible antes de completar la reserva.
***-095918-8e165a6f,2026-08-28 09:59:31,order-***,registered,normal,LIMA-LA VICTORIA,25/09/2026,08:00,10,confirmed,portal_success_text,,13.093,4.844,0.672,0.031,0.015,0.016,0.000,event_atomic,0.313,screenshots\2026-08\28-08-2026\portal-1-095918-order-***,screenshots\2026-08\28-08-2026\portal-1-095918-order-*** | screenshots\2026-08\28-08-2026\cupo-095918-order-*** | screenshots\2026-08\28-08-2026\captchas\captcha-095918-order-*** | screenshots\2026-08\28-08-2026\diagnostics\portal-html-1-095918-order-***,La reserva fue confirmada por mensaje de exito del portal.
***-095922-d0254fcf,2026-08-28 09:59:38,order-***,registered,normal,LIMA-LA VICTORIA,25/09/2026,08:00,10,confirmed,portal_success_text,,15.311,5.422,0.797,0.046,0.016,0.015,0.016,event_atomic,0.265,screenshots\2026-08\28-08-2026\portal-1-095922-order-***,screenshots\2026-08\28-08-2026\portal-1-095922-order-*** | screenshots\2026-08\28-08-2026\cupo-095922-order-*** | screenshots\2026-08\28-08-2026\captchas\captcha-095922-order-*** | screenshots\2026-08\28-08-2026\diagnostics\portal-html-1-095922-order-***,La reserva fue confirmada por mensaje de exito del portal.
***-095931-c14be936,2026-08-28 09:59:46,order-***,registered,normal,LIMA-LA VICTORIA,25/09/2026,09:00,10,confirmed,portal_success_text,,14.622,5.453,0.828,0.047,0.015,0.032,0.031,event_atomic,0.266,screenshots\2026-08\28-08-2026\portal-1-095931-order-***,screenshots\2026-08\28-08-2026\portal-1-095931-order-*** | screenshots\2026-08\28-08-2026\cupo-095931-order-*** | screenshots\2026-08\28-08-2026\captchas\captcha-095931-order-*** | screenshots\2026-08\28-08-2026\diagnostics\portal-html-1-095931-order-***,La reserva fue confirmada por mensaje de exito del portal.
***-095938-d3db38ba,2026-08-28 09:59:51,order-***,registered,normal,LIMA-LA VICTORIA,25/09/2026,09:00,10,confirmed,portal_success_text,,13.533,5.109,0.765,0.047,0.031,0.015,0.000,event_atomic,0.281,screenshots\2026-08\28-08-2026\portal-1-095938-order-***,screenshots\2026-08\28-08-2026\portal-1-095938-order-*** | screenshots\2026-08\28-08-2026\cupo-095938-order-*** | screenshots\2026-08\28-08-2026\captchas\captcha-095938-order-*** | screenshots\2026-08\28-08-2026\diagnostics\portal-html-1-095938-order-***,La reserva fue confirmada por mensaje de exito del portal.
***-095946-8e361992,2026-08-28 09:59:58,order-***,registered,normal,LIMA-LA VICTORIA,25/09/2026,09:00,10,confirmed,portal_success_text,,12.270,5.468,0.718,0.016,0.015,0.000,0.016,event_atomic,0.266,screenshots\2026-08\28-08-2026\portal-1-095946-order-***,screenshots\2026-08\28-08-2026\portal-1-095946-order-*** | screenshots\2026-08\28-08-2026\cupo-095946-order-*** | screenshots\2026-08\28-08-2026\captchas\captcha-095946-order-*** | screenshots\2026-08\28-08-2026\diagnostics\portal-html-1-095946-order-***,La reserva fue confirmada por mensaje de exito del portal.
observer-***-100043-4f20bb42,2026-08-28 10:00:52,,available,normal,LIMA-LA VICTORIA,25/09/2026,10:00,10,,,,8.913,,,,,,,event_atomic,,screenshots\2026-08\28-08-2026\observer-cupo-524954.png,screenshots\2026-08\28-08-2026\observer-cupo-524954.png,Se seleccionaron una fecha y una hora disponibles.
observer-***-100052-d7236240,2026-08-28 10:01:00,,available,normal,LIMA-LA VICTORIA,25/09/2026,10:00,10,,,,8.489,,,,,,,event_atomic,,,,Se seleccionaron una fecha y una hora disponibles.
observer-***-100101-a85d2a03,2026-08-28 10:01:10,,available,normal,LIMA-LA VICTORIA,25/09/2026,10:00,10,,,,8.835,,,,,,,event_atomic,,screenshots\2026-08\28-08-2026\observer-cupo-a9666b.png,screenshots\2026-08\28-08-2026\observer-cupo-a9666b.png,Se seleccionaron una fecha y una hora disponibles.
observer-***-100124-0e890262,2026-08-28 10:01:33,,available,normal,LIMA-LA VICTORIA,25/09/2026,11:00,10,,,,8.779,,,,,,,event_atomic,,screenshots\2026-08\28-08-2026\observer-cupo-fc31fb.png,screenshots\2026-08\28-08-2026\observer-cupo-fc31fb.png,Se seleccionaron una fecha y una hora disponibles.
observer-***-100133-d7d9f0d4,2026-08-28 10:01:42,,available,normal,LIMA-LA VICTORIA,25/09/2026,11:00,10,,,,8.428,,,,,,,event_atomic,,,,Se seleccionaron una fecha y una hora disponibles.
observer-***-100143-f1e7e8ac,2026-08-28 10:01:51,,available,normal,LIMA-LA VICTORIA,25/09/2026,11:00,10,,,,8.733,,,,,,,event_atomic,,screenshots\2026-08\28-08-2026\observer-cupo-11f6da.png,screenshots\2026-08\28-08-2026\observer-cupo-11f6da.png,Se seleccionaron una fecha y una hora disponibles.
observer-***-103536-2a545061,2026-08-28 10:35:45,,available,normal,LIMA-LA VICTORIA,15/09/2026,10:00,30,,,,8.582,,,,,,,event_atomic,,screenshots\2026-08\28-08-2026\observer-cupo-69ebee.png,screenshots\2026-08\28-08-2026\observer-cupo-69ebee.png,Se seleccionaron una fecha y una hora disponibles.
observer-***-103800-7e26d171,2026-08-28 10:38:29,,available,normal,LIMA-LA VICTORIA,17/09/2026,08:00,30,,,,28.306,,,,,,,event_atomic,,screenshots\2026-08\28-08-2026\observer-cupo-1017f4.png,screenshots\2026-08\28-08-2026\observer-cupo-1017f4.png,Se seleccionaron una fecha y una hora disponibles.
observer-***-103829-5fa87055,2026-08-28 10:38:37,,available,normal,LIMA-LA VICTORIA,16/09/2026,08:00,30,,,,8.225,,,,,,,event_atomic,,,,Se seleccionaron una fecha y una hora disponibles.
observer-***-103838-20097f5e,2026-08-28 10:38:47,,available,normal,LIMA-LA VICTORIA,16/09/2026,08:00,30,,,,8.713,,,,,,,event_atomic,,screenshots\2026-08\28-08-2026\observer-cupo-c7e559.png,screenshots\2026-08\28-08-2026\observer-cupo-c7e559.png,Se seleccionaron una fecha y una hora disponibles.
observer-***-104549-a89568de,2026-08-28 10:46:17,,available,normal,LIMA-LA VICTORIA,21/09/2026,08:00,30,,,,27.902,,,,,,,event_atomic,,screenshots\2026-08\28-08-2026\observer-cupo-7d5c19.png,screenshots\2026-08\28-08-2026\observer-cupo-7d5c19.png,Se seleccionaron una fecha y una hora disponibles.
observer-***-104617-0df14ecf,2026-08-28 10:46:26,,available,normal,LIMA-LA VICTORIA,21/09/2026,08:00,30,,,,8.221,,,,,,,event_atomic,,,,Se seleccionaron una fecha y una hora disponibles.
observer-***-104626-69d88697,2026-08-28 10:46:35,,available,normal,LIMA-LA VICTORIA,21/09/2026,08:00,30,,,,8.531,,,,,,,event_atomic,,screenshots\2026-08\28-08-2026\observer-cupo-0acedb.png,screenshots\2026-08\28-08-2026\observer-cupo-0acedb.png,Se seleccionaron una fecha y una hora disponibles.
observer-***-104635-78f927b9,2026-08-28 10:46:43,,available,normal,LIMA-LA VICTORIA,21/09/2026,08:00,30,,,,8.299,,,,,,,event_atomic,,,,Se seleccionaron una fecha y una hora disponibles.
observer-***-104643-9942c7a7,2026-08-28 10:46:52,,available,normal,LIMA-LA VICTORIA,21/09/2026,08:00,30,,,,8.453,,,,,,,event_atomic,,screenshots\2026-08\28-08-2026\observer-cupo-b5a39c.png,screenshots\2026-08\28-08-2026\observer-cupo-b5a39c.png,Se seleccionaron una fecha y una hora disponibles.
observer-***-114430-5c1ef867,2026-08-28 11:45:17,,available,normal,LIMA-LA VICTORIA,14/09/2026,12:00,35,,,,46.624,,,,,,,event_atomic,,screenshots\2026-08\28-08-2026\observer-cupo-731e0e.png,screenshots\2026-08\28-08-2026\observer-cupo-731e0e.png,Se seleccionaron una fecha y una hora disponibles.
observer-***-114517-8ce44b7d,2026-08-28 11:45:25,,available,normal,LIMA-LA VICTORIA,14/09/2026,12:00,35,,,,8.336,,,,,,,event_atomic,,,,Se seleccionaron una fecha y una hora disponibles.
***-134351-3297903b,2026-08-28 13:44:07,order-***,registered,normal,LIMA-LA VICTORIA,23/09/2026,09:00,30,confirmed,portal_success_text,,16.662,6.047,0.719,0.046,0.031,0.015,0.015,event_atomic,0.391,screenshots\2026-08\28-08-2026\portal-1-134351-order-***,screenshots\2026-08\28-08-2026\portal-1-134351-order-*** | screenshots\2026-08\28-08-2026\cupo-134351-order-*** | screenshots\2026-08\28-08-2026\captchas\captcha-134351-order-*** | screenshots\2026-08\28-08-2026\diagnostics\portal-html-1-134351-order-***,La reserva fue confirmada por mensaje de exito del portal.
***-134311-ad92dd0b,2026-08-28 13:44:09,order-***,registered,normal,LIMA-LA VICTORIA,23/09/2026,09:00,30,confirmed,portal_success_text,,58.101,4.907,0.688,0.032,0.015,0.032,0.016,event_atomic,0.344,screenshots\2026-08\28-08-2026\portal-1-134311-order-***,screenshots\2026-08\28-08-2026\portal-1-134311-order-*** | screenshots\2026-08\28-08-2026\cupo-134311-order-*** | screenshots\2026-08\28-08-2026\captchas\captcha-134311-order-*** | screenshots\2026-08\28-08-2026\diagnostics\portal-html-1-134311-order-***,La reserva fue confirmada por mensaje de exito del portal.
***-142746-c4d59f8a,2026-08-28 14:28:17,order-***,registered,normal,LIMA-LA VICTORIA,25/09/2026,08:00,20,confirmed,portal_success_text,,30.941,4.578,0.656,0.016,0.016,0.000,0.000,event_atomic,0.282,screenshots\2026-08\28-08-2026\portal-1-142746-order-***,screenshots\2026-08\28-08-2026\portal-1-142746-order-*** | screenshots\2026-08\28-08-2026\cupo-142746-order-*** | screenshots\2026-08\28-08-2026\captchas\captcha-142746-order-*** | screenshots\2026-08\28-08-2026\diagnostics\portal-html-1-142746-order-***,La reserva fue confirmada por mensaje de exito del portal.
***-092718-00972f23,2026-08-29 09:27:56,order-***,registered,normal,LIMA-LA VICTORIA,25/09/2026,09:00,20,confirmed,portal_success_text,,38.427,4.547,0.672,0.031,0.031,0.015,0.000,event_atomic,0.281,screenshots\2026-08\29-08-2026\portal-1-092718-order-***,screenshots\2026-08\29-08-2026\portal-1-092718-order-*** | screenshots\2026-08\29-08-2026\cupo-092718-order-*** | screenshots\2026-08\29-08-2026\captchas\captcha-092718-order-*** | screenshots\2026-08\29-08-2026\diagnostics\portal-html-1-092718-order-***,La reserva fue confirmada por mensaje de exito del portal.
***-092745-b37c139f,2026-08-29 09:27:57,order-***,registered,normal,LIMA-LA VICTORIA,25/09/2026,09:00,20,confirmed,portal_success_text,,12.081,5.297,0.719,0.047,0.031,0.000,0.032,event_atomic,0.359,screenshots\2026-08\29-08-2026\portal-1-092745-order-***,screenshots\2026-08\29-08-2026\portal-1-092745-order-*** | screenshots\2026-08\29-08-2026\cupo-092745-order-*** | screenshots\2026-08\29-08-2026\captchas\captcha-092745-order-*** | screenshots\2026-08\29-08-2026\diagnostics\portal-html-1-092745-order-***,La reserva fue confirmada por mensaje de exito del portal.
***-092756-7c7e03a4,2026-08-29 09:28:19,order-***,unavailable,normal,LIMA-LA VICTORIA,25/09/2026,09:00,20,slot_lost,,,22.347,5.359,0.672,0.031,0.016,0.000,0.016,event_atomic,0.094,screenshots\2026-08\29-08-2026\portal-1-092756-order-***,screenshots\2026-08\29-08-2026\portal-1-092756-order-*** | screenshots\2026-08\29-08-2026\cupo-092756-order-*** | screenshots\2026-08\29-08-2026\captchas\captcha-092756-order-*** | screenshots\2026-08\29-08-2026\diagnostics\portal-html-1-092756-order-***,El cupo dejo de estar disponible antes de completar la reserva.
***-100000-124642a1,2026-08-29 10:00:28,order-***,partial,normal,LIMA-LA VICTORIA,25/09/2026,10:00,20,blocked_by_order_rule,,,28.234,1.313,1.047,,,,,event_atomic,,screenshots\2026-08\29-08-2026\captchas\captcha-100000-order-***,screenshots\2026-08\29-08-2026\captchas\captcha-100000-order-***,"Se encontro un horario disponible, pero no cumple la regla de reserva de la orden."
***-100028-102d6598,2026-08-29 10:00:38,order-***,registered,normal,LIMA-LA VICTORIA,25/09/2026,10:00,20,confirmed,portal_success_text,,10.154,4.156,0.687,0.031,0.016,0.015,0.000,event_atomic,0.344,screenshots\2026-08\29-08-2026\portal-1-100028-order-***,screenshots\2026-08\29-08-2026\portal-1-100028-order-*** | screenshots\2026-08\29-08-2026\cupo-100028-order-*** | screenshots\2026-08\29-08-2026\captchas\captcha-100028-order-*** | screenshots\2026-08\29-08-2026\diagnostics\portal-html-1-100028-order-***,La reserva fue confirmada por mensaje de exito del portal.
***-100323-a6b6e597,2026-08-29 10:03:54,order-***,partial,normal,LIMA-LA VICTORIA,25/09/2026,11:00,20,blocked_by_order_rule,,,31.474,1.266,0.985,,,,,event_atomic,,screenshots\2026-08\29-08-2026\captchas\captcha-100323-order-***,screenshots\2026-08\29-08-2026\captchas\captcha-100323-order-***,"Se encontro un horario disponible, pero no cumple la regla de reserva de la orden."
***-100354-ade0b449,2026-08-29 10:03:59,order-***,partial,normal,LIMA-LA VICTORIA,25/09/2026,11:00,20,blocked_by_order_rule,,,4.818,1.360,0.969,,,,,event_atomic,,screenshots\2026-08\29-08-2026\captchas\captcha-100354-order-***,screenshots\2026-08\29-08-2026\captchas\captcha-100354-order-***,"Se encontro un horario disponible, pero no cumple la regla de reserva de la orden."
***-100359-4e667b31,2026-08-29 10:04:04,order-***,partial,normal,LIMA-LA VICTORIA,25/09/2026,11:00,20,blocked_by_order_rule,,,4.791,1.281,0.984,,,,,event_atomic,,screenshots\2026-08\29-08-2026\captchas\captcha-100359-order-***,screenshots\2026-08\29-08-2026\captchas\captcha-100359-order-***,"Se encontro un horario disponible, pero no cumple la regla de reserva de la orden."
***-100404-1846d0f1,2026-08-29 10:04:09,order-***,partial,normal,LIMA-LA VICTORIA,25/09/2026,11:00,20,blocked_by_order_rule,,,4.678,1.297,0.984,,,,,event_atomic,,screenshots\2026-08\29-08-2026\captchas\captcha-100404-order-***,screenshots\2026-08\29-08-2026\captchas\captcha-100404-order-***,"Se encontro un horario disponible, pero no cumple la regla de reserva de la orden."
***-100409-e630c413,2026-08-29 10:04:13,order-***,partial,normal,LIMA-LA VICTORIA,25/09/2026,11:00,20,blocked_by_order_rule,,,4.485,1.234,0.953,,,,,event_atomic,,screenshots\2026-08\29-08-2026\captchas\captcha-100409-order-***,screenshots\2026-08\29-08-2026\captchas\captcha-100409-order-***,"Se encontro un horario disponible, pero no cumple la regla de reserva de la orden."
***-110522-b3a31831,2026-08-29 11:05:45,order-***,registered,normal,LIMA-LA VICTORIA,25/09/2026,12:00,10,confirmed,portal_success_text,,23.589,4.579,0.657,0.015,0.000,0.015,0.016,event_atomic,0.265,screenshots\2026-08\29-08-2026\portal-1-110522-order-***,screenshots\2026-08\29-08-2026\portal-1-110522-order-*** | screenshots\2026-08\29-08-2026\cupo-110522-order-*** | screenshots\2026-08\29-08-2026\captchas\captcha-110522-order-*** | screenshots\2026-08\29-08-2026\diagnostics\portal-html-1-110522-order-***,La reserva fue confirmada por mensaje de exito del portal.
***-110537-c3f380ea,2026-08-29 11:05:48,order-***,registered,normal,LIMA-LA VICTORIA,25/09/2026,12:00,10,confirmed,portal_success_text,,10.713,5.031,0.687,0.031,0.015,0.015,0.016,event_atomic,0.282,screenshots\2026-08\29-08-2026\portal-1-110537-order-***,screenshots\2026-08\29-08-2026\portal-1-110537-order-*** | screenshots\2026-08\29-08-2026\cupo-110537-order-*** | screenshots\2026-08\29-08-2026\captchas\captcha-110537-order-*** | screenshots\2026-08\29-08-2026\diagnostics\portal-html-1-110537-order-***,La reserva fue confirmada por mensaje de exito del portal.
***-110748-7cd96533,2026-08-29 11:07:59,order-***,partial,normal,LIMA-LA VICTORIA,25/09/2026,12:00,20,blocked_by_order_rule,,,10.816,1.281,1.000,,,,,event_atomic,,screenshots\2026-08\29-08-2026\captchas\captcha-110748-order-***,screenshots\2026-08\29-08-2026\captchas\captcha-110748-order-***,"Se encontro un horario disponible, pero no cumple la regla de reserva de la orden."
***-110759-e570bd92,2026-08-29 11:08:04,order-***,partial,normal,LIMA-LA VICTORIA,25/09/2026,12:00,20,blocked_by_order_rule,,,4.618,1.235,0.969,,,,,event_atomic,,screenshots\2026-08\29-08-2026\captchas\captcha-110759-order-***,screenshots\2026-08\29-08-2026\captchas\captcha-110759-order-***,"Se encontro un horario disponible, pero no cumple la regla de reserva de la orden."
***-110804-ca52ecad,2026-08-29 11:08:08,order-***,partial,normal,LIMA-LA VICTORIA,25/09/2026,12:00,20,blocked_by_order_rule,,,4.461,1.187,0.984,,,,,event_atomic,,screenshots\2026-08\29-08-2026\captchas\captcha-110804-order-***,screenshots\2026-08\29-08-2026\captchas\captcha-110804-order-***,"Se encontro un horario disponible, pero no cumple la regla de reserva de la orden."
***-111120-f802c5c5,2026-08-29 11:11:44,order-***,partial,normal,LIMA-LA VICTORIA,24/09/2026,12:00,20,blocked_by_order_rule,,,24.325,1.313,0.953,,,,,event_atomic,,screenshots\2026-08\29-08-2026\captchas\captcha-111120-order-***,screenshots\2026-08\29-08-2026\captchas\captcha-111120-order-***,"Se encontro un horario disponible, pero no cumple la regla de reserva de la orden."
***-111144-f516f874,2026-08-29 11:11:49,order-***,partial,normal,LIMA-LA VICTORIA,24/09/2026,12:00,20,blocked_by_order_rule,,,4.607,1.250,0.937,,,,,event_atomic,,screenshots\2026-08\29-08-2026\captchas\captcha-111144-order-***,screenshots\2026-08\29-08-2026\captchas\captcha-111144-order-***,"Se encontro un horario disponible, pero no cumple la regla de reserva de la orden."
***-111149-f79bbc56,2026-08-29 11:11:54,order-***,partial,normal,LIMA-LA VICTORIA,24/09/2026,12:00,20,blocked_by_order_rule,,,4.448,1.265,0.969,,,,,event_atomic,,screenshots\2026-08\29-08-2026\captchas\captcha-111149-order-***,screenshots\2026-08\29-08-2026\captchas\captcha-111149-order-***,"Se encontro un horario disponible, pero no cumple la regla de reserva de la orden."
***-111154-47bc25fa,2026-08-29 11:11:58,order-***,partial,normal,LIMA-LA VICTORIA,24/09/2026,12:00,20,blocked_by_order_rule,,,4.785,1.438,1.078,,,,,event_atomic,,screenshots\2026-08\29-08-2026\captchas\captcha-111154-order-***,screenshots\2026-08\29-08-2026\captchas\captcha-111154-order-***,"Se encontro un horario disponible, pero no cumple la regla de reserva de la orden."
***-115625-61034d24,2026-08-29 11:56:40,order-***,registered,normal,LIMA-LA VICTORIA,26/09/2026,08:00,10,confirmed,portal_success_text,,14.880,4.453,0.672,0.015,0.016,0.016,0.000,event_atomic,0.282,screenshots\2026-08\29-08-2026\portal-1-115625-order-***,screenshots\2026-08\29-08-2026\portal-1-115625-order-*** | screenshots\2026-08\29-08-2026\cupo-115625-order-*** | screenshots\2026-08\29-08-2026\captchas\captcha-115625-order-*** | screenshots\2026-08\29-08-2026\diagnostics\portal-html-1-115625-order-***,La reserva fue confirmada por mensaje de exito del portal.
***-115633-24e96e83,2026-08-29 11:56:45,order-***,registered,normal,LIMA-LA VICTORIA,26/09/2026,08:00,10,confirmed,portal_success_text,,11.307,5.015,0.656,0.047,0.063,0.015,0.000,event_atomic,0.296,screenshots\2026-08\29-08-2026\portal-1-115633-order-***,screenshots\2026-08\29-08-2026\portal-1-115633-order-*** | screenshots\2026-08\29-08-2026\cupo-115633-order-*** | screenshots\2026-08\29-08-2026\captchas\captcha-115633-order-*** | screenshots\2026-08\29-08-2026\diagnostics\portal-html-1-115633-order-***,La reserva fue confirmada por mensaje de exito del portal.
***-115640-ceac9797,2026-08-29 11:57:01,order-***,unavailable,normal,LIMA-LA VICTORIA,26/09/2026,08:00,10,slot_lost,,,20.753,4.766,0.703,0.015,0.016,0.000,0.016,event_atomic,0.093,screenshots\2026-08\29-08-2026\portal-1-115640-order-***,screenshots\2026-08\29-08-2026\portal-1-115640-order-*** | screenshots\2026-08\29-08-2026\cupo-115640-order-*** | screenshots\2026-08\29-08-2026\captchas\captcha-115640-order-*** | screenshots\2026-08\29-08-2026\diagnostics\portal-html-1-115640-order-***,El cupo dejo de estar disponible antes de completar la reserva.
***-115908-5abcf770,2026-08-29 11:59:20,order-***,partial,normal,LIMA-LA VICTORIA,23/09/2026,10:00,30,blocked_by_order_rule,,,11.890,1.250,0.984,,,,,event_atomic,,screenshots\2026-08\29-08-2026\captchas\captcha-115908-order-***,screenshots\2026-08\29-08-2026\captchas\captcha-115908-order-***,"Se encontro un horario disponible, pero no cumple la regla de reserva de la orden."
***-115920-5665a7c7,2026-08-29 11:59:25,order-***,partial,normal,LIMA-LA VICTORIA,23/09/2026,10:00,30,blocked_by_order_rule,,,4.524,1.219,0.953,,,,,event_atomic,,screenshots\2026-08\29-08-2026\captchas\captcha-115920-order-***,screenshots\2026-08\29-08-2026\captchas\captcha-115920-order-***,"Se encontro un horario disponible, pero no cumple la regla de reserva de la orden."
***-115925-bd858568,2026-08-29 11:59:30,order-***,partial,normal,LIMA-LA VICTORIA,23/09/2026,10:00,30,blocked_by_order_rule,,,4.664,1.266,0.969,,,,,event_atomic,,screenshots\2026-08\29-08-2026\captchas\captcha-115925-order-***,screenshots\2026-08\29-08-2026\captchas\captcha-115925-order-***,"Se encontro un horario disponible, pero no cumple la regla de reserva de la orden."
***-115930-194b731f,2026-08-29 11:59:35,order-***,partial,normal,LIMA-LA VICTORIA,23/09/2026,10:00,30,blocked_by_order_rule,,,4.650,1.203,0.985,,,,,event_atomic,,screenshots\2026-08\29-08-2026\captchas\captcha-115930-order-***,screenshots\2026-08\29-08-2026\captchas\captcha-115930-order-***,"Se encontro un horario disponible, pero no cumple la regla de reserva de la orden."
***-115935-f6692a66,2026-08-29 11:59:39,order-***,partial,normal,LIMA-LA VICTORIA,23/09/2026,10:00,30,blocked_by_order_rule,,,4.568,1.250,0.969,,,,,event_atomic,,screenshots\2026-08\29-08-2026\captchas\captcha-115935-order-***,screenshots\2026-08\29-08-2026\captchas\captcha-115935-order-***,"Se encontro un horario disponible, pero no cumple la regla de reserva de la orden."
***-115939-***,2026-08-29 11:59:44,order-***,partial,normal,LIMA-LA VICTORIA,23/09/2026,10:00,30,blocked_by_order_rule,,,4.540,1.250,0.968,,,,,event_atomic,,screenshots\2026-08\29-08-2026\captchas\captcha-115939-order-***,screenshots\2026-08\29-08-2026\captchas\captcha-115939-order-***,"Se encontro un horario disponible, pero no cumple la regla de reserva de la orden."
***-115944-***,2026-08-29 11:59:49,order-***,partial,normal,LIMA-LA VICTORIA,23/09/2026,10:00,30,blocked_by_order_rule,,,4.628,1.328,0.984,,,,,event_atomic,,screenshots\2026-08\29-08-2026\captchas\captcha-115944-order-***,screenshots\2026-08\29-08-2026\captchas\captcha-115944-order-***,"Se encontro un horario disponible, pero no cumple la regla de reserva de la orden."
***-115949-a266d987,2026-08-29 11:59:53,order-***,partial,normal,LIMA-LA VICTORIA,23/09/2026,10:00,30,blocked_by_order_rule,,,4.566,1.328,0.984,,,,,event_atomic,,screenshots\2026-08\29-08-2026\captchas\captcha-115949-order-***,screenshots\2026-08\29-08-2026\captchas\captcha-115949-order-***,"Se encontro un horario disponible, pero no cumple la regla de reserva de la orden."
***-115953-eaa4c542,2026-08-29 11:59:59,order-***,partial,normal,LIMA-LA VICTORIA,23/09/2026,11:00,30,blocked_by_order_rule,,,5.985,2.468,2.250,,,,,legacy_fallback,,screenshots\2026-08\29-08-2026\captchas\captcha-115953-order-***,screenshots\2026-08\29-08-2026\captchas\captcha-115953-order-***,"Se encontro un horario disponible, pero no cumple la regla de reserva de la orden."
***-115959-f8e982f9,2026-08-29 12:00:05,order-***,partial,normal,LIMA-LA VICTORIA,23/09/2026,11:00,30,blocked_by_order_rule,,,5.739,1.281,0.968,,,,,event_atomic,,screenshots\2026-08\29-08-2026\captchas\captcha-115959-order-***,screenshots\2026-08\29-08-2026\captchas\captcha-115959-order-***,"Se encontro un horario disponible, pero no cumple la regla de reserva de la orden."
***-120005-d27b2633,2026-08-29 12:00:10,order-***,partial,normal,LIMA-LA VICTORIA,23/09/2026,11:00,30,blocked_by_order_rule,,,4.504,1.281,0.984,,,,,event_atomic,,screenshots\2026-08\29-08-2026\captchas\captcha-120005-order-***,screenshots\2026-08\29-08-2026\captchas\captcha-120005-order-***,"Se encontro un horario disponible, pero no cumple la regla de reserva de la orden."
***-120010-70d1a5a4,2026-08-29 12:00:14,order-***,partial,normal,LIMA-LA VICTORIA,23/09/2026,11:00,30,blocked_by_order_rule,,,4.408,1.234,0.969,,,,,event_atomic,,screenshots\2026-08\29-08-2026\captchas\captcha-120010-order-***,screenshots\2026-08\29-08-2026\captchas\captcha-120010-order-***,"Se encontro un horario disponible, pero no cumple la regla de reserva de la orden."
***-120014-5002809e,2026-08-29 12:00:19,order-***,partial,normal,LIMA-LA VICTORIA,23/09/2026,11:00,30,blocked_by_order_rule,,,4.617,1.219,0.969,,,,,event_atomic,,screenshots\2026-08\29-08-2026\captchas\captcha-120014-order-***,screenshots\2026-08\29-08-2026\captchas\captcha-120014-order-***,"Se encontro un horario disponible, pero no cumple la regla de reserva de la orden."
***-120019-c5c0c8a1,2026-08-29 12:00:24,order-***,partial,normal,LIMA-LA VICTORIA,23/09/2026,11:00,30,blocked_by_order_rule,,,4.875,1.281,0.984,,,,,event_atomic,,screenshots\2026-08\29-08-2026\captchas\captcha-120019-order-***,screenshots\2026-08\29-08-2026\captchas\captcha-120019-order-***,"Se encontro un horario disponible, pero no cumple la regla de reserva de la orden."
***-093208-1b842f14,2026-08-31 09:33:22,order-***,unknown,normal,,,,,,,,74.464,,,,,,,,,,,La pagina no confirmo que las opciones de cita se actualizaran despues de elegir sede.
***-141808-***,2026-08-31 14:19:03,order-***,partial,normal,LIMA-LA VICTORIA,16/09/2026,10:00,30,blocked_by_order_rule,,,55.763,2.000,0.968,,,,,event_atomic,,screenshots\2026-08\31-08-2026\cupo-141808-order-***,screenshots\2026-08\31-08-2026\cupo-141808-order-*** | screenshots\2026-08\31-08-2026\captchas\captcha-141808-order-***,"Se encontro un horario disponible, pero no cumple la regla de reserva de la orden."
***-143719-1ab8ac4f,2026-08-31 14:37:28,order-***,partial,normal,LIMA-LA VICTORIA,24/09/2026,10:00,30,blocked_by_order_rule,,,8.512,2.047,0.968,,,,,event_atomic,,screenshots\2026-08\31-08-2026\cupo-143719-order-***,screenshots\2026-08\31-08-2026\cupo-143719-order-*** | screenshots\2026-08\31-08-2026\captchas\captcha-143719-order-***,"Se encontro un horario disponible, pero no cumple la regla de reserva de la orden."
***-143727-d68a2002,2026-08-31 14:37:43,order-***,registered,normal,LIMA-LA VICTORIA,24/09/2026,10:00,30,confirmed,portal_success_text,,16.612,5.532,0.735,0.063,0.047,0.016,0.016,event_atomic,0.359,screenshots\2026-08\31-08-2026\portal-1-143727-order-***,screenshots\2026-08\31-08-2026\portal-1-143727-order-*** | screenshots\2026-08\31-08-2026\cupo-143727-order-*** | screenshots\2026-08\31-08-2026\captchas\captcha-143727-order-*** | screenshots\2026-08\31-08-2026\diagnostics\portal-html-1-143727-order-***,La reserva fue confirmada por mensaje de exito del portal.
***-143727-a5986dd9,2026-08-31 14:37:53,order-***,unavailable,normal,LIMA-LA VICTORIA,24/09/2026,10:00,30,slot_lost,,,26.180,6.828,0.734,0.047,0.047,0.016,0.016,event_atomic,0.110,screenshots\2026-08\31-08-2026\portal-1-143727-order-***,screenshots\2026-08\31-08-2026\portal-1-143727-order-*** | screenshots\2026-08\31-08-2026\cupo-143727-order-*** | screenshots\2026-08\31-08-2026\captchas\captcha-143727-order-*** | screenshots\2026-08\31-08-2026\diagnostics\portal-html-1-143727-order-***,El cupo dejo de estar disponible antes de completar la reserva.
***-143729-47e5ca21,2026-08-31 14:37:55,order-***,unavailable,normal,LIMA-LA VICTORIA,24/09/2026,10:00,30,slot_lost,,,25.940,6.985,0.750,0.032,0.016,0.000,0.015,event_atomic,0.110,screenshots\2026-08\31-08-2026\portal-1-143729-order-***,screenshots\2026-08\31-08-2026\portal-1-143729-order-*** | screenshots\2026-08\31-08-2026\cupo-143729-order-*** | screenshots\2026-08\31-08-2026\captchas\captcha-143729-order-*** | screenshots\2026-08\31-08-2026\diagnostics\portal-html-1-143729-order-***,El cupo dejo de estar disponible antes de completar la reserva.
***-143827-d78b537b,2026-08-31 14:38:49,order-***,partial,normal,LIMA-LA VICTORIA,24/09/2026,11:00,30,blocked_by_order_rule,,,21.874,2.531,1.109,,,,,event_atomic,,screenshots\2026-08\31-08-2026\cupo-143827-order-***,screenshots\2026-08\31-08-2026\cupo-143827-order-*** | screenshots\2026-08\31-08-2026\captchas\captcha-143827-order-***,"Se encontro un horario disponible, pero no cumple la regla de reserva de la orden."
***-143847-cd0d0a90,2026-08-31 14:39:16,order-***,unavailable,normal,LIMA-LA VICTORIA,24/09/2026,11:00,30,slot_lost,,,28.738,7.781,1.219,0.094,0.015,0.031,0.000,event_atomic,0.610,screenshots\2026-08\31-08-2026\portal-1-143847-order-***,screenshots\2026-08\31-08-2026\portal-1-143847-order-*** | screenshots\2026-08\31-08-2026\cupo-143847-order-*** | screenshots\2026-08\31-08-2026\captchas\captcha-143847-order-*** | screenshots\2026-08\31-08-2026\diagnostics\portal-html-1-143847-order-***,El cupo dejo de estar disponible antes de completar la reserva.
***-143847-9c18468e,2026-08-31 14:39:18,order-***,unavailable,normal,LIMA-LA VICTORIA,24/09/2026,11:00,30,slot_lost,,,30.593,8.718,0.859,0.046,0.047,0.031,0.047,event_atomic,0.187,screenshots\2026-08\31-08-2026\portal-1-143847-order-***,screenshots\2026-08\31-08-2026\portal-1-143847-order-*** | screenshots\2026-08\31-08-2026\cupo-143847-order-*** | screenshots\2026-08\31-08-2026\captchas\captcha-143847-order-*** | screenshots\2026-08\31-08-2026\diagnostics\portal-html-1-143847-order-***,El cupo dejo de estar disponible antes de completar la reserva.
***-143850-8dae8a1d,2026-08-31 14:39:21,order-***,unavailable,normal,LIMA-LA VICTORIA,24/09/2026,11:00,30,slot_lost,,,31.182,9.000,0.828,0.172,0.032,0.031,0.109,event_atomic,0.172,screenshots\2026-08\31-08-2026\portal-1-143850-order-***,screenshots\2026-08\31-08-2026\portal-1-143850-order-*** | screenshots\2026-08\31-08-2026\cupo-143850-order-*** | screenshots\2026-08\31-08-2026\captchas\captcha-143850-order-*** | screenshots\2026-08\31-08-2026\diagnostics\portal-html-1-143850-order-***,El cupo dejo de estar disponible antes de completar la reserva.
***-143937-e693857d,2026-08-31 14:40:23,order-***,partial,normal,LIMA-LA VICTORIA,25/09/2026,09:00,30,blocked_by_order_rule,,,46.638,2.438,1.016,,,,,event_atomic,,screenshots\2026-08\31-08-2026\cupo-143937-order-***,screenshots\2026-08\31-08-2026\cupo-143937-order-*** | screenshots\2026-08\31-08-2026\captchas\captcha-143937-order-***,"Se encontro un horario disponible, pero no cumple la regla de reserva de la orden."
***-144022-09deb5fd,2026-08-31 14:40:47,order-***,unavailable,normal,LIMA-LA VICTORIA,25/09/2026,09:00,30,slot_lost,,,24.543,6.391,0.828,0.031,0.015,0.000,0.016,event_atomic,0.109,screenshots\2026-08\31-08-2026\portal-1-144022-order-***,screenshots\2026-08\31-08-2026\portal-1-144022-order-*** | screenshots\2026-08\31-08-2026\cupo-144022-order-*** | screenshots\2026-08\31-08-2026\captchas\captcha-144022-order-*** | screenshots\2026-08\31-08-2026\diagnostics\portal-html-1-144022-order-***,El cupo dejo de estar disponible antes de completar la reserva.
***-144022-81a0c6ec,2026-08-31 14:40:47,order-***,unavailable,normal,LIMA-LA VICTORIA,25/09/2026,09:00,30,slot_lost,,,24.929,6.640,0.750,0.032,0.016,0.000,0.015,event_atomic,0.172,screenshots\2026-08\31-08-2026\portal-1-144022-order-***,screenshots\2026-08\31-08-2026\portal-1-144022-order-*** | screenshots\2026-08\31-08-2026\cupo-144022-order-*** | screenshots\2026-08\31-08-2026\captchas\captcha-144022-order-*** | screenshots\2026-08\31-08-2026\diagnostics\portal-html-1-144022-order-***,El cupo dejo de estar disponible antes de completar la reserva.
***-144154-f8622eb8,2026-08-31 14:42:38,order-***,partial,normal,LIMA-LA VICTORIA,25/09/2026,10:00,30,blocked_by_order_rule,,,43.823,2.250,0.968,,,,,event_atomic,,screenshots\2026-08\31-08-2026\cupo-144154-order-***,screenshots\2026-08\31-08-2026\cupo-144154-order-*** | screenshots\2026-08\31-08-2026\captchas\captcha-144154-order-***,"Se encontro un horario disponible, pero no cumple la regla de reserva de la orden."
***-144237-62a4c52f,2026-08-31 14:42:53,order-***,registered,normal,LIMA-LA VICTORIA,25/09/2026,10:00,30,confirmed,portal_success_text,,16.541,5.875,0.813,0.110,0.031,0.016,0.015,event_atomic,0.313,screenshots\2026-08\31-08-2026\portal-1-144237-order-***,screenshots\2026-08\31-08-2026\portal-1-144237-order-*** | screenshots\2026-08\31-08-2026\cupo-144237-order-*** | screenshots\2026-08\31-08-2026\captchas\captcha-144237-order-*** | screenshots\2026-08\31-08-2026\diagnostics\portal-html-1-144237-order-***,La reserva fue confirmada por mensaje de exito del portal.
***-144237-1ee18048,2026-08-31 14:43:02,order-***,unavailable,normal,LIMA-LA VICTORIA,25/09/2026,10:00,30,slot_lost,,,25.098,7.109,0.781,0.078,0.031,0.016,0.015,event_atomic,0.110,screenshots\2026-08\31-08-2026\portal-1-144237-order-***,screenshots\2026-08\31-08-2026\portal-1-144237-order-*** | screenshots\2026-08\31-08-2026\cupo-144237-order-*** | screenshots\2026-08\31-08-2026\captchas\captcha-144237-order-*** | screenshots\2026-08\31-08-2026\diagnostics\portal-html-1-144237-order-***,El cupo dejo de estar disponible antes de completar la reserva.
***-144239-1584e029,2026-08-31 14:43:05,order-***,unavailable,normal,LIMA-LA VICTORIA,25/09/2026,10:00,30,slot_lost,,,26.169,6.844,0.797,0.015,0.016,0.016,0.016,event_atomic,0.156,screenshots\2026-08\31-08-2026\portal-1-144239-order-***,screenshots\2026-08\31-08-2026\portal-1-144239-order-*** | screenshots\2026-08\31-08-2026\cupo-144239-order-*** | screenshots\2026-08\31-08-2026\captchas\captcha-144239-order-*** | screenshots\2026-08\31-08-2026\diagnostics\portal-html-1-144239-order-***,El cupo dejo de estar disponible antes de completar la reserva.
***-152123-7c1591d5,2026-08-31 15:21:40,order-***,registered,normal,LIMA-LA VICTORIA,22/09/2026,12:00,20,confirmed,portal_success_text,,16.935,6.047,0.735,0.062,0.032,0.015,0.031,event_atomic,0.281,screenshots\2026-08\31-08-2026\portal-1-152123-order-***,screenshots\2026-08\31-08-2026\portal-1-152123-order-*** | screenshots\2026-08\31-08-2026\cupo-152123-order-*** | screenshots\2026-08\31-08-2026\captchas\captcha-152123-order-*** | screenshots\2026-08\31-08-2026\diagnostics\portal-html-1-152123-order-***,La reserva fue confirmada por mensaje de exito del portal.
***-152049-da35c2ac,2026-08-31 15:21:43,order-***,registered,normal,LIMA-LA VICTORIA,22/09/2026,12:00,20,confirmed,portal_success_text,,54.404,5.078,0.688,0.031,0.016,0.015,0.031,event_atomic,0.328,screenshots\2026-08\31-08-2026\portal-1-152049-order-***,screenshots\2026-08\31-08-2026\portal-1-152049-order-*** | screenshots\2026-08\31-08-2026\cupo-152049-order-*** | screenshots\2026-08\31-08-2026\captchas\captcha-152049-order-*** | screenshots\2026-08\31-08-2026\diagnostics\portal-html-1-152049-order-***,La reserva fue confirmada por mensaje de exito del portal.
***-152123-09b28923,2026-08-31 15:21:50,order-***,unavailable,normal,LIMA-LA VICTORIA,22/09/2026,12:00,20,slot_lost,,,26.456,8.188,0.766,0.047,0.031,0.015,0.031,event_atomic,0.406,screenshots\2026-08\31-08-2026\portal-1-152123-order-***,screenshots\2026-08\31-08-2026\portal-1-152123-order-*** | screenshots\2026-08\31-08-2026\cupo-152123-order-*** | screenshots\2026-08\31-08-2026\captchas\captcha-152123-order-*** | screenshots\2026-08\31-08-2026\diagnostics\portal-html-1-152123-order-***,El cupo dejo de estar disponible antes de completar la reserva.
***-152322-6f1cb207,2026-08-31 15:24:07,order-***,partial,normal,LIMA-LA VICTORIA,22/09/2026,11:00,30,blocked_by_order_rule,,,45.065,2.204,0.969,,,,,event_atomic,,screenshots\2026-08\31-08-2026\cupo-152322-order-***,screenshots\2026-08\31-08-2026\cupo-152322-order-*** | screenshots\2026-08\31-08-2026\captchas\captcha-152322-order-***,"Se encontro un horario disponible, pero no cumple la regla de reserva de la orden."
***-152406-245ce8b1,2026-08-31 15:24:23,order-***,registered,normal,LIMA-LA VICTORIA,22/09/2026,11:00,30,confirmed,portal_success_text,,16.611,5.500,0.844,0.032,0.093,0.094,0.016,event_atomic,0.344,screenshots\2026-08\31-08-2026\portal-1-152406-order-***,screenshots\2026-08\31-08-2026\portal-1-152406-order-*** | screenshots\2026-08\31-08-2026\cupo-152406-order-*** | screenshots\2026-08\31-08-2026\captchas\captcha-152406-order-*** | screenshots\2026-08\31-08-2026\diagnostics\portal-html-1-152406-order-***,La reserva fue confirmada por mensaje de exito del portal.
***-152406-2e0fee9c,2026-08-31 15:24:32,order-***,unavailable,normal,LIMA-LA VICTORIA,22/09/2026,11:00,30,slot_lost,,,25.677,6.735,0.813,0.047,0.047,0.031,0.016,event_atomic,0.125,screenshots\2026-08\31-08-2026\portal-1-152406-order-***,screenshots\2026-08\31-08-2026\portal-1-152406-order-*** | screenshots\2026-08\31-08-2026\cupo-152406-order-*** | screenshots\2026-08\31-08-2026\captchas\captcha-152406-order-*** | screenshots\2026-08\31-08-2026\diagnostics\portal-html-1-152406-order-***,El cupo dejo de estar disponible antes de completar la reserva.
***-152408-3fb14bbc,2026-08-31 15:24:35,order-***,unavailable,normal,LIMA-LA VICTORIA,22/09/2026,11:00,30,slot_lost,,,26.215,6.500,0.704,0.047,0.062,0.031,0.016,event_atomic,0.125,screenshots\2026-08\31-08-2026\portal-1-152408-order-***,screenshots\2026-08\31-08-2026\portal-1-152408-order-*** | screenshots\2026-08\31-08-2026\cupo-152408-order-*** | screenshots\2026-08\31-08-2026\captchas\captcha-152408-order-*** | screenshots\2026-08\31-08-2026\diagnostics\portal-html-1-152408-order-***,El cupo dejo de estar disponible antes de completar la reserva.
***-153512-6dfafd70,2026-08-31 15:35:35,order-***,partial,normal,LIMA-LA VICTORIA,22/09/2026,12:00,30,blocked_by_order_rule,,,22.714,1.859,1.000,,,,,event_atomic,,screenshots\2026-08\31-08-2026\cupo-153512-order-***,screenshots\2026-08\31-08-2026\cupo-153512-order-*** | screenshots\2026-08\31-08-2026\captchas\captcha-153512-order-***,"Se encontro un horario disponible, pero no cumple la regla de reserva de la orden."
***-153534-03241e8d,2026-08-31 15:35:49,order-***,registered,normal,LIMA-LA VICTORIA,22/09/2026,12:00,30,confirmed,portal_success_text,,15.609,5.203,0.750,0.047,0.047,0.015,0.016,event_atomic,0.297,screenshots\2026-08\31-08-2026\portal-1-153534-order-***,screenshots\2026-08\31-08-2026\portal-1-153534-order-*** | screenshots\2026-08\31-08-2026\cupo-153534-order-*** | screenshots\2026-08\31-08-2026\captchas\captcha-153534-order-*** | screenshots\2026-08\31-08-2026\diagnostics\portal-html-1-153534-order-***,La reserva fue confirmada por mensaje de exito del portal.
***-153534-8ae7179c,2026-08-31 15:35:59,order-***,unavailable,normal,LIMA-LA VICTORIA,22/09/2026,12:00,30,slot_lost,,,25.574,6.500,0.844,0.047,0.047,0.015,0.016,event_atomic,0.094,screenshots\2026-08\31-08-2026\portal-1-153534-order-***,screenshots\2026-08\31-08-2026\portal-1-153534-order-*** | screenshots\2026-08\31-08-2026\cupo-153534-order-*** | screenshots\2026-08\31-08-2026\captchas\captcha-153534-order-*** | screenshots\2026-08\31-08-2026\diagnostics\portal-html-1-153534-order-***,El cupo dejo de estar disponible antes de completar la reserva.
***-153536-8d6df52e,2026-08-31 15:36:02,order-***,unavailable,normal,LIMA-LA VICTORIA,22/09/2026,12:00,30,slot_lost,,,26.349,7.016,0.703,0.031,0.031,0.000,0.016,event_atomic,0.109,screenshots\2026-08\31-08-2026\portal-1-153536-order-***,screenshots\2026-08\31-08-2026\portal-1-153536-order-*** | screenshots\2026-08\31-08-2026\cupo-153536-order-*** | screenshots\2026-08\31-08-2026\captchas\captcha-153536-order-*** | screenshots\2026-08\31-08-2026\diagnostics\portal-html-1-153536-order-***,El cupo dejo de estar disponible antes de completar la reserva.
