run_id,finished_at_lima,order_id,status,detection_origin,site,appointment_date,appointment_hour,slots,submission_outcome,confirmation_source,defense_signal,duration_seconds,total_from_available_seconds,selection_seconds,captcha_solver_seconds,captcha_field_fill_seconds,pre_click_validation_seconds,submission_intent_seconds,selection_stabilization_mode,click_to_portal_response_seconds,screenshot_path,evidence_paths,message
***-094129-1903c625,2026-07-01 09:43:19,order-***,error,normal,,,,,,,network,109.298,,,,,,,,,error-***-094129-1903c625-order-***,error-***-094129-1903c625-order-***,"Locator.wait_for: Timeout 30000ms exceeded.
Call log:
  - waiting for locator(""#MainContent_idUcitas_cbosede"") to be visible"
***-120135-471698c3,2026-07-01 12:03:52,order-***,reservation_unconfirmed,normal,LIMA-LA VICTORIA,06/07/2026,08:00,,unknown,unconfirmed,,137.128,63.485,1.766,33.609,,,,,0.110,reservation-confirmation-***-120135-471698c3-order-***,reservation-confirmation-***-120135-471698c3-order-*** | process-stages-***-120135-471698c3-order-*** | result-available-***-120135-471698c3-order-***,"Se resolvio el captcha y se hizo click en Reservar, pero no se confirmo la etapa Programado."
***-113001-a861c8bc,2026-07-02 11:31:32,order-***,reservation_unconfirmed,normal,LIMA-LA VICTORIA,14/07/2026,11:00,,unknown,unconfirmed,,91.663,66.687,1.672,33.781,,,,,0.047,06-reserva-respuesta-portal-intento-1-***-113001-a861c8bc-order-***,06-reserva-respuesta-portal-intento-1-***-113001-a861c8bc-order-*** | 07-detalle-tramite-etapa-programado-confirmada-***-113001-a861c8bc-order-*** | 05-reserva-antes-de-enviar-intento-1-***-113001-a861c8bc-order-*** | 03-modal-reserva-citas-cupo-disponible-***-113001-a861c8bc-order-*** | screenshots\2026-07\02-07-2026\05-reserva-antes-de-enviar-intento-1-***-113001-a861c8bc-order-*** | screenshots\2026-07\02-07-2026\06-reserva-respuesta-portal-intento-1-***-113001-a861c8bc-order-*** | screenshots\2026-07\02-07-2026\07-detalle-tramite-etapa-programado-confirmada-***-113001-a861c8bc-order-*** | screenshots\2026-07\02-07-2026\diagnostics\06-reserva-respuesta-portal-html-intento-1-***-113001-a861c8bc-order-***,"Se resolvio el captcha y se hizo click en Reservar, pero no se confirmo la etapa Programado."
***-124542-3a856c97,2026-07-02 12:47:45,order-***,reservation_unconfirmed,normal,LIMA-LA VICTORIA,17/07/2026,09:00,,unknown,unconfirmed,,123.757,72.485,1.797,33.922,,,,,0.063,05-reserva-antes-de-enviar-intento-1-***-124542-3a856c97-order-***,05-reserva-antes-de-enviar-intento-1-***-124542-3a856c97-order-*** | 06-reserva-respuesta-portal-intento-1-***-124542-3a856c97-order-*** | 03-modal-reserva-citas-cupo-disponible-***-124542-3a856c97-order-*** | screenshots\2026-07\02-07-2026\05-reserva-antes-de-enviar-intento-1-***-124542-3a856c97-order-*** | screenshots\2026-07\02-07-2026\06-reserva-respuesta-portal-intento-1-***-124542-3a856c97-order-*** | screenshots\2026-07\02-07-2026\diagnostics\06-reserva-respuesta-portal-html-intento-1-***-124542-3a856c97-order-***,"Se resolvio el captcha y se hizo click en Reservar, pero no se confirmo la etapa Programado."
***-095503-4b3cb1b2,2026-07-03 09:56:08,order-***,unavailable,normal,LIMA-LA VICTORIA,17/07/2026,10:00,,slot_lost,,,65.016,19.843,1.688,12.234,,,,,0.047,06-reserva-respuesta-portal-intento-1-***-095503-4b3cb1b2-order-***,06-reserva-respuesta-portal-intento-1-***-095503-4b3cb1b2-order-*** | 05-reserva-antes-de-enviar-intento-1-***-095503-4b3cb1b2-order-*** | 03-modal-reserva-citas-cupo-disponible-***-095503-4b3cb1b2-order-*** | screenshots\05-reserva-antes-de-enviar-intento-1-***-095503-4b3cb1b2-order-*** | screenshots\06-reserva-respuesta-portal-intento-1-***-095503-4b3cb1b2-order-*** | screenshots\2026-07\03-07-2026\diagnostics\06-reserva-respuesta-portal-html-intento-1-***-095503-4b3cb1b2-order-***,El cupo dejo de estar disponible antes de completar la reserva.
***-101348-***,2026-07-03 10:14:36,order-***,reservation_unconfirmed,normal,LIMA-LA VICTORIA,20/07/2026,10:00,,confirmed,success_text_revalidation_inconclusive,,48.132,12.500,1.735,1.703,,,,,0.063,06-reserva-respuesta-portal-intento-1-***-101348-***-order-***,06-reserva-respuesta-portal-intento-1-***-101348-***-order-*** | 07-detalle-tramite-etapa-programado-confirmada-***-101348-***-order-*** | 05-reserva-antes-de-enviar-intento-1-***-101348-***-order-*** | 03-modal-reserva-citas-cupo-disponible-***-101348-***-order-*** | screenshots\2026-07\03-07-2026\05-reserva-antes-de-enviar-intento-1-***-101348-***-order-*** | screenshots\2026-07\03-07-2026\06-reserva-respuesta-portal-intento-1-***-101348-***-order-*** | screenshots\2026-07\03-07-2026\07-detalle-tramite-etapa-programado-confirmada-***-101348-***-order-*** | screenshots\2026-07\03-07-2026\diagnostics\06-reserva-respuesta-portal-html-intento-1-***-101348-***-order-***,"El portal mostro mensaje de exito despues de hacer click en Reservar, pero no se confirmo la etapa Programado."
***-084813-bd516f55,2026-07-04 08:48:31,order-***,partial,normal,LIMA-LA VICTORIA,08/07/2026,10:00,,blocked_by_order_rule,,,18.329,3.250,1.672,,,,,,,,04-reserva-captcha-tecnico-2captcha-***-084813-bd516f55-order-*** | 03-modal-reserva-citas-cupo-disponible-***-084813-bd516f55-order-*** | screenshots\2026-07\04-07-2026\captchas\04-reserva-captcha-tecnico-2captcha-***-084813-bd516f55-order-***,"Se encontro un horario disponible, pero no cumple la regla de reserva de la orden."
***-113359-a12ce739,2026-07-04 11:34:49,order-***,registered,normal,LIMA-LA VICTORIA,16/07/2026,08:00,,confirmed,portal_success_text,,49.626,8.031,1.703,1.453,,,,,0.047,06-reserva-respuesta-portal-intento-1-***-113359-a12ce739-order-***,06-reserva-respuesta-portal-intento-1-***-113359-a12ce739-order-*** | 05-reserva-antes-de-enviar-intento-1-***-113359-a12ce739-order-*** | 03-modal-reserva-citas-cupo-disponible-***-113359-a12ce739-order-*** | screenshots\2026-07\04-07-2026\05-reserva-antes-de-enviar-intento-1-***-113359-a12ce739-order-*** | screenshots\2026-07\04-07-2026\06-reserva-respuesta-portal-intento-1-***-113359-a12ce739-order-*** | screenshots\2026-07\04-07-2026\diagnostics\06-reserva-respuesta-portal-html-intento-1-***-113359-a12ce739-order-*** | screenshots\2026-07\04-07-2026\captchas\04-reserva-captcha-tecnico-2captcha-***-113359-a12ce739-order-***,La reserva fue confirmada por mensaje de exito del portal.
***-113449-b4008fc5,2026-07-04 11:35:04,order-***,registered,normal,LIMA-LA VICTORIA,20/07/2026,10:00,,confirmed,portal_success_text,,14.652,7.890,1.953,1.250,,,,,0.047,06-reserva-respuesta-portal-intento-1-***-113449-b4008fc5-order-***,06-reserva-respuesta-portal-intento-1-***-113449-b4008fc5-order-*** | 05-reserva-antes-de-enviar-intento-1-***-113449-b4008fc5-order-*** | 03-modal-reserva-citas-cupo-disponible-***-113449-b4008fc5-order-*** | screenshots\2026-07\04-07-2026\05-reserva-antes-de-enviar-intento-1-***-113449-b4008fc5-order-*** | screenshots\2026-07\04-07-2026\06-reserva-respuesta-portal-intento-1-***-113449-b4008fc5-order-*** | screenshots\2026-07\04-07-2026\diagnostics\06-reserva-respuesta-portal-html-intento-1-***-113449-b4008fc5-order-*** | screenshots\2026-07\04-07-2026\captchas\04-reserva-captcha-tecnico-2captcha-***-113449-b4008fc5-order-***,La reserva fue confirmada por mensaje de exito del portal.
***-130535-c8ad544f,2026-07-04 13:05:53,order-***,partial,normal,LIMA-LA VICTORIA,06/07/2026,09:00,,blocked_by_order_rule,,,18.082,3.828,1.656,,,,,,,,04-reserva-captcha-tecnico-2captcha-***-130535-c8ad544f-order-*** | 03-modal-reserva-citas-cupo-disponible-***-130535-c8ad544f-order-*** | screenshots\2026-07\04-07-2026\captchas\04-reserva-captcha-tecnico-2captcha-***-130535-c8ad544f-order-***,"Se encontro un horario disponible, pero no cumple la regla de reserva de la orden."
***-130629-12cb507f,2026-07-04 13:06:45,order-***,partial,normal,LIMA-LA VICTORIA,20/07/2026,11:00,,blocked_by_order_rule,,,16.071,3.797,1.641,,,,,,,,04-reserva-captcha-tecnico-2captcha-***-130629-12cb507f-order-*** | 03-modal-reserva-citas-cupo-disponible-***-130629-12cb507f-order-*** | screenshots\2026-07\04-07-2026\captchas\04-reserva-captcha-tecnico-2captcha-***-130629-12cb507f-order-***,"Se encontro un horario disponible, pero no cumple la regla de reserva de la orden."
***-130721-521493a2,2026-07-04 13:07:35,order-***,partial,normal,LIMA-LA VICTORIA,20/07/2026,11:00,,blocked_by_order_rule,,,13.421,3.156,1.656,,,,,,,,04-reserva-captcha-tecnico-2captcha-***-130721-521493a2-order-*** | 03-modal-reserva-citas-cupo-disponible-***-130721-521493a2-order-*** | screenshots\2026-07\04-07-2026\captchas\04-reserva-captcha-tecnico-2captcha-***-130721-521493a2-order-***,"Se encontro un horario disponible, pero no cumple la regla de reserva de la orden."
***-092125-c7504c44,2026-07-06 09:21:52,order-***,partial,normal,LIMA-LA VICTORIA,20/07/2026,09:00,20,blocked_by_order_rule,,,26.602,4.360,1.703,,,,,,,,04-reserva-captcha-tecnico-2captcha-***-092125-c7504c44-order-*** | 03-modal-reserva-citas-cupo-disponible-***-092125-c7504c44-order-*** | screenshots\2026-07\06-07-2026\captchas\04-reserva-captcha-tecnico-2captcha-***-092125-c7504c44-order-***,"Se encontro un horario disponible, pero no cumple la regla de reserva de la orden."
***-092154-3add598c,2026-07-06 09:22:24,order-***,partial,normal,LIMA-LA VICTORIA,20/07/2026,10:00,20,blocked_by_order_rule,,,30.165,4.203,1.703,,,,,,,,04-reserva-captcha-tecnico-2captcha-***-092154-3add598c-order-*** | 03-modal-reserva-citas-cupo-disponible-***-092154-3add598c-order-*** | screenshots\2026-07\06-07-2026\captchas\04-reserva-captcha-tecnico-2captcha-***-092154-3add598c-order-***,"Se encontro un horario disponible, pero no cumple la regla de reserva de la orden."
***-092529-8336d91c,2026-07-06 09:25:59,order-***,partial,normal,LIMA-LA VICTORIA,20/07/2026,12:00,10,blocked_by_order_rule,,,29.929,4.109,1.719,,,,,,,,04-reserva-captcha-tecnico-2captcha-***-092529-8336d91c-order-*** | 03-modal-reserva-citas-cupo-disponible-***-092529-8336d91c-order-*** | screenshots\2026-07\06-07-2026\captchas\04-reserva-captcha-tecnico-2captcha-***-092529-8336d91c-order-***,"Se encontro un horario disponible, pero no cumple la regla de reserva de la orden."
***-092602-fa408640,2026-07-06 09:26:32,order-***,partial,normal,LIMA-LA VICTORIA,21/07/2026,10:00,10,blocked_by_order_rule,,,30.110,4.156,1.750,,,,,,,,04-reserva-captcha-tecnico-2captcha-***-092602-fa408640-order-*** | 03-modal-reserva-citas-cupo-disponible-***-092602-fa408640-order-*** | screenshots\2026-07\06-07-2026\captchas\04-reserva-captcha-tecnico-2captcha-***-092602-fa408640-order-***,"Se encontro un horario disponible, pero no cumple la regla de reserva de la orden."
***-092634-ca3e4deb,2026-07-06 09:26:44,order-***,partial,normal,LIMA-LA VICTORIA,21/07/2026,10:00,10,blocked_by_order_rule,,,9.797,3.594,1.781,,,,,,,,04-reserva-captcha-tecnico-2captcha-***-092634-ca3e4deb-order-*** | 03-modal-reserva-citas-cupo-disponible-***-092634-ca3e4deb-order-*** | screenshots\2026-07\06-07-2026\captchas\04-reserva-captcha-tecnico-2captcha-***-092634-ca3e4deb-order-***,"Se encontro un horario disponible, pero no cumple la regla de reserva de la orden."
***-092647-1ba25691,2026-07-06 09:26:57,order-***,partial,normal,LIMA-LA VICTORIA,21/07/2026,10:00,10,blocked_by_order_rule,,,9.511,4.188,1.719,,,,,,,,04-reserva-captcha-tecnico-2captcha-***-092647-1ba25691-order-*** | 03-modal-reserva-citas-cupo-disponible-***-092647-1ba25691-order-*** | screenshots\2026-07\06-07-2026\captchas\04-reserva-captcha-tecnico-2captcha-***-092647-1ba25691-order-***,"Se encontro un horario disponible, pero no cumple la regla de reserva de la orden."
***-100928-b70ff5bc,2026-07-06 10:09:41,order-***,unavailable,normal,LIMA-LA VICTORIA,11/07/2026,11:00,20,slot_lost,,,13.252,8.719,1.687,1.375,,,,,0.047,,screenshots\2026-07\06-07-2026\diagnostics\06-reserva-respuesta-portal-html-intento-1-***-100928-b70ff5bc-order-*** | screenshots\2026-07\06-07-2026\captchas\04-reserva-captcha-tecnico-2captcha-***-100928-b70ff5bc-order-***,El cupo dejo de estar disponible antes de completar la reserva.
***-123801-5e8bca9f,2026-07-06 12:38:11,order-***,partial,normal,LIMA-LA VICTORIA,20/07/2026,12:00,15,blocked_by_order_rule,,,9.740,4.391,1.750,,,,,,,,04-reserva-captcha-tecnico-2captcha-***-123801-5e8bca9f-order-*** | 03-modal-reserva-citas-cupo-disponible-***-123801-5e8bca9f-order-*** | screenshots\2026-07\06-07-2026\captchas\04-reserva-captcha-tecnico-2captcha-***-123801-5e8bca9f-order-***,"Se encontro un horario disponible, pero no cumple la regla de reserva de la orden."
***-123813-d7a19608,2026-07-06 12:38:22,order-***,partial,normal,LIMA-LA VICTORIA,20/07/2026,12:00,15,blocked_by_order_rule,,,8.522,3.594,1.813,,,,,,,,04-reserva-captcha-tecnico-2captcha-***-123813-d7a19608-order-*** | 03-modal-reserva-citas-cupo-disponible-***-123813-d7a19608-order-*** | screenshots\2026-07\06-07-2026\captchas\04-reserva-captcha-tecnico-2captcha-***-123813-d7a19608-order-***,"Se encontro un horario disponible, pero no cumple la regla de reserva de la orden."
***-082815-07a18314,2026-07-07 08:28:40,order-***,unavailable,normal,LIMA-LA VICTORIA,21/07/2026,08:00,20,slot_lost,,,24.788,18.297,1.672,11.922,,,,,0.031,portal-1-082815-order-***,portal-1-082815-order-*** | preenvio-1-082815-order-*** | cupo-082815-order-*** | screenshots\2026-07\07-07-2026\preenvio-1-082815-order-*** | screenshots\2026-07\07-07-2026\portal-1-082815-order-*** | screenshots\2026-07\07-07-2026\diagnostics\portal-html-1-082815-order-*** | screenshots\2026-07\07-07-2026\captchas\captcha-082815-order-***,El cupo dejo de estar disponible antes de completar la reserva.
***-082840-9098db8d,2026-07-07 08:28:48,order-***,partial,normal,LIMA-LA VICTORIA,21/07/2026,10:00,20,blocked_by_order_rule,,,7.943,3.125,1.656,,,,,,,captcha-082840-order-***,captcha-082840-order-*** | cupo-082840-order-*** | screenshots\2026-07\07-07-2026\captchas\captcha-082840-order-***,"Se encontro un horario disponible, pero no cumple la regla de reserva de la orden."
***-082850-656ea3bb,2026-07-07 08:29:05,order-***,registered,normal,LIMA-LA VICTORIA,21/07/2026,10:00,20,confirmed,portal_success_text,,15.028,7.391,1.938,1.453,,,,,0.063,portal-1-082850-order-***,portal-1-082850-order-*** | preenvio-1-082850-order-*** | cupo-082850-order-*** | screenshots\2026-07\07-07-2026\preenvio-1-082850-order-*** | screenshots\2026-07\07-07-2026\portal-1-082850-order-*** | screenshots\2026-07\07-07-2026\diagnostics\portal-html-1-082850-order-*** | screenshots\2026-07\07-07-2026\captchas\captcha-082850-order-***,La reserva fue confirmada por mensaje de exito del portal.
***-122939-***,2026-07-07 12:30:34,order-***,unavailable,normal,LIMA-LA VICTORIA,20/07/2026,09:00,25,slot_lost,,,54.978,10.969,1.938,2.375,,,,,0.078,portal-1-122939-order-***,portal-1-122939-order-*** | preenvio-1-122939-order-*** | cupo-122939-order-*** | screenshots\2026-07\07-07-2026\preenvio-1-122939-order-*** | screenshots\2026-07\07-07-2026\portal-1-122939-order-*** | screenshots\2026-07\07-07-2026\diagnostics\portal-html-1-122939-order-*** | screenshots\2026-07\07-07-2026\captchas\captcha-122939-order-***,El cupo dejo de estar disponible antes de completar la reserva.
***-124617-bfdbde06,2026-07-07 12:46:28,order-***,partial,normal,LIMA-LA VICTORIA,14/07/2026,10:00,24,blocked_by_order_rule,,,11.004,3.797,1.891,,,,,,,captcha-124617-order-***,captcha-124617-order-*** | cupo-124617-order-*** | screenshots\2026-07\07-07-2026\captchas\captcha-124617-order-***,"Se encontro un horario disponible, pero no cumple la regla de reserva de la orden."
***-125433-61c90c74,2026-07-07 12:55:04,order-***,registered,normal,LIMA-LA VICTORIA,22/07/2026,08:00,20,confirmed,portal_success_text,,31.161,11.047,1.891,3.047,,,,,0.094,portal-1-125433-order-***,portal-1-125433-order-*** | preenvio-1-125433-order-*** | cupo-125433-order-*** | screenshots\2026-07\07-07-2026\preenvio-1-125433-order-*** | screenshots\2026-07\07-07-2026\portal-1-125433-order-*** | screenshots\2026-07\07-07-2026\diagnostics\portal-html-1-125433-order-*** | screenshots\2026-07\07-07-2026\captchas\captcha-125433-order-***,La reserva fue confirmada por mensaje de exito del portal.
***-125504-5265d89d,2026-07-07 12:55:15,order-***,partial,normal,LIMA-LA VICTORIA,22/07/2026,09:00,20,blocked_by_order_rule,,,10.571,3.719,1.937,,,,,,,captcha-125504-order-***,captcha-125504-order-*** | cupo-125504-order-*** | screenshots\2026-07\07-07-2026\captchas\captcha-125504-order-***,"Se encontro un horario disponible, pero no cumple la regla de reserva de la orden."
***-125521-4befc776,2026-07-07 12:55:31,order-***,partial,normal,LIMA-LA VICTORIA,22/07/2026,10:00,20,blocked_by_order_rule,,,10.823,3.750,1.875,,,,,,,captcha-125521-order-***,captcha-125521-order-*** | cupo-125521-order-*** | screenshots\2026-07\07-07-2026\captchas\captcha-125521-order-***,"Se encontro un horario disponible, pero no cumple la regla de reserva de la orden."
***-120734-87cb2fc6,2026-07-08 12:08:07,order-***,unavailable,normal,LIMA-LA VICTORIA,22/07/2026,08:00,22,slot_lost,,,32.830,8.203,1.734,1.609,,,,,0.047,portal-1-120734-order-***,portal-1-120734-order-*** | preenvio-1-120734-order-*** | cupo-120734-order-*** | screenshots\2026-07\08-07-2026\preenvio-1-120734-order-*** | screenshots\2026-07\08-07-2026\portal-1-120734-order-*** | screenshots\2026-07\08-07-2026\diagnostics\portal-html-1-120734-order-*** | screenshots\2026-07\08-07-2026\captchas\captcha-120734-order-***,El cupo dejo de estar disponible antes de completar la reserva.
***-130645-f1465808,2026-07-08 13:06:58,order-***,unavailable,normal,LIMA-LA VICTORIA,30/07/2026,08:00,5,slot_lost,,,12.561,7.797,1.703,1.235,,,,,0.141,portal-1-130645-order-***,portal-1-130645-order-*** | preenvio-1-130645-order-*** | cupo-130645-order-*** | screenshots\2026-07\08-07-2026\preenvio-1-130645-order-*** | screenshots\2026-07\08-07-2026\portal-1-130645-order-*** | screenshots\2026-07\08-07-2026\diagnostics\portal-html-1-130645-order-*** | screenshots\2026-07\08-07-2026\captchas\captcha-130645-order-***,El cupo dejo de estar disponible antes de completar la reserva.
***-141703-703e4db4,2026-07-08 14:17:15,order-***,completed,normal,,30/07/2026 10:00,,,,,,11.969,,,,,,,,,etapas-141703-order-***,etapas-141703-order-***,La etapa Separa Cita Peritaje ya esta en estado Programado. No hay una cita pendiente por reservar.
***-073637-097972b5,2026-07-09 07:36:51,order-***,completed,normal,,20/07/2026 10:00,,,,,,14.199,,,,,,,,,etapas-073637-order-***,etapas-073637-order-***,La etapa Separa Cita Peritaje ya esta en estado Programado. No hay una cita pendiente por reservar.
***-082714-2bea450e,2026-07-09 08:28:06,order-***,registered,normal,LIMA-LA VICTORIA,24/07/2026,12:00,5,confirmed,portal_success_text,,52.589,7.281,1.719,1.500,,,,,0.047,portal-1-082714-order-***,portal-1-082714-order-*** | preenvio-1-082714-order-*** | cupo-082714-order-*** | screenshots\2026-07\09-07-2026\preenvio-1-082714-order-*** | screenshots\2026-07\09-07-2026\portal-1-082714-order-*** | screenshots\2026-07\09-07-2026\diagnostics\portal-html-1-082714-order-*** | screenshots\2026-07\09-07-2026\captchas\captcha-082714-order-***,La reserva fue confirmada por mensaje de exito del portal.
***-082806-aecbe855,2026-07-09 08:28:21,order-***,registered,normal,LIMA-LA VICTORIA,24/07/2026,12:00,5,confirmed,portal_success_text,,14.054,7.000,1.719,1.281,,,,,0.032,portal-1-082806-order-***,portal-1-082806-order-*** | preenvio-1-082806-order-*** | cupo-082806-order-*** | screenshots\2026-07\09-07-2026\preenvio-1-082806-order-*** | screenshots\2026-07\09-07-2026\portal-1-082806-order-*** | screenshots\2026-07\09-07-2026\diagnostics\portal-html-1-082806-order-*** | screenshots\2026-07\09-07-2026\captchas\captcha-082806-order-***,La reserva fue confirmada por mensaje de exito del portal.
***-100632-b75ede27,2026-07-09 10:06:49,order-***,registered,normal,LIMA-LA VICTORIA,30/07/2026,09:00,20,confirmed,portal_success_text,,16.924,7.063,1.703,1.266,,,,,0.047,portal-1-100632-order-***,portal-1-100632-order-*** | preenvio-1-100632-order-*** | cupo-100632-order-*** | screenshots\2026-07\09-07-2026\preenvio-1-100632-order-*** | screenshots\2026-07\09-07-2026\portal-1-100632-order-*** | screenshots\2026-07\09-07-2026\diagnostics\portal-html-1-100632-order-*** | screenshots\2026-07\09-07-2026\captchas\captcha-100632-order-***,La reserva fue confirmada por mensaje de exito del portal.
***-102636-2bc37ab7,2026-07-09 10:26:58,order-***,partial,normal,LIMA-LA VICTORIA,20/07/2026,12:00,20,blocked_by_order_rule,,,22.672,3.156,1.719,,,,,,,captcha-102636-order-***,captcha-102636-order-*** | cupo-102636-order-*** | screenshots\2026-07\09-07-2026\captchas\captcha-102636-order-***,"Se encontro un horario disponible, pero no cumple la regla de reserva de la orden."
***-105801-2add2dbf,2026-07-09 10:58:30,order-***,partial,normal,LIMA-LA VICTORIA,24/07/2026,10:00,8,blocked_by_order_rule,,,29.184,3.141,1.704,,,,,,,captcha-105801-order-***,captcha-105801-order-*** | cupo-105801-order-*** | screenshots\2026-07\09-07-2026\captchas\captcha-105801-order-***,"Se encontro un horario disponible, pero no cumple la regla de reserva de la orden."
***-105834-895df89b,2026-07-09 10:59:20,order-***,unavailable,normal,LIMA-LA VICTORIA,24/07/2026,11:00,10,slot_lost,,,45.826,7.125,1.688,1.359,,,,,0.016,portal-1-105834-order-***,portal-1-105834-order-*** | preenvio-1-105834-order-*** | cupo-105834-order-*** | screenshots\2026-07\09-07-2026\preenvio-1-105834-order-*** | screenshots\2026-07\09-07-2026\portal-1-105834-order-*** | screenshots\2026-07\09-07-2026\diagnostics\portal-html-1-105834-order-*** | screenshots\2026-07\09-07-2026\captchas\captcha-105834-order-***,El cupo dejo de estar disponible antes de completar la reserva.
***-121525-ee0f5d86,2026-07-09 12:15:57,order-***,unavailable,normal,LIMA-LA VICTORIA,24/07/2026,12:00,15,slot_lost,,,32.246,7.781,1.688,1.296,,,,,0.047,portal-1-121525-order-***,portal-1-121525-order-*** | preenvio-1-121525-order-*** | cupo-121525-order-*** | screenshots\2026-07\09-07-2026\preenvio-1-121525-order-*** | screenshots\2026-07\09-07-2026\portal-1-121525-order-*** | screenshots\2026-07\09-07-2026\diagnostics\portal-html-1-121525-order-*** | screenshots\2026-07\09-07-2026\captchas\captcha-121525-order-***,El cupo dejo de estar disponible antes de completar la reserva.
***-140140-12be4ba1,2026-07-09 14:02:17,order-***,registered,normal,LIMA-LA VICTORIA,30/07/2026,10:00,20,confirmed,portal_success_text,,37.636,6.813,1.687,1.531,,,,,0.047,portal-1-140140-order-***,portal-1-140140-order-*** | preenvio-1-140140-order-*** | cupo-140140-order-*** | screenshots\2026-07\09-07-2026\preenvio-1-140140-order-*** | screenshots\2026-07\09-07-2026\portal-1-140140-order-*** | screenshots\2026-07\09-07-2026\diagnostics\portal-html-1-140140-order-*** | screenshots\2026-07\09-07-2026\captchas\captcha-140140-order-***,La reserva fue confirmada por mensaje de exito del portal.
***-151734-973beb17,2026-07-09 15:18:03,order-***,unavailable,normal,LIMA-LA VICTORIA,14/07/2026,12:00,22,slot_lost,,,29.117,24.562,1.734,1.484,,,,,0.047,portal-2-151734-order-***,portal-2-151734-order-*** | preenvio-1-151734-order-*** | portal-1-151734-order-*** | preenvio-2-151734-order-*** | cupo-151734-order-*** | screenshots\2026-07\09-07-2026\preenvio-1-151734-order-*** | screenshots\2026-07\09-07-2026\portal-1-151734-order-*** | screenshots\2026-07\09-07-2026\preenvio-2-151734-order-*** | screenshots\2026-07\09-07-2026\portal-2-151734-order-*** | screenshots\2026-07\09-07-2026\diagnostics\portal-html-1-151734-order-*** | screenshots\2026-07\09-07-2026\diagnostics\portal-html-2-151734-order-*** | screenshots\2026-07\09-07-2026\captchas\captcha-151734-order-*** | screenshots\2026-07\09-07-2026\captchas\captcha-151734-order-***,El cupo dejo de estar disponible antes de completar la reserva.
***-151920-1a09e6ca,2026-07-09 15:19:32,order-***,completed,normal,,30/07/2026 11:00,,,,,,12.468,,,,,,,,,etapas-151920-order-***,etapas-151920-order-***,La etapa Separa Cita Peritaje ya esta en estado Programado. No hay una cita pendiente por reservar.
***-152623-f6f18c2c,2026-07-09 15:26:37,order-***,unavailable,normal,LIMA-LA VICTORIA,30/07/2026,08:00,10,slot_lost,,,13.990,8.484,1.718,1.297,,,,,0.047,portal-1-152623-order-***,portal-1-152623-order-*** | preenvio-1-152623-order-*** | cupo-152623-order-*** | screenshots\2026-07\09-07-2026\preenvio-1-152623-order-*** | screenshots\2026-07\09-07-2026\portal-1-152623-order-*** | screenshots\2026-07\09-07-2026\diagnostics\portal-html-1-152623-order-*** | screenshots\2026-07\09-07-2026\captchas\captcha-152623-order-***,El cupo dejo de estar disponible antes de completar la reserva.
***-152640-01637f21,2026-07-09 15:27:14,order-***,unavailable,normal,LIMA-LA VICTORIA,17/07/2026,11:00,16,slot_lost,,,34.173,13.406,1.797,1.406,,,,,0.047,portal-2-152640-order-***,portal-2-152640-order-*** | preenvio-1-152640-order-*** | portal-1-152640-order-*** | preenvio-2-152640-order-*** | cupo-152640-order-*** | screenshots\2026-07\09-07-2026\preenvio-1-152640-order-*** | screenshots\2026-07\09-07-2026\portal-1-152640-order-*** | screenshots\2026-07\09-07-2026\preenvio-2-152640-order-*** | screenshots\2026-07\09-07-2026\portal-2-152640-order-*** | screenshots\2026-07\09-07-2026\diagnostics\portal-html-1-152640-order-*** | screenshots\2026-07\09-07-2026\diagnostics\portal-html-2-152640-order-*** | screenshots\2026-07\09-07-2026\captchas\captcha-152640-order-*** | screenshots\2026-07\09-07-2026\captchas\captcha-152640-order-***,El cupo dejo de estar disponible antes de completar la reserva.
***-140048-***,2026-07-10 14:01:34,order-***,registered,normal,LIMA-LA VICTORIA,27/07/2026,12:00,10,confirmed,portal_success_text,,45.473,6.516,1.687,1.375,,,,,0.047,portal-1-140048-order-***,portal-1-140048-order-*** | preenvio-1-140048-order-*** | cupo-140048-order-*** | screenshots\2026-07\10-07-2026\preenvio-1-140048-order-*** | screenshots\2026-07\10-07-2026\portal-1-140048-order-*** | screenshots\2026-07\10-07-2026\diagnostics\portal-html-1-140048-order-*** | screenshots\2026-07\10-07-2026\captchas\captcha-140048-order-***,La reserva fue confirmada por mensaje de exito del portal.
***-140134-9392d491,2026-07-10 14:01:47,order-***,unavailable,normal,LIMA-LA VICTORIA,27/07/2026,12:00,10,slot_lost,,,13.479,7.375,1.688,1.265,,,,,0.047,portal-1-140134-order-***,portal-1-140134-order-*** | preenvio-1-140134-order-*** | cupo-140134-order-*** | screenshots\2026-07\10-07-2026\preenvio-1-140134-order-*** | screenshots\2026-07\10-07-2026\portal-1-140134-order-*** | screenshots\2026-07\10-07-2026\diagnostics\portal-html-1-140134-order-*** | screenshots\2026-07\10-07-2026\captchas\captcha-140134-order-***,El cupo dejo de estar disponible antes de completar la reserva.
***-140218-0fe9d66b,2026-07-10 14:02:29,order-***,completed,normal,,10/07/2026 09:00,,,,,,11.387,,,,,,,,,etapas-140218-order-***,etapas-140218-order-***,La etapa Separa Cita Peritaje ya esta en estado Programado. No hay una cita pendiente por reservar.
***-143645-66aab2f1,2026-07-10 14:37:16,order-***,unavailable,normal,LIMA-LA VICTORIA,30/07/2026,12:00,18,slot_lost,,,31.216,7.313,1.703,1.359,,,,,0.031,portal-1-143645-order-***,portal-1-143645-order-*** | preenvio-1-143645-order-*** | cupo-143645-order-*** | screenshots\2026-07\10-07-2026\preenvio-1-143645-order-*** | screenshots\2026-07\10-07-2026\portal-1-143645-order-*** | screenshots\2026-07\10-07-2026\diagnostics\portal-html-1-143645-order-*** | screenshots\2026-07\10-07-2026\captchas\captcha-143645-order-***,El cupo dejo de estar disponible antes de completar la reserva.
***-143756-93815afd,2026-07-10 14:38:10,order-***,registered,normal,LIMA-LA VICTORIA,27/07/2026,09:00,10,confirmed,portal_success_text,,13.287,6.516,1.687,1.266,,,,,0.063,portal-1-143756-order-***,portal-1-143756-order-*** | preenvio-1-143756-order-*** | cupo-143756-order-*** | screenshots\2026-07\10-07-2026\preenvio-1-143756-order-*** | screenshots\2026-07\10-07-2026\portal-1-143756-order-*** | screenshots\2026-07\10-07-2026\diagnostics\portal-html-1-143756-order-*** | screenshots\2026-07\10-07-2026\captchas\captcha-143756-order-***,La reserva fue confirmada por mensaje de exito del portal.
***-144437-cf625aef,2026-07-10 14:44:49,order-***,unavailable,normal,LIMA-LA VICTORIA,15/07/2026,12:00,25,slot_lost,,,12.018,7.343,1.672,1.281,,,,,0.047,portal-1-144437-order-***,portal-1-144437-order-*** | preenvio-1-144437-order-*** | cupo-144437-order-*** | screenshots\2026-07\10-07-2026\preenvio-1-144437-order-*** | screenshots\2026-07\10-07-2026\portal-1-144437-order-*** | screenshots\2026-07\10-07-2026\diagnostics\portal-html-1-144437-order-*** | screenshots\2026-07\10-07-2026\captchas\captcha-144437-order-***,El cupo dejo de estar disponible antes de completar la reserva.
***-080455-6cf07fc8,2026-07-11 08:05:20,order-***,partial,normal,LIMA-LA VICTORIA,11/07/2026,08:00,25,blocked_by_order_rule,,,25.927,3.219,1.719,,,,,,,captcha-080455-order-***,captcha-080455-order-*** | cupo-080455-order-*** | screenshots\2026-07\11-07-2026\captchas\captcha-080455-order-***,"Se encontro un horario disponible, pero no cumple la regla de reserva de la orden."
***-080749-9d88e2ee,2026-07-11 08:08:26,order-***,partial,normal,LIMA-LA VICTORIA,11/07/2026,10:00,25,blocked_by_order_rule,,,36.690,3.500,1.750,,,,,,,captcha-080749-order-***,captcha-080749-order-*** | cupo-080749-order-*** | screenshots\2026-07\11-07-2026\captchas\captcha-080749-order-***,"Se encontro un horario disponible, pero no cumple la regla de reserva de la orden."
***-083050-***,2026-07-11 08:31:47,order-***,unavailable,normal,LIMA-LA VICTORIA,27/07/2026,10:00,15,slot_lost,,,56.424,29.344,1.703,22.657,,,,,0.063,portal-1-083050-order-***,portal-1-083050-order-*** | preenvio-1-083050-order-*** | cupo-083050-order-*** | screenshots\2026-07\11-07-2026\preenvio-1-083050-order-*** | screenshots\2026-07\11-07-2026\portal-1-083050-order-*** | screenshots\2026-07\11-07-2026\diagnostics\portal-html-1-083050-order-*** | screenshots\2026-07\11-07-2026\captchas\captcha-083050-order-***,El cupo dejo de estar disponible antes de completar la reserva.
***-083149-b2edebcc,2026-07-11 08:32:04,order-***,registered,normal,LIMA-LA VICTORIA,31/07/2026,12:00,10,confirmed,portal_success_text,,14.996,6.875,1.703,1.250,,,,,0.062,portal-1-083149-order-***,portal-1-083149-order-*** | preenvio-1-083149-order-*** | cupo-083149-order-*** | screenshots\2026-07\11-07-2026\preenvio-1-083149-order-*** | screenshots\2026-07\11-07-2026\portal-1-083149-order-*** | screenshots\2026-07\11-07-2026\diagnostics\portal-html-1-083149-order-*** | screenshots\2026-07\11-07-2026\captchas\captcha-083149-order-***,La reserva fue confirmada por mensaje de exito del portal.
***-083204-4b6c8f37,2026-07-11 08:32:33,order-***,registered,normal,LIMA-LA VICTORIA,01/08/2026,09:00,5,confirmed,portal_success_text,,29.183,18.031,1.953,12.000,,,,,0.062,portal-1-083204-order-***,portal-1-083204-order-*** | preenvio-1-083204-order-*** | cupo-083204-order-*** | screenshots\2026-07\11-07-2026\preenvio-1-083204-order-*** | screenshots\2026-07\11-07-2026\portal-1-083204-order-*** | screenshots\2026-07\11-07-2026\diagnostics\portal-html-1-083204-order-*** | screenshots\2026-07\11-07-2026\captchas\captcha-083204-order-***,La reserva fue confirmada por mensaje de exito del portal.
***-083234-b95d83c3,2026-07-11 08:32:48,order-***,registered,normal,LIMA-LA VICTORIA,01/08/2026,09:00,5,confirmed,portal_success_text,,14.018,6.969,1.687,1.281,,,,,0.047,portal-1-083234-order-***,portal-1-083234-order-*** | preenvio-1-083234-order-*** | cupo-083234-order-*** | screenshots\2026-07\11-07-2026\preenvio-1-083234-order-*** | screenshots\2026-07\11-07-2026\portal-1-083234-order-*** | screenshots\2026-07\11-07-2026\diagnostics\portal-html-1-083234-order-*** | screenshots\2026-07\11-07-2026\captchas\captcha-083234-order-***,La reserva fue confirmada por mensaje de exito del portal.
***-083401-3a2702af,2026-07-11 08:34:31,order-***,unavailable,normal,LIMA-LA VICTORIA,30/07/2026,08:00,20,slot_lost,,,29.588,7.422,1.703,1.266,,,,,0.031,portal-1-083401-order-***,portal-1-083401-order-*** | preenvio-1-083401-order-*** | cupo-083401-order-*** | screenshots\2026-07\11-07-2026\preenvio-1-083401-order-*** | screenshots\2026-07\11-07-2026\portal-1-083401-order-*** | screenshots\2026-07\11-07-2026\diagnostics\portal-html-1-083401-order-*** | screenshots\2026-07\11-07-2026\captchas\captcha-083401-order-***,El cupo dejo de estar disponible antes de completar la reserva.
***-083508-b8e399f8,2026-07-11 08:35:26,order-***,registered,normal,LIMA-LA VICTORIA,25/07/2026,09:00,10,confirmed,portal_success_text,,17.714,7.297,1.797,1.313,,,,,0.047,portal-1-083508-order-***,portal-1-083508-order-*** | preenvio-1-083508-order-*** | cupo-083508-order-*** | screenshots\2026-07\11-07-2026\preenvio-1-083508-order-*** | screenshots\2026-07\11-07-2026\portal-1-083508-order-*** | screenshots\2026-07\11-07-2026\diagnostics\portal-html-1-083508-order-*** | screenshots\2026-07\11-07-2026\captchas\captcha-083508-order-***,La reserva fue confirmada por mensaje de exito del portal.
***-083526-799e7e3f,2026-07-11 08:35:42,order-***,registered,normal,LIMA-LA VICTORIA,25/07/2026,09:00,10,confirmed,portal_success_text,,16.466,6.985,1.719,1.297,,,,,0.047,portal-1-083526-order-***,portal-1-083526-order-*** | preenvio-1-083526-order-*** | cupo-083526-order-*** | screenshots\2026-07\11-07-2026\preenvio-1-083526-order-*** | screenshots\2026-07\11-07-2026\portal-1-083526-order-*** | screenshots\2026-07\11-07-2026\diagnostics\portal-html-1-083526-order-*** | screenshots\2026-07\11-07-2026\captchas\captcha-083526-order-***,La reserva fue confirmada por mensaje de exito del portal.
***-083544-89169d87,2026-07-11 08:35:58,order-***,registered,normal,LIMA-LA VICTORIA,25/07/2026,09:00,10,confirmed,portal_success_text,,14.859,6.953,1.703,1.312,,,,,0.047,portal-1-083544-order-***,portal-1-083544-order-*** | preenvio-1-083544-order-*** | cupo-083544-order-*** | screenshots\2026-07\11-07-2026\preenvio-1-083544-order-*** | screenshots\2026-07\11-07-2026\portal-1-083544-order-*** | screenshots\2026-07\11-07-2026\diagnostics\portal-html-1-083544-order-*** | screenshots\2026-07\11-07-2026\captchas\captcha-083544-order-***,La reserva fue confirmada por mensaje de exito del portal.
***-083607-21b0784b,2026-07-11 08:36:20,order-***,completed,normal,,27/07/2026 09:00,,,,,,12.079,,,,,,,,,etapas-083607-order-***,etapas-083607-order-***,La etapa Separa Cita Peritaje ya esta en estado Programado. No hay una cita pendiente por reservar.
***-091807-a68dc6b8,2026-07-11 09:18:29,order-***,partial,normal,LIMA-LA VICTORIA,31/07/2026,10:00,8,priority_deferred,,,22.454,3.390,1.704,,,,,,,captcha-091807-order-***,captcha-091807-order-*** | cupo-091807-order-*** | screenshots\2026-07\11-07-2026\captchas\captcha-091807-order-***,Reserva diferida porque hay una orden de mayor prioridad lista.
***-095107-***,2026-07-11 09:51:43,order-***,registered,normal,LIMA-LA VICTORIA,01/08/2026,10:00,20,confirmed,portal_success_text,,36.041,7.235,1.704,1.344,,,,,0.062,portal-1-095107-order-***,portal-1-095107-order-*** | preenvio-1-095107-order-*** | cupo-095107-order-*** | screenshots\2026-07\11-07-2026\preenvio-1-095107-order-*** | screenshots\2026-07\11-07-2026\portal-1-095107-order-*** | screenshots\2026-07\11-07-2026\diagnostics\portal-html-1-095107-order-*** | screenshots\2026-07\11-07-2026\captchas\captcha-095107-order-***,La reserva fue confirmada por mensaje de exito del portal.
***-095143-***,2026-07-11 09:51:59,order-***,unavailable,normal,LIMA-LA VICTORIA,01/08/2026,10:00,20,slot_lost,,,16.610,8.718,1.719,2.203,,,,,0.047,portal-1-095143-order-***,portal-1-095143-order-*** | preenvio-1-095143-order-*** | cupo-095143-order-*** | screenshots\2026-07\11-07-2026\preenvio-1-095143-order-*** | screenshots\2026-07\11-07-2026\portal-1-095143-order-*** | screenshots\2026-07\11-07-2026\diagnostics\portal-html-1-095143-order-*** | screenshots\2026-07\11-07-2026\captchas\captcha-095143-order-***,El cupo dejo de estar disponible antes de completar la reserva.
***-095208-ac557281,2026-07-11 09:52:20,order-***,completed,normal,,01/08/2026 10:00,,,,,,11.519,,,,,,,,,etapas-095208-order-***,etapas-095208-order-***,La etapa Separa Cita Peritaje ya esta en estado Programado. No hay una cita pendiente por reservar.
***-102200-ad537ebb,2026-07-11 10:22:20,order-***,partial,normal,LIMA-LA VICTORIA,31/07/2026,08:00,10,blocked_by_order_rule,,,20.872,3.094,1.734,,,,,,,captcha-102200-order-***,captcha-102200-order-*** | cupo-102200-order-*** | screenshots\2026-07\11-07-2026\captchas\captcha-102200-order-***,"Se encontro un horario disponible, pero no cumple la regla de reserva de la orden."
***-121323-0a4c4a71,2026-07-11 12:14:02,order-***,partial,normal,LIMA-LA VICTORIA,31/07/2026,09:00,20,blocked_by_order_rule,,,38.641,3.156,1.703,,,,,,,captcha-121323-order-***,captcha-121323-order-*** | cupo-121323-order-*** | screenshots\2026-07\11-07-2026\captchas\captcha-121323-order-***,"Se encontro un horario disponible, pero no cumple la regla de reserva de la orden."
***-100247-fa1f23fb,2026-07-13 10:03:38,order-***,unavailable,normal,LIMA-LA VICTORIA,31/07/2026,10:00,20,slot_lost,,,50.454,18.250,1.703,11.938,,,,,0.047,portal-1-100247-order-***,portal-1-100247-order-*** | preenvio-1-100247-order-*** | cupo-100247-order-*** | screenshots\2026-07\13-07-2026\preenvio-1-100247-order-*** | screenshots\2026-07\13-07-2026\portal-1-100247-order-*** | screenshots\2026-07\13-07-2026\diagnostics\portal-html-1-100247-order-*** | screenshots\2026-07\13-07-2026\captchas\captcha-100247-order-***,El cupo dejo de estar disponible antes de completar la reserva.
***-100341-***,2026-07-13 10:04:33,order-***,unavailable,normal,LIMA-LA VICTORIA,31/07/2026,12:00,20,slot_lost,,,52.843,18.234,1.687,11.891,,,,,0.032,portal-1-100341-order-***,portal-1-100341-order-*** | preenvio-1-100341-order-*** | cupo-100341-order-*** | screenshots\2026-07\13-07-2026\preenvio-1-100341-order-*** | screenshots\2026-07\13-07-2026\portal-1-100341-order-*** | screenshots\2026-07\13-07-2026\diagnostics\portal-html-1-100341-order-*** | screenshots\2026-07\13-07-2026\captchas\captcha-100341-order-***,El cupo dejo de estar disponible antes de completar la reserva.
***-101527-190be5c5,2026-07-13 10:15:42,order-***,registered,normal,LIMA-LA VICTORIA,01/08/2026,08:00,20,confirmed,portal_success_text,,14.497,6.703,1.687,1.328,,,,,0.062,portal-1-101527-order-***,portal-1-101527-order-*** | preenvio-1-101527-order-*** | cupo-101527-order-*** | screenshots\2026-07\13-07-2026\preenvio-1-101527-order-*** | screenshots\2026-07\13-07-2026\portal-1-101527-order-*** | screenshots\2026-07\13-07-2026\diagnostics\portal-html-1-101527-order-*** | screenshots\2026-07\13-07-2026\captchas\captcha-101527-order-***,La reserva fue confirmada por mensaje de exito del portal.
***-101542-4ae3fdca,2026-07-13 10:15:56,order-***,registered,normal,LIMA-LA VICTORIA,01/08/2026,09:00,20,confirmed,portal_success_text,,14.205,6.954,1.703,1.250,,,,,0.031,portal-1-101542-order-***,portal-1-101542-order-*** | preenvio-1-101542-order-*** | cupo-101542-order-*** | screenshots\2026-07\13-07-2026\preenvio-1-101542-order-*** | screenshots\2026-07\13-07-2026\portal-1-101542-order-*** | screenshots\2026-07\13-07-2026\diagnostics\portal-html-1-101542-order-*** | screenshots\2026-07\13-07-2026\captchas\captcha-101542-order-***,La reserva fue confirmada por mensaje de exito del portal.
***-101557-faf59d2a,2026-07-13 10:16:10,order-***,unavailable,normal,LIMA-LA VICTORIA,01/08/2026,09:00,20,slot_lost,,,12.617,8.031,1.687,1.375,,,,,0.031,portal-1-101557-order-***,portal-1-101557-order-*** | preenvio-1-101557-order-*** | cupo-101557-order-*** | screenshots\2026-07\13-07-2026\preenvio-1-101557-order-*** | screenshots\2026-07\13-07-2026\portal-1-101557-order-*** | screenshots\2026-07\13-07-2026\diagnostics\portal-html-1-101557-order-*** | screenshots\2026-07\13-07-2026\captchas\captcha-101557-order-***,El cupo dejo de estar disponible antes de completar la reserva.
***-101626-425c5428,2026-07-13 10:16:37,order-***,completed,normal,,01/08/2026 09:00,,,,,,11.418,,,,,,,,,etapas-101626-order-***,etapas-101626-order-***,La etapa Separa Cita Peritaje ya esta en estado Programado. No hay una cita pendiente por reservar.
***-101747-404e632d,2026-07-13 10:18:23,order-***,registered,normal,LIMA-LA VICTORIA,03/08/2026,09:00,10,confirmed,portal_success_text,,35.959,7.000,1.719,1.297,,,,,0.047,portal-1-101747-order-***,portal-1-101747-order-*** | preenvio-1-101747-order-*** | cupo-101747-order-*** | screenshots\2026-07\13-07-2026\preenvio-1-101747-order-*** | screenshots\2026-07\13-07-2026\portal-1-101747-order-*** | screenshots\2026-07\13-07-2026\diagnostics\portal-html-1-101747-order-*** | screenshots\2026-07\13-07-2026\captchas\captcha-101747-order-***,La reserva fue confirmada por mensaje de exito del portal.
***-101823-11e89645,2026-07-13 10:18:35,order-***,unavailable,normal,LIMA-LA VICTORIA,03/08/2026,09:00,10,slot_lost,,,11.902,7.063,1.719,1.313,,,,,0.047,portal-1-101823-order-***,portal-1-101823-order-*** | preenvio-1-101823-order-*** | cupo-101823-order-*** | screenshots\2026-07\13-07-2026\preenvio-1-101823-order-*** | screenshots\2026-07\13-07-2026\portal-1-101823-order-*** | screenshots\2026-07\13-07-2026\diagnostics\portal-html-1-101823-order-*** | screenshots\2026-07\13-07-2026\captchas\captcha-101823-order-***,El cupo dejo de estar disponible antes de completar la reserva.
***-101930-7f4ed0cd,2026-07-13 10:20:18,order-***,registered,normal,LIMA-LA VICTORIA,03/08/2026,11:00,10,confirmed,portal_success_text,,48.257,6.938,1.703,1.344,,,,,0.047,portal-1-101930-order-***,portal-1-101930-order-*** | preenvio-1-101930-order-*** | cupo-101930-order-*** | screenshots\2026-07\13-07-2026\preenvio-1-101930-order-*** | screenshots\2026-07\13-07-2026\portal-1-101930-order-*** | screenshots\2026-07\13-07-2026\diagnostics\portal-html-1-101930-order-*** | screenshots\2026-07\13-07-2026\captchas\captcha-101930-order-***,La reserva fue confirmada por mensaje de exito del portal.
***-102258-774cd164,2026-07-13 10:23:15,order-***,registered,normal,LIMA-LA VICTORIA,04/08/2026,10:00,10,confirmed,portal_success_text,,16.684,6.781,1.734,1.250,,,,,0.031,portal-1-102258-order-***,portal-1-102258-order-*** | preenvio-1-102258-order-*** | cupo-102258-order-*** | screenshots\2026-07\13-07-2026\preenvio-1-102258-order-*** | screenshots\2026-07\13-07-2026\portal-1-102258-order-*** | screenshots\2026-07\13-07-2026\diagnostics\portal-html-1-102258-order-*** | screenshots\2026-07\13-07-2026\captchas\captcha-102258-order-***,La reserva fue confirmada por mensaje de exito del portal.
***-102315-fdec3083,2026-07-13 10:23:29,order-***,registered,normal,LIMA-LA VICTORIA,04/08/2026,10:00,10,confirmed,portal_success_text,,14.082,7.203,1.688,1.281,,,,,0.047,portal-1-102315-order-***,portal-1-102315-order-*** | preenvio-1-102315-order-*** | cupo-102315-order-*** | screenshots\2026-07\13-07-2026\preenvio-1-102315-order-*** | screenshots\2026-07\13-07-2026\portal-1-102315-order-*** | screenshots\2026-07\13-07-2026\diagnostics\portal-html-1-102315-order-*** | screenshots\2026-07\13-07-2026\captchas\captcha-102315-order-***,La reserva fue confirmada por mensaje de exito del portal.
***-102341-49ecdcda,2026-07-13 10:23:48,order-***,partial,normal,LIMA-LA VICTORIA,04/08/2026,10:00,10,blocked_by_order_rule,,,7.789,3.188,1.703,,,,,,,captcha-102341-order-***,captcha-102341-order-*** | cupo-102341-order-*** | screenshots\2026-07\13-07-2026\captchas\captcha-102341-order-***,"Se encontro un horario disponible, pero no cumple la regla de reserva de la orden."
***-102350-d226b0b1,2026-07-13 10:24:03,order-***,unavailable,normal,LIMA-LA VICTORIA,04/08/2026,10:00,10,slot_lost,,,12.269,7.593,1.688,1.328,,,,,0.031,portal-1-102350-order-***,portal-1-102350-order-*** | preenvio-1-102350-order-*** | cupo-102350-order-*** | screenshots\2026-07\13-07-2026\preenvio-1-102350-order-*** | screenshots\2026-07\13-07-2026\portal-1-102350-order-*** | screenshots\2026-07\13-07-2026\diagnostics\portal-html-1-102350-order-*** | screenshots\2026-07\13-07-2026\captchas\captcha-102350-order-***,El cupo dejo de estar disponible antes de completar la reserva.
***-133503-65dd4728,2026-07-13 13:36:11,order-***,registered,normal,LIMA-LA VICTORIA,04/08/2026,09:00,20,confirmed,portal_success_text,,67.488,22.672,1.688,1.546,,,,,0.062,portal-2-133503-order-***,portal-2-133503-order-*** | preenvio-1-133503-order-*** | portal-1-133503-order-*** | preenvio-2-133503-order-*** | cupo-133503-order-*** | screenshots\2026-07\13-07-2026\preenvio-1-133503-order-*** | screenshots\2026-07\13-07-2026\portal-1-133503-order-*** | screenshots\2026-07\13-07-2026\preenvio-2-133503-order-*** | screenshots\2026-07\13-07-2026\portal-2-133503-order-*** | screenshots\2026-07\13-07-2026\diagnostics\portal-html-1-133503-order-*** | screenshots\2026-07\13-07-2026\diagnostics\portal-html-2-133503-order-*** | screenshots\2026-07\13-07-2026\captchas\captcha-133503-order-*** | screenshots\2026-07\13-07-2026\captchas\captcha-133503-order-***,La reserva fue confirmada por mensaje de exito del portal.
***-133611-66a6d0bc,2026-07-13 13:36:23,order-***,unavailable,normal,LIMA-LA VICTORIA,04/08/2026,10:00,20,slot_lost,,,12.437,7.547,1.719,1.359,,,,,0.047,portal-1-133611-order-***,portal-1-133611-order-*** | preenvio-1-133611-order-*** | cupo-133611-order-*** | screenshots\2026-07\13-07-2026\preenvio-1-133611-order-*** | screenshots\2026-07\13-07-2026\portal-1-133611-order-*** | screenshots\2026-07\13-07-2026\diagnostics\portal-html-1-133611-order-*** | screenshots\2026-07\13-07-2026\captchas\captcha-133611-order-***,El cupo dejo de estar disponible antes de completar la reserva.
***-133709-4be60c37,2026-07-13 13:37:19,order-***,completed,normal,,04/08/2026 10:00,,,,,,10.915,,,,,,,,,etapas-133709-order-***,etapas-133709-order-***,La etapa Separa Cita Peritaje ya esta en estado Programado. No hay una cita pendiente por reservar.
***-134116-ecdfe78e,2026-07-13 13:41:40,order-***,partial,normal,LIMA-LA VICTORIA,05/08/2026,09:00,10,blocked_by_order_rule,,,24.804,3.125,1.703,,,,,,,captcha-134116-order-***,captcha-134116-order-*** | cupo-134116-order-*** | screenshots\2026-07\13-07-2026\captchas\captcha-134116-order-***,"Se encontro un horario disponible, pero no cumple la regla de reserva de la orden."
observer-***-134142-***,2026-07-13 13:41:55,,available,normal,LIMA-LA VICTORIA,05/08/2026,09:00,10,,,,13.301,,,,,,,,,observer-cupo-df4d16.png,observer-cupo-df4d16.png,Se seleccionaron una fecha y una hora disponibles.
observer-***-134156-0a9c9ffd,2026-07-13 13:42:08,,available,normal,LIMA-LA VICTORIA,05/08/2026,09:00,10,,,,12.533,,,,,,,,,observer-cupo-5a0b0d.png,observer-cupo-5a0b0d.png,Se seleccionaron una fecha y una hora disponibles.
observer-***-134736-7aa91abd,2026-07-13 13:48:12,,available,normal,LIMA-LA VICTORIA,05/08/2026,10:00,10,,,,36.098,,,,,,,,,observer-cupo-40a835.png,observer-cupo-40a835.png,Se seleccionaron una fecha y una hora disponibles.
***-150659-***,2026-07-13 15:07:17,order-***,registered,normal,LIMA-LA VICTORIA,25/07/2026,11:00,10,confirmed,portal_success_text,,17.602,7.766,1.735,1.406,,,,,0.046,portal-1-150659-order-***,portal-1-150659-order-*** | preenvio-1-150659-order-*** | cupo-150659-order-*** | screenshots\2026-07\13-07-2026\preenvio-1-150659-order-*** | screenshots\2026-07\13-07-2026\portal-1-150659-order-*** | screenshots\2026-07\13-07-2026\diagnostics\portal-html-1-150659-order-*** | screenshots\2026-07\13-07-2026\captchas\captcha-150659-order-***,La reserva fue confirmada por mensaje de exito del portal.
***-150717-40380ae5,2026-07-13 15:07:43,order-***,unavailable,normal,LIMA-LA VICTORIA,25/07/2026,11:00,10,slot_lost,,,25.675,18.578,1.719,11.890,,,,,0.047,portal-1-150717-order-***,portal-1-150717-order-*** | preenvio-1-150717-order-*** | cupo-150717-order-*** | screenshots\2026-07\13-07-2026\preenvio-1-150717-order-*** | screenshots\2026-07\13-07-2026\portal-1-150717-order-*** | screenshots\2026-07\13-07-2026\diagnostics\portal-html-1-150717-order-*** | screenshots\2026-07\13-07-2026\captchas\captcha-150717-order-***,El cupo dejo de estar disponible antes de completar la reserva.
***-150747-6b88a409,2026-07-13 15:08:03,order-***,registered,normal,LIMA-LA VICTORIA,25/07/2026,08:00,20,confirmed,portal_success_text,,15.793,7.813,1.719,1.375,,,,,0.063,portal-1-150747-order-***,portal-1-150747-order-*** | preenvio-1-150747-order-*** | cupo-150747-order-*** | screenshots\2026-07\13-07-2026\preenvio-1-150747-order-*** | screenshots\2026-07\13-07-2026\portal-1-150747-order-*** | screenshots\2026-07\13-07-2026\diagnostics\portal-html-1-150747-order-*** | screenshots\2026-07\13-07-2026\captchas\captcha-150747-order-***,La reserva fue confirmada por mensaje de exito del portal.
observer-***-171820-6e892689,2026-07-13 17:19:01,,available,normal,LIMA-LA VICTORIA,31/07/2026,08:00,13,,,,40.560,,,,,,,,,observer-cupo-fa30df.png,observer-cupo-fa30df.png,Se seleccionaron una fecha y una hora disponibles.
***-085542-d752e25f,2026-07-14 08:56:08,order-***,partial,normal,LIMA-LA VICTORIA,03/08/2026,08:00,20,blocked_by_order_rule,,,26.081,3.219,1.703,,,,,,,screenshots\2026-07\14-07-2026\captchas\captcha-085542-order-***,screenshots\2026-07\14-07-2026\captchas\captcha-085542-order-*** | screenshots\2026-07\14-07-2026\cupo-085542-order-***,"Se encontro un horario disponible, pero no cumple la regla de reserva de la orden."
***-092020-a9f80323,2026-07-14 09:21:03,order-***,partial,normal,LIMA-LA VICTORIA,05/08/2026,11:00,10,blocked_by_order_rule,,,43.435,3.297,1.735,,,,,,,screenshots\2026-07\14-07-2026\captchas\captcha-092020-order-***,screenshots\2026-07\14-07-2026\captchas\captcha-092020-order-*** | screenshots\2026-07\14-07-2026\cupo-092020-order-***,"Se encontro un horario disponible, pero no cumple la regla de reserva de la orden."
***-095146-5b9128fe,2026-07-14 09:51:54,order-***,partial,normal,LIMA-LA VICTORIA,21/07/2026,08:00,30,blocked_by_order_rule,,,7.614,3.047,1.688,,,,,,,screenshots\2026-07\14-07-2026\captchas\captcha-095146-order-***,screenshots\2026-07\14-07-2026\captchas\captcha-095146-order-*** | screenshots\2026-07\14-07-2026\cupo-095146-order-***,"Se encontro un horario disponible, pero no cumple la regla de reserva de la orden."
***-095238-a0c3512a,2026-07-14 09:52:52,order-***,registered,normal,LIMA-LA VICTORIA,21/07/2026,11:00,30,confirmed,portal_success_text,,14.155,6.844,1.672,1.359,,,,,0.031,screenshots\2026-07\14-07-2026\portal-1-095238-order-***,screenshots\2026-07\14-07-2026\portal-1-095238-order-*** | screenshots\2026-07\14-07-2026\preenvio-1-095238-order-*** | screenshots\2026-07\14-07-2026\cupo-095238-order-*** | screenshots\2026-07\14-07-2026\captchas\captcha-095238-order-*** | screenshots\2026-07\14-07-2026\diagnostics\portal-html-1-095238-order-***,La reserva fue confirmada por mensaje de exito del portal.
***-095302-e5636de5,2026-07-14 09:53:36,order-***,partial,normal,LIMA-LA VICTORIA,21/07/2026,12:00,20,blocked_by_order_rule,,,33.544,3.187,1.688,,,,,,,screenshots\2026-07\14-07-2026\captchas\captcha-095302-order-***,screenshots\2026-07\14-07-2026\captchas\captcha-095302-order-*** | screenshots\2026-07\14-07-2026\cupo-095302-order-***,"Se encontro un horario disponible, pero no cumple la regla de reserva de la orden."
observer-***-095610-cb3f44e2,2026-07-14 09:57:20,,available,normal,LIMA-LA VICTORIA,21/07/2026,09:00,30,,,,70.056,,,,,,,,,,,Se seleccionaron una fecha y una hora disponibles.
observer-***-095720-2506ae8d,2026-07-14 09:57:33,,available,normal,LIMA-LA VICTORIA,20/07/2026,08:00,20,,,,13.152,,,,,,,,,screenshots\2026-07\14-07-2026\observer-cupo-7290d0.png,screenshots\2026-07\14-07-2026\observer-cupo-7290d0.png,Se seleccionaron una fecha y una hora disponibles.
observer-***-100114-9b4ae717,2026-07-14 10:01:35,,available,normal,LIMA-LA VICTORIA,31/07/2026,08:00,30,,,,20.092,,,,,,,,,screenshots\2026-07\14-07-2026\observer-cupo-6385c8.png,screenshots\2026-07\14-07-2026\observer-cupo-6385c8.png,Se seleccionaron una fecha y una hora disponibles.
observer-***-100135-***,2026-07-14 10:01:47,,available,normal,LIMA-LA VICTORIA,31/07/2026,08:00,30,,,,12.491,,,,,,,,,screenshots\2026-07\14-07-2026\observer-cupo-d58817.png,screenshots\2026-07\14-07-2026\observer-cupo-d58817.png,Se seleccionaron una fecha y una hora disponibles.
***-104053-665986d5,2026-07-14 10:41:00,order-***,partial,normal,LIMA-LA VICTORIA,22/07/2026,09:00,30,blocked_by_order_rule,,,7.672,2.953,1.688,,,,,,,screenshots\2026-07\14-07-2026\captchas\captcha-104053-order-***,screenshots\2026-07\14-07-2026\captchas\captcha-104053-order-*** | screenshots\2026-07\14-07-2026\cupo-104053-order-***,"Se encontro un horario disponible, pero no cumple la regla de reserva de la orden."
***-104406-bc4334c8,2026-07-14 10:44:36,order-***,unavailable,normal,LIMA-LA VICTORIA,04/08/2026,11:00,10,slot_lost,,,30.410,7.516,1.688,1.406,,,,,0.046,screenshots\2026-07\14-07-2026\portal-1-104406-order-***,screenshots\2026-07\14-07-2026\portal-1-104406-order-*** | screenshots\2026-07\14-07-2026\preenvio-1-104406-order-*** | screenshots\2026-07\14-07-2026\cupo-104406-order-*** | screenshots\2026-07\14-07-2026\captchas\captcha-104406-order-*** | screenshots\2026-07\14-07-2026\diagnostics\portal-html-1-104406-order-***,El cupo dejo de estar disponible antes de completar la reserva.
***-123512-dd1cdf77,2026-07-14 12:35:48,order-***,registered,normal,LIMA-LA VICTORIA,05/08/2026,08:00,20,confirmed,portal_success_text,,35.664,7.485,1.703,1.297,,,,,0.062,screenshots\2026-07\14-07-2026\portal-1-123512-order-***,screenshots\2026-07\14-07-2026\portal-1-123512-order-*** | screenshots\2026-07\14-07-2026\preenvio-1-123512-order-*** | screenshots\2026-07\14-07-2026\cupo-123512-order-*** | screenshots\2026-07\14-07-2026\captchas\captcha-123512-order-*** | screenshots\2026-07\14-07-2026\diagnostics\portal-html-1-123512-order-***,La reserva fue confirmada por mensaje de exito del portal.
***-123649-cc6ce341,2026-07-14 12:37:05,order-***,registered,normal,LIMA-LA VICTORIA,05/08/2026,09:00,20,confirmed,portal_success_text,,16.257,7.594,1.766,1.391,,,,,0.031,screenshots\2026-07\14-07-2026\portal-1-123649-order-***,screenshots\2026-07\14-07-2026\portal-1-123649-order-*** | screenshots\2026-07\14-07-2026\preenvio-1-123649-order-*** | screenshots\2026-07\14-07-2026\cupo-123649-order-*** | screenshots\2026-07\14-07-2026\captchas\captcha-123649-order-*** | screenshots\2026-07\14-07-2026\diagnostics\portal-html-1-123649-order-***,La reserva fue confirmada por mensaje de exito del portal.
***-130915-5b38ab5e,2026-07-14 13:09:38,order-***,partial,normal,LIMA-LA VICTORIA,21/07/2026,10:00,30,blocked_by_order_rule,,,22.770,3.219,1.704,,,,,,,screenshots\2026-07\14-07-2026\captchas\captcha-130915-order-***,screenshots\2026-07\14-07-2026\captchas\captcha-130915-order-*** | screenshots\2026-07\14-07-2026\cupo-130915-order-***,"Se encontro un horario disponible, pero no cumple la regla de reserva de la orden."
***-084434-4b0d2038,2026-07-15 08:45:19,order-***,partial,normal,LIMA-LA VICTORIA,24/07/2026,10:00,20,blocked_by_order_rule,,,45.616,3.750,1.812,,,,,,,screenshots\2026-07\15-07-2026\captchas\captcha-084434-order-***,screenshots\2026-07\15-07-2026\captchas\captcha-084434-order-*** | screenshots\2026-07\15-07-2026\cupo-084434-order-***,"Se encontro un horario disponible, pero no cumple la regla de reserva de la orden."
***-093923-b0fbcc0f,2026-07-15 09:39:32,order-***,partial,normal,LIMA-LA VICTORIA,05/08/2026,10:00,20,blocked_by_order_rule,,,9.658,3.453,1.797,,,,,,,screenshots\2026-07\15-07-2026\captchas\captcha-093923-order-***,screenshots\2026-07\15-07-2026\captchas\captcha-093923-order-*** | screenshots\2026-07\15-07-2026\cupo-093923-order-***,"Se encontro un horario disponible, pero no cumple la regla de reserva de la orden."
***-093935-7dd37d88,2026-07-15 09:39:50,order-***,unavailable,normal,LIMA-LA VICTORIA,05/08/2026,11:00,20,slot_lost,,,14.719,8.703,1.813,1.609,,,,,0.062,screenshots\2026-07\15-07-2026\portal-1-093935-order-***,screenshots\2026-07\15-07-2026\portal-1-093935-order-*** | screenshots\2026-07\15-07-2026\preenvio-1-093935-order-*** | screenshots\2026-07\15-07-2026\cupo-093935-order-*** | screenshots\2026-07\15-07-2026\captchas\captcha-093935-order-*** | screenshots\2026-07\15-07-2026\diagnostics\portal-html-1-093935-order-***,El cupo dejo de estar disponible antes de completar la reserva.
***-093952-bf78c59e,2026-07-15 09:40:29,order-***,registered,normal,LIMA-LA VICTORIA,05/08/2026,12:00,20,confirmed,portal_success_text,,36.271,8.282,1.860,1.609,,,,,0.047,screenshots\2026-07\15-07-2026\portal-1-093952-order-***,screenshots\2026-07\15-07-2026\portal-1-093952-order-*** | screenshots\2026-07\15-07-2026\preenvio-1-093952-order-*** | screenshots\2026-07\15-07-2026\cupo-093952-order-*** | screenshots\2026-07\15-07-2026\captchas\captcha-093952-order-*** | screenshots\2026-07\15-07-2026\diagnostics\portal-html-1-093952-order-***,La reserva fue confirmada por mensaje de exito del portal.
***-094051-5a0ef969,2026-07-15 09:41:18,order-***,partial,normal,LIMA-LA VICTORIA,20/07/2026,08:00,30,blocked_by_order_rule,,,27.147,3.531,1.828,,,,,,,screenshots\2026-07\15-07-2026\captchas\captcha-094051-order-***,screenshots\2026-07\15-07-2026\captchas\captcha-094051-order-*** | screenshots\2026-07\15-07-2026\cupo-094051-order-***,"Se encontro un horario disponible, pero no cumple la regla de reserva de la orden."
observer-***-094214-6114cfa8,2026-07-15 09:42:35,,available,normal,LIMA-LA VICTORIA,06/08/2026,09:00,10,,,,21.122,,,,,,,,,screenshots\2026-07\15-07-2026\observer-cupo-7794db.png,screenshots\2026-07\15-07-2026\observer-cupo-7794db.png,Se seleccionaron una fecha y una hora disponibles.
observer-***-094235-8f2a049c,2026-07-15 09:42:49,,available,normal,LIMA-LA VICTORIA,06/08/2026,09:00,10,,,,13.166,,,,,,,,,screenshots\2026-07\15-07-2026\observer-cupo-332cc6.png,screenshots\2026-07\15-07-2026\observer-cupo-332cc6.png,Se seleccionaron una fecha y una hora disponibles.
observer-***-094625-e8562fb4,2026-07-15 09:47:08,,available,normal,LIMA-LA VICTORIA,17/07/2026,08:00,30,,,,43.247,,,,,,,,,screenshots\2026-07\15-07-2026\observer-cupo-eac4c8.png,screenshots\2026-07\15-07-2026\observer-cupo-eac4c8.png,Se seleccionaron una fecha y una hora disponibles.
observer-***-094724-ca24045f,2026-07-15 09:47:37,,available,normal,LIMA-LA VICTORIA,18/07/2026,08:00,22,,,,13.274,,,,,,,,,screenshots\2026-07\15-07-2026\observer-cupo-5eed7a.png,screenshots\2026-07\15-07-2026\observer-cupo-5eed7a.png,Se seleccionaron una fecha y una hora disponibles.
observer-***-095315-6d597d1d,2026-07-15 09:53:36,,available,normal,LIMA-LA VICTORIA,05/08/2026,10:00,25,,,,21.458,,,,,,,,,screenshots\2026-07\15-07-2026\observer-cupo-0127f5.png,screenshots\2026-07\15-07-2026\observer-cupo-0127f5.png,Se seleccionaron una fecha y una hora disponibles.
***-104350-3dd4948e,2026-07-15 10:44:45,order-***,unavailable,normal,LIMA-LA VICTORIA,04/08/2026,12:00,5,slot_lost,,,54.741,19.109,1.703,11.891,,,,,0.078,screenshots\2026-07\15-07-2026\portal-1-104350-order-***,screenshots\2026-07\15-07-2026\portal-1-104350-order-*** | screenshots\2026-07\15-07-2026\preenvio-1-104350-order-*** | screenshots\2026-07\15-07-2026\cupo-104350-order-*** | screenshots\2026-07\15-07-2026\captchas\captcha-104350-order-*** | screenshots\2026-07\15-07-2026\diagnostics\portal-html-1-104350-order-***,El cupo dejo de estar disponible antes de completar la reserva.
***-125227-795a8b78,2026-07-15 12:52:55,order-***,unavailable,normal,LIMA-LA VICTORIA,06/08/2026,10:00,10,slot_lost,,,28.570,7.938,1.718,1.296,,,,,0.031,screenshots\2026-07\15-07-2026\portal-1-125227-order-***,screenshots\2026-07\15-07-2026\portal-1-125227-order-*** | screenshots\2026-07\15-07-2026\preenvio-1-125227-order-*** | screenshots\2026-07\15-07-2026\cupo-125227-order-*** | screenshots\2026-07\15-07-2026\captchas\captcha-125227-order-*** | screenshots\2026-07\15-07-2026\diagnostics\portal-html-1-125227-order-***,El cupo dejo de estar disponible antes de completar la reserva.
***-125336-f02e5fed,2026-07-15 12:54:31,order-***,unavailable,normal,LIMA-LA VICTORIA,06/08/2026,09:00,15,slot_lost,,,54.970,18.312,1.688,11.954,,,,,0.031,screenshots\2026-07\15-07-2026\portal-1-125336-order-***,screenshots\2026-07\15-07-2026\portal-1-125336-order-*** | screenshots\2026-07\15-07-2026\preenvio-1-125336-order-*** | screenshots\2026-07\15-07-2026\cupo-125336-order-*** | screenshots\2026-07\15-07-2026\captchas\captcha-125336-order-*** | screenshots\2026-07\15-07-2026\diagnostics\portal-html-1-125336-order-***,El cupo dejo de estar disponible antes de completar la reserva.
***-130255-00102de4,2026-07-15 13:03:46,order-***,unavailable,normal,LIMA-LA VICTORIA,01/08/2026,11:00,10,slot_lost,,,51.697,19.062,1.688,11.938,,,,,0.047,screenshots\2026-07\15-07-2026\portal-1-130255-order-***,screenshots\2026-07\15-07-2026\portal-1-130255-order-*** | screenshots\2026-07\15-07-2026\preenvio-1-130255-order-*** | screenshots\2026-07\15-07-2026\cupo-130255-order-*** | screenshots\2026-07\15-07-2026\captchas\captcha-130255-order-*** | screenshots\2026-07\15-07-2026\diagnostics\portal-html-1-130255-order-***,El cupo dejo de estar disponible antes de completar la reserva.
***-131323-82d24348,2026-07-15 13:14:12,order-***,unavailable,normal,LIMA-LA VICTORIA,06/08/2026,10:00,20,slot_lost,,,49.873,18.531,1.735,12.140,,,,,0.047,screenshots\2026-07\15-07-2026\portal-1-131323-order-***,screenshots\2026-07\15-07-2026\portal-1-131323-order-*** | screenshots\2026-07\15-07-2026\preenvio-1-131323-order-*** | screenshots\2026-07\15-07-2026\cupo-131323-order-*** | screenshots\2026-07\15-07-2026\captchas\captcha-131323-order-*** | screenshots\2026-07\15-07-2026\diagnostics\portal-html-1-131323-order-***,El cupo dejo de estar disponible antes de completar la reserva.
***-131415-35a6e177,2026-07-15 13:14:44,order-***,registered,normal,LIMA-LA VICTORIA,06/08/2026,12:00,10,confirmed,portal_success_text,,29.491,18.359,1.704,11.875,,,,,0.063,screenshots\2026-07\15-07-2026\portal-1-131415-order-***,screenshots\2026-07\15-07-2026\portal-1-131415-order-*** | screenshots\2026-07\15-07-2026\preenvio-1-131415-order-*** | screenshots\2026-07\15-07-2026\cupo-131415-order-*** | screenshots\2026-07\15-07-2026\captchas\captcha-131415-order-*** | screenshots\2026-07\15-07-2026\diagnostics\portal-html-1-131415-order-***,La reserva fue confirmada por mensaje de exito del portal.
***-131444-4527d771,2026-07-15 13:14:58,order-***,registered,normal,LIMA-LA VICTORIA,07/08/2026,09:00,10,confirmed,portal_success_text,,14.190,7.562,1.703,1.266,,,,,0.063,screenshots\2026-07\15-07-2026\portal-1-131444-order-***,screenshots\2026-07\15-07-2026\portal-1-131444-order-*** | screenshots\2026-07\15-07-2026\preenvio-1-131444-order-*** | screenshots\2026-07\15-07-2026\cupo-131444-order-*** | screenshots\2026-07\15-07-2026\captchas\captcha-131444-order-*** | screenshots\2026-07\15-07-2026\diagnostics\portal-html-1-131444-order-***,La reserva fue confirmada por mensaje de exito del portal.
***-141820-7762c2a3,2026-07-15 14:19:10,order-***,registered,normal,LIMA-LA VICTORIA,07/08/2026,08:00,20,confirmed,portal_success_text,,49.533,6.484,1.672,1.375,,,,,0.032,screenshots\2026-07\15-07-2026\portal-1-141820-order-***,screenshots\2026-07\15-07-2026\portal-1-141820-order-*** | screenshots\2026-07\15-07-2026\preenvio-1-141820-order-*** | screenshots\2026-07\15-07-2026\cupo-141820-order-*** | screenshots\2026-07\15-07-2026\captchas\captcha-141820-order-*** | screenshots\2026-07\15-07-2026\diagnostics\portal-html-1-141820-order-***,La reserva fue confirmada por mensaje de exito del portal.
***-141926-7a7273e8,2026-07-15 14:20:00,order-***,partial,normal,LIMA-LA VICTORIA,07/08/2026,09:00,20,blocked_by_order_rule,,,34.043,3.156,1.656,,,,,,,screenshots\2026-07\15-07-2026\captchas\captcha-141926-order-***,screenshots\2026-07\15-07-2026\captchas\captcha-141926-order-*** | screenshots\2026-07\15-07-2026\cupo-141926-order-***,"Se encontro un horario disponible, pero no cumple la regla de reserva de la orden."
***-142002-d267709f,2026-07-15 14:20:14,order-***,unavailable,normal,LIMA-LA VICTORIA,07/08/2026,09:00,20,slot_lost,,,11.790,7.485,1.672,1.344,,,,,0.047,screenshots\2026-07\15-07-2026\portal-1-142002-order-***,screenshots\2026-07\15-07-2026\portal-1-142002-order-*** | screenshots\2026-07\15-07-2026\preenvio-1-142002-order-*** | screenshots\2026-07\15-07-2026\cupo-142002-order-*** | screenshots\2026-07\15-07-2026\captchas\captcha-142002-order-*** | screenshots\2026-07\15-07-2026\diagnostics\portal-html-1-142002-order-***,El cupo dejo de estar disponible antes de completar la reserva.
***-142125-08a72870,2026-07-15 14:23:15,order-***,unavailable,normal,LIMA-LA VICTORIA,07/08/2026,10:00,20,slot_lost,,,109.642,71.219,1.672,64.891,,,,,0.109,screenshots\2026-07\15-07-2026\portal-1-142125-order-***,screenshots\2026-07\15-07-2026\portal-1-142125-order-*** | screenshots\2026-07\15-07-2026\preenvio-1-142125-order-*** | screenshots\2026-07\15-07-2026\cupo-142125-order-*** | screenshots\2026-07\15-07-2026\captchas\captcha-142125-order-*** | screenshots\2026-07\15-07-2026\diagnostics\portal-html-1-142125-order-***,El cupo dejo de estar disponible antes de completar la reserva.
***-121245-8190929c,2026-07-16 12:13:28,order-***,unavailable,normal,LIMA-LA VICTORIA,04/08/2026,12:00,20,slot_lost,,,42.430,18.797,1.703,12.172,,,,,0.047,screenshots\2026-07\16-07-2026\portal-1-121245-order-***,screenshots\2026-07\16-07-2026\portal-1-121245-order-*** | screenshots\2026-07\16-07-2026\preenvio-1-121245-order-*** | screenshots\2026-07\16-07-2026\cupo-121245-order-*** | screenshots\2026-07\16-07-2026\captchas\captcha-121245-order-*** | screenshots\2026-07\16-07-2026\diagnostics\portal-html-1-121245-order-***,El cupo dejo de estar disponible antes de completar la reserva.
***-121517-69c5f047,2026-07-16 12:15:58,order-***,unavailable,normal,LIMA-LA VICTORIA,10/08/2026,08:00,5,slot_lost,,,41.637,18.141,1.688,11.953,,,,,0.032,screenshots\2026-07\16-07-2026\portal-1-121517-order-***,screenshots\2026-07\16-07-2026\portal-1-121517-order-*** | screenshots\2026-07\16-07-2026\preenvio-1-121517-order-*** | screenshots\2026-07\16-07-2026\cupo-121517-order-*** | screenshots\2026-07\16-07-2026\captchas\captcha-121517-order-*** | screenshots\2026-07\16-07-2026\diagnostics\portal-html-1-121517-order-***,El cupo dejo de estar disponible antes de completar la reserva.
***-121601-150ffbae,2026-07-16 12:16:45,order-***,unavailable,normal,LIMA-LA VICTORIA,10/08/2026,10:00,5,slot_lost,,,44.132,18.156,1.687,11.969,,,,,0.047,screenshots\2026-07\16-07-2026\portal-1-121601-order-***,screenshots\2026-07\16-07-2026\portal-1-121601-order-*** | screenshots\2026-07\16-07-2026\preenvio-1-121601-order-*** | screenshots\2026-07\16-07-2026\cupo-121601-order-*** | screenshots\2026-07\16-07-2026\captchas\captcha-121601-order-*** | screenshots\2026-07\16-07-2026\diagnostics\portal-html-1-121601-order-***,El cupo dejo de estar disponible antes de completar la reserva.
***-122423-e2593980,2026-07-16 12:25:02,order-***,unavailable,normal,LIMA-LA VICTORIA,22/07/2026,12:00,22,slot_lost,,,39.343,18.453,1.719,11.875,,,,,0.063,screenshots\2026-07\16-07-2026\portal-1-122423-order-***,screenshots\2026-07\16-07-2026\portal-1-122423-order-*** | screenshots\2026-07\16-07-2026\preenvio-1-122423-order-*** | screenshots\2026-07\16-07-2026\cupo-122423-order-*** | screenshots\2026-07\16-07-2026\captchas\captcha-122423-order-*** | screenshots\2026-07\16-07-2026\diagnostics\portal-html-1-122423-order-***,El cupo dejo de estar disponible antes de completar la reserva.
***-124626-6045f6e1,2026-07-16 12:47:08,order-***,unavailable,normal,LIMA-LA VICTORIA,10/08/2026,08:00,15,slot_lost,,,41.980,18.250,1.735,12.360,,,,,0.047,screenshots\2026-07\16-07-2026\portal-1-124626-order-***,screenshots\2026-07\16-07-2026\portal-1-124626-order-*** | screenshots\2026-07\16-07-2026\preenvio-1-124626-order-*** | screenshots\2026-07\16-07-2026\cupo-124626-order-*** | screenshots\2026-07\16-07-2026\captchas\captcha-124626-order-*** | screenshots\2026-07\16-07-2026\diagnostics\portal-html-1-124626-order-***,El cupo dejo de estar disponible antes de completar la reserva.
***-124820-f9f9ad4d,2026-07-16 12:48:58,order-***,unavailable,normal,LIMA-LA VICTORIA,24/07/2026,11:00,16,slot_lost,,,37.690,7.343,1.688,1.312,,,,,0.047,screenshots\2026-07\16-07-2026\portal-1-124820-order-***,screenshots\2026-07\16-07-2026\portal-1-124820-order-*** | screenshots\2026-07\16-07-2026\preenvio-1-124820-order-*** | screenshots\2026-07\16-07-2026\cupo-124820-order-*** | screenshots\2026-07\16-07-2026\captchas\captcha-124820-order-*** | screenshots\2026-07\16-07-2026\diagnostics\portal-html-1-124820-order-***,El cupo dejo de estar disponible antes de completar la reserva.
***-124940-3a2b04dc,2026-07-16 12:49:54,order-***,registered,normal,LIMA-LA VICTORIA,10/08/2026,10:00,10,confirmed,portal_success_text,,14.571,7.031,1.703,1.313,,,,,0.063,screenshots\2026-07\16-07-2026\portal-1-124940-order-***,screenshots\2026-07\16-07-2026\portal-1-124940-order-*** | screenshots\2026-07\16-07-2026\preenvio-1-124940-order-*** | screenshots\2026-07\16-07-2026\cupo-124940-order-*** | screenshots\2026-07\16-07-2026\captchas\captcha-124940-order-*** | screenshots\2026-07\16-07-2026\diagnostics\portal-html-1-124940-order-***,La reserva fue confirmada por mensaje de exito del portal.
***-124955-099bf82d,2026-07-16 12:50:09,order-***,registered,normal,LIMA-LA VICTORIA,10/08/2026,11:00,10,confirmed,portal_success_text,,14.029,7.172,1.703,1.297,,,,,0.062,screenshots\2026-07\16-07-2026\portal-1-124955-order-***,screenshots\2026-07\16-07-2026\portal-1-124955-order-*** | screenshots\2026-07\16-07-2026\preenvio-1-124955-order-*** | screenshots\2026-07\16-07-2026\cupo-124955-order-*** | screenshots\2026-07\16-07-2026\captchas\captcha-124955-order-*** | screenshots\2026-07\16-07-2026\diagnostics\portal-html-1-124955-order-***,La reserva fue confirmada por mensaje de exito del portal.
***-125010-6147dda7,2026-07-16 12:50:21,order-***,completed,normal,,10/08/2026 10:00,,,,,,11.453,,,,,,,,,screenshots\2026-07\16-07-2026\etapas-125010-order-***,screenshots\2026-07\16-07-2026\etapas-125010-order-***,La etapa Separa Cita Peritaje ya esta en estado Programado. No hay una cita pendiente por reservar.
***-125041-8633b41a,2026-07-16 12:51:58,order-***,registered,normal,LIMA-LA VICTORIA,11/08/2026,11:00,5,confirmed,portal_success_text,,76.657,27.922,1.687,22.500,,,,,0.032,screenshots\2026-07\16-07-2026\portal-1-125041-order-***,screenshots\2026-07\16-07-2026\portal-1-125041-order-*** | screenshots\2026-07\16-07-2026\preenvio-1-125041-order-*** | screenshots\2026-07\16-07-2026\cupo-125041-order-*** | screenshots\2026-07\16-07-2026\captchas\captcha-125041-order-*** | screenshots\2026-07\16-07-2026\diagnostics\portal-html-1-125041-order-***,La reserva fue confirmada por mensaje de exito del portal.
observer-***-125208-21d351dc,2026-07-16 12:52:45,,available,normal,LIMA-LA VICTORIA,22/07/2026,11:00,24,,,,37.199,,,,,,,,,screenshots\2026-07\16-07-2026\observer-cupo-bbf573.png,screenshots\2026-07\16-07-2026\observer-cupo-bbf573.png,Se seleccionaron una fecha y una hora disponibles.
***-152147-5c209cbe,2026-07-16 15:22:11,order-***,unavailable,normal,LIMA-LA VICTORIA,31/07/2026,11:00,18,slot_lost,,,24.459,18.281,1.688,11.922,,,,,0.047,screenshots\2026-07\16-07-2026\portal-1-152147-order-***,screenshots\2026-07\16-07-2026\portal-1-152147-order-*** | screenshots\2026-07\16-07-2026\preenvio-1-152147-order-*** | screenshots\2026-07\16-07-2026\cupo-152147-order-*** | screenshots\2026-07\16-07-2026\captchas\captcha-152147-order-*** | screenshots\2026-07\16-07-2026\diagnostics\portal-html-1-152147-order-***,El cupo dejo de estar disponible antes de completar la reserva.
***-152510-cf09462f,2026-07-16 15:25:58,order-***,registered,normal,LIMA-LA VICTORIA,03/08/2026,09:00,15,confirmed,portal_success_text,,47.729,6.859,1.672,1.328,,,,,0.047,screenshots\2026-07\16-07-2026\portal-1-152510-order-***,screenshots\2026-07\16-07-2026\portal-1-152510-order-*** | screenshots\2026-07\16-07-2026\preenvio-1-152510-order-*** | screenshots\2026-07\16-07-2026\cupo-152510-order-*** | screenshots\2026-07\16-07-2026\captchas\captcha-152510-order-*** | screenshots\2026-07\16-07-2026\diagnostics\portal-html-1-152510-order-***,La reserva fue confirmada por mensaje de exito del portal.
***-084552-1bd65200,2026-07-17 08:46:28,order-***,registered,normal,LIMA-LA VICTORIA,08/08/2026,12:00,10,confirmed,portal_success_text,,36.225,7.516,1.719,1.375,,,,,0.047,screenshots\2026-07\17-07-2026\portal-1-084552-order-***,screenshots\2026-07\17-07-2026\portal-1-084552-order-*** | screenshots\2026-07\17-07-2026\preenvio-1-084552-order-*** | screenshots\2026-07\17-07-2026\cupo-084552-order-*** | screenshots\2026-07\17-07-2026\captchas\captcha-084552-order-*** | screenshots\2026-07\17-07-2026\diagnostics\portal-html-1-084552-order-***,La reserva fue confirmada por mensaje de exito del portal.
***-084628-4391b902,2026-07-17 08:46:43,order-***,registered,normal,LIMA-LA VICTORIA,08/08/2026,12:00,10,confirmed,portal_success_text,,14.916,6.875,1.703,1.344,,,,,0.047,screenshots\2026-07\17-07-2026\portal-1-084628-order-***,screenshots\2026-07\17-07-2026\portal-1-084628-order-*** | screenshots\2026-07\17-07-2026\preenvio-1-084628-order-*** | screenshots\2026-07\17-07-2026\cupo-084628-order-*** | screenshots\2026-07\17-07-2026\captchas\captcha-084628-order-*** | screenshots\2026-07\17-07-2026\diagnostics\portal-html-1-084628-order-***,La reserva fue confirmada por mensaje de exito del portal.
***-084644-f674320e,2026-07-17 08:46:57,order-***,unavailable,normal,LIMA-LA VICTORIA,08/08/2026,12:00,10,slot_lost,,,12.483,7.922,1.813,1.359,,,,,0.093,screenshots\2026-07\17-07-2026\portal-1-084644-order-***,screenshots\2026-07\17-07-2026\portal-1-084644-order-*** | screenshots\2026-07\17-07-2026\preenvio-1-084644-order-*** | screenshots\2026-07\17-07-2026\cupo-084644-order-*** | screenshots\2026-07\17-07-2026\captchas\captcha-084644-order-*** | screenshots\2026-07\17-07-2026\diagnostics\portal-html-1-084644-order-***,El cupo dejo de estar disponible antes de completar la reserva.
***-085233-1f623673,2026-07-17 08:52:41,order-***,partial,normal,LIMA-LA VICTORIA,10/08/2026,09:00,20,priority_deferred,,,7.632,2.985,1.703,,,,,,,screenshots\2026-07\17-07-2026\captchas\captcha-085233-order-***,screenshots\2026-07\17-07-2026\captchas\captcha-085233-order-*** | screenshots\2026-07\17-07-2026\cupo-085233-order-***,Reserva diferida porque hay una orden de mayor prioridad lista.
***-085241-37b492cf,2026-07-17 08:53:10,order-***,registered,normal,LIMA-LA VICTORIA,10/08/2026,11:00,20,confirmed,portal_success_text,,29.102,17.515,1.687,11.984,,,,,0.062,screenshots\2026-07\17-07-2026\portal-1-085241-order-***,screenshots\2026-07\17-07-2026\portal-1-085241-order-*** | screenshots\2026-07\17-07-2026\preenvio-1-085241-order-*** | screenshots\2026-07\17-07-2026\cupo-085241-order-*** | screenshots\2026-07\17-07-2026\captchas\captcha-085241-order-*** | screenshots\2026-07\17-07-2026\diagnostics\portal-html-1-085241-order-***,La reserva fue confirmada por mensaje de exito del portal.
***-085311-89d44ad2,2026-07-17 08:53:26,order-***,registered,normal,LIMA-LA VICTORIA,10/08/2026,12:00,10,confirmed,portal_success_text,,14.504,7.063,1.672,1.296,,,,,0.063,screenshots\2026-07\17-07-2026\portal-1-085311-order-***,screenshots\2026-07\17-07-2026\portal-1-085311-order-*** | screenshots\2026-07\17-07-2026\preenvio-1-085311-order-*** | screenshots\2026-07\17-07-2026\cupo-085311-order-*** | screenshots\2026-07\17-07-2026\captchas\captcha-085311-order-*** | screenshots\2026-07\17-07-2026\diagnostics\portal-html-1-085311-order-***,La reserva fue confirmada por mensaje de exito del portal.
observer-***-085716-e956cf18,2026-07-17 08:57:36,,available,normal,LIMA-LA VICTORIA,10/08/2026,09:00,30,,,,19.990,,,,,,,,,screenshots\2026-07\17-07-2026\observer-cupo-ab3df3.png,screenshots\2026-07\17-07-2026\observer-cupo-ab3df3.png,Se seleccionaron una fecha y una hora disponibles.
observer-***-085736-c63d44b8,2026-07-17 08:57:48,,available,normal,LIMA-LA VICTORIA,10/08/2026,09:00,30,,,,12.423,,,,,,,,,screenshots\2026-07\17-07-2026\observer-cupo-eacb75.png,screenshots\2026-07\17-07-2026\observer-cupo-eacb75.png,Se seleccionaron una fecha y una hora disponibles.
observer-***-085750-296bb8ec,2026-07-17 08:58:03,,available,normal,LIMA-LA VICTORIA,10/08/2026,08:00,30,,,,13.191,,,,,,,,,screenshots\2026-07\17-07-2026\observer-cupo-830766.png,screenshots\2026-07\17-07-2026\observer-cupo-830766.png,Se seleccionaron una fecha y una hora disponibles.
observer-***-085803-6528723f,2026-07-17 08:58:16,,available,normal,LIMA-LA VICTORIA,10/08/2026,08:00,30,,,,12.462,,,,,,,,,screenshots\2026-07\17-07-2026\observer-cupo-ea5c21.png,screenshots\2026-07\17-07-2026\observer-cupo-ea5c21.png,Se seleccionaron una fecha y una hora disponibles.
observer-***-092931-77545e7b,2026-07-17 09:29:44,,available,normal,LIMA-LA VICTORIA,21/07/2026,12:00,21,,,,13.345,,,,,,,,,screenshots\2026-07\17-07-2026\observer-cupo-606e07.png,screenshots\2026-07\17-07-2026\observer-cupo-606e07.png,Se seleccionaron una fecha y una hora disponibles.
***-104218-8a2acf37,2026-07-17 10:42:42,order-***,partial,normal,LIMA-LA VICTORIA,21/07/2026,12:00,25,blocked_by_order_rule,,,24.165,2.813,1.844,,,,,,,screenshots\2026-07\17-07-2026\captchas\captcha-104218-order-***,screenshots\2026-07\17-07-2026\captchas\captcha-104218-order-***,"Se encontro un horario disponible, pero no cumple la regla de reserva de la orden."
***-104337-01d985ff,2026-07-17 10:44:12,order-***,partial,normal,LIMA-LA VICTORIA,21/07/2026,12:00,30,blocked_by_order_rule,,,34.880,1.875,1.719,,,,,,,screenshots\2026-07\17-07-2026\captchas\captcha-104337-order-***,screenshots\2026-07\17-07-2026\captchas\captcha-104337-order-***,"Se encontro un horario disponible, pero no cumple la regla de reserva de la orden."
***-123329-81c9d48e,2026-07-17 12:33:36,order-***,partial,normal,LIMA-LA VICTORIA,31/07/2026,09:00,30,blocked_by_order_rule,,,7.723,2.562,1.703,,,,,,,screenshots\2026-07\17-07-2026\captchas\captcha-123329-order-***,screenshots\2026-07\17-07-2026\captchas\captcha-123329-order-***,"Se encontro un horario disponible, pero no cumple la regla de reserva de la orden."
***-124843-654f2dfb,2026-07-17 12:49:23,order-***,partial,normal,LIMA-LA VICTORIA,31/07/2026,11:00,30,blocked_by_order_rule,,,39.812,2.625,1.766,,,,,,,screenshots\2026-07\17-07-2026\captchas\captcha-124843-order-***,screenshots\2026-07\17-07-2026\captchas\captcha-124843-order-***,"Se encontro un horario disponible, pero no cumple la regla de reserva de la orden."
***-132507-9e760fe6,2026-07-17 13:25:59,order-***,unavailable,normal,LIMA-LA VICTORIA,22/07/2026,11:00,30,slot_lost,,,52.100,18.656,1.734,12.250,,,,,0.032,screenshots\2026-07\17-07-2026\portal-1-132507-order-***,screenshots\2026-07\17-07-2026\portal-1-132507-order-*** | screenshots\2026-07\17-07-2026\preenvio-1-132507-order-*** | screenshots\2026-07\17-07-2026\cupo-132507-order-*** | screenshots\2026-07\17-07-2026\captchas\captcha-132507-order-*** | screenshots\2026-07\17-07-2026\diagnostics\portal-html-1-132507-order-***,El cupo dejo de estar disponible antes de completar la reserva.
***-133309-c6d090c4,2026-07-17 13:33:38,order-***,unavailable,normal,LIMA-LA VICTORIA,04/08/2026,08:00,25,slot_lost,,,28.655,7.343,1.703,1.375,,,,,0.046,screenshots\2026-07\17-07-2026\portal-1-133309-order-***,screenshots\2026-07\17-07-2026\portal-1-133309-order-*** | screenshots\2026-07\17-07-2026\preenvio-1-133309-order-*** | screenshots\2026-07\17-07-2026\cupo-133309-order-*** | screenshots\2026-07\17-07-2026\captchas\captcha-133309-order-*** | screenshots\2026-07\17-07-2026\diagnostics\portal-html-1-133309-order-***,El cupo dejo de estar disponible antes de completar la reserva.
***-133340-c21fe00d,2026-07-17 13:34:21,order-***,unavailable,normal,LIMA-LA VICTORIA,04/08/2026,09:00,25,slot_lost,,,40.923,17.765,1.703,11.953,,,,,0.047,screenshots\2026-07\17-07-2026\portal-1-133340-order-***,screenshots\2026-07\17-07-2026\portal-1-133340-order-*** | screenshots\2026-07\17-07-2026\preenvio-1-133340-order-*** | screenshots\2026-07\17-07-2026\cupo-133340-order-*** | screenshots\2026-07\17-07-2026\captchas\captcha-133340-order-*** | screenshots\2026-07\17-07-2026\diagnostics\portal-html-1-133340-order-***,El cupo dejo de estar disponible antes de completar la reserva.
***-133423-b5c41200,2026-07-17 13:34:36,order-***,completed,normal,,04/08/2026 09:00,,,,,,12.812,,,,,,,,,screenshots\2026-07\17-07-2026\etapas-133423-order-***,screenshots\2026-07\17-07-2026\etapas-133423-order-***,La etapa Separa Cita Peritaje ya esta en estado Programado. No hay una cita pendiente por reservar.
***-142918-cb6a88c1,2026-07-17 14:29:33,order-***,unavailable,normal,LIMA-LA VICTORIA,07/08/2026,12:00,13,slot_lost,,,15.115,8.094,1.672,1.485,,,,,0.110,screenshots\2026-07\17-07-2026\portal-1-142918-order-***,screenshots\2026-07\17-07-2026\portal-1-142918-order-*** | screenshots\2026-07\17-07-2026\preenvio-1-142918-order-*** | screenshots\2026-07\17-07-2026\cupo-142918-order-*** | screenshots\2026-07\17-07-2026\captchas\captcha-142918-order-*** | screenshots\2026-07\17-07-2026\diagnostics\portal-html-1-142918-order-***,El cupo dejo de estar disponible antes de completar la reserva.
***-150818-c91311c3,2026-07-17 15:08:33,order-***,unavailable,normal,LIMA-LA VICTORIA,24/07/2026,09:00,13,slot_lost,,,14.829,9.187,1.797,1.594,,,,,0.047,screenshots\2026-07\17-07-2026\portal-1-150818-order-***,screenshots\2026-07\17-07-2026\portal-1-150818-order-*** | screenshots\2026-07\17-07-2026\preenvio-1-150818-order-*** | screenshots\2026-07\17-07-2026\cupo-150818-order-*** | screenshots\2026-07\17-07-2026\captchas\captcha-150818-order-*** | screenshots\2026-07\17-07-2026\diagnostics\portal-html-1-150818-order-***,El cupo dejo de estar disponible antes de completar la reserva.
***-150920-19d5b752,2026-07-17 15:10:00,order-***,registered,normal,LIMA-LA VICTORIA,11/08/2026,10:00,10,confirmed,portal_success_text,,39.580,8.109,1.812,1.578,,,,,0.046,screenshots\2026-07\17-07-2026\portal-1-150920-order-***,screenshots\2026-07\17-07-2026\portal-1-150920-order-*** | screenshots\2026-07\17-07-2026\preenvio-1-150920-order-*** | screenshots\2026-07\17-07-2026\cupo-150920-order-*** | screenshots\2026-07\17-07-2026\captchas\captcha-150920-order-*** | screenshots\2026-07\17-07-2026\diagnostics\portal-html-1-150920-order-***,La reserva fue confirmada por mensaje de exito del portal.
***-151000-39a11a7a,2026-07-17 15:10:19,order-***,registered,normal,LIMA-LA VICTORIA,11/08/2026,11:00,10,confirmed,portal_success_text,,18.885,8.484,1.797,1.515,,,,,0.062,screenshots\2026-07\17-07-2026\portal-1-151000-order-***,screenshots\2026-07\17-07-2026\portal-1-151000-order-*** | screenshots\2026-07\17-07-2026\preenvio-1-151000-order-*** | screenshots\2026-07\17-07-2026\cupo-151000-order-*** | screenshots\2026-07\17-07-2026\captchas\captcha-151000-order-*** | screenshots\2026-07\17-07-2026\diagnostics\portal-html-1-151000-order-***,La reserva fue confirmada por mensaje de exito del portal.
***-165945-4cd206d1,2026-07-17 17:00:26,order-***,partial,normal,LIMA-LA VICTORIA,11/08/2026,12:00,15,priority_deferred,,,40.890,3.156,1.703,,,,,,,screenshots\2026-07\17-07-2026\captchas\captcha-165945-order-***,screenshots\2026-07\17-07-2026\captchas\captcha-165945-order-*** | screenshots\2026-07\17-07-2026\cupo-165945-order-***,Reserva diferida porque hay una orden de mayor prioridad lista.
***-170026-e46755fa,2026-07-17 17:00:42,order-***,registered,normal,LIMA-LA VICTORIA,11/08/2026,12:00,15,confirmed,portal_success_text,,15.921,7.219,1.750,1.438,,,,,0.047,screenshots\2026-07\17-07-2026\portal-1-170026-order-***,screenshots\2026-07\17-07-2026\portal-1-170026-order-*** | screenshots\2026-07\17-07-2026\preenvio-1-170026-order-*** | screenshots\2026-07\17-07-2026\cupo-170026-order-*** | screenshots\2026-07\17-07-2026\captchas\captcha-170026-order-*** | screenshots\2026-07\17-07-2026\diagnostics\portal-html-1-170026-order-***,La reserva fue confirmada por mensaje de exito del portal.
***-170043-ef8975e5,2026-07-17 17:00:58,order-***,registered,normal,LIMA-LA VICTORIA,11/08/2026,12:00,15,confirmed,portal_success_text,,15.058,7.125,1.703,1.407,,,,,0.047,screenshots\2026-07\17-07-2026\portal-1-170043-order-***,screenshots\2026-07\17-07-2026\portal-1-170043-order-*** | screenshots\2026-07\17-07-2026\preenvio-1-170043-order-*** | screenshots\2026-07\17-07-2026\cupo-170043-order-*** | screenshots\2026-07\17-07-2026\captchas\captcha-170043-order-*** | screenshots\2026-07\17-07-2026\diagnostics\portal-html-1-170043-order-***,La reserva fue confirmada por mensaje de exito del portal.
observer-***-170120-aeeded68,2026-07-17 17:01:33,,available,normal,LIMA-LA VICTORIA,11/08/2026,12:00,15,,,,13.307,,,,,,,,,screenshots\2026-07\17-07-2026\observer-cupo-e3d5f9.png,screenshots\2026-07\17-07-2026\observer-cupo-e3d5f9.png,Se seleccionaron una fecha y una hora disponibles.
observer-***-170133-b5655e20,2026-07-17 17:01:46,,available,normal,LIMA-LA VICTORIA,11/08/2026,12:00,15,,,,12.531,,,,,,,,,screenshots\2026-07\17-07-2026\observer-cupo-ff4c28.png,screenshots\2026-07\17-07-2026\observer-cupo-ff4c28.png,Se seleccionaron una fecha y una hora disponibles.
observer-***-170148-37e92933,2026-07-17 17:02:00,,available,normal,LIMA-LA VICTORIA,11/08/2026,12:00,15,,,,12.407,,,,,,,,,screenshots\2026-07\17-07-2026\observer-cupo-3f32c6.png,screenshots\2026-07\17-07-2026\observer-cupo-3f32c6.png,Se seleccionaron una fecha y una hora disponibles.
observer-***-170201-b09d2218,2026-07-17 17:02:13,,available,normal,LIMA-LA VICTORIA,11/08/2026,12:00,15,,,,12.422,,,,,,,,,screenshots\2026-07\17-07-2026\observer-cupo-76e944.png,screenshots\2026-07\17-07-2026\observer-cupo-76e944.png,Se seleccionaron una fecha y una hora disponibles.
observer-***-170213-eca56bc4,2026-07-17 17:02:26,,available,normal,LIMA-LA VICTORIA,11/08/2026,12:00,15,,,,13.187,,,,,,,,,screenshots\2026-07\17-07-2026\observer-cupo-bb38cf.png,screenshots\2026-07\17-07-2026\observer-cupo-bb38cf.png,Se seleccionaron una fecha y una hora disponibles.
observer-***-170226-c42aadbd,2026-07-17 17:02:39,,available,normal,LIMA-LA VICTORIA,11/08/2026,12:00,15,,,,12.570,,,,,,,,,screenshots\2026-07\17-07-2026\observer-cupo-fa71ee.png,screenshots\2026-07\17-07-2026\observer-cupo-fa71ee.png,Se seleccionaron una fecha y una hora disponibles.
observer-***-170241-9e143828,2026-07-17 17:02:53,,available,normal,LIMA-LA VICTORIA,11/08/2026,12:00,15,,,,12.447,,,,,,,,,screenshots\2026-07\17-07-2026\observer-cupo-e027d5.png,screenshots\2026-07\17-07-2026\observer-cupo-e027d5.png,Se seleccionaron una fecha y una hora disponibles.
observer-***-170253-b8b9d670,2026-07-17 17:03:06,,available,normal,LIMA-LA VICTORIA,11/08/2026,12:00,15,,,,12.462,,,,,,,,,screenshots\2026-07\17-07-2026\observer-cupo-9d5a39.png,screenshots\2026-07\17-07-2026\observer-cupo-9d5a39.png,Se seleccionaron una fecha y una hora disponibles.
observer-***-170306-***,2026-07-17 17:03:19,,available,normal,LIMA-LA VICTORIA,11/08/2026,12:00,15,,,,12.965,,,,,,,,,screenshots\2026-07\17-07-2026\observer-cupo-bfe2b0.png,screenshots\2026-07\17-07-2026\observer-cupo-bfe2b0.png,Se seleccionaron una fecha y una hora disponibles.
observer-***-170319-be2693aa,2026-07-17 17:03:33,,available,normal,LIMA-LA VICTORIA,11/08/2026,12:00,15,,,,14.226,,,,,,,,,screenshots\2026-07\17-07-2026\observer-cupo-549649.png,screenshots\2026-07\17-07-2026\observer-cupo-549649.png,Se seleccionaron una fecha y una hora disponibles.
observer-***-170333-7e14bb02,2026-07-17 17:03:47,,available,normal,LIMA-LA VICTORIA,11/08/2026,12:00,15,,,,13.859,,,,,,,,,screenshots\2026-07\17-07-2026\observer-cupo-09b627.png,screenshots\2026-07\17-07-2026\observer-cupo-09b627.png,Se seleccionaron una fecha y una hora disponibles.
observer-***-170347-e86d834f,2026-07-17 17:04:00,,available,normal,LIMA-LA VICTORIA,13/08/2026,12:00,15,,,,12.791,,,,,,,,,screenshots\2026-07\17-07-2026\observer-cupo-21ecfa.png,screenshots\2026-07\17-07-2026\observer-cupo-21ecfa.png,Se seleccionaron una fecha y una hora disponibles.
observer-***-170402-67c3e4a5,2026-07-17 17:04:16,,available,normal,LIMA-LA VICTORIA,14/08/2026,12:00,15,,,,13.606,,,,,,,,,screenshots\2026-07\17-07-2026\observer-cupo-1c75bd.png,screenshots\2026-07\17-07-2026\observer-cupo-1c75bd.png,Se seleccionaron una fecha y una hora disponibles.
observer-***-170416-4d54cf31,2026-07-17 17:04:29,,available,normal,LIMA-LA VICTORIA,15/08/2026,10:00,20,,,,12.987,,,,,,,,,screenshots\2026-07\17-07-2026\observer-cupo-63ddce.png,screenshots\2026-07\17-07-2026\observer-cupo-63ddce.png,Se seleccionaron una fecha y una hora disponibles.
observer-***-170431-901fc84c,2026-07-17 17:04:44,,available,normal,LIMA-LA VICTORIA,15/08/2026,10:00,20,,,,13.482,,,,,,,,,screenshots\2026-07\17-07-2026\observer-cupo-311f1a.png,screenshots\2026-07\17-07-2026\observer-cupo-311f1a.png,Se seleccionaron una fecha y una hora disponibles.
observer-***-170444-e9e96259,2026-07-17 17:04:57,,available,normal,LIMA-LA VICTORIA,15/08/2026,10:00,20,,,,12.641,,,,,,,,,screenshots\2026-07\17-07-2026\observer-cupo-e35277.png,screenshots\2026-07\17-07-2026\observer-cupo-e35277.png,Se seleccionaron una fecha y una hora disponibles.
observer-***-170457-d7bb5fc2,2026-07-17 17:05:10,,available,normal,LIMA-LA VICTORIA,15/08/2026,10:00,20,,,,13.514,,,,,,,,,screenshots\2026-07\17-07-2026\observer-cupo-640bba.png,screenshots\2026-07\17-07-2026\observer-cupo-640bba.png,Se seleccionaron una fecha y una hora disponibles.
observer-***-170510-73f77f09,2026-07-17 17:05:24,,available,normal,LIMA-LA VICTORIA,15/08/2026,10:00,20,,,,13.155,,,,,,,,,screenshots\2026-07\17-07-2026\observer-cupo-d0f288.png,screenshots\2026-07\17-07-2026\observer-cupo-d0f288.png,Se seleccionaron una fecha y una hora disponibles.
observer-***-170524-f71d95f2,2026-07-17 17:05:37,,available,normal,LIMA-LA VICTORIA,15/08/2026,10:00,20,,,,13.229,,,,,,,,,screenshots\2026-07\17-07-2026\observer-cupo-c30770.png,screenshots\2026-07\17-07-2026\observer-cupo-c30770.png,Se seleccionaron una fecha y una hora disponibles.
observer-***-170537-a7f76aa9,2026-07-17 17:05:50,,available,normal,LIMA-LA VICTORIA,15/08/2026,10:00,20,,,,12.904,,,,,,,,,screenshots\2026-07\17-07-2026\observer-cupo-fb76f6.png,screenshots\2026-07\17-07-2026\observer-cupo-fb76f6.png,Se seleccionaron una fecha y una hora disponibles.
observer-***-170550-dab51497,2026-07-17 17:06:04,,available,normal,LIMA-LA VICTORIA,15/08/2026,10:00,20,,,,13.650,,,,,,,,,screenshots\2026-07\17-07-2026\observer-cupo-248140.png,screenshots\2026-07\17-07-2026\observer-cupo-248140.png,Se seleccionaron una fecha y una hora disponibles.
observer-***-170604-80c2ba11,2026-07-17 17:06:17,,available,normal,LIMA-LA VICTORIA,15/08/2026,10:00,20,,,,12.744,,,,,,,,,screenshots\2026-07\17-07-2026\observer-cupo-3ac1e7.png,screenshots\2026-07\17-07-2026\observer-cupo-3ac1e7.png,Se seleccionaron una fecha y una hora disponibles.
observer-***-170618-6bc71021,2026-07-17 17:06:32,,available,normal,LIMA-LA VICTORIA,15/08/2026,10:00,20,,,,13.414,,,,,,,,,screenshots\2026-07\17-07-2026\observer-cupo-ca107b.png,screenshots\2026-07\17-07-2026\observer-cupo-ca107b.png,Se seleccionaron una fecha y una hora disponibles.
observer-***-170632-cfdd3096,2026-07-17 17:06:45,,available,normal,LIMA-LA VICTORIA,15/08/2026,10:00,20,,,,12.741,,,,,,,,,screenshots\2026-07\17-07-2026\observer-cupo-25db08.png,screenshots\2026-07\17-07-2026\observer-cupo-25db08.png,Se seleccionaron una fecha y una hora disponibles.
observer-***-170645-***,2026-07-17 17:06:58,,available,normal,LIMA-LA VICTORIA,15/08/2026,10:00,20,,,,12.877,,,,,,,,,screenshots\2026-07\17-07-2026\observer-cupo-151104.png,screenshots\2026-07\17-07-2026\observer-cupo-151104.png,Se seleccionaron una fecha y una hora disponibles.
observer-***-170658-1109209e,2026-07-17 17:07:10,,available,normal,LIMA-LA VICTORIA,15/08/2026,10:00,20,,,,12.751,,,,,,,,,screenshots\2026-07\17-07-2026\observer-cupo-a05606.png,screenshots\2026-07\17-07-2026\observer-cupo-a05606.png,Se seleccionaron una fecha y una hora disponibles.
observer-***-170710-024290b6,2026-07-17 17:07:23,,available,normal,LIMA-LA VICTORIA,15/08/2026,10:00,20,,,,12.858,,,,,,,,,screenshots\2026-07\17-07-2026\observer-cupo-5035b5.png,screenshots\2026-07\17-07-2026\observer-cupo-5035b5.png,Se seleccionaron una fecha y una hora disponibles.
observer-***-170723-7c0d42b9,2026-07-17 17:07:36,,available,normal,LIMA-LA VICTORIA,15/08/2026,10:00,20,,,,12.528,,,,,,,,,screenshots\2026-07\17-07-2026\observer-cupo-72c50c.png,screenshots\2026-07\17-07-2026\observer-cupo-72c50c.png,Se seleccionaron una fecha y una hora disponibles.
observer-***-170736-0c1f10f6,2026-07-17 17:07:49,,available,normal,LIMA-LA VICTORIA,15/08/2026,10:00,20,,,,13.036,,,,,,,,,screenshots\2026-07\17-07-2026\observer-cupo-dc894e.png,screenshots\2026-07\17-07-2026\observer-cupo-dc894e.png,Se seleccionaron una fecha y una hora disponibles.
observer-***-170749-bff1f79c,2026-07-17 17:08:02,,available,normal,LIMA-LA VICTORIA,15/08/2026,10:00,20,,,,12.580,,,,,,,,,screenshots\2026-07\17-07-2026\observer-cupo-db16fc.png,screenshots\2026-07\17-07-2026\observer-cupo-db16fc.png,Se seleccionaron una fecha y una hora disponibles.
observer-***-170802-0aca373d,2026-07-17 17:08:15,,available,normal,LIMA-LA VICTORIA,15/08/2026,10:00,20,,,,12.748,,,,,,,,,screenshots\2026-07\17-07-2026\observer-cupo-c360cb.png,screenshots\2026-07\17-07-2026\observer-cupo-c360cb.png,Se seleccionaron una fecha y una hora disponibles.
observer-***-170815-23610b32,2026-07-17 17:08:28,,available,normal,LIMA-LA VICTORIA,15/08/2026,10:00,20,,,,12.886,,,,,,,,,screenshots\2026-07\17-07-2026\observer-cupo-dbdcc6.png,screenshots\2026-07\17-07-2026\observer-cupo-dbdcc6.png,Se seleccionaron una fecha y una hora disponibles.
observer-***-170828-ac4bc5dc,2026-07-17 17:08:41,,available,normal,LIMA-LA VICTORIA,15/08/2026,10:00,20,,,,12.948,,,,,,,,,screenshots\2026-07\17-07-2026\observer-cupo-f0d472.png,screenshots\2026-07\17-07-2026\observer-cupo-f0d472.png,Se seleccionaron una fecha y una hora disponibles.
observer-***-170841-241c8a0c,2026-07-17 17:08:53,,available,normal,LIMA-LA VICTORIA,15/08/2026,10:00,20,,,,12.708,,,,,,,,,screenshots\2026-07\17-07-2026\observer-cupo-43d2ba.png,screenshots\2026-07\17-07-2026\observer-cupo-43d2ba.png,Se seleccionaron una fecha y una hora disponibles.
observer-***-170853-b6bfb681,2026-07-17 17:09:07,,available,normal,LIMA-LA VICTORIA,15/08/2026,10:00,20,,,,13.110,,,,,,,,,screenshots\2026-07\17-07-2026\observer-cupo-d47c2b.png,screenshots\2026-07\17-07-2026\observer-cupo-d47c2b.png,Se seleccionaron una fecha y una hora disponibles.
observer-***-170907-4a1d285f,2026-07-17 17:09:20,,available,normal,LIMA-LA VICTORIA,15/08/2026,10:00,20,,,,13.268,,,,,,,,,screenshots\2026-07\17-07-2026\observer-cupo-ca2942.png,screenshots\2026-07\17-07-2026\observer-cupo-ca2942.png,Se seleccionaron una fecha y una hora disponibles.
observer-***-170920-0239cd88,2026-07-17 17:09:33,,available,normal,LIMA-LA VICTORIA,15/08/2026,10:00,20,,,,12.967,,,,,,,,,screenshots\2026-07\17-07-2026\observer-cupo-e6311e.png,screenshots\2026-07\17-07-2026\observer-cupo-e6311e.png,Se seleccionaron una fecha y una hora disponibles.
observer-***-170933-e40fb995,2026-07-17 17:09:46,,available,normal,LIMA-LA VICTORIA,15/08/2026,10:00,20,,,,12.863,,,,,,,,,screenshots\2026-07\17-07-2026\observer-cupo-6176e7.png,screenshots\2026-07\17-07-2026\observer-cupo-6176e7.png,Se seleccionaron una fecha y una hora disponibles.
observer-***-170946-018573c1,2026-07-17 17:09:59,,available,normal,LIMA-LA VICTORIA,15/08/2026,10:00,20,,,,12.703,,,,,,,,,screenshots\2026-07\17-07-2026\observer-cupo-562416.png,screenshots\2026-07\17-07-2026\observer-cupo-562416.png,Se seleccionaron una fecha y una hora disponibles.
observer-***-170959-7fe82e07,2026-07-17 17:10:12,,available,normal,LIMA-LA VICTORIA,15/08/2026,10:00,20,,,,12.713,,,,,,,,,screenshots\2026-07\17-07-2026\observer-cupo-2244e3.png,screenshots\2026-07\17-07-2026\observer-cupo-2244e3.png,Se seleccionaron una fecha y una hora disponibles.
observer-***-171012-9a6e6684,2026-07-17 17:10:24,,available,normal,LIMA-LA VICTORIA,15/08/2026,10:00,20,,,,12.744,,,,,,,,,screenshots\2026-07\17-07-2026\observer-cupo-7b7644.png,screenshots\2026-07\17-07-2026\observer-cupo-7b7644.png,Se seleccionaron una fecha y una hora disponibles.
observer-***-171025-d072091d,2026-07-17 17:10:37,,available,normal,LIMA-LA VICTORIA,15/08/2026,10:00,20,,,,12.757,,,,,,,,,screenshots\2026-07\17-07-2026\observer-cupo-4007fe.png,screenshots\2026-07\17-07-2026\observer-cupo-4007fe.png,Se seleccionaron una fecha y una hora disponibles.
observer-***-171037-0666f312,2026-07-17 17:10:50,,available,normal,LIMA-LA VICTORIA,15/08/2026,10:00,20,,,,12.701,,,,,,,,,screenshots\2026-07\17-07-2026\observer-cupo-0f066a.png,screenshots\2026-07\17-07-2026\observer-cupo-0f066a.png,Se seleccionaron una fecha y una hora disponibles.
observer-***-171050-d52c02ee,2026-07-17 17:11:03,,available,normal,LIMA-LA VICTORIA,15/08/2026,10:00,20,,,,12.840,,,,,,,,,screenshots\2026-07\17-07-2026\observer-cupo-3d10fd.png,screenshots\2026-07\17-07-2026\observer-cupo-3d10fd.png,Se seleccionaron una fecha y una hora disponibles.
observer-***-171103-fd522a36,2026-07-17 17:11:16,,available,normal,LIMA-LA VICTORIA,15/08/2026,10:00,20,,,,12.820,,,,,,,,,screenshots\2026-07\17-07-2026\observer-cupo-1fb6f9.png,screenshots\2026-07\17-07-2026\observer-cupo-1fb6f9.png,Se seleccionaron una fecha y una hora disponibles.
observer-***-171116-414175f9,2026-07-17 17:11:29,,available,normal,LIMA-LA VICTORIA,15/08/2026,10:00,20,,,,12.728,,,,,,,,,screenshots\2026-07\17-07-2026\observer-cupo-905fb6.png,screenshots\2026-07\17-07-2026\observer-cupo-905fb6.png,Se seleccionaron una fecha y una hora disponibles.
observer-***-171129-c72397e9,2026-07-17 17:11:42,,available,normal,LIMA-LA VICTORIA,15/08/2026,10:00,20,,,,12.913,,,,,,,,,screenshots\2026-07\17-07-2026\observer-cupo-66532e.png,screenshots\2026-07\17-07-2026\observer-cupo-66532e.png,Se seleccionaron una fecha y una hora disponibles.
observer-***-171142-ccd5d550,2026-07-17 17:11:55,,available,normal,LIMA-LA VICTORIA,15/08/2026,10:00,20,,,,12.614,,,,,,,,,screenshots\2026-07\17-07-2026\observer-cupo-244675.png,screenshots\2026-07\17-07-2026\observer-cupo-244675.png,Se seleccionaron una fecha y una hora disponibles.
observer-***-171155-a3c70fdd,2026-07-17 17:12:07,,available,normal,LIMA-LA VICTORIA,15/08/2026,10:00,20,,,,12.765,,,,,,,,,screenshots\2026-07\17-07-2026\observer-cupo-6afe68.png,screenshots\2026-07\17-07-2026\observer-cupo-6afe68.png,Se seleccionaron una fecha y una hora disponibles.
observer-***-171207-060321db,2026-07-17 17:12:20,,available,normal,LIMA-LA VICTORIA,15/08/2026,10:00,20,,,,12.792,,,,,,,,,screenshots\2026-07\17-07-2026\observer-cupo-feda32.png,screenshots\2026-07\17-07-2026\observer-cupo-feda32.png,Se seleccionaron una fecha y una hora disponibles.
observer-***-171220-e4fa97dd,2026-07-17 17:12:33,,available,normal,LIMA-LA VICTORIA,15/08/2026,10:00,20,,,,12.751,,,,,,,,,screenshots\2026-07\17-07-2026\observer-cupo-f26488.png,screenshots\2026-07\17-07-2026\observer-cupo-f26488.png,Se seleccionaron una fecha y una hora disponibles.
observer-***-171233-0b406f93,2026-07-17 17:12:46,,available,normal,LIMA-LA VICTORIA,15/08/2026,10:00,20,,,,12.972,,,,,,,,,screenshots\2026-07\17-07-2026\observer-cupo-053e44.png,screenshots\2026-07\17-07-2026\observer-cupo-053e44.png,Se seleccionaron una fecha y una hora disponibles.
observer-***-171246-f8b0967c,2026-07-17 17:12:59,,available,normal,LIMA-LA VICTORIA,15/08/2026,10:00,20,,,,12.805,,,,,,,,,screenshots\2026-07\17-07-2026\observer-cupo-ba2e5e.png,screenshots\2026-07\17-07-2026\observer-cupo-ba2e5e.png,Se seleccionaron una fecha y una hora disponibles.
observer-***-171259-9a86e514,2026-07-17 17:13:12,,available,normal,LIMA-LA VICTORIA,15/08/2026,10:00,20,,,,12.685,,,,,,,,,screenshots\2026-07\17-07-2026\observer-cupo-4f87b2.png,screenshots\2026-07\17-07-2026\observer-cupo-4f87b2.png,Se seleccionaron una fecha y una hora disponibles.
observer-***-171312-316e8ee1,2026-07-17 17:13:25,,available,normal,LIMA-LA VICTORIA,15/08/2026,10:00,20,,,,12.853,,,,,,,,,screenshots\2026-07\17-07-2026\observer-cupo-2377ac.png,screenshots\2026-07\17-07-2026\observer-cupo-2377ac.png,Se seleccionaron una fecha y una hora disponibles.
observer-***-171325-34747d82,2026-07-17 17:13:38,,available,normal,LIMA-LA VICTORIA,15/08/2026,10:00,20,,,,13.007,,,,,,,,,screenshots\2026-07\17-07-2026\observer-cupo-f7e6cd.png,screenshots\2026-07\17-07-2026\observer-cupo-f7e6cd.png,Se seleccionaron una fecha y una hora disponibles.
observer-***-171338-91ab0de1,2026-07-17 17:13:51,,available,normal,LIMA-LA VICTORIA,15/08/2026,10:00,20,,,,12.627,,,,,,,,,screenshots\2026-07\17-07-2026\observer-cupo-980331.png,screenshots\2026-07\17-07-2026\observer-cupo-980331.png,Se seleccionaron una fecha y una hora disponibles.
observer-***-171351-d6846ac5,2026-07-17 17:14:04,,available,normal,LIMA-LA VICTORIA,15/08/2026,10:00,20,,,,12.692,,,,,,,,,screenshots\2026-07\17-07-2026\observer-cupo-8df870.png,screenshots\2026-07\17-07-2026\observer-cupo-8df870.png,Se seleccionaron una fecha y una hora disponibles.
observer-***-171404-2ba47562,2026-07-17 17:14:17,,available,normal,LIMA-LA VICTORIA,15/08/2026,10:00,20,,,,12.905,,,,,,,,,screenshots\2026-07\17-07-2026\observer-cupo-4705b1.png,screenshots\2026-07\17-07-2026\observer-cupo-4705b1.png,Se seleccionaron una fecha y una hora disponibles.
observer-***-171417-e59540dd,2026-07-17 17:14:30,,available,normal,LIMA-LA VICTORIA,15/08/2026,10:00,20,,,,13.337,,,,,,,,,screenshots\2026-07\17-07-2026\observer-cupo-122b38.png,screenshots\2026-07\17-07-2026\observer-cupo-122b38.png,Se seleccionaron una fecha y una hora disponibles.
observer-***-171430-a79a5aa7,2026-07-17 17:14:43,,available,normal,LIMA-LA VICTORIA,15/08/2026,10:00,20,,,,12.904,,,,,,,,,screenshots\2026-07\17-07-2026\observer-cupo-7ea3d9.png,screenshots\2026-07\17-07-2026\observer-cupo-7ea3d9.png,Se seleccionaron una fecha y una hora disponibles.
observer-***-171443-f9bd4c41,2026-07-17 17:14:56,,available,normal,LIMA-LA VICTORIA,15/08/2026,10:00,20,,,,12.951,,,,,,,,,screenshots\2026-07\17-07-2026\observer-cupo-219f14.png,screenshots\2026-07\17-07-2026\observer-cupo-219f14.png,Se seleccionaron una fecha y una hora disponibles.
observer-***-171456-d3faf2db,2026-07-17 17:15:09,,available,normal,LIMA-LA VICTORIA,15/08/2026,10:00,20,,,,12.548,,,,,,,,,screenshots\2026-07\17-07-2026\observer-cupo-e00db6.png,screenshots\2026-07\17-07-2026\observer-cupo-e00db6.png,Se seleccionaron una fecha y una hora disponibles.
observer-***-171509-989e3888,2026-07-17 17:15:21,,available,normal,LIMA-LA VICTORIA,15/08/2026,10:00,20,,,,12.527,,,,,,,,,screenshots\2026-07\17-07-2026\observer-cupo-cba5a6.png,screenshots\2026-07\17-07-2026\observer-cupo-cba5a6.png,Se seleccionaron una fecha y una hora disponibles.
observer-***-171522-bbdaa9cd,2026-07-17 17:15:34,,available,normal,LIMA-LA VICTORIA,15/08/2026,10:00,20,,,,12.760,,,,,,,,,screenshots\2026-07\17-07-2026\observer-cupo-06973c.png,screenshots\2026-07\17-07-2026\observer-cupo-06973c.png,Se seleccionaron una fecha y una hora disponibles.
observer-***-171534-ee21bd8e,2026-07-17 17:15:47,,available,normal,LIMA-LA VICTORIA,15/08/2026,10:00,20,,,,12.764,,,,,,,,,screenshots\2026-07\17-07-2026\observer-cupo-cf1767.png,screenshots\2026-07\17-07-2026\observer-cupo-cf1767.png,Se seleccionaron una fecha y una hora disponibles.
observer-***-171547-93193b98,2026-07-17 17:16:00,,available,normal,LIMA-LA VICTORIA,15/08/2026,10:00,20,,,,12.843,,,,,,,,,screenshots\2026-07\17-07-2026\observer-cupo-58e8a6.png,screenshots\2026-07\17-07-2026\observer-cupo-58e8a6.png,Se seleccionaron una fecha y una hora disponibles.
observer-***-171600-17f6fba9,2026-07-17 17:16:13,,available,normal,LIMA-LA VICTORIA,15/08/2026,10:00,20,,,,13.033,,,,,,,,,screenshots\2026-07\17-07-2026\observer-cupo-f1f4a1.png,screenshots\2026-07\17-07-2026\observer-cupo-f1f4a1.png,Se seleccionaron una fecha y una hora disponibles.
observer-***-171613-eba6d210,2026-07-17 17:16:26,,available,normal,LIMA-LA VICTORIA,15/08/2026,10:00,20,,,,12.805,,,,,,,,,screenshots\2026-07\17-07-2026\observer-cupo-a6f4d7.png,screenshots\2026-07\17-07-2026\observer-cupo-a6f4d7.png,Se seleccionaron una fecha y una hora disponibles.
observer-***-171626-1a82db5e,2026-07-17 17:16:39,,available,normal,LIMA-LA VICTORIA,15/08/2026,10:00,20,,,,12.405,,,,,,,,,screenshots\2026-07\17-07-2026\observer-cupo-9fa9eb.png,screenshots\2026-07\17-07-2026\observer-cupo-9fa9eb.png,Se seleccionaron una fecha y una hora disponibles.
observer-***-171639-2b1a9651,2026-07-17 17:16:52,,available,normal,LIMA-LA VICTORIA,15/08/2026,10:00,20,,,,12.823,,,,,,,,,screenshots\2026-07\17-07-2026\observer-cupo-9d4915.png,screenshots\2026-07\17-07-2026\observer-cupo-9d4915.png,Se seleccionaron una fecha y una hora disponibles.
observer-***-171652-c3497809,2026-07-17 17:17:05,,available,normal,LIMA-LA VICTORIA,15/08/2026,10:00,20,,,,12.712,,,,,,,,,screenshots\2026-07\17-07-2026\observer-cupo-a09559.png,screenshots\2026-07\17-07-2026\observer-cupo-a09559.png,Se seleccionaron una fecha y una hora disponibles.
observer-***-171705-b7b16449,2026-07-17 17:17:18,,available,normal,LIMA-LA VICTORIA,15/08/2026,10:00,20,,,,13.460,,,,,,,,,screenshots\2026-07\17-07-2026\observer-cupo-2000d8.png,screenshots\2026-07\17-07-2026\observer-cupo-2000d8.png,Se seleccionaron una fecha y una hora disponibles.
observer-***-171718-0c46b56c,2026-07-17 17:18:00,,available,normal,LIMA-LA VICTORIA,15/08/2026,10:00,20,,,,41.705,,,,,,,,,,,Se seleccionaron una fecha y una hora disponibles.
observer-***-171800-6bd162a4,2026-07-17 17:18:13,,available,normal,LIMA-LA VICTORIA,15/08/2026,10:00,20,,,,12.981,,,,,,,,,screenshots\2026-07\17-07-2026\observer-cupo-839a5f.png,screenshots\2026-07\17-07-2026\observer-cupo-839a5f.png,Se seleccionaron una fecha y una hora disponibles.
observer-***-171813-2c699547,2026-07-17 17:18:26,,available,normal,LIMA-LA VICTORIA,15/08/2026,10:00,20,,,,12.784,,,,,,,,,screenshots\2026-07\17-07-2026\observer-cupo-aeae46.png,screenshots\2026-07\17-07-2026\observer-cupo-aeae46.png,Se seleccionaron una fecha y una hora disponibles.
observer-***-171826-ffae6a65,2026-07-17 17:18:39,,available,normal,LIMA-LA VICTORIA,15/08/2026,10:00,20,,,,12.565,,,,,,,,,screenshots\2026-07\17-07-2026\observer-cupo-fe2c66.png,screenshots\2026-07\17-07-2026\observer-cupo-fe2c66.png,Se seleccionaron una fecha y una hora disponibles.
observer-***-171839-3fbbace0,2026-07-17 17:18:51,,available,normal,LIMA-LA VICTORIA,15/08/2026,10:00,20,,,,12.711,,,,,,,,,screenshots\2026-07\17-07-2026\observer-cupo-5de09c.png,screenshots\2026-07\17-07-2026\observer-cupo-5de09c.png,Se seleccionaron una fecha y una hora disponibles.
observer-***-171851-67f5e755,2026-07-17 17:19:33,,available,normal,LIMA-LA VICTORIA,15/08/2026,10:00,20,,,,41.257,,,,,,,,,,,Se seleccionaron una fecha y una hora disponibles.
observer-***-171933-862dccc7,2026-07-17 17:19:45,,available,normal,LIMA-LA VICTORIA,15/08/2026,10:00,20,,,,12.617,,,,,,,,,screenshots\2026-07\17-07-2026\observer-cupo-ec876e.png,screenshots\2026-07\17-07-2026\observer-cupo-ec876e.png,Se seleccionaron una fecha y una hora disponibles.
observer-***-171946-92516e1e,2026-07-17 17:19:58,,available,normal,LIMA-LA VICTORIA,15/08/2026,10:00,20,,,,12.662,,,,,,,,,screenshots\2026-07\17-07-2026\observer-cupo-e22980.png,screenshots\2026-07\17-07-2026\observer-cupo-e22980.png,Se seleccionaron una fecha y una hora disponibles.
observer-***-171958-07835c28,2026-07-17 17:20:40,,available,normal,LIMA-LA VICTORIA,15/08/2026,10:00,20,,,,41.237,,,,,,,,,,,Se seleccionaron una fecha y una hora disponibles.
observer-***-172040-092c31ce,2026-07-17 17:20:53,,available,normal,LIMA-LA VICTORIA,15/08/2026,10:00,20,,,,13.842,,,,,,,,,screenshots\2026-07\17-07-2026\observer-cupo-804667.png,screenshots\2026-07\17-07-2026\observer-cupo-804667.png,Se seleccionaron una fecha y una hora disponibles.
observer-***-172054-25551c69,2026-07-17 17:21:06,,available,normal,LIMA-LA VICTORIA,15/08/2026,10:00,20,,,,12.607,,,,,,,,,screenshots\2026-07\17-07-2026\observer-cupo-5c5789.png,screenshots\2026-07\17-07-2026\observer-cupo-5c5789.png,Se seleccionaron una fecha y una hora disponibles.
observer-***-172106-c562630a,2026-07-17 17:21:19,,available,normal,LIMA-LA VICTORIA,15/08/2026,10:00,20,,,,12.622,,,,,,,,,screenshots\2026-07\17-07-2026\observer-cupo-a075ed.png,screenshots\2026-07\17-07-2026\observer-cupo-a075ed.png,Se seleccionaron una fecha y una hora disponibles.
observer-***-172119-dee1ff96,2026-07-17 17:21:32,,available,normal,LIMA-LA VICTORIA,15/08/2026,10:00,20,,,,12.768,,,,,,,,,screenshots\2026-07\17-07-2026\observer-cupo-4dc5d8.png,screenshots\2026-07\17-07-2026\observer-cupo-4dc5d8.png,Se seleccionaron una fecha y una hora disponibles.
observer-***-172132-3b68c35b,2026-07-17 17:21:44,,available,normal,LIMA-LA VICTORIA,15/08/2026,10:00,20,,,,12.563,,,,,,,,,screenshots\2026-07\17-07-2026\observer-cupo-68bfd7.png,screenshots\2026-07\17-07-2026\observer-cupo-68bfd7.png,Se seleccionaron una fecha y una hora disponibles.
observer-***-172144-08c61bc9,2026-07-17 17:21:57,,available,normal,LIMA-LA VICTORIA,15/08/2026,10:00,20,,,,12.402,,,,,,,,,screenshots\2026-07\17-07-2026\observer-cupo-a901cd.png,screenshots\2026-07\17-07-2026\observer-cupo-a901cd.png,Se seleccionaron una fecha y una hora disponibles.
observer-***-172157-435e8d05,2026-07-17 17:22:10,,available,normal,LIMA-LA VICTORIA,15/08/2026,10:00,20,,,,12.748,,,,,,,,,screenshots\2026-07\17-07-2026\observer-cupo-9a5fc5.png,screenshots\2026-07\17-07-2026\observer-cupo-9a5fc5.png,Se seleccionaron una fecha y una hora disponibles.
observer-***-172210-3799edd6,2026-07-17 17:22:22,,available,normal,LIMA-LA VICTORIA,15/08/2026,10:00,20,,,,12.564,,,,,,,,,screenshots\2026-07\17-07-2026\observer-cupo-dd15ab.png,screenshots\2026-07\17-07-2026\observer-cupo-dd15ab.png,Se seleccionaron una fecha y una hora disponibles.
observer-***-172223-16d139cb,2026-07-17 17:22:35,,available,normal,LIMA-LA VICTORIA,15/08/2026,10:00,20,,,,12.553,,,,,,,,,screenshots\2026-07\17-07-2026\observer-cupo-195481.png,screenshots\2026-07\17-07-2026\observer-cupo-195481.png,Se seleccionaron una fecha y una hora disponibles.
observer-***-172235-0a9dc25f,2026-07-17 17:22:48,,available,normal,LIMA-LA VICTORIA,15/08/2026,10:00,20,,,,12.668,,,,,,,,,screenshots\2026-07\17-07-2026\observer-cupo-b35382.png,screenshots\2026-07\17-07-2026\observer-cupo-b35382.png,Se seleccionaron una fecha y una hora disponibles.
observer-***-172248-8a9dc549,2026-07-17 17:23:00,,available,normal,LIMA-LA VICTORIA,15/08/2026,10:00,20,,,,12.451,,,,,,,,,screenshots\2026-07\17-07-2026\observer-cupo-243651.png,screenshots\2026-07\17-07-2026\observer-cupo-243651.png,Se seleccionaron una fecha y una hora disponibles.
observer-***-172300-33d2f0b8,2026-07-17 17:23:13,,available,normal,LIMA-LA VICTORIA,15/08/2026,10:00,20,,,,12.451,,,,,,,,,screenshots\2026-07\17-07-2026\observer-cupo-b89c47.png,screenshots\2026-07\17-07-2026\observer-cupo-b89c47.png,Se seleccionaron una fecha y una hora disponibles.
observer-***-172313-fedf43b2,2026-07-17 17:23:26,,available,normal,LIMA-LA VICTORIA,15/08/2026,10:00,20,,,,12.643,,,,,,,,,screenshots\2026-07\17-07-2026\observer-cupo-1d590d.png,screenshots\2026-07\17-07-2026\observer-cupo-1d590d.png,Se seleccionaron una fecha y una hora disponibles.
observer-***-172326-7df9cb19,2026-07-17 17:23:38,,available,normal,LIMA-LA VICTORIA,15/08/2026,10:00,20,,,,12.558,,,,,,,,,screenshots\2026-07\17-07-2026\observer-cupo-07e72d.png,screenshots\2026-07\17-07-2026\observer-cupo-07e72d.png,Se seleccionaron una fecha y una hora disponibles.
observer-***-172338-5a8b846a,2026-07-17 17:23:51,,available,normal,LIMA-LA VICTORIA,15/08/2026,10:00,20,,,,12.470,,,,,,,,,screenshots\2026-07\17-07-2026\observer-cupo-110319.png,screenshots\2026-07\17-07-2026\observer-cupo-110319.png,Se seleccionaron una fecha y una hora disponibles.
observer-***-172351-463bb2ee,2026-07-17 17:24:04,,available,normal,LIMA-LA VICTORIA,15/08/2026,10:00,20,,,,12.694,,,,,,,,,screenshots\2026-07\17-07-2026\observer-cupo-afbd72.png,screenshots\2026-07\17-07-2026\observer-cupo-afbd72.png,Se seleccionaron una fecha y una hora disponibles.
observer-***-172404-a57ffb8a,2026-07-17 17:24:16,,available,normal,LIMA-LA VICTORIA,15/08/2026,10:00,20,,,,12.549,,,,,,,,,screenshots\2026-07\17-07-2026\observer-cupo-224e9a.png,screenshots\2026-07\17-07-2026\observer-cupo-224e9a.png,Se seleccionaron una fecha y una hora disponibles.
observer-***-172416-2cc65502,2026-07-17 17:24:29,,available,normal,LIMA-LA VICTORIA,15/08/2026,10:00,20,,,,12.716,,,,,,,,,screenshots\2026-07\17-07-2026\observer-cupo-309a90.png,screenshots\2026-07\17-07-2026\observer-cupo-309a90.png,Se seleccionaron una fecha y una hora disponibles.
observer-***-172429-eb1fef7d,2026-07-17 17:24:42,,available,normal,LIMA-LA VICTORIA,15/08/2026,10:00,20,,,,12.753,,,,,,,,,screenshots\2026-07\17-07-2026\observer-cupo-54fd5e.png,screenshots\2026-07\17-07-2026\observer-cupo-54fd5e.png,Se seleccionaron una fecha y una hora disponibles.
observer-***-172442-3a1388bc,2026-07-17 17:24:55,,available,normal,LIMA-LA VICTORIA,15/08/2026,10:00,20,,,,12.573,,,,,,,,,screenshots\2026-07\17-07-2026\observer-cupo-912ef4.png,screenshots\2026-07\17-07-2026\observer-cupo-912ef4.png,Se seleccionaron una fecha y una hora disponibles.
observer-***-172455-8d4cfbcd,2026-07-17 17:25:07,,available,normal,LIMA-LA VICTORIA,15/08/2026,10:00,20,,,,12.554,,,,,,,,,screenshots\2026-07\17-07-2026\observer-cupo-766857.png,screenshots\2026-07\17-07-2026\observer-cupo-766857.png,Se seleccionaron una fecha y una hora disponibles.
observer-***-172507-***,2026-07-17 17:25:20,,available,normal,LIMA-LA VICTORIA,15/08/2026,10:00,20,,,,12.560,,,,,,,,,screenshots\2026-07\17-07-2026\observer-cupo-326be0.png,screenshots\2026-07\17-07-2026\observer-cupo-326be0.png,Se seleccionaron una fecha y una hora disponibles.
observer-***-172520-1d91bd44,2026-07-17 17:25:33,,available,normal,LIMA-LA VICTORIA,15/08/2026,10:00,20,,,,12.594,,,,,,,,,screenshots\2026-07\17-07-2026\observer-cupo-dea494.png,screenshots\2026-07\17-07-2026\observer-cupo-dea494.png,Se seleccionaron una fecha y una hora disponibles.
observer-***-172533-54fbc302,2026-07-17 17:25:45,,available,normal,LIMA-LA VICTORIA,15/08/2026,10:00,20,,,,12.543,,,,,,,,,screenshots\2026-07\17-07-2026\observer-cupo-be9e3f.png,screenshots\2026-07\17-07-2026\observer-cupo-be9e3f.png,Se seleccionaron una fecha y una hora disponibles.
observer-***-172545-dba96006,2026-07-17 17:25:58,,available,normal,LIMA-LA VICTORIA,15/08/2026,10:00,20,,,,12.609,,,,,,,,,screenshots\2026-07\17-07-2026\observer-cupo-1b942f.png,screenshots\2026-07\17-07-2026\observer-cupo-1b942f.png,Se seleccionaron una fecha y una hora disponibles.
observer-***-172558-43580d92,2026-07-17 17:26:11,,available,normal,LIMA-LA VICTORIA,15/08/2026,10:00,20,,,,12.539,,,,,,,,,screenshots\2026-07\17-07-2026\observer-cupo-4cd547.png,screenshots\2026-07\17-07-2026\observer-cupo-4cd547.png,Se seleccionaron una fecha y una hora disponibles.
observer-***-172611-d4bf0d01,2026-07-17 17:26:23,,available,normal,LIMA-LA VICTORIA,15/08/2026,10:00,20,,,,12.532,,,,,,,,,screenshots\2026-07\17-07-2026\observer-cupo-a05056.png,screenshots\2026-07\17-07-2026\observer-cupo-a05056.png,Se seleccionaron una fecha y una hora disponibles.
observer-***-172623-4bd327c8,2026-07-17 17:26:36,,available,normal,LIMA-LA VICTORIA,15/08/2026,10:00,20,,,,12.578,,,,,,,,,screenshots\2026-07\17-07-2026\observer-cupo-882cdb.png,screenshots\2026-07\17-07-2026\observer-cupo-882cdb.png,Se seleccionaron una fecha y una hora disponibles.
observer-***-172636-00d780ba,2026-07-17 17:26:48,,available,normal,LIMA-LA VICTORIA,15/08/2026,10:00,20,,,,12.525,,,,,,,,,screenshots\2026-07\17-07-2026\observer-cupo-9d3ed9.png,screenshots\2026-07\17-07-2026\observer-cupo-9d3ed9.png,Se seleccionaron una fecha y una hora disponibles.
observer-***-172649-aeb5b845,2026-07-17 17:27:01,,available,normal,LIMA-LA VICTORIA,15/08/2026,10:00,20,,,,12.527,,,,,,,,,screenshots\2026-07\17-07-2026\observer-cupo-d50d89.png,screenshots\2026-07\17-07-2026\observer-cupo-d50d89.png,Se seleccionaron una fecha y una hora disponibles.
observer-***-172701-5c7c312f,2026-07-17 17:27:14,,available,normal,LIMA-LA VICTORIA,15/08/2026,10:00,20,,,,12.612,,,,,,,,,screenshots\2026-07\17-07-2026\observer-cupo-bc03ef.png,screenshots\2026-07\17-07-2026\observer-cupo-bc03ef.png,Se seleccionaron una fecha y una hora disponibles.
observer-***-172714-b2b10a49,2026-07-17 17:27:26,,available,normal,LIMA-LA VICTORIA,15/08/2026,10:00,20,,,,12.590,,,,,,,,,screenshots\2026-07\17-07-2026\observer-cupo-d05b9c.png,screenshots\2026-07\17-07-2026\observer-cupo-d05b9c.png,Se seleccionaron una fecha y una hora disponibles.
observer-***-172727-0c87d36a,2026-07-17 17:27:40,,available,normal,LIMA-LA VICTORIA,15/08/2026,10:00,20,,,,12.996,,,,,,,,,screenshots\2026-07\17-07-2026\observer-cupo-e2510e.png,screenshots\2026-07\17-07-2026\observer-cupo-e2510e.png,Se seleccionaron una fecha y una hora disponibles.
observer-***-172740-0c27bf34,2026-07-17 17:27:52,,available,normal,LIMA-LA VICTORIA,15/08/2026,10:00,20,,,,12.734,,,,,,,,,screenshots\2026-07\17-07-2026\observer-cupo-720a0d.png,screenshots\2026-07\17-07-2026\observer-cupo-720a0d.png,Se seleccionaron una fecha y una hora disponibles.
observer-***-172752-350e7bb3,2026-07-17 17:28:05,,available,normal,LIMA-LA VICTORIA,15/08/2026,10:00,20,,,,12.563,,,,,,,,,screenshots\2026-07\17-07-2026\observer-cupo-e345a8.png,screenshots\2026-07\17-07-2026\observer-cupo-e345a8.png,Se seleccionaron una fecha y una hora disponibles.
observer-***-172805-3122a1ae,2026-07-17 17:28:18,,available,normal,LIMA-LA VICTORIA,15/08/2026,10:00,20,,,,12.585,,,,,,,,,screenshots\2026-07\17-07-2026\observer-cupo-1f0d20.png,screenshots\2026-07\17-07-2026\observer-cupo-1f0d20.png,Se seleccionaron una fecha y una hora disponibles.
observer-***-172820-24d51ff5,2026-07-17 17:28:34,,available,normal,LIMA-LA VICTORIA,15/08/2026,10:00,20,,,,13.786,,,,,,,,,screenshots\2026-07\17-07-2026\observer-cupo-fd9eab.png,screenshots\2026-07\17-07-2026\observer-cupo-fd9eab.png,Se seleccionaron una fecha y una hora disponibles.
observer-***-172834-3513b4bf,2026-07-17 17:28:47,,available,normal,LIMA-LA VICTORIA,15/08/2026,10:00,20,,,,13.115,,,,,,,,,screenshots\2026-07\17-07-2026\observer-cupo-6bf7d0.png,screenshots\2026-07\17-07-2026\observer-cupo-6bf7d0.png,Se seleccionaron una fecha y una hora disponibles.
observer-***-172847-***,2026-07-17 17:29:00,,available,normal,LIMA-LA VICTORIA,15/08/2026,10:00,20,,,,12.795,,,,,,,,,screenshots\2026-07\17-07-2026\observer-cupo-b0734c.png,screenshots\2026-07\17-07-2026\observer-cupo-b0734c.png,Se seleccionaron una fecha y una hora disponibles.
observer-***-172900-2b12c2d2,2026-07-17 17:29:13,,available,normal,LIMA-LA VICTORIA,15/08/2026,10:00,20,,,,12.706,,,,,,,,,screenshots\2026-07\17-07-2026\observer-cupo-ddb6f2.png,screenshots\2026-07\17-07-2026\observer-cupo-ddb6f2.png,Se seleccionaron una fecha y una hora disponibles.
observer-***-172913-9182331a,2026-07-17 17:29:25,,available,normal,LIMA-LA VICTORIA,15/08/2026,10:00,20,,,,12.501,,,,,,,,,screenshots\2026-07\17-07-2026\observer-cupo-737ce0.png,screenshots\2026-07\17-07-2026\observer-cupo-737ce0.png,Se seleccionaron una fecha y una hora disponibles.
observer-***-172925-4e97ca45,2026-07-17 17:29:38,,available,normal,LIMA-LA VICTORIA,15/08/2026,10:00,20,,,,12.610,,,,,,,,,screenshots\2026-07\17-07-2026\observer-cupo-dbbe4a.png,screenshots\2026-07\17-07-2026\observer-cupo-dbbe4a.png,Se seleccionaron una fecha y una hora disponibles.
observer-***-172938-c2bf54cd,2026-07-17 17:29:51,,available,normal,LIMA-LA VICTORIA,15/08/2026,10:00,20,,,,12.754,,,,,,,,,screenshots\2026-07\17-07-2026\observer-cupo-a8bd5d.png,screenshots\2026-07\17-07-2026\observer-cupo-a8bd5d.png,Se seleccionaron una fecha y una hora disponibles.
observer-***-172951-58dc9e6e,2026-07-17 17:30:03,,available,normal,LIMA-LA VICTORIA,15/08/2026,10:00,20,,,,12.434,,,,,,,,,screenshots\2026-07\17-07-2026\observer-cupo-03007a.png,screenshots\2026-07\17-07-2026\observer-cupo-03007a.png,Se seleccionaron una fecha y una hora disponibles.
observer-***-173003-efae8647,2026-07-17 17:30:16,,available,normal,LIMA-LA VICTORIA,15/08/2026,10:00,20,,,,12.477,,,,,,,,,screenshots\2026-07\17-07-2026\observer-cupo-cd7f6c.png,screenshots\2026-07\17-07-2026\observer-cupo-cd7f6c.png,Se seleccionaron una fecha y una hora disponibles.
observer-***-173016-2d3bf706,2026-07-17 17:30:29,,available,normal,LIMA-LA VICTORIA,15/08/2026,10:00,20,,,,12.642,,,,,,,,,screenshots\2026-07\17-07-2026\observer-cupo-c3ff1e.png,screenshots\2026-07\17-07-2026\observer-cupo-c3ff1e.png,Se seleccionaron una fecha y una hora disponibles.
observer-***-173029-82c21ba6,2026-07-17 17:30:41,,available,normal,LIMA-LA VICTORIA,15/08/2026,10:00,20,,,,12.644,,,,,,,,,screenshots\2026-07\17-07-2026\observer-cupo-ac18c5.png,screenshots\2026-07\17-07-2026\observer-cupo-ac18c5.png,Se seleccionaron una fecha y una hora disponibles.
observer-***-173042-8bd83e1e,2026-07-17 17:30:54,,available,normal,LIMA-LA VICTORIA,15/08/2026,10:00,20,,,,12.680,,,,,,,,,screenshots\2026-07\17-07-2026\observer-cupo-8408a9.png,screenshots\2026-07\17-07-2026\observer-cupo-8408a9.png,Se seleccionaron una fecha y una hora disponibles.
observer-***-173054-e54b6ead,2026-07-17 17:31:07,,available,normal,LIMA-LA VICTORIA,15/08/2026,10:00,20,,,,12.614,,,,,,,,,screenshots\2026-07\17-07-2026\observer-cupo-107e5d.png,screenshots\2026-07\17-07-2026\observer-cupo-107e5d.png,Se seleccionaron una fecha y una hora disponibles.
observer-***-173107-***,2026-07-17 17:31:20,,available,normal,LIMA-LA VICTORIA,15/08/2026,10:00,20,,,,12.675,,,,,,,,,screenshots\2026-07\17-07-2026\observer-cupo-a126a7.png,screenshots\2026-07\17-07-2026\observer-cupo-a126a7.png,Se seleccionaron una fecha y una hora disponibles.
observer-***-173120-328f68b1,2026-07-17 17:31:32,,available,normal,LIMA-LA VICTORIA,15/08/2026,10:00,20,,,,12.523,,,,,,,,,screenshots\2026-07\17-07-2026\observer-cupo-248ba4.png,screenshots\2026-07\17-07-2026\observer-cupo-248ba4.png,Se seleccionaron una fecha y una hora disponibles.
observer-***-173132-3a691af6,2026-07-17 17:31:45,,available,normal,LIMA-LA VICTORIA,15/08/2026,10:00,20,,,,12.442,,,,,,,,,screenshots\2026-07\17-07-2026\observer-cupo-03c7bd.png,screenshots\2026-07\17-07-2026\observer-cupo-03c7bd.png,Se seleccionaron una fecha y una hora disponibles.
observer-***-173145-13fb5544,2026-07-17 17:31:57,,available,normal,LIMA-LA VICTORIA,15/08/2026,10:00,20,,,,12.525,,,,,,,,,screenshots\2026-07\17-07-2026\observer-cupo-35c267.png,screenshots\2026-07\17-07-2026\observer-cupo-35c267.png,Se seleccionaron una fecha y una hora disponibles.
observer-***-173158-a4eec1be,2026-07-17 17:32:10,,available,normal,LIMA-LA VICTORIA,15/08/2026,10:00,20,,,,12.497,,,,,,,,,screenshots\2026-07\17-07-2026\observer-cupo-986198.png,screenshots\2026-07\17-07-2026\observer-cupo-986198.png,Se seleccionaron una fecha y una hora disponibles.
observer-***-173210-7f243f54,2026-07-17 17:32:23,,available,normal,LIMA-LA VICTORIA,15/08/2026,10:00,20,,,,12.715,,,,,,,,,screenshots\2026-07\17-07-2026\observer-cupo-b0c3a9.png,screenshots\2026-07\17-07-2026\observer-cupo-b0c3a9.png,Se seleccionaron una fecha y una hora disponibles.
observer-***-173223-ff44a414,2026-07-17 17:32:35,,available,normal,LIMA-LA VICTORIA,15/08/2026,10:00,20,,,,12.528,,,,,,,,,screenshots\2026-07\17-07-2026\observer-cupo-7f16c1.png,screenshots\2026-07\17-07-2026\observer-cupo-7f16c1.png,Se seleccionaron una fecha y una hora disponibles.
observer-***-173236-64218c5c,2026-07-17 17:32:48,,available,normal,LIMA-LA VICTORIA,15/08/2026,10:00,20,,,,12.602,,,,,,,,,screenshots\2026-07\17-07-2026\observer-cupo-29946f.png,screenshots\2026-07\17-07-2026\observer-cupo-29946f.png,Se seleccionaron una fecha y una hora disponibles.
observer-***-173248-438d237f,2026-07-17 17:33:01,,available,normal,LIMA-LA VICTORIA,15/08/2026,10:00,20,,,,12.634,,,,,,,,,screenshots\2026-07\17-07-2026\observer-cupo-c8bfba.png,screenshots\2026-07\17-07-2026\observer-cupo-c8bfba.png,Se seleccionaron una fecha y una hora disponibles.
observer-***-173301-8c969e17,2026-07-17 17:33:14,,available,normal,LIMA-LA VICTORIA,15/08/2026,10:00,20,,,,12.880,,,,,,,,,screenshots\2026-07\17-07-2026\observer-cupo-a2d61c.png,screenshots\2026-07\17-07-2026\observer-cupo-a2d61c.png,Se seleccionaron una fecha y una hora disponibles.
observer-***-173314-c086bd15,2026-07-17 17:33:56,,available,normal,LIMA-LA VICTORIA,15/08/2026,10:00,20,,,,41.763,,,,,,,,,,,Se seleccionaron una fecha y una hora disponibles.
observer-***-173356-f2e7dff2,2026-07-17 17:34:09,,available,normal,LIMA-LA VICTORIA,15/08/2026,10:00,20,,,,12.643,,,,,,,,,screenshots\2026-07\17-07-2026\observer-cupo-6f2447.png,screenshots\2026-07\17-07-2026\observer-cupo-6f2447.png,Se seleccionaron una fecha y una hora disponibles.
observer-***-173409-390b04d0,2026-07-17 17:34:21,,available,normal,LIMA-LA VICTORIA,15/08/2026,10:00,20,,,,12.521,,,,,,,,,screenshots\2026-07\17-07-2026\observer-cupo-fa5bd7.png,screenshots\2026-07\17-07-2026\observer-cupo-fa5bd7.png,Se seleccionaron una fecha y una hora disponibles.
observer-***-173421-85ce83f3,2026-07-17 17:34:34,,available,normal,LIMA-LA VICTORIA,15/08/2026,10:00,20,,,,12.583,,,,,,,,,screenshots\2026-07\17-07-2026\observer-cupo-46f092.png,screenshots\2026-07\17-07-2026\observer-cupo-46f092.png,Se seleccionaron una fecha y una hora disponibles.
observer-***-173434-0e88647c,2026-07-17 17:34:47,,available,normal,LIMA-LA VICTORIA,15/08/2026,10:00,20,,,,12.760,,,,,,,,,screenshots\2026-07\17-07-2026\observer-cupo-d095b1.png,screenshots\2026-07\17-07-2026\observer-cupo-d095b1.png,Se seleccionaron una fecha y una hora disponibles.
observer-***-173447-33585fe0,2026-07-17 17:34:59,,available,normal,LIMA-LA VICTORIA,15/08/2026,10:00,20,,,,12.610,,,,,,,,,screenshots\2026-07\17-07-2026\observer-cupo-1b5c98.png,screenshots\2026-07\17-07-2026\observer-cupo-1b5c98.png,Se seleccionaron una fecha y una hora disponibles.
observer-***-173459-dec30ee4,2026-07-17 17:35:12,,available,normal,LIMA-LA VICTORIA,15/08/2026,10:00,20,,,,12.497,,,,,,,,,screenshots\2026-07\17-07-2026\observer-cupo-a9b5c7.png,screenshots\2026-07\17-07-2026\observer-cupo-a9b5c7.png,Se seleccionaron una fecha y una hora disponibles.
observer-***-173512-dfb0c18c,2026-07-17 17:35:25,,available,normal,LIMA-LA VICTORIA,15/08/2026,10:00,20,,,,12.792,,,,,,,,,screenshots\2026-07\17-07-2026\observer-cupo-760abb.png,screenshots\2026-07\17-07-2026\observer-cupo-760abb.png,Se seleccionaron una fecha y una hora disponibles.
observer-***-173525-***,2026-07-17 17:35:37,,available,normal,LIMA-LA VICTORIA,15/08/2026,10:00,20,,,,12.531,,,,,,,,,screenshots\2026-07\17-07-2026\observer-cupo-0c3353.png,screenshots\2026-07\17-07-2026\observer-cupo-0c3353.png,Se seleccionaron una fecha y una hora disponibles.
observer-***-173538-f17191dd,2026-07-17 17:35:50,,available,normal,LIMA-LA VICTORIA,15/08/2026,10:00,20,,,,12.592,,,,,,,,,screenshots\2026-07\17-07-2026\observer-cupo-f4cdf2.png,screenshots\2026-07\17-07-2026\observer-cupo-f4cdf2.png,Se seleccionaron una fecha y una hora disponibles.
observer-***-173550-1ad09703,2026-07-17 17:36:03,,available,normal,LIMA-LA VICTORIA,15/08/2026,10:00,20,,,,12.698,,,,,,,,,screenshots\2026-07\17-07-2026\observer-cupo-251168.png,screenshots\2026-07\17-07-2026\observer-cupo-251168.png,Se seleccionaron una fecha y una hora disponibles.
observer-***-173603-f01fa35c,2026-07-17 17:36:16,,available,normal,LIMA-LA VICTORIA,15/08/2026,10:00,20,,,,12.556,,,,,,,,,screenshots\2026-07\17-07-2026\observer-cupo-c99662.png,screenshots\2026-07\17-07-2026\observer-cupo-c99662.png,Se seleccionaron una fecha y una hora disponibles.
observer-***-173616-647cad07,2026-07-17 17:36:28,,available,normal,LIMA-LA VICTORIA,15/08/2026,10:00,20,,,,12.503,,,,,,,,,screenshots\2026-07\17-07-2026\observer-cupo-959c50.png,screenshots\2026-07\17-07-2026\observer-cupo-959c50.png,Se seleccionaron una fecha y una hora disponibles.
observer-***-173628-8e497a91,2026-07-17 17:36:41,,available,normal,LIMA-LA VICTORIA,15/08/2026,10:00,20,,,,12.659,,,,,,,,,screenshots\2026-07\17-07-2026\observer-cupo-53ac32.png,screenshots\2026-07\17-07-2026\observer-cupo-53ac32.png,Se seleccionaron una fecha y una hora disponibles.
observer-***-173641-1f5b8947,2026-07-17 17:36:54,,available,normal,LIMA-LA VICTORIA,15/08/2026,10:00,20,,,,12.582,,,,,,,,,screenshots\2026-07\17-07-2026\observer-cupo-fa7027.png,screenshots\2026-07\17-07-2026\observer-cupo-fa7027.png,Se seleccionaron una fecha y una hora disponibles.
observer-***-173654-563e2b8b,2026-07-17 17:37:06,,available,normal,LIMA-LA VICTORIA,15/08/2026,10:00,20,,,,12.572,,,,,,,,,screenshots\2026-07\17-07-2026\observer-cupo-ce2d9d.png,screenshots\2026-07\17-07-2026\observer-cupo-ce2d9d.png,Se seleccionaron una fecha y una hora disponibles.
observer-***-173706-b7d90b08,2026-07-17 17:37:19,,available,normal,LIMA-LA VICTORIA,15/08/2026,10:00,20,,,,12.664,,,,,,,,,screenshots\2026-07\17-07-2026\observer-cupo-dd2d68.png,screenshots\2026-07\17-07-2026\observer-cupo-dd2d68.png,Se seleccionaron una fecha y una hora disponibles.
observer-***-173719-b28979b9,2026-07-17 17:37:32,,available,normal,LIMA-LA VICTORIA,15/08/2026,10:00,20,,,,12.542,,,,,,,,,screenshots\2026-07\17-07-2026\observer-cupo-def009.png,screenshots\2026-07\17-07-2026\observer-cupo-def009.png,Se seleccionaron una fecha y una hora disponibles.
observer-***-173732-5f65131f,2026-07-17 17:37:44,,available,normal,LIMA-LA VICTORIA,15/08/2026,10:00,20,,,,12.508,,,,,,,,,screenshots\2026-07\17-07-2026\observer-cupo-e5199a.png,screenshots\2026-07\17-07-2026\observer-cupo-e5199a.png,Se seleccionaron una fecha y una hora disponibles.
observer-***-173744-30847e03,2026-07-17 17:37:57,,available,normal,LIMA-LA VICTORIA,15/08/2026,10:00,20,,,,12.670,,,,,,,,,screenshots\2026-07\17-07-2026\observer-cupo-78f6e0.png,screenshots\2026-07\17-07-2026\observer-cupo-78f6e0.png,Se seleccionaron una fecha y una hora disponibles.
observer-***-173757-c0e594ff,2026-07-17 17:38:10,,available,normal,LIMA-LA VICTORIA,15/08/2026,10:00,20,,,,12.609,,,,,,,,,screenshots\2026-07\17-07-2026\observer-cupo-ba16ad.png,screenshots\2026-07\17-07-2026\observer-cupo-ba16ad.png,Se seleccionaron una fecha y una hora disponibles.
observer-***-173810-e80caafc,2026-07-17 17:38:22,,available,normal,LIMA-LA VICTORIA,15/08/2026,10:00,20,,,,12.510,,,,,,,,,screenshots\2026-07\17-07-2026\observer-cupo-e4ee3f.png,screenshots\2026-07\17-07-2026\observer-cupo-e4ee3f.png,Se seleccionaron una fecha y una hora disponibles.
observer-***-173822-aaab35d4,2026-07-17 17:39:04,,available,normal,LIMA-LA VICTORIA,15/08/2026,10:00,20,,,,41.348,,,,,,,,,,,Se seleccionaron una fecha y una hora disponibles.
observer-***-173904-fcb60986,2026-07-17 17:39:17,,available,normal,LIMA-LA VICTORIA,15/08/2026,10:00,20,,,,12.697,,,,,,,,,screenshots\2026-07\17-07-2026\observer-cupo-f14bf2.png,screenshots\2026-07\17-07-2026\observer-cupo-f14bf2.png,Se seleccionaron una fecha y una hora disponibles.
observer-***-173917-e4aa3967,2026-07-17 17:39:29,,available,normal,LIMA-LA VICTORIA,15/08/2026,10:00,20,,,,12.771,,,,,,,,,screenshots\2026-07\17-07-2026\observer-cupo-c5a115.png,screenshots\2026-07\17-07-2026\observer-cupo-c5a115.png,Se seleccionaron una fecha y una hora disponibles.
observer-***-173929-2b58d488,2026-07-17 17:39:42,,available,normal,LIMA-LA VICTORIA,15/08/2026,10:00,20,,,,12.460,,,,,,,,,screenshots\2026-07\17-07-2026\observer-cupo-a1cd21.png,screenshots\2026-07\17-07-2026\observer-cupo-a1cd21.png,Se seleccionaron una fecha y una hora disponibles.
observer-***-173942-8ab00336,2026-07-17 17:39:55,,available,normal,LIMA-LA VICTORIA,15/08/2026,10:00,20,,,,12.568,,,,,,,,,screenshots\2026-07\17-07-2026\observer-cupo-d26bfc.png,screenshots\2026-07\17-07-2026\observer-cupo-d26bfc.png,Se seleccionaron una fecha y una hora disponibles.
observer-***-173955-4aeaf456,2026-07-17 17:40:07,,available,normal,LIMA-LA VICTORIA,15/08/2026,10:00,20,,,,12.607,,,,,,,,,screenshots\2026-07\17-07-2026\observer-cupo-2f5122.png,screenshots\2026-07\17-07-2026\observer-cupo-2f5122.png,Se seleccionaron una fecha y una hora disponibles.
observer-***-174007-690764bc,2026-07-17 17:40:20,,available,normal,LIMA-LA VICTORIA,15/08/2026,10:00,20,,,,12.561,,,,,,,,,screenshots\2026-07\17-07-2026\observer-cupo-68d58a.png,screenshots\2026-07\17-07-2026\observer-cupo-68d58a.png,Se seleccionaron una fecha y una hora disponibles.
observer-***-174020-d4be0a4e,2026-07-17 17:40:33,,available,normal,LIMA-LA VICTORIA,15/08/2026,10:00,20,,,,12.597,,,,,,,,,screenshots\2026-07\17-07-2026\observer-cupo-f5f705.png,screenshots\2026-07\17-07-2026\observer-cupo-f5f705.png,Se seleccionaron una fecha y una hora disponibles.
observer-***-174033-f1196762,2026-07-17 17:40:45,,available,normal,LIMA-LA VICTORIA,15/08/2026,10:00,20,,,,12.684,,,,,,,,,screenshots\2026-07\17-07-2026\observer-cupo-c1708e.png,screenshots\2026-07\17-07-2026\observer-cupo-c1708e.png,Se seleccionaron una fecha y una hora disponibles.
observer-***-174046-c204347d,2026-07-17 17:40:58,,available,normal,LIMA-LA VICTORIA,15/08/2026,10:00,20,,,,12.615,,,,,,,,,screenshots\2026-07\17-07-2026\observer-cupo-84510f.png,screenshots\2026-07\17-07-2026\observer-cupo-84510f.png,Se seleccionaron una fecha y una hora disponibles.
observer-***-174058-a837ad54,2026-07-17 17:41:11,,available,normal,LIMA-LA VICTORIA,15/08/2026,10:00,20,,,,12.674,,,,,,,,,screenshots\2026-07\17-07-2026\observer-cupo-0c788c.png,screenshots\2026-07\17-07-2026\observer-cupo-0c788c.png,Se seleccionaron una fecha y una hora disponibles.
observer-***-174111-201a889a,2026-07-17 17:41:24,,available,normal,LIMA-LA VICTORIA,15/08/2026,10:00,20,,,,12.643,,,,,,,,,screenshots\2026-07\17-07-2026\observer-cupo-ccd4e4.png,screenshots\2026-07\17-07-2026\observer-cupo-ccd4e4.png,Se seleccionaron una fecha y una hora disponibles.
observer-***-174124-aedce2c0,2026-07-17 17:41:36,,available,normal,LIMA-LA VICTORIA,15/08/2026,10:00,20,,,,12.531,,,,,,,,,screenshots\2026-07\17-07-2026\observer-cupo-7c9957.png,screenshots\2026-07\17-07-2026\observer-cupo-7c9957.png,Se seleccionaron una fecha y una hora disponibles.
observer-***-174136-6d1e5ec6,2026-07-17 17:41:49,,available,normal,LIMA-LA VICTORIA,15/08/2026,10:00,20,,,,12.724,,,,,,,,,screenshots\2026-07\17-07-2026\observer-cupo-ed451f.png,screenshots\2026-07\17-07-2026\observer-cupo-ed451f.png,Se seleccionaron una fecha y una hora disponibles.
observer-***-174149-f6a414d2,2026-07-17 17:42:02,,available,normal,LIMA-LA VICTORIA,15/08/2026,10:00,20,,,,12.524,,,,,,,,,screenshots\2026-07\17-07-2026\observer-cupo-df8a06.png,screenshots\2026-07\17-07-2026\observer-cupo-df8a06.png,Se seleccionaron una fecha y una hora disponibles.
observer-***-174202-eb3bf075,2026-07-17 17:42:14,,available,normal,LIMA-LA VICTORIA,15/08/2026,10:00,20,,,,12.553,,,,,,,,,screenshots\2026-07\17-07-2026\observer-cupo-42e57d.png,screenshots\2026-07\17-07-2026\observer-cupo-42e57d.png,Se seleccionaron una fecha y una hora disponibles.
observer-***-174214-509017d1,2026-07-17 17:42:27,,available,normal,LIMA-LA VICTORIA,15/08/2026,10:00,20,,,,12.730,,,,,,,,,screenshots\2026-07\17-07-2026\observer-cupo-47269b.png,screenshots\2026-07\17-07-2026\observer-cupo-47269b.png,Se seleccionaron una fecha y una hora disponibles.
observer-***-174227-7bf49689,2026-07-17 17:42:40,,available,normal,LIMA-LA VICTORIA,15/08/2026,10:00,20,,,,12.587,,,,,,,,,screenshots\2026-07\17-07-2026\observer-cupo-ea94cf.png,screenshots\2026-07\17-07-2026\observer-cupo-ea94cf.png,Se seleccionaron una fecha y una hora disponibles.
observer-***-174240-603f74c0,2026-07-17 17:42:53,,available,normal,LIMA-LA VICTORIA,15/08/2026,10:00,20,,,,12.595,,,,,,,,,screenshots\2026-07\17-07-2026\observer-cupo-cfd955.png,screenshots\2026-07\17-07-2026\observer-cupo-cfd955.png,Se seleccionaron una fecha y una hora disponibles.
observer-***-174253-8d35c38e,2026-07-17 17:43:05,,available,normal,LIMA-LA VICTORIA,15/08/2026,10:00,20,,,,12.620,,,,,,,,,screenshots\2026-07\17-07-2026\observer-cupo-8055dc.png,screenshots\2026-07\17-07-2026\observer-cupo-8055dc.png,Se seleccionaron una fecha y una hora disponibles.
observer-***-174305-e8b3ecf0,2026-07-17 17:43:18,,available,normal,LIMA-LA VICTORIA,15/08/2026,10:00,20,,,,12.531,,,,,,,,,screenshots\2026-07\17-07-2026\observer-cupo-21cfcf.png,screenshots\2026-07\17-07-2026\observer-cupo-21cfcf.png,Se seleccionaron una fecha y una hora disponibles.
observer-***-174318-3117874c,2026-07-17 17:43:31,,available,normal,LIMA-LA VICTORIA,15/08/2026,10:00,20,,,,12.648,,,,,,,,,screenshots\2026-07\17-07-2026\observer-cupo-3d46b5.png,screenshots\2026-07\17-07-2026\observer-cupo-3d46b5.png,Se seleccionaron una fecha y una hora disponibles.
observer-***-174331-1e7d4c40,2026-07-17 17:43:43,,available,normal,LIMA-LA VICTORIA,15/08/2026,10:00,20,,,,12.665,,,,,,,,,screenshots\2026-07\17-07-2026\observer-cupo-63b188.png,screenshots\2026-07\17-07-2026\observer-cupo-63b188.png,Se seleccionaron una fecha y una hora disponibles.
observer-***-174343-b48411f3,2026-07-17 17:43:56,,available,normal,LIMA-LA VICTORIA,15/08/2026,10:00,20,,,,12.591,,,,,,,,,screenshots\2026-07\17-07-2026\observer-cupo-1c0d7c.png,screenshots\2026-07\17-07-2026\observer-cupo-1c0d7c.png,Se seleccionaron una fecha y una hora disponibles.
observer-***-174356-ccb58051,2026-07-17 17:44:09,,available,normal,LIMA-LA VICTORIA,15/08/2026,10:00,20,,,,12.543,,,,,,,,,screenshots\2026-07\17-07-2026\observer-cupo-174a07.png,screenshots\2026-07\17-07-2026\observer-cupo-174a07.png,Se seleccionaron una fecha y una hora disponibles.
observer-***-174409-27bb1bed,2026-07-17 17:44:50,,available,normal,LIMA-LA VICTORIA,15/08/2026,10:00,20,,,,41.359,,,,,,,,,,,Se seleccionaron una fecha y una hora disponibles.
observer-***-174450-7ddb4ff4,2026-07-17 17:45:03,,available,normal,LIMA-LA VICTORIA,15/08/2026,10:00,20,,,,12.691,,,,,,,,,screenshots\2026-07\17-07-2026\observer-cupo-91d4cd.png,screenshots\2026-07\17-07-2026\observer-cupo-91d4cd.png,Se seleccionaron una fecha y una hora disponibles.
observer-***-174503-52b1916c,2026-07-17 17:45:16,,available,normal,LIMA-LA VICTORIA,15/08/2026,10:00,20,,,,12.557,,,,,,,,,screenshots\2026-07\17-07-2026\observer-cupo-7222ab.png,screenshots\2026-07\17-07-2026\observer-cupo-7222ab.png,Se seleccionaron una fecha y una hora disponibles.
observer-***-174516-40784c9d,2026-07-17 17:45:28,,available,normal,LIMA-LA VICTORIA,15/08/2026,10:00,20,,,,12.519,,,,,,,,,screenshots\2026-07\17-07-2026\observer-cupo-984c05.png,screenshots\2026-07\17-07-2026\observer-cupo-984c05.png,Se seleccionaron una fecha y una hora disponibles.
observer-***-174528-d1fcda01,2026-07-17 17:45:41,,available,normal,LIMA-LA VICTORIA,15/08/2026,10:00,20,,,,12.646,,,,,,,,,screenshots\2026-07\17-07-2026\observer-cupo-ffa779.png,screenshots\2026-07\17-07-2026\observer-cupo-ffa779.png,Se seleccionaron una fecha y una hora disponibles.
observer-***-174541-2a521491,2026-07-17 17:45:54,,available,normal,LIMA-LA VICTORIA,15/08/2026,10:00,20,,,,12.473,,,,,,,,,screenshots\2026-07\17-07-2026\observer-cupo-0324c3.png,screenshots\2026-07\17-07-2026\observer-cupo-0324c3.png,Se seleccionaron una fecha y una hora disponibles.
observer-***-174554-2f79d9ee,2026-07-17 17:46:07,,available,normal,LIMA-LA VICTORIA,15/08/2026,10:00,20,,,,13.141,,,,,,,,,screenshots\2026-07\17-07-2026\observer-cupo-a759b4.png,screenshots\2026-07\17-07-2026\observer-cupo-a759b4.png,Se seleccionaron una fecha y una hora disponibles.
observer-***-174607-fb8e93b6,2026-07-17 17:46:20,,available,normal,LIMA-LA VICTORIA,15/08/2026,10:00,20,,,,12.645,,,,,,,,,screenshots\2026-07\17-07-2026\observer-cupo-8a6ae3.png,screenshots\2026-07\17-07-2026\observer-cupo-8a6ae3.png,Se seleccionaron una fecha y una hora disponibles.
observer-***-174622-78b89f90,2026-07-17 17:46:34,,available,normal,LIMA-LA VICTORIA,15/08/2026,10:00,20,,,,12.555,,,,,,,,,screenshots\2026-07\17-07-2026\observer-cupo-4ab6b6.png,screenshots\2026-07\17-07-2026\observer-cupo-4ab6b6.png,Se seleccionaron una fecha y una hora disponibles.
observer-***-174634-95c31c39,2026-07-17 17:46:47,,available,normal,LIMA-LA VICTORIA,15/08/2026,10:00,20,,,,12.583,,,,,,,,,screenshots\2026-07\17-07-2026\observer-cupo-88c0f1.png,screenshots\2026-07\17-07-2026\observer-cupo-88c0f1.png,Se seleccionaron una fecha y una hora disponibles.
observer-***-174647-26b68016,2026-07-17 17:47:00,,available,normal,LIMA-LA VICTORIA,15/08/2026,10:00,20,,,,12.844,,,,,,,,,screenshots\2026-07\17-07-2026\observer-cupo-5fc84a.png,screenshots\2026-07\17-07-2026\observer-cupo-5fc84a.png,Se seleccionaron una fecha y una hora disponibles.
observer-***-174700-07ecc9da,2026-07-17 17:47:12,,available,normal,LIMA-LA VICTORIA,15/08/2026,10:00,20,,,,12.609,,,,,,,,,screenshots\2026-07\17-07-2026\observer-cupo-967202.png,screenshots\2026-07\17-07-2026\observer-cupo-967202.png,Se seleccionaron una fecha y una hora disponibles.
observer-***-174713-***,2026-07-17 17:47:25,,available,normal,LIMA-LA VICTORIA,15/08/2026,10:00,20,,,,12.710,,,,,,,,,screenshots\2026-07\17-07-2026\observer-cupo-f5f8f2.png,screenshots\2026-07\17-07-2026\observer-cupo-f5f8f2.png,Se seleccionaron una fecha y una hora disponibles.
observer-***-174725-e7d209ad,2026-07-17 17:47:38,,available,normal,LIMA-LA VICTORIA,15/08/2026,10:00,20,,,,12.666,,,,,,,,,screenshots\2026-07\17-07-2026\observer-cupo-d71de0.png,screenshots\2026-07\17-07-2026\observer-cupo-d71de0.png,Se seleccionaron una fecha y una hora disponibles.
observer-***-174738-8a0af68c,2026-07-17 17:47:51,,available,normal,LIMA-LA VICTORIA,15/08/2026,10:00,20,,,,12.495,,,,,,,,,screenshots\2026-07\17-07-2026\observer-cupo-d7a4a0.png,screenshots\2026-07\17-07-2026\observer-cupo-d7a4a0.png,Se seleccionaron una fecha y una hora disponibles.
observer-***-174751-b6356051,2026-07-17 17:48:03,,available,normal,LIMA-LA VICTORIA,15/08/2026,10:00,20,,,,12.464,,,,,,,,,screenshots\2026-07\17-07-2026\observer-cupo-3d55d4.png,screenshots\2026-07\17-07-2026\observer-cupo-3d55d4.png,Se seleccionaron una fecha y una hora disponibles.
observer-***-174803-c71cc3b9,2026-07-17 17:48:16,,available,normal,LIMA-LA VICTORIA,15/08/2026,10:00,20,,,,12.643,,,,,,,,,screenshots\2026-07\17-07-2026\observer-cupo-3aa2d1.png,screenshots\2026-07\17-07-2026\observer-cupo-3aa2d1.png,Se seleccionaron una fecha y una hora disponibles.
observer-***-174816-edb94297,2026-07-17 17:48:29,,available,normal,LIMA-LA VICTORIA,15/08/2026,10:00,20,,,,12.550,,,,,,,,,screenshots\2026-07\17-07-2026\observer-cupo-c712b5.png,screenshots\2026-07\17-07-2026\observer-cupo-c712b5.png,Se seleccionaron una fecha y una hora disponibles.
observer-***-174829-4a5fe5ae,2026-07-17 17:48:41,,available,normal,LIMA-LA VICTORIA,15/08/2026,10:00,20,,,,12.810,,,,,,,,,screenshots\2026-07\17-07-2026\observer-cupo-a2ceb9.png,screenshots\2026-07\17-07-2026\observer-cupo-a2ceb9.png,Se seleccionaron una fecha y una hora disponibles.
observer-***-174842-2beee346,2026-07-17 17:48:54,,available,normal,LIMA-LA VICTORIA,15/08/2026,10:00,20,,,,12.745,,,,,,,,,screenshots\2026-07\17-07-2026\observer-cupo-a62700.png,screenshots\2026-07\17-07-2026\observer-cupo-a62700.png,Se seleccionaron una fecha y una hora disponibles.
observer-***-174854-d04a182d,2026-07-17 17:49:07,,available,normal,LIMA-LA VICTORIA,15/08/2026,10:00,20,,,,12.640,,,,,,,,,screenshots\2026-07\17-07-2026\observer-cupo-7d12cf.png,screenshots\2026-07\17-07-2026\observer-cupo-7d12cf.png,Se seleccionaron una fecha y una hora disponibles.
observer-***-174907-5a2ee5ad,2026-07-17 17:49:20,,available,normal,LIMA-LA VICTORIA,15/08/2026,10:00,20,,,,12.530,,,,,,,,,screenshots\2026-07\17-07-2026\observer-cupo-be986d.png,screenshots\2026-07\17-07-2026\observer-cupo-be986d.png,Se seleccionaron una fecha y una hora disponibles.
observer-***-174920-320add9b,2026-07-17 17:49:33,,available,normal,LIMA-LA VICTORIA,15/08/2026,10:00,20,,,,12.734,,,,,,,,,screenshots\2026-07\17-07-2026\observer-cupo-faf796.png,screenshots\2026-07\17-07-2026\observer-cupo-faf796.png,Se seleccionaron una fecha y una hora disponibles.
observer-***-174933-dc8aebb0,2026-07-17 17:49:45,,available,normal,LIMA-LA VICTORIA,15/08/2026,10:00,20,,,,12.565,,,,,,,,,screenshots\2026-07\17-07-2026\observer-cupo-9d4ad5.png,screenshots\2026-07\17-07-2026\observer-cupo-9d4ad5.png,Se seleccionaron una fecha y una hora disponibles.
observer-***-174945-dbb94d74,2026-07-17 17:49:58,,available,normal,LIMA-LA VICTORIA,15/08/2026,10:00,20,,,,12.634,,,,,,,,,screenshots\2026-07\17-07-2026\observer-cupo-80ee0a.png,screenshots\2026-07\17-07-2026\observer-cupo-80ee0a.png,Se seleccionaron una fecha y una hora disponibles.
observer-***-174958-59d4ba15,2026-07-17 17:50:11,,available,normal,LIMA-LA VICTORIA,15/08/2026,10:00,20,,,,12.654,,,,,,,,,screenshots\2026-07\17-07-2026\observer-cupo-98c231.png,screenshots\2026-07\17-07-2026\observer-cupo-98c231.png,Se seleccionaron una fecha y una hora disponibles.
observer-***-175011-bef2f669,2026-07-17 17:50:23,,available,normal,LIMA-LA VICTORIA,15/08/2026,10:00,20,,,,12.695,,,,,,,,,screenshots\2026-07\17-07-2026\observer-cupo-3c8402.png,screenshots\2026-07\17-07-2026\observer-cupo-3c8402.png,Se seleccionaron una fecha y una hora disponibles.
observer-***-175024-ab66e9bd,2026-07-17 17:50:36,,available,normal,LIMA-LA VICTORIA,15/08/2026,10:00,20,,,,12.634,,,,,,,,,screenshots\2026-07\17-07-2026\observer-cupo-35364a.png,screenshots\2026-07\17-07-2026\observer-cupo-35364a.png,Se seleccionaron una fecha y una hora disponibles.
observer-***-175036-0baab866,2026-07-17 17:51:18,,available,normal,LIMA-LA VICTORIA,15/08/2026,10:00,20,,,,41.357,,,,,,,,,,,Se seleccionaron una fecha y una hora disponibles.
observer-***-175118-0bca79cc,2026-07-17 17:51:30,,available,normal,LIMA-LA VICTORIA,15/08/2026,10:00,20,,,,12.722,,,,,,,,,screenshots\2026-07\17-07-2026\observer-cupo-f74c27.png,screenshots\2026-07\17-07-2026\observer-cupo-f74c27.png,Se seleccionaron una fecha y una hora disponibles.
observer-***-175131-517b46a1,2026-07-17 17:51:43,,available,normal,LIMA-LA VICTORIA,15/08/2026,10:00,20,,,,12.576,,,,,,,,,screenshots\2026-07\17-07-2026\observer-cupo-2f80ca.png,screenshots\2026-07\17-07-2026\observer-cupo-2f80ca.png,Se seleccionaron una fecha y una hora disponibles.
observer-***-175143-c6ab7fd0,2026-07-17 17:51:56,,available,normal,LIMA-LA VICTORIA,15/08/2026,10:00,20,,,,12.573,,,,,,,,,screenshots\2026-07\17-07-2026\observer-cupo-324f3b.png,screenshots\2026-07\17-07-2026\observer-cupo-324f3b.png,Se seleccionaron una fecha y una hora disponibles.
observer-***-175156-a3fb1fa5,2026-07-17 17:52:09,,available,normal,LIMA-LA VICTORIA,15/08/2026,10:00,20,,,,12.833,,,,,,,,,screenshots\2026-07\17-07-2026\observer-cupo-5fdb81.png,screenshots\2026-07\17-07-2026\observer-cupo-5fdb81.png,Se seleccionaron una fecha y una hora disponibles.
observer-***-175209-9c0975ef,2026-07-17 17:52:21,,available,normal,LIMA-LA VICTORIA,15/08/2026,10:00,20,,,,12.639,,,,,,,,,screenshots\2026-07\17-07-2026\observer-cupo-d1ab42.png,screenshots\2026-07\17-07-2026\observer-cupo-d1ab42.png,Se seleccionaron una fecha y una hora disponibles.
observer-***-175222-fc832a6b,2026-07-17 17:52:34,,available,normal,LIMA-LA VICTORIA,15/08/2026,10:00,20,,,,12.568,,,,,,,,,screenshots\2026-07\17-07-2026\observer-cupo-96e0a8.png,screenshots\2026-07\17-07-2026\observer-cupo-96e0a8.png,Se seleccionaron una fecha y una hora disponibles.
observer-***-175234-786f9bf0,2026-07-17 17:52:47,,available,normal,LIMA-LA VICTORIA,15/08/2026,10:00,20,,,,12.818,,,,,,,,,screenshots\2026-07\17-07-2026\observer-cupo-1f6e52.png,screenshots\2026-07\17-07-2026\observer-cupo-1f6e52.png,Se seleccionaron una fecha y una hora disponibles.
observer-***-175247-ae52b613,2026-07-17 17:53:00,,available,normal,LIMA-LA VICTORIA,15/08/2026,10:00,20,,,,12.854,,,,,,,,,screenshots\2026-07\17-07-2026\observer-cupo-78d674.png,screenshots\2026-07\17-07-2026\observer-cupo-78d674.png,Se seleccionaron una fecha y una hora disponibles.
observer-***-175300-***,2026-07-17 17:53:13,,available,normal,LIMA-LA VICTORIA,15/08/2026,10:00,20,,,,12.649,,,,,,,,,screenshots\2026-07\17-07-2026\observer-cupo-7d6373.png,screenshots\2026-07\17-07-2026\observer-cupo-7d6373.png,Se seleccionaron una fecha y una hora disponibles.
observer-***-175313-eb523aff,2026-07-17 17:53:26,,available,normal,LIMA-LA VICTORIA,15/08/2026,10:00,20,,,,12.754,,,,,,,,,screenshots\2026-07\17-07-2026\observer-cupo-a200e5.png,screenshots\2026-07\17-07-2026\observer-cupo-a200e5.png,Se seleccionaron una fecha y una hora disponibles.
observer-***-175326-6397f761,2026-07-17 17:53:38,,available,normal,LIMA-LA VICTORIA,15/08/2026,10:00,20,,,,12.623,,,,,,,,,screenshots\2026-07\17-07-2026\observer-cupo-c2fdd3.png,screenshots\2026-07\17-07-2026\observer-cupo-c2fdd3.png,Se seleccionaron una fecha y una hora disponibles.
observer-***-175338-39b2a28c,2026-07-17 17:53:51,,available,normal,LIMA-LA VICTORIA,15/08/2026,10:00,20,,,,12.589,,,,,,,,,screenshots\2026-07\17-07-2026\observer-cupo-6ecf45.png,screenshots\2026-07\17-07-2026\observer-cupo-6ecf45.png,Se seleccionaron una fecha y una hora disponibles.
observer-***-175351-***,2026-07-17 17:54:04,,available,normal,LIMA-LA VICTORIA,15/08/2026,10:00,20,,,,12.696,,,,,,,,,screenshots\2026-07\17-07-2026\observer-cupo-3d5fd0.png,screenshots\2026-07\17-07-2026\observer-cupo-3d5fd0.png,Se seleccionaron una fecha y una hora disponibles.
observer-***-175404-e13b8ce1,2026-07-17 17:54:17,,available,normal,LIMA-LA VICTORIA,15/08/2026,10:00,20,,,,13.525,,,,,,,,,screenshots\2026-07\17-07-2026\observer-cupo-f535d4.png,screenshots\2026-07\17-07-2026\observer-cupo-f535d4.png,Se seleccionaron una fecha y una hora disponibles.
observer-***-175417-95ade0e1,2026-07-17 17:54:30,,available,normal,LIMA-LA VICTORIA,15/08/2026,10:00,20,,,,12.964,,,,,,,,,screenshots\2026-07\17-07-2026\observer-cupo-6634b2.png,screenshots\2026-07\17-07-2026\observer-cupo-6634b2.png,Se seleccionaron una fecha y una hora disponibles.
observer-***-175431-33f626ed,2026-07-17 17:54:43,,available,normal,LIMA-LA VICTORIA,15/08/2026,10:00,20,,,,12.803,,,,,,,,,screenshots\2026-07\17-07-2026\observer-cupo-9ddfa4.png,screenshots\2026-07\17-07-2026\observer-cupo-9ddfa4.png,Se seleccionaron una fecha y una hora disponibles.
observer-***-175443-ae6365a8,2026-07-17 17:54:56,,available,normal,LIMA-LA VICTORIA,15/08/2026,10:00,20,,,,12.633,,,,,,,,,screenshots\2026-07\17-07-2026\observer-cupo-314512.png,screenshots\2026-07\17-07-2026\observer-cupo-314512.png,Se seleccionaron una fecha y una hora disponibles.
observer-***-175456-2653bacd,2026-07-17 17:55:09,,available,normal,LIMA-LA VICTORIA,15/08/2026,10:00,20,,,,13.194,,,,,,,,,screenshots\2026-07\17-07-2026\observer-cupo-f06e78.png,screenshots\2026-07\17-07-2026\observer-cupo-f06e78.png,Se seleccionaron una fecha y una hora disponibles.
observer-***-175509-d57a0607,2026-07-17 17:55:22,,available,normal,LIMA-LA VICTORIA,15/08/2026,10:00,20,,,,12.939,,,,,,,,,screenshots\2026-07\17-07-2026\observer-cupo-1b66b6.png,screenshots\2026-07\17-07-2026\observer-cupo-1b66b6.png,Se seleccionaron una fecha y una hora disponibles.
observer-***-175523-accaa0a0,2026-07-17 17:55:35,,available,normal,LIMA-LA VICTORIA,15/08/2026,10:00,20,,,,12.832,,,,,,,,,screenshots\2026-07\17-07-2026\observer-cupo-91fddf.png,screenshots\2026-07\17-07-2026\observer-cupo-91fddf.png,Se seleccionaron una fecha y una hora disponibles.
observer-***-175535-bb7da051,2026-07-17 17:55:48,,available,normal,LIMA-LA VICTORIA,15/08/2026,10:00,20,,,,12.677,,,,,,,,,screenshots\2026-07\17-07-2026\observer-cupo-705778.png,screenshots\2026-07\17-07-2026\observer-cupo-705778.png,Se seleccionaron una fecha y una hora disponibles.
observer-***-175548-3306bb5d,2026-07-17 17:56:01,,available,normal,LIMA-LA VICTORIA,15/08/2026,10:00,20,,,,12.810,,,,,,,,,screenshots\2026-07\17-07-2026\observer-cupo-ee8e06.png,screenshots\2026-07\17-07-2026\observer-cupo-ee8e06.png,Se seleccionaron una fecha y una hora disponibles.
observer-***-175601-ac19f891,2026-07-17 17:56:14,,available,normal,LIMA-LA VICTORIA,15/08/2026,10:00,20,,,,12.751,,,,,,,,,screenshots\2026-07\17-07-2026\observer-cupo-4611f3.png,screenshots\2026-07\17-07-2026\observer-cupo-4611f3.png,Se seleccionaron una fecha y una hora disponibles.
observer-***-175614-9982da6b,2026-07-17 17:56:27,,available,normal,LIMA-LA VICTORIA,15/08/2026,10:00,20,,,,12.858,,,,,,,,,screenshots\2026-07\17-07-2026\observer-cupo-fb84b3.png,screenshots\2026-07\17-07-2026\observer-cupo-fb84b3.png,Se seleccionaron una fecha y una hora disponibles.
observer-***-175627-a0fa3f7c,2026-07-17 17:56:40,,available,normal,LIMA-LA VICTORIA,15/08/2026,10:00,20,,,,12.666,,,,,,,,,screenshots\2026-07\17-07-2026\observer-cupo-1c745e.png,screenshots\2026-07\17-07-2026\observer-cupo-1c745e.png,Se seleccionaron una fecha y una hora disponibles.
observer-***-175640-8ab6c5f6,2026-07-17 17:56:52,,available,normal,LIMA-LA VICTORIA,15/08/2026,10:00,20,,,,12.700,,,,,,,,,screenshots\2026-07\17-07-2026\observer-cupo-505ff9.png,screenshots\2026-07\17-07-2026\observer-cupo-505ff9.png,Se seleccionaron una fecha y una hora disponibles.
observer-***-175653-ed2b9b63,2026-07-17 17:57:05,,available,normal,LIMA-LA VICTORIA,15/08/2026,10:00,20,,,,12.830,,,,,,,,,screenshots\2026-07\17-07-2026\observer-cupo-953a91.png,screenshots\2026-07\17-07-2026\observer-cupo-953a91.png,Se seleccionaron una fecha y una hora disponibles.
observer-***-175705-fa222f68,2026-07-17 17:57:47,,available,normal,LIMA-LA VICTORIA,15/08/2026,10:00,20,,,,41.491,,,,,,,,,,,Se seleccionaron una fecha y una hora disponibles.
observer-***-175747-d170aa33,2026-07-17 17:58:00,,available,normal,LIMA-LA VICTORIA,15/08/2026,10:00,20,,,,13.084,,,,,,,,,screenshots\2026-07\17-07-2026\observer-cupo-ae5f40.png,screenshots\2026-07\17-07-2026\observer-cupo-ae5f40.png,Se seleccionaron una fecha y una hora disponibles.
observer-***-175800-863b26b2,2026-07-17 17:58:13,,available,normal,LIMA-LA VICTORIA,15/08/2026,10:00,20,,,,12.710,,,,,,,,,screenshots\2026-07\17-07-2026\observer-cupo-219814.png,screenshots\2026-07\17-07-2026\observer-cupo-219814.png,Se seleccionaron una fecha y una hora disponibles.
observer-***-175813-ecc031aa,2026-07-17 17:58:26,,available,normal,LIMA-LA VICTORIA,15/08/2026,10:00,20,,,,12.542,,,,,,,,,screenshots\2026-07\17-07-2026\observer-cupo-0dd1f2.png,screenshots\2026-07\17-07-2026\observer-cupo-0dd1f2.png,Se seleccionaron una fecha y una hora disponibles.
observer-***-175826-***,2026-07-17 17:58:38,,available,normal,LIMA-LA VICTORIA,15/08/2026,10:00,20,,,,12.670,,,,,,,,,screenshots\2026-07\17-07-2026\observer-cupo-9fbb83.png,screenshots\2026-07\17-07-2026\observer-cupo-9fbb83.png,Se seleccionaron una fecha y una hora disponibles.
observer-***-175838-07c5382a,2026-07-17 17:58:51,,available,normal,LIMA-LA VICTORIA,15/08/2026,10:00,20,,,,12.608,,,,,,,,,screenshots\2026-07\17-07-2026\observer-cupo-be3a03.png,screenshots\2026-07\17-07-2026\observer-cupo-be3a03.png,Se seleccionaron una fecha y una hora disponibles.
observer-***-175851-e07a8de6,2026-07-17 17:59:04,,available,normal,LIMA-LA VICTORIA,15/08/2026,10:00,20,,,,12.606,,,,,,,,,screenshots\2026-07\17-07-2026\observer-cupo-ec481a.png,screenshots\2026-07\17-07-2026\observer-cupo-ec481a.png,Se seleccionaron una fecha y una hora disponibles.
observer-***-175904-daa04b06,2026-07-17 17:59:17,,available,normal,LIMA-LA VICTORIA,15/08/2026,10:00,20,,,,12.792,,,,,,,,,screenshots\2026-07\17-07-2026\observer-cupo-687f81.png,screenshots\2026-07\17-07-2026\observer-cupo-687f81.png,Se seleccionaron una fecha y una hora disponibles.
observer-***-175917-98b27994,2026-07-17 17:59:29,,available,normal,LIMA-LA VICTORIA,15/08/2026,10:00,20,,,,12.595,,,,,,,,,screenshots\2026-07\17-07-2026\observer-cupo-82d3f0.png,screenshots\2026-07\17-07-2026\observer-cupo-82d3f0.png,Se seleccionaron una fecha y una hora disponibles.
observer-***-175929-e8a2f2b0,2026-07-17 17:59:42,,available,normal,LIMA-LA VICTORIA,15/08/2026,10:00,20,,,,12.635,,,,,,,,,screenshots\2026-07\17-07-2026\observer-cupo-dfb716.png,screenshots\2026-07\17-07-2026\observer-cupo-dfb716.png,Se seleccionaron una fecha y una hora disponibles.
observer-***-175942-b6423471,2026-07-17 17:59:55,,available,normal,LIMA-LA VICTORIA,15/08/2026,10:00,20,,,,12.717,,,,,,,,,screenshots\2026-07\17-07-2026\observer-cupo-36b047.png,screenshots\2026-07\17-07-2026\observer-cupo-36b047.png,Se seleccionaron una fecha y una hora disponibles.
observer-***-175955-80c2e419,2026-07-17 18:00:08,,available,normal,LIMA-LA VICTORIA,15/08/2026,10:00,20,,,,12.553,,,,,,,,,screenshots\2026-07\17-07-2026\observer-cupo-02a52e.png,screenshots\2026-07\17-07-2026\observer-cupo-02a52e.png,Se seleccionaron una fecha y una hora disponibles.
observer-***-080007-28e26db7,2026-07-18 08:00:14,,error,normal,,,,,,,network,6.732,,,,,,,,,,,"Page.goto: net::ERR_NETWORK_CHANGED at https://sistemas.policia.gob.pe/lunasoscurecidas/solicitud_menu.aspx
Call log:
  - navigating to ""https://sistemas.policia.gob.pe/lunasoscurecidas/solicitud_menu.aspx"", waiting until ""domcontentloaded"""
observer-***-081158-00f6544a,2026-07-18 08:12:34,,available,normal,LIMA-LA VICTORIA,24/07/2026,09:00,20,,,,36.010,,,,,,,,,screenshots\2026-07\18-07-2026\observer-cupo-d9ceac.png,screenshots\2026-07\18-07-2026\observer-cupo-d9ceac.png,Se seleccionaron una fecha y una hora disponibles.
observer-***-084715-140c2258,2026-07-18 08:48:14,,available,normal,LIMA-LA VICTORIA,31/07/2026,10:00,25,,,,59.608,,,,,,,,,screenshots\2026-07\18-07-2026\observer-cupo-25e3f0.png,screenshots\2026-07\18-07-2026\observer-cupo-25e3f0.png,Se seleccionaron una fecha y una hora disponibles.
observer-***-084830-9390896e,2026-07-18 08:49:07,,available,normal,LIMA-LA VICTORIA,12/08/2026,08:00,20,,,,37.082,,,,,,,,,screenshots\2026-07\18-07-2026\observer-cupo-b52c18.png,screenshots\2026-07\18-07-2026\observer-cupo-b52c18.png,Se seleccionaron una fecha y una hora disponibles.
observer-***-084907-f2e40628,2026-07-18 08:49:26,,available,normal,LIMA-LA VICTORIA,12/08/2026,09:00,25,,,,18.797,,,,,,,,,screenshots\2026-07\18-07-2026\observer-cupo-80368a.png,screenshots\2026-07\18-07-2026\observer-cupo-80368a.png,Se seleccionaron una fecha y una hora disponibles.
observer-***-084928-e0fce744,2026-07-18 08:49:40,,available,normal,LIMA-LA VICTORIA,12/08/2026,09:00,25,,,,12.440,,,,,,,,,screenshots\2026-07\18-07-2026\observer-cupo-322122.png,screenshots\2026-07\18-07-2026\observer-cupo-322122.png,Se seleccionaron una fecha y una hora disponibles.
observer-***-092352-6bbf502e,2026-07-18 09:25:20,,available,normal,LIMA-LA VICTORIA,13/08/2026,08:00,20,,,,87.774,,,,,,,,,,,Se seleccionaron una fecha y una hora disponibles.
observer-***-095337-b0676303,2026-07-18 09:54:15,,available,normal,LIMA-LA VICTORIA,13/08/2026,08:00,30,,,,37.751,,,,,,,,,screenshots\2026-07\18-07-2026\observer-cupo-1c3786.png,screenshots\2026-07\18-07-2026\observer-cupo-1c3786.png,Se seleccionaron una fecha y una hora disponibles.
observer-***-095415-2d05069d,2026-07-18 09:54:27,,available,normal,LIMA-LA VICTORIA,13/08/2026,08:00,30,,,,12.215,,,,,,,,,screenshots\2026-07\18-07-2026\observer-cupo-3d3b5b.png,screenshots\2026-07\18-07-2026\observer-cupo-3d3b5b.png,Se seleccionaron una fecha y una hora disponibles.
observer-***-101110-45eea14d,2026-07-18 10:12:10,,available,normal,LIMA-LA VICTORIA,07/08/2026,12:00,18,,,,59.485,,,,,,,,,screenshots\2026-07\18-07-2026\observer-cupo-fc8c2e.png,screenshots\2026-07\18-07-2026\observer-cupo-fc8c2e.png,Se seleccionaron una fecha y una hora disponibles.
observer-***-112339-736883df,2026-07-18 11:23:58,,available,normal,LIMA-LA VICTORIA,03/08/2026,10:00,14,,,,19.429,,,,,,,,,screenshots\2026-07\18-07-2026\observer-cupo-2f2c0a.png,screenshots\2026-07\18-07-2026\observer-cupo-2f2c0a.png,Se seleccionaron una fecha y una hora disponibles.
observer-***-112505-79e9c2e7,2026-07-18 11:25:44,,available,normal,LIMA-LA VICTORIA,03/08/2026,11:00,15,,,,39.645,,,,,,,,,screenshots\2026-07\18-07-2026\observer-cupo-00d7b4.png,screenshots\2026-07\18-07-2026\observer-cupo-00d7b4.png,Se seleccionaron una fecha y una hora disponibles.
observer-***-114149-63b72037,2026-07-18 11:43:17,,available,normal,LIMA-LA VICTORIA,03/08/2026,09:00,18,,,,87.924,,,,,,,,,,,Se seleccionaron una fecha y una hora disponibles.
observer-***-114521-891ab1ae,2026-07-18 11:45:58,,available,normal,LIMA-LA VICTORIA,17/08/2026,10:00,5,,,,37.059,,,,,,,,,screenshots\2026-07\18-07-2026\observer-cupo-50516a.png,screenshots\2026-07\18-07-2026\observer-cupo-50516a.png,Se seleccionaron una fecha y una hora disponibles.
observer-***-114558-da07aff0,2026-07-18 11:46:10,,available,normal,LIMA-LA VICTORIA,17/08/2026,10:00,5,,,,11.878,,,,,,,,,screenshots\2026-07\18-07-2026\observer-cupo-bdb68b.png,screenshots\2026-07\18-07-2026\observer-cupo-bdb68b.png,Se seleccionaron una fecha y una hora disponibles.
observer-***-114612-49ba7d35,2026-07-18 11:46:24,,available,normal,LIMA-LA VICTORIA,17/08/2026,10:00,5,,,,12.253,,,,,,,,,screenshots\2026-07\18-07-2026\observer-cupo-d638ec.png,screenshots\2026-07\18-07-2026\observer-cupo-d638ec.png,Se seleccionaron una fecha y una hora disponibles.
observer-***-114624-3b246aee,2026-07-18 11:46:36,,available,normal,LIMA-LA VICTORIA,17/08/2026,10:00,5,,,,11.732,,,,,,,,,screenshots\2026-07\18-07-2026\observer-cupo-3382d4.png,screenshots\2026-07\18-07-2026\observer-cupo-3382d4.png,Se seleccionaron una fecha y una hora disponibles.
observer-***-114638-5150ff1d,2026-07-18 11:46:50,,available,normal,LIMA-LA VICTORIA,17/08/2026,10:00,5,,,,11.899,,,,,,,,,screenshots\2026-07\18-07-2026\observer-cupo-59f52a.png,screenshots\2026-07\18-07-2026\observer-cupo-59f52a.png,Se seleccionaron una fecha y una hora disponibles.
observer-***-114650-14bfd7ff,2026-07-18 11:47:02,,available,normal,LIMA-LA VICTORIA,17/08/2026,10:00,5,,,,11.768,,,,,,,,,screenshots\2026-07\18-07-2026\observer-cupo-4f25ca.png,screenshots\2026-07\18-07-2026\observer-cupo-4f25ca.png,Se seleccionaron una fecha y una hora disponibles.
observer-***-114702-8654978a,2026-07-18 11:47:42,,available,normal,LIMA-LA VICTORIA,17/08/2026,10:00,5,,,,40.504,,,,,,,,,,,Se seleccionaron una fecha y una hora disponibles.
observer-***-114743-6802cd5d,2026-07-18 11:47:54,,available,normal,LIMA-LA VICTORIA,17/08/2026,10:00,5,,,,11.902,,,,,,,,,screenshots\2026-07\18-07-2026\observer-cupo-87d771.png,screenshots\2026-07\18-07-2026\observer-cupo-87d771.png,Se seleccionaron una fecha y una hora disponibles.
observer-***-114755-3380df39,2026-07-18 11:48:07,,available,normal,LIMA-LA VICTORIA,17/08/2026,10:00,5,,,,12.506,,,,,,,,,screenshots\2026-07\18-07-2026\observer-cupo-88d19c.png,screenshots\2026-07\18-07-2026\observer-cupo-88d19c.png,Se seleccionaron una fecha y una hora disponibles.
observer-***-121304-cf92d719,2026-07-18 12:14:00,,available,normal,LIMA-LA VICTORIA,03/08/2026,10:00,20,,,,55.675,,,,,,,,,screenshots\2026-07\18-07-2026\observer-cupo-c639b2.png,screenshots\2026-07\18-07-2026\observer-cupo-c639b2.png,Se seleccionaron una fecha y una hora disponibles.
observer-***-121400-59c8fc15,2026-07-18 12:14:12,,available,normal,LIMA-LA VICTORIA,03/08/2026,10:00,20,,,,11.931,,,,,,,,,screenshots\2026-07\18-07-2026\observer-cupo-ebf120.png,screenshots\2026-07\18-07-2026\observer-cupo-ebf120.png,Se seleccionaron una fecha y una hora disponibles.
observer-***-121414-2986d562,2026-07-18 12:14:26,,available,normal,LIMA-LA VICTORIA,03/08/2026,10:00,20,,,,11.634,,,,,,,,,screenshots\2026-07\18-07-2026\observer-cupo-9866b7.png,screenshots\2026-07\18-07-2026\observer-cupo-9866b7.png,Se seleccionaron una fecha y una hora disponibles.
observer-***-121907-2458324f,2026-07-18 12:19:48,,available,normal,LIMA-LA VICTORIA,08/08/2026,08:00,20,,,,40.996,,,,,,,,,screenshots\2026-07\18-07-2026\observer-cupo-4573ee.png,screenshots\2026-07\18-07-2026\observer-cupo-4573ee.png,Se seleccionaron una fecha y una hora disponibles.
observer-***-121948-0cbfc6f7,2026-07-18 12:20:00,,available,normal,LIMA-LA VICTORIA,08/08/2026,09:00,20,,,,11.888,,,,,,,,,screenshots\2026-07\18-07-2026\observer-cupo-a74fe8.png,screenshots\2026-07\18-07-2026\observer-cupo-a74fe8.png,Se seleccionaron una fecha y una hora disponibles.
observer-***-122003-645d9584,2026-07-18 12:20:15,,available,normal,LIMA-LA VICTORIA,08/08/2026,09:00,20,,,,12.287,,,,,,,,,screenshots\2026-07\18-07-2026\observer-cupo-880d33.png,screenshots\2026-07\18-07-2026\observer-cupo-880d33.png,Se seleccionaron una fecha y una hora disponibles.
observer-***-122015-ecabff20,2026-07-18 12:20:27,,available,normal,LIMA-LA VICTORIA,08/08/2026,09:00,20,,,,11.675,,,,,,,,,screenshots\2026-07\18-07-2026\observer-cupo-ed75b2.png,screenshots\2026-07\18-07-2026\observer-cupo-ed75b2.png,Se seleccionaron una fecha y una hora disponibles.
observer-***-122027-163121c2,2026-07-18 12:20:40,,available,normal,LIMA-LA VICTORIA,10/08/2026,10:00,30,,,,12.893,,,,,,,,,screenshots\2026-07\18-07-2026\observer-cupo-41a6b8.png,screenshots\2026-07\18-07-2026\observer-cupo-41a6b8.png,Se seleccionaron una fecha y una hora disponibles.
observer-***-122040-39538ccd,2026-07-18 12:21:20,,available,normal,LIMA-LA VICTORIA,10/08/2026,11:00,30,,,,40.627,,,,,,,,,,,Se seleccionaron una fecha y una hora disponibles.
observer-***-122121-6c38e65f,2026-07-18 12:21:34,,available,normal,LIMA-LA VICTORIA,11/08/2026,11:00,30,,,,12.794,,,,,,,,,screenshots\2026-07\18-07-2026\observer-cupo-5fc5af.png,screenshots\2026-07\18-07-2026\observer-cupo-5fc5af.png,Se seleccionaron una fecha y una hora disponibles.
observer-***-122134-7ef5f3d9,2026-07-18 12:21:46,,available,normal,LIMA-LA VICTORIA,11/08/2026,12:00,20,,,,11.933,,,,,,,,,screenshots\2026-07\18-07-2026\observer-cupo-f78882.png,screenshots\2026-07\18-07-2026\observer-cupo-f78882.png,Se seleccionaron una fecha y una hora disponibles.
observer-***-122148-4c8f4359,2026-07-18 12:22:01,,available,normal,LIMA-LA VICTORIA,11/08/2026,12:00,20,,,,12.649,,,,,,,,,screenshots\2026-07\18-07-2026\observer-cupo-159294.png,screenshots\2026-07\18-07-2026\observer-cupo-159294.png,Se seleccionaron una fecha y una hora disponibles.
observer-***-122201-dcd406fd,2026-07-18 12:22:13,,available,normal,LIMA-LA VICTORIA,11/08/2026,12:00,20,,,,12.026,,,,,,,,,screenshots\2026-07\18-07-2026\observer-cupo-f5a855.png,screenshots\2026-07\18-07-2026\observer-cupo-f5a855.png,Se seleccionaron una fecha y una hora disponibles.
observer-***-122213-e5d3b96f,2026-07-18 12:22:26,,available,normal,LIMA-LA VICTORIA,14/08/2026,08:00,20,,,,12.898,,,,,,,,,screenshots\2026-07\18-07-2026\observer-cupo-94ba42.png,screenshots\2026-07\18-07-2026\observer-cupo-94ba42.png,Se seleccionaron una fecha y una hora disponibles.
observer-***-122226-587c157d,2026-07-18 12:22:38,,available,normal,LIMA-LA VICTORIA,14/08/2026,08:00,20,,,,11.944,,,,,,,,,screenshots\2026-07\18-07-2026\observer-cupo-5304bb.png,screenshots\2026-07\18-07-2026\observer-cupo-5304bb.png,Se seleccionaron una fecha y una hora disponibles.
observer-***-122241-a26862c8,2026-07-18 12:22:53,,available,normal,LIMA-LA VICTORIA,14/08/2026,08:00,20,,,,12.840,,,,,,,,,screenshots\2026-07\18-07-2026\observer-cupo-8bc71b.png,screenshots\2026-07\18-07-2026\observer-cupo-8bc71b.png,Se seleccionaron una fecha y una hora disponibles.
observer-***-122253-82b40897,2026-07-18 12:23:05,,available,normal,LIMA-LA VICTORIA,14/08/2026,08:00,20,,,,11.604,,,,,,,,,screenshots\2026-07\18-07-2026\observer-cupo-96ea55.png,screenshots\2026-07\18-07-2026\observer-cupo-96ea55.png,Se seleccionaron una fecha y una hora disponibles.
observer-***-122307-7a296750,2026-07-18 12:23:20,,available,normal,LIMA-LA VICTORIA,14/08/2026,08:00,20,,,,12.550,,,,,,,,,screenshots\2026-07\18-07-2026\observer-cupo-26ed38.png,screenshots\2026-07\18-07-2026\observer-cupo-26ed38.png,Se seleccionaron una fecha y una hora disponibles.
observer-***-122320-9f0d492e,2026-07-18 12:23:32,,available,normal,LIMA-LA VICTORIA,14/08/2026,08:00,20,,,,12.339,,,,,,,,,screenshots\2026-07\18-07-2026\observer-cupo-752a74.png,screenshots\2026-07\18-07-2026\observer-cupo-752a74.png,Se seleccionaron una fecha y una hora disponibles.
observer-***-122332-ac843d5a,2026-07-18 12:23:44,,available,normal,LIMA-LA VICTORIA,14/08/2026,08:00,20,,,,11.998,,,,,,,,,screenshots\2026-07\18-07-2026\observer-cupo-bd720a.png,screenshots\2026-07\18-07-2026\observer-cupo-bd720a.png,Se seleccionaron una fecha y una hora disponibles.
observer-***-122344-e70c233a,2026-07-18 12:23:56,,available,normal,LIMA-LA VICTORIA,14/08/2026,08:00,20,,,,11.960,,,,,,,,,screenshots\2026-07\18-07-2026\observer-cupo-7d987b.png,screenshots\2026-07\18-07-2026\observer-cupo-7d987b.png,Se seleccionaron una fecha y una hora disponibles.
observer-***-122356-54bad776,2026-07-18 12:24:09,,available,normal,LIMA-LA VICTORIA,14/08/2026,08:00,20,,,,12.387,,,,,,,,,screenshots\2026-07\18-07-2026\observer-cupo-420419.png,screenshots\2026-07\18-07-2026\observer-cupo-420419.png,Se seleccionaron una fecha y una hora disponibles.
observer-***-122409-ddb80703,2026-07-18 12:24:21,,available,normal,LIMA-LA VICTORIA,14/08/2026,08:00,20,,,,12.105,,,,,,,,,screenshots\2026-07\18-07-2026\observer-cupo-65a160.png,screenshots\2026-07\18-07-2026\observer-cupo-65a160.png,Se seleccionaron una fecha y una hora disponibles.
observer-***-122421-d9658480,2026-07-18 12:24:33,,available,normal,LIMA-LA VICTORIA,14/08/2026,08:00,20,,,,11.917,,,,,,,,,screenshots\2026-07\18-07-2026\observer-cupo-6362c7.png,screenshots\2026-07\18-07-2026\observer-cupo-6362c7.png,Se seleccionaron una fecha y una hora disponibles.
observer-***-122433-9cb18991,2026-07-18 12:24:45,,available,normal,LIMA-LA VICTORIA,14/08/2026,08:00,20,,,,12.329,,,,,,,,,screenshots\2026-07\18-07-2026\observer-cupo-a9197c.png,screenshots\2026-07\18-07-2026\observer-cupo-a9197c.png,Se seleccionaron una fecha y una hora disponibles.
observer-***-122445-f4dd88e1,2026-07-18 12:24:57,,available,normal,LIMA-LA VICTORIA,14/08/2026,08:00,20,,,,11.898,,,,,,,,,screenshots\2026-07\18-07-2026\observer-cupo-c0337f.png,screenshots\2026-07\18-07-2026\observer-cupo-c0337f.png,Se seleccionaron una fecha y una hora disponibles.
observer-***-122457-9639e1d0,2026-07-18 12:25:09,,available,normal,LIMA-LA VICTORIA,14/08/2026,08:00,20,,,,11.856,,,,,,,,,screenshots\2026-07\18-07-2026\observer-cupo-5a33ca.png,screenshots\2026-07\18-07-2026\observer-cupo-5a33ca.png,Se seleccionaron una fecha y una hora disponibles.
observer-***-122509-50a0a740,2026-07-18 12:25:21,,available,normal,LIMA-LA VICTORIA,14/08/2026,08:00,20,,,,12.093,,,,,,,,,screenshots\2026-07\18-07-2026\observer-cupo-7674a3.png,screenshots\2026-07\18-07-2026\observer-cupo-7674a3.png,Se seleccionaron una fecha y una hora disponibles.
observer-***-122522-6047b50f,2026-07-18 12:25:33,,available,normal,LIMA-LA VICTORIA,14/08/2026,08:00,20,,,,11.915,,,,,,,,,screenshots\2026-07\18-07-2026\observer-cupo-1e2c71.png,screenshots\2026-07\18-07-2026\observer-cupo-1e2c71.png,Se seleccionaron una fecha y una hora disponibles.
observer-***-122534-fec76022,2026-07-18 12:25:46,,available,normal,LIMA-LA VICTORIA,14/08/2026,08:00,20,,,,11.998,,,,,,,,,screenshots\2026-07\18-07-2026\observer-cupo-55c6bb.png,screenshots\2026-07\18-07-2026\observer-cupo-55c6bb.png,Se seleccionaron una fecha y una hora disponibles.
observer-***-122546-12c98a4a,2026-07-18 12:25:58,,available,normal,LIMA-LA VICTORIA,14/08/2026,08:00,20,,,,12.063,,,,,,,,,screenshots\2026-07\18-07-2026\observer-cupo-0fa1c9.png,screenshots\2026-07\18-07-2026\observer-cupo-0fa1c9.png,Se seleccionaron una fecha y una hora disponibles.
observer-***-122558-6dffd6e5,2026-07-18 12:26:10,,available,normal,LIMA-LA VICTORIA,14/08/2026,08:00,20,,,,12.048,,,,,,,,,screenshots\2026-07\18-07-2026\observer-cupo-87a49f.png,screenshots\2026-07\18-07-2026\observer-cupo-87a49f.png,Se seleccionaron una fecha y una hora disponibles.
observer-***-122610-f69279a8,2026-07-18 12:26:22,,available,normal,LIMA-LA VICTORIA,14/08/2026,08:00,20,,,,11.933,,,,,,,,,screenshots\2026-07\18-07-2026\observer-cupo-aa9653.png,screenshots\2026-07\18-07-2026\observer-cupo-aa9653.png,Se seleccionaron una fecha y una hora disponibles.
observer-***-122622-8bb30c23,2026-07-18 12:26:34,,available,normal,LIMA-LA VICTORIA,14/08/2026,08:00,20,,,,12.100,,,,,,,,,screenshots\2026-07\18-07-2026\observer-cupo-ff92a8.png,screenshots\2026-07\18-07-2026\observer-cupo-ff92a8.png,Se seleccionaron una fecha y una hora disponibles.
observer-***-122634-2b960155,2026-07-18 12:26:46,,available,normal,LIMA-LA VICTORIA,14/08/2026,08:00,20,,,,11.889,,,,,,,,,screenshots\2026-07\18-07-2026\observer-cupo-19b48a.png,screenshots\2026-07\18-07-2026\observer-cupo-19b48a.png,Se seleccionaron una fecha y una hora disponibles.
observer-***-122646-25f6357b,2026-07-18 12:26:58,,available,normal,LIMA-LA VICTORIA,14/08/2026,08:00,20,,,,11.979,,,,,,,,,screenshots\2026-07\18-07-2026\observer-cupo-108dc5.png,screenshots\2026-07\18-07-2026\observer-cupo-108dc5.png,Se seleccionaron una fecha y una hora disponibles.
observer-***-122658-caebe773,2026-07-18 12:27:10,,available,normal,LIMA-LA VICTORIA,14/08/2026,08:00,20,,,,12.115,,,,,,,,,screenshots\2026-07\18-07-2026\observer-cupo-471024.png,screenshots\2026-07\18-07-2026\observer-cupo-471024.png,Se seleccionaron una fecha y una hora disponibles.
observer-***-122710-***,2026-07-18 12:27:22,,available,normal,LIMA-LA VICTORIA,14/08/2026,08:00,20,,,,11.885,,,,,,,,,screenshots\2026-07\18-07-2026\observer-cupo-5ceb08.png,screenshots\2026-07\18-07-2026\observer-cupo-5ceb08.png,Se seleccionaron una fecha y una hora disponibles.
observer-***-122722-a0b193c8,2026-07-18 12:27:34,,available,normal,LIMA-LA VICTORIA,14/08/2026,08:00,20,,,,11.961,,,,,,,,,screenshots\2026-07\18-07-2026\observer-cupo-36f4b7.png,screenshots\2026-07\18-07-2026\observer-cupo-36f4b7.png,Se seleccionaron una fecha y una hora disponibles.
observer-***-122734-2b8c543e,2026-07-18 12:27:47,,available,normal,LIMA-LA VICTORIA,14/08/2026,08:00,20,,,,12.322,,,,,,,,,screenshots\2026-07\18-07-2026\observer-cupo-c8aaa5.png,screenshots\2026-07\18-07-2026\observer-cupo-c8aaa5.png,Se seleccionaron una fecha y una hora disponibles.
observer-***-122747-454ccca6,2026-07-18 12:27:59,,available,normal,LIMA-LA VICTORIA,14/08/2026,08:00,20,,,,12.059,,,,,,,,,screenshots\2026-07\18-07-2026\observer-cupo-c819f0.png,screenshots\2026-07\18-07-2026\observer-cupo-c819f0.png,Se seleccionaron una fecha y una hora disponibles.
observer-***-122759-***,2026-07-18 12:28:11,,available,normal,LIMA-LA VICTORIA,14/08/2026,08:00,20,,,,11.928,,,,,,,,,screenshots\2026-07\18-07-2026\observer-cupo-542a0d.png,screenshots\2026-07\18-07-2026\observer-cupo-542a0d.png,Se seleccionaron una fecha y una hora disponibles.
observer-***-122811-171eb8e9,2026-07-18 12:28:23,,available,normal,LIMA-LA VICTORIA,14/08/2026,08:00,20,,,,12.068,,,,,,,,,screenshots\2026-07\18-07-2026\observer-cupo-8a6a98.png,screenshots\2026-07\18-07-2026\observer-cupo-8a6a98.png,Se seleccionaron una fecha y una hora disponibles.
observer-***-122823-ec9c8f87,2026-07-18 12:28:35,,available,normal,LIMA-LA VICTORIA,14/08/2026,08:00,20,,,,11.959,,,,,,,,,screenshots\2026-07\18-07-2026\observer-cupo-a2bd83.png,screenshots\2026-07\18-07-2026\observer-cupo-a2bd83.png,Se seleccionaron una fecha y una hora disponibles.
observer-***-122835-36d74ec0,2026-07-18 12:28:47,,available,normal,LIMA-LA VICTORIA,14/08/2026,08:00,20,,,,11.970,,,,,,,,,screenshots\2026-07\18-07-2026\observer-cupo-bec897.png,screenshots\2026-07\18-07-2026\observer-cupo-bec897.png,Se seleccionaron una fecha y una hora disponibles.
observer-***-122849-54af3bc7,2026-07-18 12:29:02,,available,normal,LIMA-LA VICTORIA,14/08/2026,08:00,20,,,,12.903,,,,,,,,,screenshots\2026-07\18-07-2026\observer-cupo-9eac87.png,screenshots\2026-07\18-07-2026\observer-cupo-9eac87.png,Se seleccionaron una fecha y una hora disponibles.
observer-***-122902-1d983941,2026-07-18 12:29:18,,available,normal,LIMA-LA VICTORIA,14/08/2026,08:00,20,,,,15.694,,,,,,,,,screenshots\2026-07\18-07-2026\observer-cupo-65a5f0.png,screenshots\2026-07\18-07-2026\observer-cupo-65a5f0.png,Se seleccionaron una fecha y una hora disponibles.
observer-***-122918-2b042e3a,2026-07-18 12:29:30,,available,normal,LIMA-LA VICTORIA,14/08/2026,08:00,20,,,,11.901,,,,,,,,,screenshots\2026-07\18-07-2026\observer-cupo-c7c8a9.png,screenshots\2026-07\18-07-2026\observer-cupo-c7c8a9.png,Se seleccionaron una fecha y una hora disponibles.
observer-***-122930-411b959f,2026-07-18 12:29:42,,available,normal,LIMA-LA VICTORIA,14/08/2026,08:00,20,,,,12.366,,,,,,,,,screenshots\2026-07\18-07-2026\observer-cupo-c3e84e.png,screenshots\2026-07\18-07-2026\observer-cupo-c3e84e.png,Se seleccionaron una fecha y una hora disponibles.
observer-***-122943-61d2fda5,2026-07-18 12:29:54,,available,normal,LIMA-LA VICTORIA,14/08/2026,08:00,20,,,,11.877,,,,,,,,,screenshots\2026-07\18-07-2026\observer-cupo-60eb7a.png,screenshots\2026-07\18-07-2026\observer-cupo-60eb7a.png,Se seleccionaron una fecha y una hora disponibles.
observer-***-122955-dddcaf52,2026-07-18 12:30:07,,available,normal,LIMA-LA VICTORIA,14/08/2026,08:00,20,,,,12.651,,,,,,,,,screenshots\2026-07\18-07-2026\observer-cupo-f90517.png,screenshots\2026-07\18-07-2026\observer-cupo-f90517.png,Se seleccionaron una fecha y una hora disponibles.
observer-***-123007-6e41001c,2026-07-18 12:30:19,,available,normal,LIMA-LA VICTORIA,14/08/2026,08:00,20,,,,12.075,,,,,,,,,screenshots\2026-07\18-07-2026\observer-cupo-0ac781.png,screenshots\2026-07\18-07-2026\observer-cupo-0ac781.png,Se seleccionaron una fecha y una hora disponibles.
observer-***-123019-53787afd,2026-07-18 12:30:38,,available,normal,LIMA-LA VICTORIA,14/08/2026,08:00,20,,,,18.911,,,,,,,,,screenshots\2026-07\18-07-2026\observer-cupo-25c76d.png,screenshots\2026-07\18-07-2026\observer-cupo-25c76d.png,Se seleccionaron una fecha y una hora disponibles.
observer-***-123038-c740d0ef,2026-07-18 12:30:51,,available,normal,LIMA-LA VICTORIA,14/08/2026,08:00,20,,,,12.101,,,,,,,,,screenshots\2026-07\18-07-2026\observer-cupo-c4b857.png,screenshots\2026-07\18-07-2026\observer-cupo-c4b857.png,Se seleccionaron una fecha y una hora disponibles.
observer-***-123051-1ce76dc3,2026-07-18 12:31:03,,available,normal,LIMA-LA VICTORIA,14/08/2026,08:00,20,,,,11.931,,,,,,,,,screenshots\2026-07\18-07-2026\observer-cupo-3eb77d.png,screenshots\2026-07\18-07-2026\observer-cupo-3eb77d.png,Se seleccionaron una fecha y una hora disponibles.
observer-***-123103-51575c87,2026-07-18 12:31:15,,available,normal,LIMA-LA VICTORIA,14/08/2026,08:00,20,,,,11.919,,,,,,,,,screenshots\2026-07\18-07-2026\observer-cupo-6b8131.png,screenshots\2026-07\18-07-2026\observer-cupo-6b8131.png,Se seleccionaron una fecha y una hora disponibles.
observer-***-123115-e901d45e,2026-07-18 12:31:27,,available,normal,LIMA-LA VICTORIA,14/08/2026,08:00,20,,,,12.200,,,,,,,,,screenshots\2026-07\18-07-2026\observer-cupo-d2f2bc.png,screenshots\2026-07\18-07-2026\observer-cupo-d2f2bc.png,Se seleccionaron una fecha y una hora disponibles.
observer-***-123127-70943ea8,2026-07-18 12:31:39,,available,normal,LIMA-LA VICTORIA,14/08/2026,08:00,20,,,,12.032,,,,,,,,,screenshots\2026-07\18-07-2026\observer-cupo-e676a3.png,screenshots\2026-07\18-07-2026\observer-cupo-e676a3.png,Se seleccionaron una fecha y una hora disponibles.
observer-***-123139-9c6c2852,2026-07-18 12:31:51,,available,normal,LIMA-LA VICTORIA,14/08/2026,08:00,20,,,,11.938,,,,,,,,,screenshots\2026-07\18-07-2026\observer-cupo-cdfb53.png,screenshots\2026-07\18-07-2026\observer-cupo-cdfb53.png,Se seleccionaron una fecha y una hora disponibles.
observer-***-123151-02ed2ab7,2026-07-18 12:32:03,,available,normal,LIMA-LA VICTORIA,14/08/2026,08:00,20,,,,12.396,,,,,,,,,screenshots\2026-07\18-07-2026\observer-cupo-d6b8bf.png,screenshots\2026-07\18-07-2026\observer-cupo-d6b8bf.png,Se seleccionaron una fecha y una hora disponibles.
observer-***-123203-daa40546,2026-07-18 12:32:15,,available,normal,LIMA-LA VICTORIA,14/08/2026,08:00,20,,,,11.918,,,,,,,,,screenshots\2026-07\18-07-2026\observer-cupo-666f44.png,screenshots\2026-07\18-07-2026\observer-cupo-666f44.png,Se seleccionaron una fecha y una hora disponibles.
observer-***-123216-3bd35d18,2026-07-18 12:32:27,,available,normal,LIMA-LA VICTORIA,14/08/2026,08:00,20,,,,11.961,,,,,,,,,screenshots\2026-07\18-07-2026\observer-cupo-73fa45.png,screenshots\2026-07\18-07-2026\observer-cupo-73fa45.png,Se seleccionaron una fecha y una hora disponibles.
observer-***-123228-456a9149,2026-07-18 12:33:09,,available,normal,LIMA-LA VICTORIA,14/08/2026,08:00,20,,,,41.269,,,,,,,,,,,Se seleccionaron una fecha y una hora disponibles.
observer-***-123309-efdaacb1,2026-07-18 12:33:21,,available,normal,LIMA-LA VICTORIA,14/08/2026,08:00,20,,,,12.069,,,,,,,,,screenshots\2026-07\18-07-2026\observer-cupo-269f63.png,screenshots\2026-07\18-07-2026\observer-cupo-269f63.png,Se seleccionaron una fecha y una hora disponibles.
observer-***-123321-d382a51e,2026-07-18 12:33:33,,available,normal,LIMA-LA VICTORIA,14/08/2026,08:00,20,,,,11.863,,,,,,,,,screenshots\2026-07\18-07-2026\observer-cupo-219ee3.png,screenshots\2026-07\18-07-2026\observer-cupo-219ee3.png,Se seleccionaron una fecha y una hora disponibles.
observer-***-123333-b27d7eeb,2026-07-18 12:33:45,,available,normal,LIMA-LA VICTORIA,14/08/2026,08:00,20,,,,11.831,,,,,,,,,screenshots\2026-07\18-07-2026\observer-cupo-352e2b.png,screenshots\2026-07\18-07-2026\observer-cupo-352e2b.png,Se seleccionaron una fecha y una hora disponibles.
observer-***-123345-4c7f4cb8,2026-07-18 12:33:57,,available,normal,LIMA-LA VICTORIA,14/08/2026,08:00,20,,,,12.218,,,,,,,,,screenshots\2026-07\18-07-2026\observer-cupo-0f3de1.png,screenshots\2026-07\18-07-2026\observer-cupo-0f3de1.png,Se seleccionaron una fecha y una hora disponibles.
observer-***-123357-caeefa94,2026-07-18 12:34:09,,available,normal,LIMA-LA VICTORIA,14/08/2026,08:00,20,,,,11.929,,,,,,,,,screenshots\2026-07\18-07-2026\observer-cupo-6598e7.png,screenshots\2026-07\18-07-2026\observer-cupo-6598e7.png,Se seleccionaron una fecha y una hora disponibles.
observer-***-123409-b217359b,2026-07-18 12:34:22,,available,normal,LIMA-LA VICTORIA,14/08/2026,08:00,20,,,,12.623,,,,,,,,,screenshots\2026-07\18-07-2026\observer-cupo-012d2e.png,screenshots\2026-07\18-07-2026\observer-cupo-012d2e.png,Se seleccionaron una fecha y una hora disponibles.
observer-***-123422-a1af5168,2026-07-18 12:34:34,,available,normal,LIMA-LA VICTORIA,14/08/2026,08:00,20,,,,12.119,,,,,,,,,screenshots\2026-07\18-07-2026\observer-cupo-b3dd13.png,screenshots\2026-07\18-07-2026\observer-cupo-b3dd13.png,Se seleccionaron una fecha y una hora disponibles.
observer-***-123434-32189c26,2026-07-18 12:34:46,,available,normal,LIMA-LA VICTORIA,14/08/2026,08:00,20,,,,11.938,,,,,,,,,screenshots\2026-07\18-07-2026\observer-cupo-6e4a8e.png,screenshots\2026-07\18-07-2026\observer-cupo-6e4a8e.png,Se seleccionaron una fecha y una hora disponibles.
observer-***-123446-834cc3c3,2026-07-18 12:34:58,,available,normal,LIMA-LA VICTORIA,14/08/2026,08:00,20,,,,11.939,,,,,,,,,screenshots\2026-07\18-07-2026\observer-cupo-b7d352.png,screenshots\2026-07\18-07-2026\observer-cupo-b7d352.png,Se seleccionaron una fecha y una hora disponibles.
observer-***-123458-8d486f84,2026-07-18 12:35:11,,available,normal,LIMA-LA VICTORIA,14/08/2026,08:00,20,,,,12.725,,,,,,,,,screenshots\2026-07\18-07-2026\observer-cupo-632f36.png,screenshots\2026-07\18-07-2026\observer-cupo-632f36.png,Se seleccionaron una fecha y una hora disponibles.
observer-***-123511-a4830ac6,2026-07-18 12:35:23,,available,normal,LIMA-LA VICTORIA,14/08/2026,08:00,20,,,,11.882,,,,,,,,,screenshots\2026-07\18-07-2026\observer-cupo-47cc9c.png,screenshots\2026-07\18-07-2026\observer-cupo-47cc9c.png,Se seleccionaron una fecha y una hora disponibles.
observer-***-123523-22d75fa7,2026-07-18 12:35:35,,available,normal,LIMA-LA VICTORIA,14/08/2026,08:00,20,,,,11.836,,,,,,,,,screenshots\2026-07\18-07-2026\observer-cupo-9609b6.png,screenshots\2026-07\18-07-2026\observer-cupo-9609b6.png,Se seleccionaron una fecha y una hora disponibles.
observer-***-123535-b6d34527,2026-07-18 12:35:47,,available,normal,LIMA-LA VICTORIA,14/08/2026,08:00,20,,,,12.043,,,,,,,,,screenshots\2026-07\18-07-2026\observer-cupo-628c9e.png,screenshots\2026-07\18-07-2026\observer-cupo-628c9e.png,Se seleccionaron una fecha y una hora disponibles.
observer-***-123547-0a25da1b,2026-07-18 12:35:59,,available,normal,LIMA-LA VICTORIA,14/08/2026,08:00,20,,,,11.869,,,,,,,,,screenshots\2026-07\18-07-2026\observer-cupo-607927.png,screenshots\2026-07\18-07-2026\observer-cupo-607927.png,Se seleccionaron una fecha y una hora disponibles.
observer-***-123559-ac0e76e3,2026-07-18 12:36:11,,available,normal,LIMA-LA VICTORIA,14/08/2026,08:00,20,,,,11.911,,,,,,,,,screenshots\2026-07\18-07-2026\observer-cupo-059a60.png,screenshots\2026-07\18-07-2026\observer-cupo-059a60.png,Se seleccionaron una fecha y una hora disponibles.
observer-***-123611-68514fda,2026-07-18 12:36:23,,available,normal,LIMA-LA VICTORIA,14/08/2026,08:00,20,,,,12.139,,,,,,,,,screenshots\2026-07\18-07-2026\observer-cupo-e15685.png,screenshots\2026-07\18-07-2026\observer-cupo-e15685.png,Se seleccionaron una fecha y una hora disponibles.
observer-***-123623-ab53b648,2026-07-18 12:36:35,,available,normal,LIMA-LA VICTORIA,14/08/2026,08:00,20,,,,12.038,,,,,,,,,screenshots\2026-07\18-07-2026\observer-cupo-c8ed5d.png,screenshots\2026-07\18-07-2026\observer-cupo-c8ed5d.png,Se seleccionaron una fecha y una hora disponibles.
observer-***-123635-25c59a28,2026-07-18 12:36:47,,available,normal,LIMA-LA VICTORIA,14/08/2026,08:00,20,,,,12.120,,,,,,,,,screenshots\2026-07\18-07-2026\observer-cupo-9b236b.png,screenshots\2026-07\18-07-2026\observer-cupo-9b236b.png,Se seleccionaron una fecha y una hora disponibles.
observer-***-123647-6b8047f2,2026-07-18 12:37:00,,available,normal,LIMA-LA VICTORIA,14/08/2026,08:00,20,,,,12.113,,,,,,,,,screenshots\2026-07\18-07-2026\observer-cupo-173b52.png,screenshots\2026-07\18-07-2026\observer-cupo-173b52.png,Se seleccionaron una fecha y una hora disponibles.
observer-***-123700-26aec939,2026-07-18 12:37:12,,available,normal,LIMA-LA VICTORIA,11/08/2026,12:00,20,,,,11.990,,,,,,,,,screenshots\2026-07\18-07-2026\observer-cupo-d74d1d.png,screenshots\2026-07\18-07-2026\observer-cupo-d74d1d.png,Se seleccionaron una fecha y una hora disponibles.
observer-***-123714-efed4b51,2026-07-18 12:37:26,,available,normal,LIMA-LA VICTORIA,11/08/2026,12:00,20,,,,12.730,,,,,,,,,screenshots\2026-07\18-07-2026\observer-cupo-dd4c64.png,screenshots\2026-07\18-07-2026\observer-cupo-dd4c64.png,Se seleccionaron una fecha y una hora disponibles.
observer-***-123727-daadd15f,2026-07-18 12:37:39,,available,normal,LIMA-LA VICTORIA,11/08/2026,12:00,20,,,,12.115,,,,,,,,,screenshots\2026-07\18-07-2026\observer-cupo-5f5cba.png,screenshots\2026-07\18-07-2026\observer-cupo-5f5cba.png,Se seleccionaron una fecha y una hora disponibles.
observer-***-123741-b5509ec7,2026-07-18 12:37:53,,available,normal,LIMA-LA VICTORIA,11/08/2026,12:00,20,,,,12.376,,,,,,,,,screenshots\2026-07\18-07-2026\observer-cupo-409ba3.png,screenshots\2026-07\18-07-2026\observer-cupo-409ba3.png,Se seleccionaron una fecha y una hora disponibles.
observer-***-123753-0de8843e,2026-07-18 12:38:05,,available,normal,LIMA-LA VICTORIA,11/08/2026,12:00,20,,,,11.660,,,,,,,,,screenshots\2026-07\18-07-2026\observer-cupo-1fac62.png,screenshots\2026-07\18-07-2026\observer-cupo-1fac62.png,Se seleccionaron una fecha y una hora disponibles.
observer-***-123805-476cfa06,2026-07-18 12:38:17,,available,normal,LIMA-LA VICTORIA,11/08/2026,12:00,20,,,,11.797,,,,,,,,,screenshots\2026-07\18-07-2026\observer-cupo-8e3d4c.png,screenshots\2026-07\18-07-2026\observer-cupo-8e3d4c.png,Se seleccionaron una fecha y una hora disponibles.
observer-***-123817-***,2026-07-18 12:38:29,,available,normal,LIMA-LA VICTORIA,11/08/2026,12:00,20,,,,11.987,,,,,,,,,screenshots\2026-07\18-07-2026\observer-cupo-f25e61.png,screenshots\2026-07\18-07-2026\observer-cupo-f25e61.png,Se seleccionaron una fecha y una hora disponibles.
observer-***-123829-22befb01,2026-07-18 12:38:40,,available,normal,LIMA-LA VICTORIA,11/08/2026,12:00,20,,,,11.634,,,,,,,,,screenshots\2026-07\18-07-2026\observer-cupo-30ac25.png,screenshots\2026-07\18-07-2026\observer-cupo-30ac25.png,Se seleccionaron una fecha y una hora disponibles.
observer-***-123841-6ccd0087,2026-07-18 12:38:52,,available,normal,LIMA-LA VICTORIA,11/08/2026,12:00,20,,,,11.781,,,,,,,,,screenshots\2026-07\18-07-2026\observer-cupo-75a500.png,screenshots\2026-07\18-07-2026\observer-cupo-75a500.png,Se seleccionaron una fecha y una hora disponibles.
observer-***-123852-90ebd5bc,2026-07-18 12:39:04,,available,normal,LIMA-LA VICTORIA,11/08/2026,12:00,20,,,,11.935,,,,,,,,,screenshots\2026-07\18-07-2026\observer-cupo-f73753.png,screenshots\2026-07\18-07-2026\observer-cupo-f73753.png,Se seleccionaron una fecha y una hora disponibles.
observer-***-123904-ecddc3f8,2026-07-18 12:39:16,,available,normal,LIMA-LA VICTORIA,11/08/2026,12:00,20,,,,11.922,,,,,,,,,screenshots\2026-07\18-07-2026\observer-cupo-a0fa5c.png,screenshots\2026-07\18-07-2026\observer-cupo-a0fa5c.png,Se seleccionaron una fecha y una hora disponibles.
observer-***-123916-5944fbf6,2026-07-18 12:39:28,,available,normal,LIMA-LA VICTORIA,11/08/2026,12:00,20,,,,11.896,,,,,,,,,screenshots\2026-07\18-07-2026\observer-cupo-ea686b.png,screenshots\2026-07\18-07-2026\observer-cupo-ea686b.png,Se seleccionaron una fecha y una hora disponibles.
observer-***-123928-3c84d226,2026-07-18 12:40:09,,available,normal,LIMA-LA VICTORIA,11/08/2026,12:00,20,,,,40.644,,,,,,,,,,,Se seleccionaron una fecha y una hora disponibles.
observer-***-124009-78b29f9d,2026-07-18 12:40:21,,available,normal,LIMA-LA VICTORIA,11/08/2026,12:00,20,,,,12.112,,,,,,,,,screenshots\2026-07\18-07-2026\observer-cupo-586038.png,screenshots\2026-07\18-07-2026\observer-cupo-586038.png,Se seleccionaron una fecha y una hora disponibles.
observer-***-124021-c8250352,2026-07-18 12:40:33,,available,normal,LIMA-LA VICTORIA,11/08/2026,12:00,20,,,,11.807,,,,,,,,,screenshots\2026-07\18-07-2026\observer-cupo-f6c143.png,screenshots\2026-07\18-07-2026\observer-cupo-f6c143.png,Se seleccionaron una fecha y una hora disponibles.
observer-***-124033-88fea969,2026-07-18 12:40:45,,available,normal,LIMA-LA VICTORIA,11/08/2026,12:00,20,,,,11.677,,,,,,,,,screenshots\2026-07\18-07-2026\observer-cupo-a36f7d.png,screenshots\2026-07\18-07-2026\observer-cupo-a36f7d.png,Se seleccionaron una fecha y una hora disponibles.
observer-***-124045-b8ba9627,2026-07-18 12:40:57,,available,normal,LIMA-LA VICTORIA,11/08/2026,12:00,20,,,,11.896,,,,,,,,,screenshots\2026-07\18-07-2026\observer-cupo-f22806.png,screenshots\2026-07\18-07-2026\observer-cupo-f22806.png,Se seleccionaron una fecha y una hora disponibles.
observer-***-124059-6c38ce6f,2026-07-18 12:41:12,,available,normal,LIMA-LA VICTORIA,11/08/2026,12:00,20,,,,12.606,,,,,,,,,screenshots\2026-07\18-07-2026\observer-cupo-cc154d.png,screenshots\2026-07\18-07-2026\observer-cupo-cc154d.png,Se seleccionaron una fecha y una hora disponibles.
observer-***-124112-eb49625b,2026-07-18 12:41:23,,available,normal,LIMA-LA VICTORIA,11/08/2026,12:00,20,,,,11.658,,,,,,,,,screenshots\2026-07\18-07-2026\observer-cupo-7cb5a8.png,screenshots\2026-07\18-07-2026\observer-cupo-7cb5a8.png,Se seleccionaron una fecha y una hora disponibles.
observer-***-124123-7b41e405,2026-07-18 12:41:35,,available,normal,LIMA-LA VICTORIA,11/08/2026,12:00,20,,,,11.815,,,,,,,,,screenshots\2026-07\18-07-2026\observer-cupo-789d36.png,screenshots\2026-07\18-07-2026\observer-cupo-789d36.png,Se seleccionaron una fecha y una hora disponibles.
observer-***-124135-5229b77c,2026-07-18 12:41:47,,available,normal,LIMA-LA VICTORIA,11/08/2026,12:00,20,,,,11.666,,,,,,,,,screenshots\2026-07\18-07-2026\observer-cupo-20085a.png,screenshots\2026-07\18-07-2026\observer-cupo-20085a.png,Se seleccionaron una fecha y una hora disponibles.
observer-***-124147-f3d2e11d,2026-07-18 12:41:59,,available,normal,LIMA-LA VICTORIA,11/08/2026,12:00,20,,,,11.737,,,,,,,,,screenshots\2026-07\18-07-2026\observer-cupo-aceb7e.png,screenshots\2026-07\18-07-2026\observer-cupo-aceb7e.png,Se seleccionaron una fecha y una hora disponibles.
observer-***-124159-0710cc37,2026-07-18 12:42:11,,available,normal,LIMA-LA VICTORIA,11/08/2026,12:00,20,,,,11.784,,,,,,,,,screenshots\2026-07\18-07-2026\observer-cupo-8f8608.png,screenshots\2026-07\18-07-2026\observer-cupo-8f8608.png,Se seleccionaron una fecha y una hora disponibles.
observer-***-124211-4a02016a,2026-07-18 12:42:23,,available,normal,LIMA-LA VICTORIA,11/08/2026,12:00,20,,,,11.786,,,,,,,,,screenshots\2026-07\18-07-2026\observer-cupo-2751b2.png,screenshots\2026-07\18-07-2026\observer-cupo-2751b2.png,Se seleccionaron una fecha y una hora disponibles.
observer-***-124223-379183da,2026-07-18 12:42:34,,available,normal,LIMA-LA VICTORIA,11/08/2026,12:00,20,,,,11.616,,,,,,,,,screenshots\2026-07\18-07-2026\observer-cupo-8be07a.png,screenshots\2026-07\18-07-2026\observer-cupo-8be07a.png,Se seleccionaron una fecha y una hora disponibles.
observer-***-124234-78efb33d,2026-07-18 12:42:46,,available,normal,LIMA-LA VICTORIA,11/08/2026,12:00,20,,,,11.727,,,,,,,,,screenshots\2026-07\18-07-2026\observer-cupo-350a7b.png,screenshots\2026-07\18-07-2026\observer-cupo-350a7b.png,Se seleccionaron una fecha y una hora disponibles.
observer-***-124246-e9c2bda8,2026-07-18 12:42:58,,available,normal,LIMA-LA VICTORIA,11/08/2026,12:00,20,,,,11.810,,,,,,,,,screenshots\2026-07\18-07-2026\observer-cupo-94eecd.png,screenshots\2026-07\18-07-2026\observer-cupo-94eecd.png,Se seleccionaron una fecha y una hora disponibles.
observer-***-124258-75afd0dd,2026-07-18 12:43:10,,available,normal,LIMA-LA VICTORIA,11/08/2026,12:00,20,,,,11.782,,,,,,,,,screenshots\2026-07\18-07-2026\observer-cupo-bfeb33.png,screenshots\2026-07\18-07-2026\observer-cupo-bfeb33.png,Se seleccionaron una fecha y una hora disponibles.
observer-***-124310-ccc2d53d,2026-07-18 12:43:22,,available,normal,LIMA-LA VICTORIA,11/08/2026,12:00,20,,,,12.031,,,,,,,,,screenshots\2026-07\18-07-2026\observer-cupo-b87039.png,screenshots\2026-07\18-07-2026\observer-cupo-b87039.png,Se seleccionaron una fecha y una hora disponibles.
observer-***-124322-eb480e95,2026-07-18 12:43:34,,available,normal,LIMA-LA VICTORIA,11/08/2026,12:00,20,,,,11.664,,,,,,,,,screenshots\2026-07\18-07-2026\observer-cupo-4e406c.png,screenshots\2026-07\18-07-2026\observer-cupo-4e406c.png,Se seleccionaron una fecha y una hora disponibles.
observer-***-124334-25263ba2,2026-07-18 12:43:45,,available,normal,LIMA-LA VICTORIA,11/08/2026,12:00,20,,,,11.711,,,,,,,,,screenshots\2026-07\18-07-2026\observer-cupo-0246c7.png,screenshots\2026-07\18-07-2026\observer-cupo-0246c7.png,Se seleccionaron una fecha y una hora disponibles.
observer-***-124346-a9794baa,2026-07-18 12:43:58,,available,normal,LIMA-LA VICTORIA,11/08/2026,12:00,20,,,,12.137,,,,,,,,,screenshots\2026-07\18-07-2026\observer-cupo-d14b62.png,screenshots\2026-07\18-07-2026\observer-cupo-d14b62.png,Se seleccionaron una fecha y una hora disponibles.
observer-***-124358-3dab3db9,2026-07-18 12:44:09,,available,normal,LIMA-LA VICTORIA,11/08/2026,12:00,20,,,,11.629,,,,,,,,,screenshots\2026-07\18-07-2026\observer-cupo-6c5ecc.png,screenshots\2026-07\18-07-2026\observer-cupo-6c5ecc.png,Se seleccionaron una fecha y una hora disponibles.
observer-***-124409-d4c25027,2026-07-18 12:44:21,,available,normal,LIMA-LA VICTORIA,11/08/2026,12:00,20,,,,11.600,,,,,,,,,screenshots\2026-07\18-07-2026\observer-cupo-05fb09.png,screenshots\2026-07\18-07-2026\observer-cupo-05fb09.png,Se seleccionaron una fecha y una hora disponibles.
observer-***-124421-22eddd74,2026-07-18 12:44:33,,available,normal,LIMA-LA VICTORIA,11/08/2026,12:00,20,,,,11.879,,,,,,,,,screenshots\2026-07\18-07-2026\observer-cupo-32cc89.png,screenshots\2026-07\18-07-2026\observer-cupo-32cc89.png,Se seleccionaron una fecha y una hora disponibles.
observer-***-124433-61731e96,2026-07-18 12:44:45,,available,normal,LIMA-LA VICTORIA,11/08/2026,12:00,20,,,,11.680,,,,,,,,,screenshots\2026-07\18-07-2026\observer-cupo-ba3370.png,screenshots\2026-07\18-07-2026\observer-cupo-ba3370.png,Se seleccionaron una fecha y una hora disponibles.
observer-***-124445-ef37d024,2026-07-18 12:44:56,,available,normal,LIMA-LA VICTORIA,11/08/2026,12:00,20,,,,11.533,,,,,,,,,screenshots\2026-07\18-07-2026\observer-cupo-ba8e3d.png,screenshots\2026-07\18-07-2026\observer-cupo-ba8e3d.png,Se seleccionaron una fecha y una hora disponibles.
observer-***-124456-85331df5,2026-07-18 12:45:08,,available,normal,LIMA-LA VICTORIA,11/08/2026,12:00,20,,,,11.851,,,,,,,,,screenshots\2026-07\18-07-2026\observer-cupo-00cb6d.png,screenshots\2026-07\18-07-2026\observer-cupo-00cb6d.png,Se seleccionaron una fecha y una hora disponibles.
observer-***-124508-c79003a2,2026-07-18 12:45:20,,available,normal,LIMA-LA VICTORIA,11/08/2026,12:00,20,,,,11.640,,,,,,,,,screenshots\2026-07\18-07-2026\observer-cupo-722d55.png,screenshots\2026-07\18-07-2026\observer-cupo-722d55.png,Se seleccionaron una fecha y una hora disponibles.
observer-***-152947-593da63d,2026-07-18 15:30:59,,unknown,normal,,,,,,,,71.639,,,,,,,,,,,La pagina no confirmo que las opciones de cita se actualizaran despues de elegir sede.
***-103727-***,2026-07-20 10:37:58,order-***,error,normal,LIMA-LA VICTORIA,17/08/2026,10:00,7,captcha_invalid,,,30.177,25.156,1.781,7.157,,,,,0.047,screenshots\2026-07\20-07-2026\portal-2-103727-order-***,screenshots\2026-07\20-07-2026\portal-2-103727-order-*** | screenshots\2026-07\20-07-2026\preenvio-1-103727-order-*** | screenshots\2026-07\20-07-2026\portal-1-103727-order-*** | screenshots\2026-07\20-07-2026\preenvio-2-103727-order-*** | screenshots\2026-07\20-07-2026\cupo-103727-order-*** | screenshots\2026-07\20-07-2026\captchas\captcha-103727-order-*** | screenshots\2026-07\20-07-2026\captchas\captcha-103727-order-*** | screenshots\2026-07\20-07-2026\diagnostics\portal-html-1-103727-order-*** | screenshots\2026-07\20-07-2026\diagnostics\portal-html-2-103727-order-***,El portal rechazo el captcha de la reserva despues de reintentarlo.
***-112717-0822ca80,2026-07-20 11:27:32,order-***,registered,normal,LIMA-LA VICTORIA,17/08/2026,12:00,10,confirmed,portal_success_text,,14.795,7.156,1.703,1.360,,,,,0.047,screenshots\2026-07\20-07-2026\portal-1-112717-order-***,screenshots\2026-07\20-07-2026\portal-1-112717-order-*** | screenshots\2026-07\20-07-2026\preenvio-1-112717-order-*** | screenshots\2026-07\20-07-2026\cupo-112717-order-*** | screenshots\2026-07\20-07-2026\captchas\captcha-112717-order-*** | screenshots\2026-07\20-07-2026\diagnostics\portal-html-1-112717-order-***,La reserva fue confirmada por mensaje de exito del portal.
***-130154-71caf591,2026-07-20 13:02:43,order-***,unavailable,normal,LIMA-LA VICTORIA,15/08/2026,11:00,9,slot_lost,,,49.000,13.938,1.750,7.078,,,,,0.047,screenshots\2026-07\20-07-2026\portal-1-130154-order-***,screenshots\2026-07\20-07-2026\portal-1-130154-order-*** | screenshots\2026-07\20-07-2026\preenvio-1-130154-order-*** | screenshots\2026-07\20-07-2026\cupo-130154-order-*** | screenshots\2026-07\20-07-2026\captchas\captcha-130154-order-*** | screenshots\2026-07\20-07-2026\diagnostics\portal-html-1-130154-order-***,El cupo dejo de estar disponible antes de completar la reserva.
***-140231-8697f0a4,2026-07-20 14:02:46,order-***,unavailable,normal,LIMA-LA VICTORIA,17/08/2026,12:00,20,slot_lost,,,15.308,9.500,1.781,1.593,,,,,0.062,screenshots\2026-07\20-07-2026\portal-1-140231-order-***,screenshots\2026-07\20-07-2026\portal-1-140231-order-*** | screenshots\2026-07\20-07-2026\preenvio-1-140231-order-*** | screenshots\2026-07\20-07-2026\cupo-140231-order-*** | screenshots\2026-07\20-07-2026\captchas\captcha-140231-order-*** | screenshots\2026-07\20-07-2026\diagnostics\portal-html-1-140231-order-***,El cupo dejo de estar disponible antes de completar la reserva.
***-140249-37a76286,2026-07-20 14:03:22,order-***,unavailable,normal,LIMA-LA VICTORIA,17/08/2026,11:00,15,slot_lost,,,33.515,9.875,1.891,1.750,,,,,0.078,screenshots\2026-07\20-07-2026\portal-1-140249-order-***,screenshots\2026-07\20-07-2026\portal-1-140249-order-*** | screenshots\2026-07\20-07-2026\preenvio-1-140249-order-*** | screenshots\2026-07\20-07-2026\cupo-140249-order-*** | screenshots\2026-07\20-07-2026\captchas\captcha-140249-order-*** | screenshots\2026-07\20-07-2026\diagnostics\portal-html-1-140249-order-***,El cupo dejo de estar disponible antes de completar la reserva.
***-140324-3d8cc6a4,2026-07-20 14:03:43,order-***,unavailable,normal,LIMA-LA VICTORIA,17/08/2026,10:00,20,slot_lost,,,18.201,9.188,1.860,1.532,,,,,0.062,screenshots\2026-07\20-07-2026\portal-1-140324-order-***,screenshots\2026-07\20-07-2026\portal-1-140324-order-*** | screenshots\2026-07\20-07-2026\preenvio-1-140324-order-*** | screenshots\2026-07\20-07-2026\cupo-140324-order-*** | screenshots\2026-07\20-07-2026\captchas\captcha-140324-order-*** | screenshots\2026-07\20-07-2026\diagnostics\portal-html-1-140324-order-***,El cupo dejo de estar disponible antes de completar la reserva.
***-140421-d6d27281,2026-07-20 14:04:36,order-***,completed,normal,,17/08/2026 09:00,,,,,,14.290,,,,,,,,,screenshots\2026-07\20-07-2026\etapas-140421-order-***,screenshots\2026-07\20-07-2026\etapas-140421-order-***,La etapa Separa Cita Peritaje ya esta en estado Programado. No hay una cita pendiente por reservar.
***-140436-cf1ed458,2026-07-20 14:04:49,order-***,completed,normal,,17/08/2026 10:00,,,,,,13.580,,,,,,,,,screenshots\2026-07\20-07-2026\etapas-140436-order-***,screenshots\2026-07\20-07-2026\etapas-140436-order-***,La etapa Separa Cita Peritaje ya esta en estado Programado. No hay una cita pendiente por reservar.
***-141645-c2be1880,2026-07-20 14:17:36,order-***,unavailable,normal,LIMA-LA VICTORIA,17/08/2026,08:00,20,slot_lost,,,50.513,10.656,1.922,1.875,,,,,0.422,screenshots\2026-07\20-07-2026\portal-1-141645-order-***,screenshots\2026-07\20-07-2026\portal-1-141645-order-*** | screenshots\2026-07\20-07-2026\preenvio-1-141645-order-*** | screenshots\2026-07\20-07-2026\cupo-141645-order-*** | screenshots\2026-07\20-07-2026\captchas\captcha-141645-order-*** | screenshots\2026-07\20-07-2026\diagnostics\portal-html-1-141645-order-***,El cupo dejo de estar disponible antes de completar la reserva.
***-141820-9c03f406,2026-07-20 14:18:45,order-***,registered,normal,LIMA-LA VICTORIA,18/08/2026,08:00,5,confirmed,portal_success_text,,25.131,8.937,1.750,1.625,,,,,0.046,screenshots\2026-07\20-07-2026\portal-1-141820-order-***,screenshots\2026-07\20-07-2026\portal-1-141820-order-*** | screenshots\2026-07\20-07-2026\preenvio-1-141820-order-*** | screenshots\2026-07\20-07-2026\cupo-141820-order-*** | screenshots\2026-07\20-07-2026\captchas\captcha-141820-order-*** | screenshots\2026-07\20-07-2026\diagnostics\portal-html-1-141820-order-***,La reserva fue confirmada por mensaje de exito del portal.
observer-***-142042-8d2b2a83,2026-07-20 14:21:04,,available,normal,LIMA-LA VICTORIA,18/08/2026,08:00,10,,,,21.075,,,,,,,,,screenshots\2026-07\20-07-2026\observer-cupo-4560ff.png,screenshots\2026-07\20-07-2026\observer-cupo-4560ff.png,Se seleccionaron una fecha y una hora disponibles.
observer-***-172131-efacdc49,2026-07-20 17:22:36,,error,normal,,,,,,,network,65.524,,,,,,,,,screenshots\2026-07\20-07-2026\observer-error-panel-citas-9f20f3.png,,"Locator.wait_for: Timeout 30000ms exceeded.
Call log:
  - waiting for locator(""#MainContent_idUcitas_cbosede"")"
***-092327-a78231dc,2026-07-21 09:23:54,order-***,unavailable,normal,LIMA-LA VICTORIA,18/08/2026,09:00,5,slot_lost,,,27.000,7.891,1.703,1.437,,,,,0.063,screenshots\2026-07\21-07-2026\portal-1-092327-order-***,screenshots\2026-07\21-07-2026\portal-1-092327-order-*** | screenshots\2026-07\21-07-2026\preenvio-1-092327-order-*** | screenshots\2026-07\21-07-2026\cupo-092327-order-*** | screenshots\2026-07\21-07-2026\captchas\captcha-092327-order-*** | screenshots\2026-07\21-07-2026\diagnostics\portal-html-1-092327-order-***,El cupo dejo de estar disponible antes de completar la reserva.
***-111728-c3eb6d60,2026-07-21 11:17:58,order-***,unavailable,normal,LIMA-LA VICTORIA,15/08/2026,11:00,12,slot_lost,,,29.760,8.516,1.750,1.641,,,,,0.047,screenshots\2026-07\21-07-2026\portal-1-111728-order-***,screenshots\2026-07\21-07-2026\portal-1-111728-order-*** | screenshots\2026-07\21-07-2026\preenvio-1-111728-order-*** | screenshots\2026-07\21-07-2026\cupo-111728-order-*** | screenshots\2026-07\21-07-2026\captchas\captcha-111728-order-*** | screenshots\2026-07\21-07-2026\diagnostics\portal-html-1-111728-order-***,El cupo dejo de estar disponible antes de completar la reserva.
***-133209-461f1b01,2026-07-21 13:32:40,order-***,unavailable,normal,LIMA-LA VICTORIA,30/07/2026,08:00,23,slot_lost,,,31.297,8.125,1.735,1.437,,,,,0.046,screenshots\2026-07\21-07-2026\portal-1-133209-order-***,screenshots\2026-07\21-07-2026\portal-1-133209-order-*** | screenshots\2026-07\21-07-2026\preenvio-1-133209-order-*** | screenshots\2026-07\21-07-2026\cupo-133209-order-*** | screenshots\2026-07\21-07-2026\captchas\captcha-133209-order-*** | screenshots\2026-07\21-07-2026\diagnostics\portal-html-1-133209-order-***,El cupo dejo de estar disponible antes de completar la reserva.
***-141413-be5a3d2d,2026-07-21 14:14:45,order-***,registered,normal,LIMA-LA VICTORIA,18/08/2026,10:00,10,confirmed,portal_success_text,,31.547,7.218,1.703,1.375,,,,,0.047,screenshots\2026-07\21-07-2026\portal-1-141413-order-***,screenshots\2026-07\21-07-2026\portal-1-141413-order-*** | screenshots\2026-07\21-07-2026\preenvio-1-141413-order-*** | screenshots\2026-07\21-07-2026\cupo-141413-order-*** | screenshots\2026-07\21-07-2026\captchas\captcha-141413-order-*** | screenshots\2026-07\21-07-2026\diagnostics\portal-html-1-141413-order-***,La reserva fue confirmada por mensaje de exito del portal.
***-141515-4529f317,2026-07-21 14:15:41,order-***,unavailable,normal,LIMA-LA VICTORIA,18/08/2026,09:00,20,slot_lost,,,25.984,19.047,1.703,12.609,,,,,0.031,screenshots\2026-07\21-07-2026\portal-1-141515-order-***,screenshots\2026-07\21-07-2026\portal-1-141515-order-*** | screenshots\2026-07\21-07-2026\preenvio-1-141515-order-*** | screenshots\2026-07\21-07-2026\cupo-141515-order-*** | screenshots\2026-07\21-07-2026\captchas\captcha-141515-order-*** | screenshots\2026-07\21-07-2026\diagnostics\portal-html-1-141515-order-***,El cupo dejo de estar disponible antes de completar la reserva.
***-154549-85b4ecfd,2026-07-21 15:46:08,order-***,registered,normal,LIMA-LA VICTORIA,18/08/2026,12:00,15,confirmed,portal_success_text,http_403,19.237,7.641,1.735,1.687,,,,,0.047,screenshots\2026-07\21-07-2026\portal-1-154549-order-***,screenshots\2026-07\21-07-2026\portal-1-154549-order-*** | screenshots\2026-07\21-07-2026\preenvio-1-154549-order-*** | screenshots\2026-07\21-07-2026\cupo-154549-order-*** | screenshots\2026-07\21-07-2026\captchas\captcha-154549-order-*** | screenshots\2026-07\21-07-2026\diagnostics\portal-html-1-154549-order-***,La reserva fue confirmada por mensaje de exito del portal.
***-154608-a12c45b1,2026-07-21 15:46:24,order-***,registered,normal,LIMA-LA VICTORIA,18/08/2026,12:00,15,confirmed,portal_success_text,,15.695,7.625,1.796,1.531,,,,,0.047,screenshots\2026-07\21-07-2026\portal-1-154608-order-***,screenshots\2026-07\21-07-2026\portal-1-154608-order-*** | screenshots\2026-07\21-07-2026\preenvio-1-154608-order-*** | screenshots\2026-07\21-07-2026\cupo-154608-order-*** | screenshots\2026-07\21-07-2026\captchas\captcha-154608-order-*** | screenshots\2026-07\21-07-2026\diagnostics\portal-html-1-154608-order-***,La reserva fue confirmada por mensaje de exito del portal.
***-154625-cd775cc9,2026-07-21 15:46:42,order-***,registered,normal,LIMA-LA VICTORIA,18/08/2026,12:00,15,confirmed,portal_success_text,,16.420,7.922,1.750,1.469,,,,,0.094,screenshots\2026-07\21-07-2026\portal-1-154625-order-***,screenshots\2026-07\21-07-2026\portal-1-154625-order-*** | screenshots\2026-07\21-07-2026\preenvio-1-154625-order-*** | screenshots\2026-07\21-07-2026\cupo-154625-order-*** | screenshots\2026-07\21-07-2026\captchas\captcha-154625-order-*** | screenshots\2026-07\21-07-2026\diagnostics\portal-html-1-154625-order-***,La reserva fue confirmada por mensaje de exito del portal.
***-154643-3702f76e,2026-07-21 15:47:00,order-***,completed,normal,,24/07/2026 11:00,,,,,,17.739,,,,,,,,,screenshots\2026-07\21-07-2026\etapas-154643-order-***,screenshots\2026-07\21-07-2026\etapas-154643-order-***,La etapa Separa Cita Peritaje ya esta en estado Programado. No hay una cita pendiente por reservar.
***-102254-8d93db51,2026-07-22 10:23:52,order-***,registered,normal,LIMA-LA VICTORIA,18/08/2026,10:00,20,confirmed,portal_success_text,,57.708,12.640,1.703,7.187,,,,,0.047,screenshots\2026-07\22-07-2026\portal-1-102254-order-***,screenshots\2026-07\22-07-2026\portal-1-102254-order-*** | screenshots\2026-07\22-07-2026\preenvio-1-102254-order-*** | screenshots\2026-07\22-07-2026\cupo-102254-order-*** | screenshots\2026-07\22-07-2026\captchas\captcha-102254-order-*** | screenshots\2026-07\22-07-2026\diagnostics\portal-html-1-102254-order-***,La reserva fue confirmada por mensaje de exito del portal.
***-102352-49709d52,2026-07-22 10:24:07,order-***,registered,normal,LIMA-LA VICTORIA,18/08/2026,12:00,20,confirmed,portal_success_text,,15.133,6.890,1.703,1.422,,,,,0.032,screenshots\2026-07\22-07-2026\portal-1-102352-order-***,screenshots\2026-07\22-07-2026\portal-1-102352-order-*** | screenshots\2026-07\22-07-2026\preenvio-1-102352-order-*** | screenshots\2026-07\22-07-2026\cupo-102352-order-*** | screenshots\2026-07\22-07-2026\captchas\captcha-102352-order-*** | screenshots\2026-07\22-07-2026\diagnostics\portal-html-1-102352-order-***,La reserva fue confirmada por mensaje de exito del portal.
***-131211-a40ef75b,2026-07-22 13:12:56,order-***,partial,normal,LIMA-LA VICTORIA,03/08/2026,11:00,17,blocked_by_order_rule,,,45.228,2.687,1.765,,,,,,,screenshots\2026-07\22-07-2026\captchas\captcha-131211-order-***,screenshots\2026-07\22-07-2026\captchas\captcha-131211-order-***,"Se encontro un horario disponible, pero no cumple la regla de reserva de la orden."
***-132706-6f965116,2026-07-22 13:27:25,order-***,unavailable,normal,LIMA-LA VICTORIA,18/08/2026,08:00,25,slot_lost,,,19.056,13.656,1.687,7.094,,,,,0.047,screenshots\2026-07\22-07-2026\portal-1-132706-order-***,screenshots\2026-07\22-07-2026\portal-1-132706-order-*** | screenshots\2026-07\22-07-2026\preenvio-1-132706-order-*** | screenshots\2026-07\22-07-2026\cupo-132706-order-*** | screenshots\2026-07\22-07-2026\captchas\captcha-132706-order-*** | screenshots\2026-07\22-07-2026\diagnostics\portal-html-1-132706-order-***,El cupo dejo de estar disponible antes de completar la reserva.
***-132727-bb274d64,2026-07-22 13:27:42,order-***,registered,normal,LIMA-LA VICTORIA,18/08/2026,11:00,25,confirmed,portal_success_text,,14.741,7.688,1.688,1.297,,,,,0.360,screenshots\2026-07\22-07-2026\portal-1-132727-order-***,screenshots\2026-07\22-07-2026\portal-1-132727-order-*** | screenshots\2026-07\22-07-2026\preenvio-1-132727-order-*** | screenshots\2026-07\22-07-2026\cupo-132727-order-*** | screenshots\2026-07\22-07-2026\captchas\captcha-132727-order-*** | screenshots\2026-07\22-07-2026\diagnostics\portal-html-1-132727-order-***,La reserva fue confirmada por mensaje de exito del portal.
***-104846-c2450d88,2026-07-24 10:49:21,order-***,partial,normal,LIMA-LA VICTORIA,19/08/2026,11:00,5,blocked_by_order_rule,,,35.394,2.562,1.703,,,,,,,screenshots\2026-07\24-07-2026\captchas\captcha-104846-order-***,screenshots\2026-07\24-07-2026\captchas\captcha-104846-order-***,"Se encontro un horario disponible, pero no cumple la regla de reserva de la orden."
***-104923-5cad1b3a,2026-07-24 10:49:37,order-***,registered,normal,LIMA-LA VICTORIA,19/08/2026,11:00,5,confirmed,portal_success_text,,14.691,7.281,1.719,1.438,,,,,0.047,screenshots\2026-07\24-07-2026\portal-1-104923-order-***,screenshots\2026-07\24-07-2026\portal-1-104923-order-*** | screenshots\2026-07\24-07-2026\preenvio-1-104923-order-*** | screenshots\2026-07\24-07-2026\cupo-104923-order-*** | screenshots\2026-07\24-07-2026\captchas\captcha-104923-order-*** | screenshots\2026-07\24-07-2026\diagnostics\portal-html-1-104923-order-***,La reserva fue confirmada por mensaje de exito del portal.
***-104937-c53f1986,2026-07-24 10:49:51,order-***,registered,normal,LIMA-LA VICTORIA,19/08/2026,11:00,5,confirmed,portal_success_text,,13.692,6.875,1.687,1.313,,,,,0.031,screenshots\2026-07\24-07-2026\portal-1-104937-order-***,screenshots\2026-07\24-07-2026\portal-1-104937-order-*** | screenshots\2026-07\24-07-2026\preenvio-1-104937-order-*** | screenshots\2026-07\24-07-2026\cupo-104937-order-*** | screenshots\2026-07\24-07-2026\captchas\captcha-104937-order-*** | screenshots\2026-07\24-07-2026\diagnostics\portal-html-1-104937-order-***,La reserva fue confirmada por mensaje de exito del portal.
***-105206-01d8501e,2026-07-24 10:53:04,order-***,unavailable,normal,LIMA-LA VICTORIA,03/08/2026,11:00,21,slot_lost,,,57.591,7.500,1.703,1.281,,,,,0.063,screenshots\2026-07\24-07-2026\portal-1-105206-order-***,screenshots\2026-07\24-07-2026\portal-1-105206-order-*** | screenshots\2026-07\24-07-2026\preenvio-1-105206-order-*** | screenshots\2026-07\24-07-2026\cupo-105206-order-*** | screenshots\2026-07\24-07-2026\captchas\captcha-105206-order-*** | screenshots\2026-07\24-07-2026\diagnostics\portal-html-1-105206-order-***,El cupo dejo de estar disponible antes de completar la reserva.
***-105440-4c2453b9,2026-07-24 10:54:52,order-***,unavailable,normal,LIMA-LA VICTORIA,03/08/2026,12:00,7,slot_lost,,,12.413,7.703,1.688,1.438,,,,,0.063,screenshots\2026-07\24-07-2026\portal-1-105440-order-***,screenshots\2026-07\24-07-2026\portal-1-105440-order-*** | screenshots\2026-07\24-07-2026\preenvio-1-105440-order-*** | screenshots\2026-07\24-07-2026\cupo-105440-order-*** | screenshots\2026-07\24-07-2026\captchas\captcha-105440-order-*** | screenshots\2026-07\24-07-2026\diagnostics\portal-html-1-105440-order-***,El cupo dejo de estar disponible antes de completar la reserva.
***-105731-2780eb21,2026-07-24 10:57:51,order-***,unavailable,normal,LIMA-LA VICTORIA,03/08/2026,12:00,10,slot_lost,,,20.017,12.953,1.719,6.984,,,,,0.031,screenshots\2026-07\24-07-2026\portal-1-105731-order-***,screenshots\2026-07\24-07-2026\portal-1-105731-order-*** | screenshots\2026-07\24-07-2026\preenvio-1-105731-order-*** | screenshots\2026-07\24-07-2026\cupo-105731-order-*** | screenshots\2026-07\24-07-2026\captchas\captcha-105731-order-*** | screenshots\2026-07\24-07-2026\diagnostics\portal-html-1-105731-order-***,El cupo dejo de estar disponible antes de completar la reserva.
***-112934-f7f4b25d,2026-07-24 11:30:12,order-***,partial,normal,LIMA-LA VICTORIA,21/08/2026,12:00,10,blocked_by_order_rule,,,37.702,2.593,1.750,,,,,,,screenshots\2026-07\24-07-2026\captchas\captcha-112934-order-***,screenshots\2026-07\24-07-2026\captchas\captcha-112934-order-***,"Se encontro un horario disponible, pero no cumple la regla de reserva de la orden."
***-113013-***,2026-07-24 11:30:36,order-***,registered,normal,LIMA-LA VICTORIA,21/08/2026,12:00,10,confirmed,portal_success_text,http_403,22.615,13.000,1.703,7.172,,,,,0.047,screenshots\2026-07\24-07-2026\portal-1-113013-order-***,screenshots\2026-07\24-07-2026\portal-1-113013-order-*** | screenshots\2026-07\24-07-2026\preenvio-1-113013-order-*** | screenshots\2026-07\24-07-2026\cupo-113013-order-*** | screenshots\2026-07\24-07-2026\captchas\captcha-113013-order-*** | screenshots\2026-07\24-07-2026\diagnostics\portal-html-1-113013-order-***,La reserva fue confirmada por mensaje de exito del portal.
***-113036-21ac56e4,2026-07-24 11:30:50,order-***,registered,normal,LIMA-LA VICTORIA,21/08/2026,12:00,10,confirmed,portal_success_text,,14.195,6.890,1.672,1.359,,,,,0.047,screenshots\2026-07\24-07-2026\portal-1-113036-order-***,screenshots\2026-07\24-07-2026\portal-1-113036-order-*** | screenshots\2026-07\24-07-2026\preenvio-1-113036-order-*** | screenshots\2026-07\24-07-2026\cupo-113036-order-*** | screenshots\2026-07\24-07-2026\captchas\captcha-113036-order-*** | screenshots\2026-07\24-07-2026\diagnostics\portal-html-1-113036-order-***,La reserva fue confirmada por mensaje de exito del portal.
***-113051-***,2026-07-24 11:31:02,order-***,completed,normal,,21/08/2026 10:00,,,,,,11.431,,,,,,,,,screenshots\2026-07\24-07-2026\etapas-113051-order-***,screenshots\2026-07\24-07-2026\etapas-113051-order-***,La etapa Separa Cita Peritaje ya esta en estado Programado. No hay una cita pendiente por reservar.
***-121721-cfbb9b70,2026-07-24 12:17:31,order-***,partial,normal,LIMA-LA VICTORIA,03/08/2026,12:00,15,blocked_by_order_rule,,,9.461,2.593,1.718,,,,,,,screenshots\2026-07\24-07-2026\captchas\captcha-121721-order-***,screenshots\2026-07\24-07-2026\captchas\captcha-121721-order-***,"Se encontro un horario disponible, pero no cumple la regla de reserva de la orden."
***-134034-fd9ee7e9,2026-07-24 13:41:06,order-***,unavailable,normal,LIMA-LA VICTORIA,19/08/2026,08:00,20,slot_lost,,,32.405,13.485,1.688,7.032,,,,,0.047,screenshots\2026-07\24-07-2026\portal-1-134034-order-***,screenshots\2026-07\24-07-2026\portal-1-134034-order-*** | screenshots\2026-07\24-07-2026\preenvio-1-134034-order-*** | screenshots\2026-07\24-07-2026\cupo-134034-order-*** | screenshots\2026-07\24-07-2026\captchas\captcha-134034-order-*** | screenshots\2026-07\24-07-2026\diagnostics\portal-html-1-134034-order-***,El cupo dejo de estar disponible antes de completar la reserva.
***-134426-412e678a,2026-07-24 13:45:19,order-***,partial,normal,LIMA-LA VICTORIA,19/08/2026,09:00,20,blocked_by_order_rule,,,52.893,2.562,1.718,,,,,,,screenshots\2026-07\24-07-2026\captchas\captcha-134426-order-***,screenshots\2026-07\24-07-2026\captchas\captcha-134426-order-***,"Se encontro un horario disponible, pero no cumple la regla de reserva de la orden."
***-143143-ec0dc07f,2026-07-24 14:31:52,order-***,partial,normal,LIMA-LA VICTORIA,19/08/2026,10:00,10,blocked_by_order_rule,,,9.080,2.484,1.671,,,,,,,screenshots\2026-07\24-07-2026\captchas\captcha-143143-order-***,screenshots\2026-07\24-07-2026\captchas\captcha-143143-order-***,"Se encontro un horario disponible, pero no cumple la regla de reserva de la orden."
***-143153-78407dbd,2026-07-24 14:32:06,order-***,unavailable,normal,LIMA-LA VICTORIA,19/08/2026,10:00,10,slot_lost,,,12.421,7.969,1.703,1.531,,,,,0.047,screenshots\2026-07\24-07-2026\portal-1-143153-order-***,screenshots\2026-07\24-07-2026\portal-1-143153-order-*** | screenshots\2026-07\24-07-2026\preenvio-1-143153-order-*** | screenshots\2026-07\24-07-2026\cupo-143153-order-*** | screenshots\2026-07\24-07-2026\captchas\captcha-143153-order-*** | screenshots\2026-07\24-07-2026\diagnostics\portal-html-1-143153-order-***,El cupo dejo de estar disponible antes de completar la reserva.
***-143209-737523a0,2026-07-24 14:32:44,order-***,registered,normal,LIMA-LA VICTORIA,19/08/2026,11:00,10,confirmed,portal_success_text,,35.278,6.969,1.688,1.484,,,,,0.031,screenshots\2026-07\24-07-2026\portal-1-143209-order-***,screenshots\2026-07\24-07-2026\portal-1-143209-order-*** | screenshots\2026-07\24-07-2026\preenvio-1-143209-order-*** | screenshots\2026-07\24-07-2026\cupo-143209-order-*** | screenshots\2026-07\24-07-2026\captchas\captcha-143209-order-*** | screenshots\2026-07\24-07-2026\diagnostics\portal-html-1-143209-order-***,La reserva fue confirmada por mensaje de exito del portal.
***-165016-c5a632e5,2026-07-24 16:51:20,order-***,registered,normal,LIMA-LA VICTORIA,19/08/2026,11:00,20,confirmed,portal_success_text,,64.081,6.953,1.703,1.328,,,,,0.047,screenshots\2026-07\24-07-2026\portal-1-165016-order-***,screenshots\2026-07\24-07-2026\portal-1-165016-order-*** | screenshots\2026-07\24-07-2026\preenvio-1-165016-order-*** | screenshots\2026-07\24-07-2026\cupo-165016-order-*** | screenshots\2026-07\24-07-2026\captchas\captcha-165016-order-*** | screenshots\2026-07\24-07-2026\diagnostics\portal-html-1-165016-order-***,La reserva fue confirmada por mensaje de exito del portal.
***-165121-127963f6,2026-07-24 16:51:35,order-***,registered,normal,LIMA-LA VICTORIA,19/08/2026,12:00,20,confirmed,portal_success_text,,14.153,7.062,1.687,1.297,,,,,0.047,screenshots\2026-07\24-07-2026\portal-1-165121-order-***,screenshots\2026-07\24-07-2026\portal-1-165121-order-*** | screenshots\2026-07\24-07-2026\preenvio-1-165121-order-*** | screenshots\2026-07\24-07-2026\cupo-165121-order-*** | screenshots\2026-07\24-07-2026\captchas\captcha-165121-order-*** | screenshots\2026-07\24-07-2026\diagnostics\portal-html-1-165121-order-***,La reserva fue confirmada por mensaje de exito del portal.
***-165136-eed14fba,2026-07-24 16:51:55,order-***,registered,normal,LIMA-LA VICTORIA,19/08/2026,12:00,20,confirmed,portal_success_text,,19.150,11.593,1.703,1.312,,,,,0.031,screenshots\2026-07\24-07-2026\portal-2-165136-order-***,screenshots\2026-07\24-07-2026\portal-2-165136-order-*** | screenshots\2026-07\24-07-2026\preenvio-1-165136-order-*** | screenshots\2026-07\24-07-2026\portal-1-165136-order-*** | screenshots\2026-07\24-07-2026\preenvio-2-165136-order-*** | screenshots\2026-07\24-07-2026\cupo-165136-order-*** | screenshots\2026-07\24-07-2026\captchas\captcha-165136-order-*** | screenshots\2026-07\24-07-2026\captchas\captcha-165136-order-*** | screenshots\2026-07\24-07-2026\diagnostics\portal-html-1-165136-order-*** | screenshots\2026-07\24-07-2026\diagnostics\portal-html-2-165136-order-***,La reserva fue confirmada por mensaje de exito del portal.
***-172238-98f27373,2026-07-24 17:22:50,order-***,completed,normal,,12/08/2026 12:00,,,,,,11.672,,,,,,,,,screenshots\2026-07\24-07-2026\etapas-172238-order-***,screenshots\2026-07\24-07-2026\etapas-172238-order-***,La etapa Separa Cita Peritaje ya esta en estado Programado. No hay una cita pendiente por reservar.
***-082527-67638b9a,2026-07-25 08:26:12,order-***,registered,normal,LIMA-LA VICTORIA,20/08/2026,10:00,20,confirmed,portal_success_text,,45.045,6.750,1.672,1.266,,,,,0.047,screenshots\2026-07\25-07-2026\portal-1-082527-order-***,screenshots\2026-07\25-07-2026\portal-1-082527-order-*** | screenshots\2026-07\25-07-2026\preenvio-1-082527-order-*** | screenshots\2026-07\25-07-2026\cupo-082527-order-*** | screenshots\2026-07\25-07-2026\captchas\captcha-082527-order-*** | screenshots\2026-07\25-07-2026\diagnostics\portal-html-1-082527-order-***,La reserva fue confirmada por mensaje de exito del portal.
***-082612-17173c61,2026-07-25 08:26:33,order-***,registered,normal,LIMA-LA VICTORIA,20/08/2026,12:00,20,confirmed,portal_success_text,,20.795,12.500,1.688,6.922,,,,,0.047,screenshots\2026-07\25-07-2026\portal-1-082612-order-***,screenshots\2026-07\25-07-2026\portal-1-082612-order-*** | screenshots\2026-07\25-07-2026\preenvio-1-082612-order-*** | screenshots\2026-07\25-07-2026\cupo-082612-order-*** | screenshots\2026-07\25-07-2026\captchas\captcha-082612-order-*** | screenshots\2026-07\25-07-2026\diagnostics\portal-html-1-082612-order-***,La reserva fue confirmada por mensaje de exito del portal.
***-082634-23f3bec7,2026-07-25 08:26:48,order-***,registered,normal,LIMA-LA VICTORIA,20/08/2026,12:00,20,confirmed,portal_success_text,,13.490,6.719,1.688,1.250,,,,,0.063,screenshots\2026-07\25-07-2026\portal-1-082634-order-***,screenshots\2026-07\25-07-2026\portal-1-082634-order-*** | screenshots\2026-07\25-07-2026\preenvio-1-082634-order-*** | screenshots\2026-07\25-07-2026\cupo-082634-order-*** | screenshots\2026-07\25-07-2026\captchas\captcha-082634-order-*** | screenshots\2026-07\25-07-2026\diagnostics\portal-html-1-082634-order-***,La reserva fue confirmada por mensaje de exito del portal.
observer-***-082719-11d9618d,2026-07-25 08:27:37,,available,normal,LIMA-LA VICTORIA,20/08/2026,12:00,20,,,,17.254,,,,,,,,,screenshots\2026-07\25-07-2026\observer-cupo-640e42.png,screenshots\2026-07\25-07-2026\observer-cupo-640e42.png,Se seleccionaron una fecha y una hora disponibles.
observer-***-082737-71de753e,2026-07-25 08:27:47,,available,normal,LIMA-LA VICTORIA,20/08/2026,12:00,20,,,,10.639,,,,,,,,,,,Se seleccionaron una fecha y una hora disponibles.
observer-***-082748-3172f0c4,2026-07-25 08:28:05,,available,normal,LIMA-LA VICTORIA,20/08/2026,12:00,20,,,,17.378,,,,,,,,,screenshots\2026-07\25-07-2026\observer-cupo-4f4ef3.png,screenshots\2026-07\25-07-2026\observer-cupo-4f4ef3.png,Se seleccionaron una fecha y una hora disponibles.
observer-***-082806-9e456b5b,2026-07-25 08:28:16,,available,normal,LIMA-LA VICTORIA,20/08/2026,12:00,20,,,,10.769,,,,,,,,,,,Se seleccionaron una fecha y una hora disponibles.
observer-***-082817-258c2888,2026-07-25 08:28:33,,available,normal,LIMA-LA VICTORIA,20/08/2026,12:00,20,,,,16.293,,,,,,,,,screenshots\2026-07\25-07-2026\observer-cupo-7e877f.png,screenshots\2026-07\25-07-2026\observer-cupo-7e877f.png,Se seleccionaron una fecha y una hora disponibles.
***-091811-efb3c396,2026-07-25 09:18:57,order-***,unavailable,normal,LIMA-LA VICTORIA,19/08/2026,08:00,23,slot_lost,,,46.684,7.594,1.672,1.391,,,,,0.047,screenshots\2026-07\25-07-2026\portal-1-091811-order-***,screenshots\2026-07\25-07-2026\portal-1-091811-order-*** | screenshots\2026-07\25-07-2026\preenvio-1-091811-order-*** | screenshots\2026-07\25-07-2026\cupo-091811-order-*** | screenshots\2026-07\25-07-2026\captchas\captcha-091811-order-*** | screenshots\2026-07\25-07-2026\diagnostics\portal-html-1-091811-order-***,El cupo dejo de estar disponible antes de completar la reserva.
***-091952-5d153186,2026-07-25 09:20:39,order-***,unavailable,normal,LIMA-LA VICTORIA,19/08/2026,09:00,22,slot_lost,,,47.588,13.062,1.719,6.890,,,,,0.063,screenshots\2026-07\25-07-2026\portal-1-091952-order-***,screenshots\2026-07\25-07-2026\portal-1-091952-order-*** | screenshots\2026-07\25-07-2026\preenvio-1-091952-order-*** | screenshots\2026-07\25-07-2026\cupo-091952-order-*** | screenshots\2026-07\25-07-2026\captchas\captcha-091952-order-*** | screenshots\2026-07\25-07-2026\diagnostics\portal-html-1-091952-order-***,El cupo dejo de estar disponible antes de completar la reserva.
***-100507-c37260da,2026-07-27 10:05:56,order-***,partial,normal,LIMA-LA VICTORIA,27/07/2026,11:00,20,blocked_by_order_rule,,,49.388,2.953,2.047,,,,,,,screenshots\2026-07\27-07-2026\captchas\captcha-100507-order-***,screenshots\2026-07\27-07-2026\captchas\captcha-100507-order-***,"Se encontro un horario disponible, pero no cumple la regla de reserva de la orden."
***-120544-f3d00a66,2026-07-27 12:06:44,order-***,unavailable,normal,LIMA-LA VICTORIA,21/08/2026,08:00,17,slot_lost,,,59.652,7.734,1.703,1.719,,,,,0.047,screenshots\2026-07\27-07-2026\portal-1-120544-order-***,screenshots\2026-07\27-07-2026\portal-1-120544-order-*** | screenshots\2026-07\27-07-2026\preenvio-1-120544-order-*** | screenshots\2026-07\27-07-2026\cupo-120544-order-*** | screenshots\2026-07\27-07-2026\captchas\captcha-120544-order-*** | screenshots\2026-07\27-07-2026\diagnostics\portal-html-1-120544-order-***,El cupo dejo de estar disponible antes de completar la reserva.
***-120646-41578dcc,2026-07-27 12:06:59,order-***,unavailable,normal,LIMA-LA VICTORIA,21/08/2026,08:00,20,slot_lost,,,13.581,7.610,1.688,1.297,,,,,0.063,screenshots\2026-07\27-07-2026\portal-1-120646-order-***,screenshots\2026-07\27-07-2026\portal-1-120646-order-*** | screenshots\2026-07\27-07-2026\preenvio-1-120646-order-*** | screenshots\2026-07\27-07-2026\cupo-120646-order-*** | screenshots\2026-07\27-07-2026\captchas\captcha-120646-order-*** | screenshots\2026-07\27-07-2026\diagnostics\portal-html-1-120646-order-***,El cupo dejo de estar disponible antes de completar la reserva.
***-120702-3317625b,2026-07-27 12:07:34,order-***,unavailable,normal,LIMA-LA VICTORIA,22/08/2026,08:00,5,slot_lost,,,32.073,13.391,1.672,6.969,,,,,0.047,screenshots\2026-07\27-07-2026\portal-1-120702-order-***,screenshots\2026-07\27-07-2026\portal-1-120702-order-*** | screenshots\2026-07\27-07-2026\preenvio-1-120702-order-*** | screenshots\2026-07\27-07-2026\cupo-120702-order-*** | screenshots\2026-07\27-07-2026\captchas\captcha-120702-order-*** | screenshots\2026-07\27-07-2026\diagnostics\portal-html-1-120702-order-***,El cupo dejo de estar disponible antes de completar la reserva.
***-124057-070d2e3c,2026-07-27 12:41:13,order-***,unavailable,normal,LIMA-LA VICTORIA,22/08/2026,08:00,10,slot_lost,,,15.179,8.469,1.750,1.562,,,,,0.078,screenshots\2026-07\27-07-2026\portal-1-124057-order-***,screenshots\2026-07\27-07-2026\portal-1-124057-order-*** | screenshots\2026-07\27-07-2026\preenvio-1-124057-order-*** | screenshots\2026-07\27-07-2026\cupo-124057-order-*** | screenshots\2026-07\27-07-2026\captchas\captcha-124057-order-*** | screenshots\2026-07\27-07-2026\diagnostics\portal-html-1-124057-order-***,El cupo dejo de estar disponible antes de completar la reserva.
***-102708-***,2026-07-30 10:28:02,order-***,unavailable,normal,LIMA-LA VICTORIA,22/08/2026,09:00,5,slot_lost,,,53.555,13.844,1.687,7.407,,,,,0.047,screenshots\2026-07\30-07-2026\portal-1-102708-order-***,screenshots\2026-07\30-07-2026\portal-1-102708-order-*** | screenshots\2026-07\30-07-2026\preenvio-1-102708-order-*** | screenshots\2026-07\30-07-2026\cupo-102708-order-*** | screenshots\2026-07\30-07-2026\captchas\captcha-102708-order-*** | screenshots\2026-07\30-07-2026\diagnostics\portal-html-1-102708-order-***,El cupo dejo de estar disponible antes de completar la reserva.
***-115019-a34300dc,2026-07-30 11:51:26,order-***,registered,normal,LIMA-LA VICTORIA,24/08/2026,09:00,10,confirmed,portal_success_text,,66.456,9.860,1.954,2.359,,,,,0.156,screenshots\2026-07\30-07-2026\portal-1-115019-order-***,screenshots\2026-07\30-07-2026\portal-1-115019-order-*** | screenshots\2026-07\30-07-2026\preenvio-1-115019-order-*** | screenshots\2026-07\30-07-2026\cupo-115019-order-*** | screenshots\2026-07\30-07-2026\captchas\captcha-115019-order-*** | screenshots\2026-07\30-07-2026\diagnostics\portal-html-1-115019-order-***,La reserva fue confirmada por mensaje de exito del portal.
***-115126-173c2ea1,2026-07-30 11:51:42,order-***,registered,normal,LIMA-LA VICTORIA,24/08/2026,11:00,10,confirmed,portal_success_text,,15.577,7.703,1.703,1.563,,,,,0.156,screenshots\2026-07\30-07-2026\portal-1-115126-order-***,screenshots\2026-07\30-07-2026\portal-1-115126-order-*** | screenshots\2026-07\30-07-2026\preenvio-1-115126-order-*** | screenshots\2026-07\30-07-2026\cupo-115126-order-*** | screenshots\2026-07\30-07-2026\captchas\captcha-115126-order-*** | screenshots\2026-07\30-07-2026\diagnostics\portal-html-1-115126-order-***,La reserva fue confirmada por mensaje de exito del portal.
***-134632-c125dc80,2026-07-30 13:46:41,order-***,partial,normal,LIMA-LA VICTORIA,22/08/2026,09:00,10,priority_deferred,,,8.937,3.172,1.688,,,,,,,screenshots\2026-07\30-07-2026\captchas\captcha-134632-order-***,screenshots\2026-07\30-07-2026\captchas\captcha-134632-order-*** | screenshots\2026-07\30-07-2026\cupo-134632-order-***,Reserva diferida porque hay una orden de mayor prioridad lista.
***-135025-049132e4,2026-07-30 13:51:24,order-***,unavailable,normal,LIMA-LA VICTORIA,24/08/2026,08:00,20,slot_lost,,,59.139,25.000,1.703,18.406,,,,,0.031,screenshots\2026-07\30-07-2026\portal-1-135025-order-***,screenshots\2026-07\30-07-2026\portal-1-135025-order-*** | screenshots\2026-07\30-07-2026\preenvio-1-135025-order-*** | screenshots\2026-07\30-07-2026\cupo-135025-order-*** | screenshots\2026-07\30-07-2026\captchas\captcha-135025-order-*** | screenshots\2026-07\30-07-2026\diagnostics\portal-html-1-135025-order-***,El cupo dejo de estar disponible antes de completar la reserva.
***-093353-b4d76626,2026-07-31 09:34:17,order-***,unavailable,normal,LIMA-LA VICTORIA,13/08/2026,12:00,20,slot_lost,,,23.409,6.984,1.687,1.407,,,,,0.047,screenshots\2026-07\31-07-2026\portal-1-093353-order-***,screenshots\2026-07\31-07-2026\portal-1-093353-order-*** | screenshots\2026-07\31-07-2026\preenvio-1-093353-order-*** | screenshots\2026-07\31-07-2026\cupo-093353-order-*** | screenshots\2026-07\31-07-2026\captchas\captcha-093353-order-*** | screenshots\2026-07\31-07-2026\diagnostics\portal-html-1-093353-order-***,El cupo dejo de estar disponible antes de completar la reserva.
***-093504-3f2ce54f,2026-07-31 09:35:46,order-***,unavailable,normal,LIMA-LA VICTORIA,07/08/2026,12:00,20,slot_lost,,,42.552,12.657,1.672,6.860,,,,,0.031,screenshots\2026-07\31-07-2026\portal-1-093504-order-***,screenshots\2026-07\31-07-2026\portal-1-093504-order-*** | screenshots\2026-07\31-07-2026\preenvio-1-093504-order-*** | screenshots\2026-07\31-07-2026\cupo-093504-order-*** | screenshots\2026-07\31-07-2026\captchas\captcha-093504-order-*** | screenshots\2026-07\31-07-2026\diagnostics\portal-html-1-093504-order-***,El cupo dejo de estar disponible antes de completar la reserva.
***-114652-bb7b56f7,2026-07-31 11:47:34,order-***,unavailable,normal,LIMA-LA VICTORIA,03/08/2026,08:00,22,slot_lost,,,41.635,9.547,1.875,1.765,,,,,0.063,screenshots\2026-07\31-07-2026\portal-1-114652-order-***,screenshots\2026-07\31-07-2026\portal-1-114652-order-*** | screenshots\2026-07\31-07-2026\preenvio-1-114652-order-*** | screenshots\2026-07\31-07-2026\cupo-114652-order-*** | screenshots\2026-07\31-07-2026\captchas\captcha-114652-order-*** | screenshots\2026-07\31-07-2026\diagnostics\portal-html-1-114652-order-***,El cupo dejo de estar disponible antes de completar la reserva.
***-114737-49cc9fe6,2026-07-31 11:47:58,order-***,partial,normal,LIMA-LA VICTORIA,03/08/2026,11:00,25,blocked_by_order_rule,,,21.621,3.140,2.218,,,,,,,screenshots\2026-07\31-07-2026\captchas\captcha-114737-order-***,screenshots\2026-07\31-07-2026\captchas\captcha-114737-order-***,"Se encontro un horario disponible, pero no cumple la regla de reserva de la orden."
***-131946-b10145d4,2026-07-31 13:20:25,order-***,partial,normal,LIMA-LA VICTORIA,24/08/2026,10:00,20,blocked_by_order_rule,,,38.871,2.875,2.031,,,,,,,screenshots\2026-07\31-07-2026\captchas\captcha-131946-order-***,screenshots\2026-07\31-07-2026\captchas\captcha-131946-order-***,"Se encontro un horario disponible, pero no cumple la regla de reserva de la orden."
***-132026-4cf4c011,2026-07-31 13:20:51,order-***,error,normal,LIMA-LA VICTORIA,24/08/2026,10:00,20,captcha_invalid,,,24.938,16.719,1.750,1.562,,,,,0.047,screenshots\2026-07\31-07-2026\portal-2-132026-order-***,screenshots\2026-07\31-07-2026\portal-2-132026-order-*** | screenshots\2026-07\31-07-2026\preenvio-1-132026-order-*** | screenshots\2026-07\31-07-2026\portal-1-132026-order-*** | screenshots\2026-07\31-07-2026\preenvio-2-132026-order-*** | screenshots\2026-07\31-07-2026\cupo-132026-order-*** | screenshots\2026-07\31-07-2026\captchas\captcha-132026-order-*** | screenshots\2026-07\31-07-2026\captchas\captcha-132026-order-*** | screenshots\2026-07\31-07-2026\diagnostics\portal-html-1-132026-order-*** | screenshots\2026-07\31-07-2026\diagnostics\portal-html-2-132026-order-***,El portal rechazo el captcha de la reserva despues de reintentarlo.
***-145801-8abeb768,2026-07-31 14:58:10,order-***,partial,normal,LIMA-LA VICTORIA,03/08/2026,12:00,25,blocked_by_order_rule,,,9.342,2.922,2.063,,,,,,,screenshots\2026-07\31-07-2026\captchas\captcha-145801-order-***,screenshots\2026-07\31-07-2026\captchas\captcha-145801-order-***,"Se encontro un horario disponible, pero no cumple la regla de reserva de la orden."
***-145811-b3a54307,2026-07-31 14:58:24,order-***,unavailable,normal,LIMA-LA VICTORIA,03/08/2026,12:00,25,slot_lost,,,12.889,8.453,1.718,1.453,,,,,0.078,screenshots\2026-07\31-07-2026\portal-1-145811-order-***,screenshots\2026-07\31-07-2026\portal-1-145811-order-*** | screenshots\2026-07\31-07-2026\preenvio-1-145811-order-*** | screenshots\2026-07\31-07-2026\cupo-145811-order-*** | screenshots\2026-07\31-07-2026\captchas\captcha-145811-order-*** | screenshots\2026-07\31-07-2026\diagnostics\portal-html-1-145811-order-***,El cupo dejo de estar disponible antes de completar la reserva.
***-145912-fa55586e,2026-07-31 14:59:45,order-***,unavailable,normal,LIMA-LA VICTORIA,03/08/2026,08:00,24,slot_lost,,,32.700,13.484,1.734,7.062,,,,,0.047,screenshots\2026-07\31-07-2026\portal-1-145912-order-***,screenshots\2026-07\31-07-2026\portal-1-145912-order-*** | screenshots\2026-07\31-07-2026\preenvio-1-145912-order-*** | screenshots\2026-07\31-07-2026\cupo-145912-order-*** | screenshots\2026-07\31-07-2026\captchas\captcha-145912-order-*** | screenshots\2026-07\31-07-2026\diagnostics\portal-html-1-145912-order-***,El cupo dejo de estar disponible antes de completar la reserva.
***-150230-9cd8366f,2026-07-31 15:02:43,order-***,unavailable,normal,LIMA-LA VICTORIA,07/08/2026,11:00,23,slot_lost,,,12.774,8.078,1.750,1.359,,,,,0.047,screenshots\2026-07\31-07-2026\portal-1-150230-order-***,screenshots\2026-07\31-07-2026\portal-1-150230-order-*** | screenshots\2026-07\31-07-2026\preenvio-1-150230-order-*** | screenshots\2026-07\31-07-2026\cupo-150230-order-*** | screenshots\2026-07\31-07-2026\captchas\captcha-150230-order-*** | screenshots\2026-07\31-07-2026\diagnostics\portal-html-1-150230-order-***,El cupo dejo de estar disponible antes de completar la reserva.
***-153027-5288921a,2026-07-31 15:30:40,order-***,unavailable,normal,LIMA-LA VICTORIA,08/08/2026,10:00,13,slot_lost,,,12.305,7.906,1.703,1.453,,,,,0.063,screenshots\2026-07\31-07-2026\portal-1-153027-order-***,screenshots\2026-07\31-07-2026\portal-1-153027-order-*** | screenshots\2026-07\31-07-2026\preenvio-1-153027-order-*** | screenshots\2026-07\31-07-2026\cupo-153027-order-*** | screenshots\2026-07\31-07-2026\captchas\captcha-153027-order-*** | screenshots\2026-07\31-07-2026\diagnostics\portal-html-1-153027-order-***,El cupo dejo de estar disponible antes de completar la reserva.
