run_id,finished_at_lima,order_id,status,detection_origin,site,appointment_date,appointment_hour,slots,submission_outcome,confirmation_source,defense_signal,duration_seconds,total_from_available_seconds,selection_seconds,captcha_solver_seconds,captcha_field_fill_seconds,pre_click_validation_seconds,submission_intent_seconds,selection_stabilization_mode,click_to_portal_response_seconds,screenshot_path,evidence_paths,message
observer-***-073010-6f0aefac,2026-10-01 07:30:32,,available,normal,LIMA-LA VICTORIA,18/12/2026,08:00,20,,,,21.997,,,,,,,event_atomic,,screenshots\2026-10\01-10-2026\observer-cupo-084c22.png,screenshots\2026-10\01-10-2026\observer-cupo-084c22.png,Se seleccionaron una fecha y una hora disponibles.
observer-***-073104-1101df02,2026-10-01 07:31:24,,available,normal,LIMA-LA VICTORIA,18/12/2026,08:00,20,,,,19.961,,,,,,,event_atomic,,screenshots\2026-10\01-10-2026\observer-cupo-9ed7c8.png,screenshots\2026-10\01-10-2026\observer-cupo-9ed7c8.png,Se seleccionaron una fecha y una hora disponibles.
observer-***-073154-d77f10c5,2026-10-01 07:32:14,,available,normal,LIMA-LA VICTORIA,18/12/2026,08:00,20,,,,19.858,,,,,,,event_atomic,,screenshots\2026-10\01-10-2026\observer-cupo-bb9a38.png,screenshots\2026-10\01-10-2026\observer-cupo-bb9a38.png,Se seleccionaron una fecha y una hora disponibles.
observer-***-073244-f7799ea5,2026-10-01 07:33:04,,available,normal,LIMA-LA VICTORIA,18/12/2026,08:00,20,,,,19.862,,,,,,,event_atomic,,screenshots\2026-10\01-10-2026\observer-cupo-b64193.png,screenshots\2026-10\01-10-2026\observer-cupo-b64193.png,Se seleccionaron una fecha y una hora disponibles.
observer-***-073334-b8c63eca,2026-10-01 07:33:55,,available,normal,LIMA-LA VICTORIA,18/12/2026,08:00,20,,,,20.716,,,,,,,event_atomic,,screenshots\2026-10\01-10-2026\observer-cupo-80a4b1.png,screenshots\2026-10\01-10-2026\observer-cupo-80a4b1.png,Se seleccionaron una fecha y una hora disponibles.
observer-***-073425-***,2026-10-01 07:34:44,,available,normal,LIMA-LA VICTORIA,18/12/2026,08:00,20,,,,19.571,,,,,,,event_atomic,,screenshots\2026-10\01-10-2026\observer-cupo-a9d19f.png,screenshots\2026-10\01-10-2026\observer-cupo-a9d19f.png,Se seleccionaron una fecha y una hora disponibles.
observer-***-073514-14d4ce9d,2026-10-01 07:35:34,,available,normal,LIMA-LA VICTORIA,18/12/2026,08:00,20,,,,19.989,,,,,,,event_atomic,,screenshots\2026-10\01-10-2026\observer-cupo-f503ff.png,screenshots\2026-10\01-10-2026\observer-cupo-f503ff.png,Se seleccionaron una fecha y una hora disponibles.
observer-***-073604-42a15d64,2026-10-01 07:36:25,,available,normal,LIMA-LA VICTORIA,18/12/2026,08:00,20,,,,20.063,,,,,,,event_atomic,,screenshots\2026-10\01-10-2026\observer-cupo-16792d.png,screenshots\2026-10\01-10-2026\observer-cupo-16792d.png,Se seleccionaron una fecha y una hora disponibles.
observer-***-073655-cd6d0ab9,2026-10-01 07:37:15,,available,normal,LIMA-LA VICTORIA,18/12/2026,08:00,20,,,,20.265,,,,,,,event_atomic,,screenshots\2026-10\01-10-2026\observer-cupo-f7a2a4.png,screenshots\2026-10\01-10-2026\observer-cupo-f7a2a4.png,Se seleccionaron una fecha y una hora disponibles.
observer-***-073745-b8cd6486,2026-10-01 07:38:05,,available,normal,LIMA-LA VICTORIA,18/12/2026,08:00,20,,,,19.917,,,,,,,event_atomic,,screenshots\2026-10\01-10-2026\observer-cupo-1f0086.png,screenshots\2026-10\01-10-2026\observer-cupo-1f0086.png,Se seleccionaron una fecha y una hora disponibles.
observer-***-073835-9d653822,2026-10-01 07:38:56,,available,normal,LIMA-LA VICTORIA,18/12/2026,08:00,20,,,,20.455,,,,,,,event_atomic,,screenshots\2026-10\01-10-2026\observer-cupo-89379b.png,screenshots\2026-10\01-10-2026\observer-cupo-89379b.png,Se seleccionaron una fecha y una hora disponibles.
observer-***-073926-9ec100f1,2026-10-01 07:39:46,,available,normal,LIMA-LA VICTORIA,18/12/2026,08:00,20,,,,20.111,,,,,,,event_atomic,,screenshots\2026-10\01-10-2026\observer-cupo-a2bb52.png,screenshots\2026-10\01-10-2026\observer-cupo-a2bb52.png,Se seleccionaron una fecha y una hora disponibles.
observer-***-074016-f84cf169,2026-10-01 07:40:36,,available,normal,LIMA-LA VICTORIA,18/12/2026,08:00,20,,,,20.181,,,,,,,event_atomic,,screenshots\2026-10\01-10-2026\observer-cupo-6a24e6.png,screenshots\2026-10\01-10-2026\observer-cupo-6a24e6.png,Se seleccionaron una fecha y una hora disponibles.
observer-***-074106-e8131c61,2026-10-01 07:41:26,,available,normal,LIMA-LA VICTORIA,18/12/2026,08:00,20,,,,19.789,,,,,,,event_atomic,,screenshots\2026-10\01-10-2026\observer-cupo-957e38.png,screenshots\2026-10\01-10-2026\observer-cupo-957e38.png,Se seleccionaron una fecha y una hora disponibles.
observer-***-074156-fc9cf8bd,2026-10-01 07:42:17,,available,normal,LIMA-LA VICTORIA,18/12/2026,08:00,20,,,,20.874,,,,,,,event_atomic,,screenshots\2026-10\01-10-2026\observer-cupo-f43808.png,screenshots\2026-10\01-10-2026\observer-cupo-f43808.png,Se seleccionaron una fecha y una hora disponibles.
observer-***-074247-b3e3a381,2026-10-01 07:43:07,,available,normal,LIMA-LA VICTORIA,18/12/2026,08:00,20,,,,19.607,,,,,,,event_atomic,,screenshots\2026-10\01-10-2026\observer-cupo-51e4e5.png,screenshots\2026-10\01-10-2026\observer-cupo-51e4e5.png,Se seleccionaron una fecha y una hora disponibles.
observer-***-074337-53ff3ef9,2026-10-01 07:43:51,,available,normal,LIMA-LA VICTORIA,18/12/2026,08:00,20,,,,14.576,,,,,,,event_atomic,,screenshots\2026-10\01-10-2026\observer-cupo-492509.png,screenshots\2026-10\01-10-2026\observer-cupo-492509.png,Se seleccionaron una fecha y una hora disponibles.
observer-***-074421-6bd1ab80,2026-10-01 07:44:36,,available,normal,LIMA-LA VICTORIA,18/12/2026,08:00,20,,,,14.892,,,,,,,event_atomic,,screenshots\2026-10\01-10-2026\observer-cupo-c7e148.png,screenshots\2026-10\01-10-2026\observer-cupo-c7e148.png,Se seleccionaron una fecha y una hora disponibles.
observer-***-074506-1a9d315c,2026-10-01 07:45:22,,available,normal,LIMA-LA VICTORIA,18/12/2026,08:00,20,,,,15.508,,,,,,,event_atomic,,screenshots\2026-10\01-10-2026\observer-cupo-c4ea9b.png,screenshots\2026-10\01-10-2026\observer-cupo-c4ea9b.png,Se seleccionaron una fecha y una hora disponibles.
observer-***-074552-a3645dfa,2026-10-01 07:46:06,,available,normal,LIMA-LA VICTORIA,18/12/2026,08:00,20,,,,14.408,,,,,,,event_atomic,,screenshots\2026-10\01-10-2026\observer-cupo-3aa121.png,screenshots\2026-10\01-10-2026\observer-cupo-3aa121.png,Se seleccionaron una fecha y una hora disponibles.
observer-***-074637-c7d31c94,2026-10-01 07:46:51,,available,normal,LIMA-LA VICTORIA,18/12/2026,08:00,20,,,,14.600,,,,,,,event_atomic,,screenshots\2026-10\01-10-2026\observer-cupo-8b354d.png,screenshots\2026-10\01-10-2026\observer-cupo-8b354d.png,Se seleccionaron una fecha y una hora disponibles.
observer-***-074721-9ff678d2,2026-10-01 07:47:36,,available,normal,LIMA-LA VICTORIA,18/12/2026,08:00,20,,,,14.675,,,,,,,event_atomic,,screenshots\2026-10\01-10-2026\observer-cupo-501be3.png,screenshots\2026-10\01-10-2026\observer-cupo-501be3.png,Se seleccionaron una fecha y una hora disponibles.
observer-***-074806-c2a58930,2026-10-01 07:48:21,,available,normal,LIMA-LA VICTORIA,18/12/2026,08:00,20,,,,14.803,,,,,,,event_atomic,,screenshots\2026-10\01-10-2026\observer-cupo-0ea2d2.png,screenshots\2026-10\01-10-2026\observer-cupo-0ea2d2.png,Se seleccionaron una fecha y una hora disponibles.
observer-***-074851-a85899d8,2026-10-01 07:49:06,,available,normal,LIMA-LA VICTORIA,18/12/2026,08:00,20,,,,14.679,,,,,,,event_atomic,,screenshots\2026-10\01-10-2026\observer-cupo-6d9b82.png,screenshots\2026-10\01-10-2026\observer-cupo-6d9b82.png,Se seleccionaron una fecha y una hora disponibles.
observer-***-074936-08fa1aac,2026-10-01 07:49:51,,available,normal,LIMA-LA VICTORIA,18/12/2026,08:00,20,,,,15.167,,,,,,,event_atomic,,screenshots\2026-10\01-10-2026\observer-cupo-d22f75.png,screenshots\2026-10\01-10-2026\observer-cupo-d22f75.png,Se seleccionaron una fecha y una hora disponibles.
observer-***-075021-493550a7,2026-10-01 07:50:36,,available,normal,LIMA-LA VICTORIA,18/12/2026,08:00,20,,,,14.976,,,,,,,event_atomic,,screenshots\2026-10\01-10-2026\observer-cupo-fc191b.png,screenshots\2026-10\01-10-2026\observer-cupo-fc191b.png,Se seleccionaron una fecha y una hora disponibles.
observer-***-075106-f6103fdf,2026-10-01 07:51:22,,available,normal,LIMA-LA VICTORIA,18/12/2026,08:00,20,,,,15.754,,,,,,,event_atomic,,screenshots\2026-10\01-10-2026\observer-cupo-31e9ff.png,screenshots\2026-10\01-10-2026\observer-cupo-31e9ff.png,Se seleccionaron una fecha y una hora disponibles.
observer-***-075152-c0ecd0ff,2026-10-01 07:52:07,,available,normal,LIMA-LA VICTORIA,18/12/2026,08:00,20,,,,14.645,,,,,,,event_atomic,,screenshots\2026-10\01-10-2026\observer-cupo-5f053e.png,screenshots\2026-10\01-10-2026\observer-cupo-5f053e.png,Se seleccionaron una fecha y una hora disponibles.
observer-***-075237-efa27197,2026-10-01 07:52:51,,available,normal,LIMA-LA VICTORIA,18/12/2026,08:00,20,,,,14.320,,,,,,,event_atomic,,screenshots\2026-10\01-10-2026\observer-cupo-309c6a.png,screenshots\2026-10\01-10-2026\observer-cupo-309c6a.png,Se seleccionaron una fecha y una hora disponibles.
observer-***-075321-5f4b204f,2026-10-01 07:53:36,,available,normal,LIMA-LA VICTORIA,18/12/2026,08:00,20,,,,14.857,,,,,,,event_atomic,,screenshots\2026-10\01-10-2026\observer-cupo-72b08e.png,screenshots\2026-10\01-10-2026\observer-cupo-72b08e.png,Se seleccionaron una fecha y una hora disponibles.
observer-***-075406-ec3d17e9,2026-10-01 07:54:21,,available,normal,LIMA-LA VICTORIA,18/12/2026,08:00,20,,,,14.367,,,,,,,event_atomic,,screenshots\2026-10\01-10-2026\observer-cupo-628b31.png,screenshots\2026-10\01-10-2026\observer-cupo-628b31.png,Se seleccionaron una fecha y una hora disponibles.
observer-***-075451-feec2a2a,2026-10-01 07:55:05,,available,normal,LIMA-LA VICTORIA,18/12/2026,08:00,20,,,,14.770,,,,,,,event_atomic,,screenshots\2026-10\01-10-2026\observer-cupo-bd062d.png,screenshots\2026-10\01-10-2026\observer-cupo-bd062d.png,Se seleccionaron una fecha y una hora disponibles.
observer-***-075535-297ec559,2026-10-01 07:55:51,,available,normal,LIMA-LA VICTORIA,18/12/2026,08:00,20,,,,15.043,,,,,,,event_atomic,,screenshots\2026-10\01-10-2026\observer-cupo-86739e.png,screenshots\2026-10\01-10-2026\observer-cupo-86739e.png,Se seleccionaron una fecha y una hora disponibles.
observer-***-075621-8be392a1,2026-10-01 07:56:35,,available,normal,LIMA-LA VICTORIA,18/12/2026,08:00,20,,,,14.312,,,,,,,event_atomic,,screenshots\2026-10\01-10-2026\observer-cupo-67d663.png,screenshots\2026-10\01-10-2026\observer-cupo-67d663.png,Se seleccionaron una fecha y una hora disponibles.
observer-***-075705-77d536ac,2026-10-01 07:57:20,,available,normal,LIMA-LA VICTORIA,18/12/2026,08:00,20,,,,14.630,,,,,,,event_atomic,,screenshots\2026-10\01-10-2026\observer-cupo-dbfa0a.png,screenshots\2026-10\01-10-2026\observer-cupo-dbfa0a.png,Se seleccionaron una fecha y una hora disponibles.
observer-***-075750-fe0517d2,2026-10-01 07:58:04,,available,normal,LIMA-LA VICTORIA,18/12/2026,08:00,20,,,,14.447,,,,,,,event_atomic,,screenshots\2026-10\01-10-2026\observer-cupo-94a36d.png,screenshots\2026-10\01-10-2026\observer-cupo-94a36d.png,Se seleccionaron una fecha y una hora disponibles.
observer-***-075834-ab0513d4,2026-10-01 07:58:49,,available,normal,LIMA-LA VICTORIA,18/12/2026,08:00,20,,,,14.486,,,,,,,event_atomic,,screenshots\2026-10\01-10-2026\observer-cupo-280b28.png,screenshots\2026-10\01-10-2026\observer-cupo-280b28.png,Se seleccionaron una fecha y una hora disponibles.
observer-***-075919-750c0f71,2026-10-01 07:59:34,,available,normal,LIMA-LA VICTORIA,18/12/2026,08:00,20,,,,15.033,,,,,,,event_atomic,,screenshots\2026-10\01-10-2026\observer-cupo-ec8809.png,screenshots\2026-10\01-10-2026\observer-cupo-ec8809.png,Se seleccionaron una fecha y una hora disponibles.
observer-***-080004-ccdf4702,2026-10-01 08:00:19,,available,normal,LIMA-LA VICTORIA,18/12/2026,08:00,20,,,,14.852,,,,,,,event_atomic,,screenshots\2026-10\01-10-2026\observer-cupo-885f8a.png,screenshots\2026-10\01-10-2026\observer-cupo-885f8a.png,Se seleccionaron una fecha y una hora disponibles.
observer-***-080049-1593ef18,2026-10-01 08:01:03,,available,normal,LIMA-LA VICTORIA,18/12/2026,08:00,20,,,,14.344,,,,,,,event_atomic,,screenshots\2026-10\01-10-2026\observer-cupo-b7d429.png,screenshots\2026-10\01-10-2026\observer-cupo-b7d429.png,Se seleccionaron una fecha y una hora disponibles.
observer-***-080134-a18285ff,2026-10-01 08:01:48,,available,normal,LIMA-LA VICTORIA,18/12/2026,08:00,20,,,,14.320,,,,,,,event_atomic,,screenshots\2026-10\01-10-2026\observer-cupo-30871d.png,screenshots\2026-10\01-10-2026\observer-cupo-30871d.png,Se seleccionaron una fecha y una hora disponibles.
observer-***-080218-d7062573,2026-10-01 08:02:33,,available,normal,LIMA-LA VICTORIA,18/12/2026,08:00,20,,,,14.573,,,,,,,event_atomic,,screenshots\2026-10\01-10-2026\observer-cupo-835100.png,screenshots\2026-10\01-10-2026\observer-cupo-835100.png,Se seleccionaron una fecha y una hora disponibles.
observer-***-080303-f8b0aca6,2026-10-01 08:03:17,,available,normal,LIMA-LA VICTORIA,18/12/2026,09:00,20,,,,14.795,,,,,,,event_atomic,,screenshots\2026-10\01-10-2026\observer-cupo-b18e9d.png,screenshots\2026-10\01-10-2026\observer-cupo-b18e9d.png,Se seleccionaron una fecha y una hora disponibles.
observer-***-080349-ea0ab2ad,2026-10-01 08:04:04,,available,normal,LIMA-LA VICTORIA,18/12/2026,09:00,20,,,,14.399,,,,,,,event_atomic,,screenshots\2026-10\01-10-2026\observer-cupo-33c00b.png,screenshots\2026-10\01-10-2026\observer-cupo-33c00b.png,Se seleccionaron una fecha y una hora disponibles.
observer-***-080434-7c4670a0,2026-10-01 08:04:49,,available,normal,LIMA-LA VICTORIA,18/12/2026,09:00,20,,,,14.830,,,,,,,event_atomic,,screenshots\2026-10\01-10-2026\observer-cupo-7602d5.png,screenshots\2026-10\01-10-2026\observer-cupo-7602d5.png,Se seleccionaron una fecha y una hora disponibles.
observer-***-080519-c077bcf4,2026-10-01 08:05:33,,available,normal,LIMA-LA VICTORIA,18/12/2026,09:00,20,,,,14.514,,,,,,,event_atomic,,screenshots\2026-10\01-10-2026\observer-cupo-dce786.png,screenshots\2026-10\01-10-2026\observer-cupo-dce786.png,Se seleccionaron una fecha y una hora disponibles.
observer-***-080603-fa0936fc,2026-10-01 08:06:18,,available,normal,LIMA-LA VICTORIA,18/12/2026,09:00,20,,,,14.499,,,,,,,event_atomic,,screenshots\2026-10\01-10-2026\observer-cupo-fb0ac8.png,screenshots\2026-10\01-10-2026\observer-cupo-fb0ac8.png,Se seleccionaron una fecha y una hora disponibles.
observer-***-080648-a769cd89,2026-10-01 08:07:04,,available,normal,LIMA-LA VICTORIA,18/12/2026,09:00,20,,,,15.740,,,,,,,event_atomic,,screenshots\2026-10\01-10-2026\observer-cupo-2dfbb2.png,screenshots\2026-10\01-10-2026\observer-cupo-2dfbb2.png,Se seleccionaron una fecha y una hora disponibles.
observer-***-080734-041c7de3,2026-10-01 08:07:48,,available,normal,LIMA-LA VICTORIA,18/12/2026,09:00,20,,,,14.477,,,,,,,event_atomic,,screenshots\2026-10\01-10-2026\observer-cupo-18dbf7.png,screenshots\2026-10\01-10-2026\observer-cupo-18dbf7.png,Se seleccionaron una fecha y una hora disponibles.
observer-***-080818-2dfe6989,2026-10-01 08:08:33,,available,normal,LIMA-LA VICTORIA,18/12/2026,09:00,20,,,,14.393,,,,,,,event_atomic,,screenshots\2026-10\01-10-2026\observer-cupo-df69e9.png,screenshots\2026-10\01-10-2026\observer-cupo-df69e9.png,Se seleccionaron una fecha y una hora disponibles.
observer-***-080903-e94de7ca,2026-10-01 08:09:18,,available,normal,LIMA-LA VICTORIA,18/12/2026,09:00,20,,,,14.823,,,,,,,event_atomic,,screenshots\2026-10\01-10-2026\observer-cupo-d346de.png,screenshots\2026-10\01-10-2026\observer-cupo-d346de.png,Se seleccionaron una fecha y una hora disponibles.
observer-***-080948-53b301fc,2026-10-01 08:10:02,,available,normal,LIMA-LA VICTORIA,18/12/2026,09:00,20,,,,14.673,,,,,,,event_atomic,,screenshots\2026-10\01-10-2026\observer-cupo-44754e.png,screenshots\2026-10\01-10-2026\observer-cupo-44754e.png,Se seleccionaron una fecha y una hora disponibles.
observer-***-081033-ce7d1a1a,2026-10-01 08:10:47,,available,normal,LIMA-LA VICTORIA,18/12/2026,09:00,20,,,,14.872,,,,,,,event_atomic,,screenshots\2026-10\01-10-2026\observer-cupo-44042f.png,screenshots\2026-10\01-10-2026\observer-cupo-44042f.png,Se seleccionaron una fecha y una hora disponibles.
observer-***-081118-875ec203,2026-10-01 08:11:33,,available,normal,LIMA-LA VICTORIA,18/12/2026,09:00,20,,,,15.611,,,,,,,event_atomic,,screenshots\2026-10\01-10-2026\observer-cupo-6d88e8.png,screenshots\2026-10\01-10-2026\observer-cupo-6d88e8.png,Se seleccionaron una fecha y una hora disponibles.
observer-***-081203-318ad104,2026-10-01 08:12:18,,available,normal,LIMA-LA VICTORIA,18/12/2026,09:00,20,,,,14.906,,,,,,,event_atomic,,screenshots\2026-10\01-10-2026\observer-cupo-b8c215.png,screenshots\2026-10\01-10-2026\observer-cupo-b8c215.png,Se seleccionaron una fecha y una hora disponibles.
observer-***-081248-c19d873f,2026-10-01 08:13:03,,available,normal,LIMA-LA VICTORIA,18/12/2026,09:00,20,,,,14.896,,,,,,,event_atomic,,screenshots\2026-10\01-10-2026\observer-cupo-bc5fb5.png,screenshots\2026-10\01-10-2026\observer-cupo-bc5fb5.png,Se seleccionaron una fecha y una hora disponibles.
observer-***-081333-b15c08c8,2026-10-01 08:13:48,,available,normal,LIMA-LA VICTORIA,18/12/2026,09:00,20,,,,14.609,,,,,,,event_atomic,,screenshots\2026-10\01-10-2026\observer-cupo-7e9796.png,screenshots\2026-10\01-10-2026\observer-cupo-7e9796.png,Se seleccionaron una fecha y una hora disponibles.
observer-***-081418-842b28a8,2026-10-01 08:14:33,,available,normal,LIMA-LA VICTORIA,18/12/2026,09:00,20,,,,15.116,,,,,,,event_atomic,,screenshots\2026-10\01-10-2026\observer-cupo-c2ef5d.png,screenshots\2026-10\01-10-2026\observer-cupo-c2ef5d.png,Se seleccionaron una fecha y una hora disponibles.
observer-***-081503-4120c070,2026-10-01 08:15:23,,available,normal,LIMA-LA VICTORIA,18/12/2026,09:00,20,,,,19.812,,,,,,,event_atomic,,screenshots\2026-10\01-10-2026\observer-cupo-2ed891.png,screenshots\2026-10\01-10-2026\observer-cupo-2ed891.png,Se seleccionaron una fecha y una hora disponibles.
observer-***-081553-***,2026-10-01 08:16:08,,available,normal,LIMA-LA VICTORIA,18/12/2026,09:00,20,,,,14.971,,,,,,,event_atomic,,screenshots\2026-10\01-10-2026\observer-cupo-ce784f.png,screenshots\2026-10\01-10-2026\observer-cupo-ce784f.png,Se seleccionaron una fecha y una hora disponibles.
observer-***-081638-0bb1ed57,2026-10-01 08:16:53,,available,normal,LIMA-LA VICTORIA,18/12/2026,09:00,20,,,,14.723,,,,,,,event_atomic,,screenshots\2026-10\01-10-2026\observer-cupo-265b16.png,screenshots\2026-10\01-10-2026\observer-cupo-265b16.png,Se seleccionaron una fecha y una hora disponibles.
observer-***-081723-502cb1ee,2026-10-01 08:17:38,,available,normal,LIMA-LA VICTORIA,18/12/2026,09:00,20,,,,14.755,,,,,,,event_atomic,,screenshots\2026-10\01-10-2026\observer-cupo-8515a5.png,screenshots\2026-10\01-10-2026\observer-cupo-8515a5.png,Se seleccionaron una fecha y una hora disponibles.
observer-***-081808-565ab96a,2026-10-01 08:18:22,,available,normal,LIMA-LA VICTORIA,18/12/2026,09:00,20,,,,14.552,,,,,,,event_atomic,,screenshots\2026-10\01-10-2026\observer-cupo-87c634.png,screenshots\2026-10\01-10-2026\observer-cupo-87c634.png,Se seleccionaron una fecha y una hora disponibles.
observer-***-081853-e3ac0fd3,2026-10-01 08:19:08,,available,normal,LIMA-LA VICTORIA,18/12/2026,09:00,20,,,,15.187,,,,,,,event_atomic,,screenshots\2026-10\01-10-2026\observer-cupo-10e847.png,screenshots\2026-10\01-10-2026\observer-cupo-10e847.png,Se seleccionaron una fecha y una hora disponibles.
observer-***-081938-97a32d11,2026-10-01 08:19:53,,available,normal,LIMA-LA VICTORIA,18/12/2026,09:00,20,,,,14.767,,,,,,,event_atomic,,screenshots\2026-10\01-10-2026\observer-cupo-b35b8a.png,screenshots\2026-10\01-10-2026\observer-cupo-b35b8a.png,Se seleccionaron una fecha y una hora disponibles.
observer-***-082023-ef02976b,2026-10-01 08:20:37,,available,normal,LIMA-LA VICTORIA,18/12/2026,09:00,20,,,,14.664,,,,,,,event_atomic,,screenshots\2026-10\01-10-2026\observer-cupo-6337d2.png,screenshots\2026-10\01-10-2026\observer-cupo-6337d2.png,Se seleccionaron una fecha y una hora disponibles.
observer-***-082108-5b543bc2,2026-10-01 08:21:22,,available,normal,LIMA-LA VICTORIA,18/12/2026,09:00,20,,,,14.588,,,,,,,event_atomic,,screenshots\2026-10\01-10-2026\observer-cupo-ee6a94.png,screenshots\2026-10\01-10-2026\observer-cupo-ee6a94.png,Se seleccionaron una fecha y una hora disponibles.
observer-***-082152-8c7765dd,2026-10-01 08:22:09,,available,normal,LIMA-LA VICTORIA,18/12/2026,09:00,20,,,,16.293,,,,,,,event_atomic,,screenshots\2026-10\01-10-2026\observer-cupo-d7add1.png,screenshots\2026-10\01-10-2026\observer-cupo-d7add1.png,Se seleccionaron una fecha y una hora disponibles.
observer-***-082239-***,2026-10-01 08:22:53,,available,normal,LIMA-LA VICTORIA,18/12/2026,09:00,20,,,,14.773,,,,,,,event_atomic,,screenshots\2026-10\01-10-2026\observer-cupo-990afb.png,screenshots\2026-10\01-10-2026\observer-cupo-990afb.png,Se seleccionaron una fecha y una hora disponibles.
observer-***-082324-75522c53,2026-10-01 08:23:38,,available,normal,LIMA-LA VICTORIA,18/12/2026,09:00,20,,,,14.657,,,,,,,event_atomic,,screenshots\2026-10\01-10-2026\observer-cupo-bb83d8.png,screenshots\2026-10\01-10-2026\observer-cupo-bb83d8.png,Se seleccionaron una fecha y una hora disponibles.
observer-***-082408-c2d04bb9,2026-10-01 08:24:23,,available,normal,LIMA-LA VICTORIA,18/12/2026,09:00,20,,,,14.695,,,,,,,event_atomic,,screenshots\2026-10\01-10-2026\observer-cupo-2dc76a.png,screenshots\2026-10\01-10-2026\observer-cupo-2dc76a.png,Se seleccionaron una fecha y una hora disponibles.
observer-***-082453-4b2bae0e,2026-10-01 08:25:08,,available,normal,LIMA-LA VICTORIA,18/12/2026,09:00,20,,,,14.628,,,,,,,event_atomic,,screenshots\2026-10\01-10-2026\observer-cupo-fe5acd.png,screenshots\2026-10\01-10-2026\observer-cupo-fe5acd.png,Se seleccionaron una fecha y una hora disponibles.
observer-***-082538-6e131b48,2026-10-01 08:25:53,,available,normal,LIMA-LA VICTORIA,18/12/2026,09:00,20,,,,15.381,,,,,,,event_atomic,,screenshots\2026-10\01-10-2026\observer-cupo-f9dd72.png,screenshots\2026-10\01-10-2026\observer-cupo-f9dd72.png,Se seleccionaron una fecha y una hora disponibles.
observer-***-082623-5c0e088d,2026-10-01 08:26:38,,available,normal,LIMA-LA VICTORIA,18/12/2026,09:00,20,,,,14.450,,,,,,,event_atomic,,screenshots\2026-10\01-10-2026\observer-cupo-5e00aa.png,screenshots\2026-10\01-10-2026\observer-cupo-5e00aa.png,Se seleccionaron una fecha y una hora disponibles.
observer-***-082708-7b00e272,2026-10-01 08:27:23,,available,normal,LIMA-LA VICTORIA,18/12/2026,09:00,20,,,,14.596,,,,,,,event_atomic,,screenshots\2026-10\01-10-2026\observer-cupo-ba9ea5.png,screenshots\2026-10\01-10-2026\observer-cupo-ba9ea5.png,Se seleccionaron una fecha y una hora disponibles.
observer-***-082753-67a15a34,2026-10-01 08:28:08,,available,normal,LIMA-LA VICTORIA,18/12/2026,09:00,20,,,,14.911,,,,,,,event_atomic,,screenshots\2026-10\01-10-2026\observer-cupo-aec6c0.png,screenshots\2026-10\01-10-2026\observer-cupo-aec6c0.png,Se seleccionaron una fecha y una hora disponibles.
observer-***-082838-3835d546,2026-10-01 08:28:52,,available,normal,LIMA-LA VICTORIA,18/12/2026,09:00,20,,,,14.472,,,,,,,event_atomic,,screenshots\2026-10\01-10-2026\observer-cupo-2d7a66.png,screenshots\2026-10\01-10-2026\observer-cupo-2d7a66.png,Se seleccionaron una fecha y una hora disponibles.
observer-***-082922-b2ed62ea,2026-10-01 08:29:37,,available,normal,LIMA-LA VICTORIA,18/12/2026,09:00,20,,,,14.523,,,,,,,event_atomic,,screenshots\2026-10\01-10-2026\observer-cupo-63c0c9.png,screenshots\2026-10\01-10-2026\observer-cupo-63c0c9.png,Se seleccionaron una fecha y una hora disponibles.
observer-***-083007-ecf6236e,2026-10-01 08:30:23,,available,normal,LIMA-LA VICTORIA,18/12/2026,09:00,20,,,,15.585,,,,,,,event_atomic,,screenshots\2026-10\01-10-2026\observer-cupo-249415.png,screenshots\2026-10\01-10-2026\observer-cupo-249415.png,Se seleccionaron una fecha y una hora disponibles.
observer-***-083053-5fa91d92,2026-10-01 08:31:09,,available,normal,LIMA-LA VICTORIA,18/12/2026,09:00,20,,,,16.046,,,,,,,event_atomic,,screenshots\2026-10\01-10-2026\observer-cupo-a04481.png,screenshots\2026-10\01-10-2026\observer-cupo-a04481.png,Se seleccionaron una fecha y una hora disponibles.
observer-***-083139-e5132e73,2026-10-01 08:31:54,,available,normal,LIMA-LA VICTORIA,18/12/2026,09:00,20,,,,15.599,,,,,,,event_atomic,,screenshots\2026-10\01-10-2026\observer-cupo-668ab6.png,screenshots\2026-10\01-10-2026\observer-cupo-668ab6.png,Se seleccionaron una fecha y una hora disponibles.
observer-***-083225-7e042b79,2026-10-01 08:32:40,,available,normal,LIMA-LA VICTORIA,18/12/2026,09:00,20,,,,15.385,,,,,,,event_atomic,,screenshots\2026-10\01-10-2026\observer-cupo-f3083c.png,screenshots\2026-10\01-10-2026\observer-cupo-f3083c.png,Se seleccionaron una fecha y una hora disponibles.
observer-***-083310-ed0cadfe,2026-10-01 08:33:31,,available,normal,LIMA-LA VICTORIA,18/12/2026,09:00,20,,,,20.634,,,,,,,event_atomic,,screenshots\2026-10\01-10-2026\observer-cupo-4d04c3.png,screenshots\2026-10\01-10-2026\observer-cupo-4d04c3.png,Se seleccionaron una fecha y una hora disponibles.
observer-***-083401-4ac52cb9,2026-10-01 08:34:16,,available,normal,LIMA-LA VICTORIA,18/12/2026,09:00,20,,,,15.097,,,,,,,event_atomic,,screenshots\2026-10\01-10-2026\observer-cupo-29fda8.png,screenshots\2026-10\01-10-2026\observer-cupo-29fda8.png,Se seleccionaron una fecha y una hora disponibles.
observer-***-083446-0f502052,2026-10-01 08:35:01,,available,normal,LIMA-LA VICTORIA,18/12/2026,09:00,20,,,,14.906,,,,,,,event_atomic,,screenshots\2026-10\01-10-2026\observer-cupo-4715de.png,screenshots\2026-10\01-10-2026\observer-cupo-4715de.png,Se seleccionaron una fecha y una hora disponibles.
observer-***-083531-66f44ec7,2026-10-01 08:35:46,,available,normal,LIMA-LA VICTORIA,18/12/2026,09:00,20,,,,14.888,,,,,,,event_atomic,,screenshots\2026-10\01-10-2026\observer-cupo-e0981b.png,screenshots\2026-10\01-10-2026\observer-cupo-e0981b.png,Se seleccionaron una fecha y una hora disponibles.
observer-***-083616-b25b3b0d,2026-10-01 08:36:31,,available,normal,LIMA-LA VICTORIA,18/12/2026,09:00,20,,,,15.366,,,,,,,event_atomic,,screenshots\2026-10\01-10-2026\observer-cupo-eeaae9.png,screenshots\2026-10\01-10-2026\observer-cupo-eeaae9.png,Se seleccionaron una fecha y una hora disponibles.
observer-***-083702-a7d19e68,2026-10-01 08:37:19,,available,normal,LIMA-LA VICTORIA,18/12/2026,09:00,20,,,,16.961,,,,,,,event_atomic,,screenshots\2026-10\01-10-2026\observer-cupo-15d66c.png,screenshots\2026-10\01-10-2026\observer-cupo-15d66c.png,Se seleccionaron una fecha y una hora disponibles.
observer-***-083749-8addbf8d,2026-10-01 08:38:04,,available,normal,LIMA-LA VICTORIA,18/12/2026,09:00,20,,,,15.008,,,,,,,event_atomic,,screenshots\2026-10\01-10-2026\observer-cupo-d4a589.png,screenshots\2026-10\01-10-2026\observer-cupo-d4a589.png,Se seleccionaron una fecha y una hora disponibles.
observer-***-083834-49ca04f7,2026-10-01 08:38:49,,available,normal,LIMA-LA VICTORIA,18/12/2026,09:00,20,,,,15.454,,,,,,,event_atomic,,screenshots\2026-10\01-10-2026\observer-cupo-f8231b.png,screenshots\2026-10\01-10-2026\observer-cupo-f8231b.png,Se seleccionaron una fecha y una hora disponibles.
observer-***-083919-5c2c5c14,2026-10-01 08:39:36,,available,normal,LIMA-LA VICTORIA,18/12/2026,09:00,20,,,,16.303,,,,,,,event_atomic,,screenshots\2026-10\01-10-2026\observer-cupo-e7e9bc.png,screenshots\2026-10\01-10-2026\observer-cupo-e7e9bc.png,Se seleccionaron una fecha y una hora disponibles.
observer-***-084006-3eed9c75,2026-10-01 08:40:22,,available,normal,LIMA-LA VICTORIA,18/12/2026,09:00,20,,,,16.065,,,,,,,event_atomic,,screenshots\2026-10\01-10-2026\observer-cupo-c40e60.png,screenshots\2026-10\01-10-2026\observer-cupo-c40e60.png,Se seleccionaron una fecha y una hora disponibles.
observer-***-084052-20cbdad0,2026-10-01 08:41:09,,available,normal,LIMA-LA VICTORIA,18/12/2026,09:00,20,,,,16.702,,,,,,,event_atomic,,screenshots\2026-10\01-10-2026\observer-cupo-07dad3.png,screenshots\2026-10\01-10-2026\observer-cupo-07dad3.png,Se seleccionaron una fecha y una hora disponibles.
observer-***-084139-9ca586f5,2026-10-01 08:41:54,,available,normal,LIMA-LA VICTORIA,18/12/2026,09:00,20,,,,14.875,,,,,,,event_atomic,,screenshots\2026-10\01-10-2026\observer-cupo-2b56d6.png,screenshots\2026-10\01-10-2026\observer-cupo-2b56d6.png,Se seleccionaron una fecha y una hora disponibles.
observer-***-084224-2362879c,2026-10-01 08:42:38,,available,normal,LIMA-LA VICTORIA,18/12/2026,09:00,20,,,,14.641,,,,,,,event_atomic,,screenshots\2026-10\01-10-2026\observer-cupo-1e25eb.png,screenshots\2026-10\01-10-2026\observer-cupo-1e25eb.png,Se seleccionaron una fecha y una hora disponibles.
observer-***-084309-6d3599b2,2026-10-01 08:43:23,,available,normal,LIMA-LA VICTORIA,18/12/2026,09:00,20,,,,14.798,,,,,,,event_atomic,,screenshots\2026-10\01-10-2026\observer-cupo-adc8b2.png,screenshots\2026-10\01-10-2026\observer-cupo-adc8b2.png,Se seleccionaron una fecha y una hora disponibles.
observer-***-084354-8b9bd968,2026-10-01 08:44:08,,available,normal,LIMA-LA VICTORIA,18/12/2026,09:00,20,,,,14.758,,,,,,,event_atomic,,screenshots\2026-10\01-10-2026\observer-cupo-fa2633.png,screenshots\2026-10\01-10-2026\observer-cupo-fa2633.png,Se seleccionaron una fecha y una hora disponibles.
observer-***-084438-6cff9abd,2026-10-01 08:44:54,,available,normal,LIMA-LA VICTORIA,18/12/2026,09:00,20,,,,15.570,,,,,,,event_atomic,,screenshots\2026-10\01-10-2026\observer-cupo-5a683b.png,screenshots\2026-10\01-10-2026\observer-cupo-5a683b.png,Se seleccionaron una fecha y una hora disponibles.
observer-***-084524-75134cbb,2026-10-01 08:45:40,,available,normal,LIMA-LA VICTORIA,18/12/2026,09:00,20,,,,15.781,,,,,,,event_atomic,,screenshots\2026-10\01-10-2026\observer-cupo-d228df.png,screenshots\2026-10\01-10-2026\observer-cupo-d228df.png,Se seleccionaron una fecha y una hora disponibles.
observer-***-084610-f3210b51,2026-10-01 08:46:25,,available,normal,LIMA-LA VICTORIA,18/12/2026,09:00,20,,,,15.383,,,,,,,event_atomic,,screenshots\2026-10\01-10-2026\observer-cupo-631e39.png,screenshots\2026-10\01-10-2026\observer-cupo-631e39.png,Se seleccionaron una fecha y una hora disponibles.
observer-***-084655-063e2282,2026-10-01 08:47:11,,available,normal,LIMA-LA VICTORIA,18/12/2026,09:00,20,,,,15.078,,,,,,,event_atomic,,screenshots\2026-10\01-10-2026\observer-cupo-f68119.png,screenshots\2026-10\01-10-2026\observer-cupo-f68119.png,Se seleccionaron una fecha y una hora disponibles.
observer-***-084741-ddaf8a9e,2026-10-01 08:47:56,,available,normal,LIMA-LA VICTORIA,18/12/2026,09:00,20,,,,15.478,,,,,,,event_atomic,,screenshots\2026-10\01-10-2026\observer-cupo-6e10cc.png,screenshots\2026-10\01-10-2026\observer-cupo-6e10cc.png,Se seleccionaron una fecha y una hora disponibles.
observer-***-084826-***,2026-10-01 08:48:46,,available,normal,LIMA-LA VICTORIA,18/12/2026,09:00,20,,,,19.844,,,,,,,event_atomic,,screenshots\2026-10\01-10-2026\observer-cupo-5970a1.png,screenshots\2026-10\01-10-2026\observer-cupo-5970a1.png,Se seleccionaron una fecha y una hora disponibles.
observer-***-084916-945c216b,2026-10-01 08:49:32,,available,normal,LIMA-LA VICTORIA,18/12/2026,09:00,20,,,,15.705,,,,,,,event_atomic,,screenshots\2026-10\01-10-2026\observer-cupo-04168e.png,screenshots\2026-10\01-10-2026\observer-cupo-04168e.png,Se seleccionaron una fecha y una hora disponibles.
observer-***-085002-30e219b7,2026-10-01 08:50:17,,available,normal,LIMA-LA VICTORIA,18/12/2026,09:00,20,,,,15.217,,,,,,,event_atomic,,screenshots\2026-10\01-10-2026\observer-cupo-2baa28.png,screenshots\2026-10\01-10-2026\observer-cupo-2baa28.png,Se seleccionaron una fecha y una hora disponibles.
observer-***-085047-4f41bb9a,2026-10-01 08:51:03,,available,normal,LIMA-LA VICTORIA,18/12/2026,09:00,20,,,,15.632,,,,,,,event_atomic,,screenshots\2026-10\01-10-2026\observer-cupo-c69f60.png,screenshots\2026-10\01-10-2026\observer-cupo-c69f60.png,Se seleccionaron una fecha y una hora disponibles.
observer-***-085133-1f422fe9,2026-10-01 08:51:48,,available,normal,LIMA-LA VICTORIA,18/12/2026,09:00,20,,,,15.014,,,,,,,event_atomic,,screenshots\2026-10\01-10-2026\observer-cupo-51f563.png,screenshots\2026-10\01-10-2026\observer-cupo-51f563.png,Se seleccionaron una fecha y una hora disponibles.
observer-***-085218-9c78b3de,2026-10-01 08:52:35,,available,normal,LIMA-LA VICTORIA,18/12/2026,09:00,20,,,,16.556,,,,,,,event_atomic,,screenshots\2026-10\01-10-2026\observer-cupo-fd1aa5.png,screenshots\2026-10\01-10-2026\observer-cupo-fd1aa5.png,Se seleccionaron una fecha y una hora disponibles.
observer-***-085305-d2f9dcaf,2026-10-01 08:53:20,,available,normal,LIMA-LA VICTORIA,18/12/2026,09:00,20,,,,15.321,,,,,,,event_atomic,,screenshots\2026-10\01-10-2026\observer-cupo-15e8da.png,screenshots\2026-10\01-10-2026\observer-cupo-15e8da.png,Se seleccionaron una fecha y una hora disponibles.
observer-***-085350-deecc2c3,2026-10-01 08:54:06,,available,normal,LIMA-LA VICTORIA,18/12/2026,09:00,20,,,,15.387,,,,,,,event_atomic,,screenshots\2026-10\01-10-2026\observer-cupo-a9bf7b.png,screenshots\2026-10\01-10-2026\observer-cupo-a9bf7b.png,Se seleccionaron una fecha y una hora disponibles.
observer-***-085436-570c1a5e,2026-10-01 08:54:52,,available,normal,LIMA-LA VICTORIA,18/12/2026,09:00,20,,,,15.715,,,,,,,event_atomic,,screenshots\2026-10\01-10-2026\observer-cupo-e60822.png,screenshots\2026-10\01-10-2026\observer-cupo-e60822.png,Se seleccionaron una fecha y una hora disponibles.
observer-***-085522-61d0e45c,2026-10-01 08:55:37,,available,normal,LIMA-LA VICTORIA,18/12/2026,09:00,20,,,,15.071,,,,,,,event_atomic,,screenshots\2026-10\01-10-2026\observer-cupo-50bbf4.png,screenshots\2026-10\01-10-2026\observer-cupo-50bbf4.png,Se seleccionaron una fecha y una hora disponibles.
observer-***-085607-ffcfdfe4,2026-10-01 08:56:23,,available,normal,LIMA-LA VICTORIA,18/12/2026,09:00,20,,,,15.725,,,,,,,event_atomic,,screenshots\2026-10\01-10-2026\observer-cupo-0db7b3.png,screenshots\2026-10\01-10-2026\observer-cupo-0db7b3.png,Se seleccionaron una fecha y una hora disponibles.
observer-***-085653-90ba4d1c,2026-10-01 08:57:09,,available,normal,LIMA-LA VICTORIA,18/12/2026,09:00,20,,,,15.757,,,,,,,event_atomic,,screenshots\2026-10\01-10-2026\observer-cupo-8b0184.png,screenshots\2026-10\01-10-2026\observer-cupo-8b0184.png,Se seleccionaron una fecha y una hora disponibles.
observer-***-085739-ae5271bc,2026-10-01 08:57:54,,available,normal,LIMA-LA VICTORIA,18/12/2026,09:00,20,,,,14.987,,,,,,,event_atomic,,screenshots\2026-10\01-10-2026\observer-cupo-90e692.png,screenshots\2026-10\01-10-2026\observer-cupo-90e692.png,Se seleccionaron una fecha y una hora disponibles.
observer-***-085824-4971480c,2026-10-01 08:58:39,,available,normal,LIMA-LA VICTORIA,18/12/2026,09:00,20,,,,15.603,,,,,,,event_atomic,,screenshots\2026-10\01-10-2026\observer-cupo-7448ab.png,screenshots\2026-10\01-10-2026\observer-cupo-7448ab.png,Se seleccionaron una fecha y una hora disponibles.
observer-***-085910-***,2026-10-01 08:59:25,,available,normal,LIMA-LA VICTORIA,18/12/2026,09:00,20,,,,15.205,,,,,,,event_atomic,,screenshots\2026-10\01-10-2026\observer-cupo-00afce.png,screenshots\2026-10\01-10-2026\observer-cupo-00afce.png,Se seleccionaron una fecha y una hora disponibles.
observer-***-085955-665221ca,2026-10-01 09:00:10,,available,normal,LIMA-LA VICTORIA,18/12/2026,09:00,20,,,,15.146,,,,,,,event_atomic,,screenshots\2026-10\01-10-2026\observer-cupo-450fa7.png,screenshots\2026-10\01-10-2026\observer-cupo-450fa7.png,Se seleccionaron una fecha y una hora disponibles.
observer-***-090040-657fd5d5,2026-10-01 09:00:55,,available,normal,LIMA-LA VICTORIA,18/12/2026,09:00,20,,,,15.178,,,,,,,event_atomic,,screenshots\2026-10\01-10-2026\observer-cupo-d6d4d4.png,screenshots\2026-10\01-10-2026\observer-cupo-d6d4d4.png,Se seleccionaron una fecha y una hora disponibles.
observer-***-090125-604f8e08,2026-10-01 09:01:41,,available,normal,LIMA-LA VICTORIA,18/12/2026,09:00,20,,,,15.862,,,,,,,event_atomic,,screenshots\2026-10\01-10-2026\observer-cupo-e26145.png,screenshots\2026-10\01-10-2026\observer-cupo-e26145.png,Se seleccionaron una fecha y una hora disponibles.
observer-***-090211-490542eb,2026-10-01 09:02:27,,available,normal,LIMA-LA VICTORIA,18/12/2026,09:00,20,,,,15.217,,,,,,,event_atomic,,screenshots\2026-10\01-10-2026\observer-cupo-1242e6.png,screenshots\2026-10\01-10-2026\observer-cupo-1242e6.png,Se seleccionaron una fecha y una hora disponibles.
observer-***-090257-7b17bc2a,2026-10-01 09:03:12,,available,normal,LIMA-LA VICTORIA,18/12/2026,09:00,20,,,,15.193,,,,,,,event_atomic,,screenshots\2026-10\01-10-2026\observer-cupo-cfd093.png,screenshots\2026-10\01-10-2026\observer-cupo-cfd093.png,Se seleccionaron una fecha y una hora disponibles.
observer-***-090342-eed77b4c,2026-10-01 09:03:57,,available,normal,LIMA-LA VICTORIA,18/12/2026,09:00,20,,,,14.962,,,,,,,event_atomic,,screenshots\2026-10\01-10-2026\observer-cupo-8b4cc8.png,screenshots\2026-10\01-10-2026\observer-cupo-8b4cc8.png,Se seleccionaron una fecha y una hora disponibles.
observer-***-090427-d5ba7a31,2026-10-01 09:04:42,,available,normal,LIMA-LA VICTORIA,18/12/2026,09:00,20,,,,15.261,,,,,,,event_atomic,,screenshots\2026-10\01-10-2026\observer-cupo-a5e060.png,screenshots\2026-10\01-10-2026\observer-cupo-a5e060.png,Se seleccionaron una fecha y una hora disponibles.
observer-***-090513-5e1a5b3b,2026-10-01 09:05:28,,available,normal,LIMA-LA VICTORIA,18/12/2026,09:00,20,,,,15.190,,,,,,,event_atomic,,screenshots\2026-10\01-10-2026\observer-cupo-bc090e.png,screenshots\2026-10\01-10-2026\observer-cupo-bc090e.png,Se seleccionaron una fecha y una hora disponibles.
observer-***-090558-7193b853,2026-10-01 09:06:14,,available,normal,LIMA-LA VICTORIA,18/12/2026,09:00,20,,,,15.714,,,,,,,event_atomic,,screenshots\2026-10\01-10-2026\observer-cupo-46cae9.png,screenshots\2026-10\01-10-2026\observer-cupo-46cae9.png,Se seleccionaron una fecha y una hora disponibles.
observer-***-090644-36607e1e,2026-10-01 09:06:59,,available,normal,LIMA-LA VICTORIA,18/12/2026,09:00,20,,,,15.599,,,,,,,event_atomic,,screenshots\2026-10\01-10-2026\observer-cupo-4a652f.png,screenshots\2026-10\01-10-2026\observer-cupo-4a652f.png,Se seleccionaron una fecha y una hora disponibles.
observer-***-090729-24393bee,2026-10-01 09:07:46,,available,normal,LIMA-LA VICTORIA,18/12/2026,10:00,20,,,,16.222,,,,,,,event_atomic,,screenshots\2026-10\01-10-2026\observer-cupo-549543.png,screenshots\2026-10\01-10-2026\observer-cupo-549543.png,Se seleccionaron una fecha y una hora disponibles.
observer-***-090818-16f0988e,2026-10-01 09:08:32,,available,normal,LIMA-LA VICTORIA,18/12/2026,10:00,20,,,,14.931,,,,,,,event_atomic,,screenshots\2026-10\01-10-2026\observer-cupo-27bd10.png,screenshots\2026-10\01-10-2026\observer-cupo-27bd10.png,Se seleccionaron una fecha y una hora disponibles.
observer-***-090903-bf3bfcf0,2026-10-01 09:09:20,,available,normal,LIMA-LA VICTORIA,18/12/2026,10:00,20,,,,17.036,,,,,,,event_atomic,,screenshots\2026-10\01-10-2026\observer-cupo-5e0836.png,screenshots\2026-10\01-10-2026\observer-cupo-5e0836.png,Se seleccionaron una fecha y una hora disponibles.
observer-***-090950-6cb7f283,2026-10-01 09:10:05,,available,normal,LIMA-LA VICTORIA,18/12/2026,10:00,20,,,,15.451,,,,,,,event_atomic,,screenshots\2026-10\01-10-2026\observer-cupo-55dcf3.png,screenshots\2026-10\01-10-2026\observer-cupo-55dcf3.png,Se seleccionaron una fecha y una hora disponibles.
observer-***-091035-37c79c80,2026-10-01 09:10:50,,available,normal,LIMA-LA VICTORIA,18/12/2026,10:00,20,,,,14.978,,,,,,,event_atomic,,screenshots\2026-10\01-10-2026\observer-cupo-b7507e.png,screenshots\2026-10\01-10-2026\observer-cupo-b7507e.png,Se seleccionaron una fecha y una hora disponibles.
observer-***-091120-ca6e020b,2026-10-01 09:11:36,,available,normal,LIMA-LA VICTORIA,18/12/2026,10:00,20,,,,15.555,,,,,,,event_atomic,,screenshots\2026-10\01-10-2026\observer-cupo-4f8bae.png,screenshots\2026-10\01-10-2026\observer-cupo-4f8bae.png,Se seleccionaron una fecha y una hora disponibles.
observer-***-091206-ce804f76,2026-10-01 09:12:22,,available,normal,LIMA-LA VICTORIA,18/12/2026,10:00,20,,,,15.670,,,,,,,event_atomic,,screenshots\2026-10\01-10-2026\observer-cupo-2b75ca.png,screenshots\2026-10\01-10-2026\observer-cupo-2b75ca.png,Se seleccionaron una fecha y una hora disponibles.
observer-***-091252-22a92299,2026-10-01 09:13:06,,available,normal,LIMA-LA VICTORIA,18/12/2026,10:00,20,,,,14.470,,,,,,,event_atomic,,screenshots\2026-10\01-10-2026\observer-cupo-273f84.png,screenshots\2026-10\01-10-2026\observer-cupo-273f84.png,Se seleccionaron una fecha y una hora disponibles.
observer-***-091336-16dbd5d9,2026-10-01 09:13:51,,available,normal,LIMA-LA VICTORIA,18/12/2026,10:00,20,,,,14.702,,,,,,,event_atomic,,screenshots\2026-10\01-10-2026\observer-cupo-1e1e95.png,screenshots\2026-10\01-10-2026\observer-cupo-1e1e95.png,Se seleccionaron una fecha y una hora disponibles.
observer-***-091421-ad7c08e3,2026-10-01 09:14:36,,available,normal,LIMA-LA VICTORIA,18/12/2026,10:00,20,,,,14.387,,,,,,,event_atomic,,screenshots\2026-10\01-10-2026\observer-cupo-460644.png,screenshots\2026-10\01-10-2026\observer-cupo-460644.png,Se seleccionaron una fecha y una hora disponibles.
observer-***-091506-0f2e84d4,2026-10-01 09:15:20,,available,normal,LIMA-LA VICTORIA,18/12/2026,10:00,20,,,,14.453,,,,,,,event_atomic,,screenshots\2026-10\01-10-2026\observer-cupo-98c37b.png,screenshots\2026-10\01-10-2026\observer-cupo-98c37b.png,Se seleccionaron una fecha y una hora disponibles.
observer-***-091550-c34952ac,2026-10-01 09:16:07,,available,normal,LIMA-LA VICTORIA,18/12/2026,10:00,20,,,,16.403,,,,,,,event_atomic,,screenshots\2026-10\01-10-2026\observer-cupo-8144db.png,screenshots\2026-10\01-10-2026\observer-cupo-8144db.png,Se seleccionaron una fecha y una hora disponibles.
observer-***-091637-131bc471,2026-10-01 09:16:53,,available,normal,LIMA-LA VICTORIA,18/12/2026,10:00,20,,,,16.335,,,,,,,legacy_fallback,,screenshots\2026-10\01-10-2026\observer-cupo-850a28.png,screenshots\2026-10\01-10-2026\observer-cupo-850a28.png,Se seleccionaron una fecha y una hora disponibles.
observer-***-091723-0de8d296,2026-10-01 09:17:39,,available,normal,LIMA-LA VICTORIA,18/12/2026,10:00,20,,,,15.218,,,,,,,event_atomic,,screenshots\2026-10\01-10-2026\observer-cupo-490b48.png,screenshots\2026-10\01-10-2026\observer-cupo-490b48.png,Se seleccionaron una fecha y una hora disponibles.
observer-***-091809-d79ad6b2,2026-10-01 09:18:24,,available,normal,LIMA-LA VICTORIA,18/12/2026,10:00,20,,,,15.454,,,,,,,event_atomic,,screenshots\2026-10\01-10-2026\observer-cupo-0dff13.png,screenshots\2026-10\01-10-2026\observer-cupo-0dff13.png,Se seleccionaron una fecha y una hora disponibles.
observer-***-091854-2e1c72e3,2026-10-01 09:19:09,,available,normal,LIMA-LA VICTORIA,18/12/2026,10:00,20,,,,14.940,,,,,,,event_atomic,,screenshots\2026-10\01-10-2026\observer-cupo-630477.png,screenshots\2026-10\01-10-2026\observer-cupo-630477.png,Se seleccionaron una fecha y una hora disponibles.
observer-***-091939-80d6d06e,2026-10-01 09:19:55,,available,normal,LIMA-LA VICTORIA,18/12/2026,10:00,20,,,,15.144,,,,,,,event_atomic,,screenshots\2026-10\01-10-2026\observer-cupo-9183aa.png,screenshots\2026-10\01-10-2026\observer-cupo-9183aa.png,Se seleccionaron una fecha y una hora disponibles.
observer-***-092025-3a55807d,2026-10-01 09:20:40,,available,normal,LIMA-LA VICTORIA,18/12/2026,10:00,20,,,,15.210,,,,,,,event_atomic,,screenshots\2026-10\01-10-2026\observer-cupo-45d728.png,screenshots\2026-10\01-10-2026\observer-cupo-45d728.png,Se seleccionaron una fecha y una hora disponibles.
observer-***-092110-11ade21b,2026-10-01 09:21:25,,available,normal,LIMA-LA VICTORIA,18/12/2026,10:00,20,,,,15.281,,,,,,,event_atomic,,screenshots\2026-10\01-10-2026\observer-cupo-54e805.png,screenshots\2026-10\01-10-2026\observer-cupo-54e805.png,Se seleccionaron una fecha y una hora disponibles.
observer-***-092156-504f6d75,2026-10-01 09:22:11,,available,normal,LIMA-LA VICTORIA,18/12/2026,10:00,20,,,,15.761,,,,,,,event_atomic,,screenshots\2026-10\01-10-2026\observer-cupo-4db792.png,screenshots\2026-10\01-10-2026\observer-cupo-4db792.png,Se seleccionaron una fecha y una hora disponibles.
observer-***-092241-35e3ad43,2026-10-01 09:22:57,,available,normal,LIMA-LA VICTORIA,18/12/2026,10:00,20,,,,15.563,,,,,,,event_atomic,,screenshots\2026-10\01-10-2026\observer-cupo-1b5aa5.png,screenshots\2026-10\01-10-2026\observer-cupo-1b5aa5.png,Se seleccionaron una fecha y una hora disponibles.
observer-***-092327-2cf6b69c,2026-10-01 09:23:43,,available,normal,LIMA-LA VICTORIA,18/12/2026,10:00,20,,,,15.695,,,,,,,event_atomic,,screenshots\2026-10\01-10-2026\observer-cupo-d8c816.png,screenshots\2026-10\01-10-2026\observer-cupo-d8c816.png,Se seleccionaron una fecha y una hora disponibles.
observer-***-092413-333780f0,2026-10-01 09:24:28,,available,normal,LIMA-LA VICTORIA,18/12/2026,10:00,20,,,,15.475,,,,,,,event_atomic,,screenshots\2026-10\01-10-2026\observer-cupo-9405bf.png,screenshots\2026-10\01-10-2026\observer-cupo-9405bf.png,Se seleccionaron una fecha y una hora disponibles.
observer-***-092459-47add1d0,2026-10-01 09:25:14,,available,normal,LIMA-LA VICTORIA,18/12/2026,10:00,20,,,,15.001,,,,,,,event_atomic,,screenshots\2026-10\01-10-2026\observer-cupo-52004e.png,screenshots\2026-10\01-10-2026\observer-cupo-52004e.png,Se seleccionaron una fecha y una hora disponibles.
observer-***-092544-***,2026-10-01 09:26:03,,available,normal,LIMA-LA VICTORIA,18/12/2026,10:00,20,,,,19.335,,,,,,,event_atomic,,screenshots\2026-10\01-10-2026\observer-cupo-236dd4.png,screenshots\2026-10\01-10-2026\observer-cupo-236dd4.png,Se seleccionaron una fecha y una hora disponibles.
observer-***-092633-493081d4,2026-10-01 09:26:50,,available,normal,LIMA-LA VICTORIA,18/12/2026,10:00,20,,,,16.338,,,,,,,event_atomic,,screenshots\2026-10\01-10-2026\observer-cupo-20c29a.png,screenshots\2026-10\01-10-2026\observer-cupo-20c29a.png,Se seleccionaron una fecha y una hora disponibles.
observer-***-092720-5f134179,2026-10-01 09:27:35,,available,normal,LIMA-LA VICTORIA,18/12/2026,10:00,20,,,,15.024,,,,,,,event_atomic,,screenshots\2026-10\01-10-2026\observer-cupo-ad691b.png,screenshots\2026-10\01-10-2026\observer-cupo-ad691b.png,Se seleccionaron una fecha y una hora disponibles.
observer-***-092805-cd99ae6b,2026-10-01 09:28:20,,available,normal,LIMA-LA VICTORIA,18/12/2026,10:00,20,,,,15.361,,,,,,,event_atomic,,screenshots\2026-10\01-10-2026\observer-cupo-03a8cd.png,screenshots\2026-10\01-10-2026\observer-cupo-03a8cd.png,Se seleccionaron una fecha y una hora disponibles.
observer-***-092850-9200bf99,2026-10-01 09:29:07,,available,normal,LIMA-LA VICTORIA,18/12/2026,10:00,20,,,,16.186,,,,,,,event_atomic,,screenshots\2026-10\01-10-2026\observer-cupo-2dde3e.png,screenshots\2026-10\01-10-2026\observer-cupo-2dde3e.png,Se seleccionaron una fecha y una hora disponibles.
observer-***-092937-85447e80,2026-10-01 09:29:52,,available,normal,LIMA-LA VICTORIA,18/12/2026,10:00,20,,,,15.406,,,,,,,event_atomic,,screenshots\2026-10\01-10-2026\observer-cupo-b46c9e.png,screenshots\2026-10\01-10-2026\observer-cupo-b46c9e.png,Se seleccionaron una fecha y una hora disponibles.
observer-***-093022-595c0212,2026-10-01 09:30:37,,available,normal,LIMA-LA VICTORIA,18/12/2026,10:00,20,,,,15.127,,,,,,,event_atomic,,screenshots\2026-10\01-10-2026\observer-cupo-296ef7.png,screenshots\2026-10\01-10-2026\observer-cupo-296ef7.png,Se seleccionaron una fecha y una hora disponibles.
observer-***-093107-2d44bfa8,2026-10-01 09:31:22,,available,normal,LIMA-LA VICTORIA,18/12/2026,10:00,20,,,,14.539,,,,,,,event_atomic,,screenshots\2026-10\01-10-2026\observer-cupo-14e2aa.png,screenshots\2026-10\01-10-2026\observer-cupo-14e2aa.png,Se seleccionaron una fecha y una hora disponibles.
observer-***-093152-97b61dc3,2026-10-01 09:32:07,,available,normal,LIMA-LA VICTORIA,18/12/2026,10:00,20,,,,14.787,,,,,,,event_atomic,,screenshots\2026-10\01-10-2026\observer-cupo-26db5e.png,screenshots\2026-10\01-10-2026\observer-cupo-26db5e.png,Se seleccionaron una fecha y una hora disponibles.
observer-***-093237-5bcdaaee,2026-10-01 09:32:52,,available,normal,LIMA-LA VICTORIA,18/12/2026,10:00,20,,,,15.006,,,,,,,event_atomic,,screenshots\2026-10\01-10-2026\observer-cupo-b27ffd.png,screenshots\2026-10\01-10-2026\observer-cupo-b27ffd.png,Se seleccionaron una fecha y una hora disponibles.
observer-***-093322-d29fc6c1,2026-10-01 09:33:37,,available,normal,LIMA-LA VICTORIA,18/12/2026,10:00,20,,,,14.746,,,,,,,event_atomic,,screenshots\2026-10\01-10-2026\observer-cupo-fdb8bc.png,screenshots\2026-10\01-10-2026\observer-cupo-fdb8bc.png,Se seleccionaron una fecha y una hora disponibles.
observer-***-093407-522ee8f1,2026-10-01 09:34:22,,available,normal,LIMA-LA VICTORIA,18/12/2026,10:00,20,,,,14.979,,,,,,,event_atomic,,screenshots\2026-10\01-10-2026\observer-cupo-d585c2.png,screenshots\2026-10\01-10-2026\observer-cupo-d585c2.png,Se seleccionaron una fecha y una hora disponibles.
observer-***-093452-980d6ec5,2026-10-01 09:35:07,,available,normal,LIMA-LA VICTORIA,18/12/2026,10:00,20,,,,15.040,,,,,,,event_atomic,,screenshots\2026-10\01-10-2026\observer-cupo-ac99dc.png,screenshots\2026-10\01-10-2026\observer-cupo-ac99dc.png,Se seleccionaron una fecha y una hora disponibles.
observer-***-093537-b2c60775,2026-10-01 09:35:53,,available,normal,LIMA-LA VICTORIA,18/12/2026,10:00,20,,,,15.375,,,,,,,event_atomic,,screenshots\2026-10\01-10-2026\observer-cupo-f76059.png,screenshots\2026-10\01-10-2026\observer-cupo-f76059.png,Se seleccionaron una fecha y una hora disponibles.
observer-***-093623-10478e62,2026-10-01 09:36:38,,available,normal,LIMA-LA VICTORIA,18/12/2026,10:00,20,,,,15.220,,,,,,,event_atomic,,screenshots\2026-10\01-10-2026\observer-cupo-a783b8.png,screenshots\2026-10\01-10-2026\observer-cupo-a783b8.png,Se seleccionaron una fecha y una hora disponibles.
observer-***-093708-3bc675ab,2026-10-01 09:37:23,,available,normal,LIMA-LA VICTORIA,18/12/2026,10:00,20,,,,14.987,,,,,,,event_atomic,,screenshots\2026-10\01-10-2026\observer-cupo-8216b9.png,screenshots\2026-10\01-10-2026\observer-cupo-8216b9.png,Se seleccionaron una fecha y una hora disponibles.
observer-***-093753-df5f3b48,2026-10-01 09:38:09,,available,normal,LIMA-LA VICTORIA,18/12/2026,10:00,20,,,,15.416,,,,,,,event_atomic,,screenshots\2026-10\01-10-2026\observer-cupo-5678fa.png,screenshots\2026-10\01-10-2026\observer-cupo-5678fa.png,Se seleccionaron una fecha y una hora disponibles.
observer-***-093839-7d7f7f5e,2026-10-01 09:38:54,,available,normal,LIMA-LA VICTORIA,18/12/2026,10:00,20,,,,15.061,,,,,,,event_atomic,,screenshots\2026-10\01-10-2026\observer-cupo-a14b78.png,screenshots\2026-10\01-10-2026\observer-cupo-a14b78.png,Se seleccionaron una fecha y una hora disponibles.
observer-***-093924-812651ea,2026-10-01 09:39:39,,available,normal,LIMA-LA VICTORIA,18/12/2026,10:00,20,,,,14.480,,,,,,,event_atomic,,screenshots\2026-10\01-10-2026\observer-cupo-3e540e.png,screenshots\2026-10\01-10-2026\observer-cupo-3e540e.png,Se seleccionaron una fecha y una hora disponibles.
observer-***-094009-6edb9e7a,2026-10-01 09:40:23,,available,normal,LIMA-LA VICTORIA,18/12/2026,10:00,20,,,,14.396,,,,,,,event_atomic,,screenshots\2026-10\01-10-2026\observer-cupo-f0cdb8.png,screenshots\2026-10\01-10-2026\observer-cupo-f0cdb8.png,Se seleccionaron una fecha y una hora disponibles.
observer-***-094053-5355e192,2026-10-01 09:41:08,,available,normal,LIMA-LA VICTORIA,18/12/2026,10:00,20,,,,14.379,,,,,,,event_atomic,,screenshots\2026-10\01-10-2026\observer-cupo-443121.png,screenshots\2026-10\01-10-2026\observer-cupo-443121.png,Se seleccionaron una fecha y una hora disponibles.
observer-***-094138-edd8bb25,2026-10-01 09:41:53,,available,normal,LIMA-LA VICTORIA,18/12/2026,10:00,20,,,,14.771,,,,,,,event_atomic,,screenshots\2026-10\01-10-2026\observer-cupo-5dd63d.png,screenshots\2026-10\01-10-2026\observer-cupo-5dd63d.png,Se seleccionaron una fecha y una hora disponibles.
observer-***-094223-18d1cf9d,2026-10-01 09:42:38,,available,normal,LIMA-LA VICTORIA,18/12/2026,10:00,20,,,,15.336,,,,,,,event_atomic,,screenshots\2026-10\01-10-2026\observer-cupo-d47c6e.png,screenshots\2026-10\01-10-2026\observer-cupo-d47c6e.png,Se seleccionaron una fecha y una hora disponibles.
observer-***-094308-facb90f2,2026-10-01 09:43:23,,available,normal,LIMA-LA VICTORIA,18/12/2026,10:00,20,,,,14.906,,,,,,,event_atomic,,screenshots\2026-10\01-10-2026\observer-cupo-2fff7f.png,screenshots\2026-10\01-10-2026\observer-cupo-2fff7f.png,Se seleccionaron una fecha y una hora disponibles.
observer-***-094353-35e96d14,2026-10-01 09:44:08,,available,normal,LIMA-LA VICTORIA,18/12/2026,10:00,20,,,,14.833,,,,,,,event_atomic,,screenshots\2026-10\01-10-2026\observer-cupo-303911.png,screenshots\2026-10\01-10-2026\observer-cupo-303911.png,Se seleccionaron una fecha y una hora disponibles.
observer-***-094438-e827a32c,2026-10-01 09:44:53,,available,normal,LIMA-LA VICTORIA,18/12/2026,10:00,20,,,,14.785,,,,,,,event_atomic,,screenshots\2026-10\01-10-2026\observer-cupo-7f2ac6.png,screenshots\2026-10\01-10-2026\observer-cupo-7f2ac6.png,Se seleccionaron una fecha y una hora disponibles.
observer-***-094523-1cba1ceb,2026-10-01 09:45:38,,available,normal,LIMA-LA VICTORIA,18/12/2026,10:00,20,,,,14.839,,,,,,,event_atomic,,screenshots\2026-10\01-10-2026\observer-cupo-2b120a.png,screenshots\2026-10\01-10-2026\observer-cupo-2b120a.png,Se seleccionaron una fecha y una hora disponibles.
observer-***-094608-383af605,2026-10-01 09:46:23,,available,normal,LIMA-LA VICTORIA,18/12/2026,10:00,20,,,,14.944,,,,,,,event_atomic,,screenshots\2026-10\01-10-2026\observer-cupo-72fd15.png,screenshots\2026-10\01-10-2026\observer-cupo-72fd15.png,Se seleccionaron una fecha y una hora disponibles.
observer-***-094653-92890cae,2026-10-01 09:47:08,,available,normal,LIMA-LA VICTORIA,18/12/2026,10:00,20,,,,14.729,,,,,,,event_atomic,,screenshots\2026-10\01-10-2026\observer-cupo-040fa9.png,screenshots\2026-10\01-10-2026\observer-cupo-040fa9.png,Se seleccionaron una fecha y una hora disponibles.
observer-***-094738-c38266d5,2026-10-01 09:47:53,,available,normal,LIMA-LA VICTORIA,18/12/2026,10:00,20,,,,14.454,,,,,,,event_atomic,,screenshots\2026-10\01-10-2026\observer-cupo-4f90cb.png,screenshots\2026-10\01-10-2026\observer-cupo-4f90cb.png,Se seleccionaron una fecha y una hora disponibles.
observer-***-094823-***,2026-10-01 09:48:37,,available,normal,LIMA-LA VICTORIA,18/12/2026,10:00,20,,,,14.558,,,,,,,event_atomic,,screenshots\2026-10\01-10-2026\observer-cupo-d95aff.png,screenshots\2026-10\01-10-2026\observer-cupo-d95aff.png,Se seleccionaron una fecha y una hora disponibles.
observer-***-094907-9fd6a651,2026-10-01 09:49:22,,available,normal,LIMA-LA VICTORIA,18/12/2026,10:00,20,,,,14.548,,,,,,,event_atomic,,screenshots\2026-10\01-10-2026\observer-cupo-b74ff9.png,screenshots\2026-10\01-10-2026\observer-cupo-b74ff9.png,Se seleccionaron una fecha y una hora disponibles.
observer-***-094952-e9379100,2026-10-01 09:50:07,,available,normal,LIMA-LA VICTORIA,18/12/2026,10:00,20,,,,14.840,,,,,,,event_atomic,,screenshots\2026-10\01-10-2026\observer-cupo-fa2806.png,screenshots\2026-10\01-10-2026\observer-cupo-fa2806.png,Se seleccionaron una fecha y una hora disponibles.
observer-***-095037-99b1f2dd,2026-10-01 09:50:52,,available,normal,LIMA-LA VICTORIA,18/12/2026,10:00,20,,,,14.757,,,,,,,event_atomic,,screenshots\2026-10\01-10-2026\observer-cupo-d9ed37.png,screenshots\2026-10\01-10-2026\observer-cupo-d9ed37.png,Se seleccionaron una fecha y una hora disponibles.
observer-***-095122-d489037d,2026-10-01 09:51:36,,available,normal,LIMA-LA VICTORIA,18/12/2026,10:00,20,,,,14.408,,,,,,,event_atomic,,screenshots\2026-10\01-10-2026\observer-cupo-23ac2a.png,screenshots\2026-10\01-10-2026\observer-cupo-23ac2a.png,Se seleccionaron una fecha y una hora disponibles.
observer-***-095207-5e64dba6,2026-10-01 09:52:21,,available,normal,LIMA-LA VICTORIA,18/12/2026,10:00,20,,,,14.607,,,,,,,event_atomic,,screenshots\2026-10\01-10-2026\observer-cupo-98b9fc.png,screenshots\2026-10\01-10-2026\observer-cupo-98b9fc.png,Se seleccionaron una fecha y una hora disponibles.
observer-***-095251-849af564,2026-10-01 09:53:06,,available,normal,LIMA-LA VICTORIA,18/12/2026,10:00,20,,,,14.555,,,,,,,event_atomic,,screenshots\2026-10\01-10-2026\observer-cupo-5cc42a.png,screenshots\2026-10\01-10-2026\observer-cupo-5cc42a.png,Se seleccionaron una fecha y una hora disponibles.
observer-***-095336-dfbeb5d8,2026-10-01 09:53:51,,available,normal,LIMA-LA VICTORIA,18/12/2026,11:00,20,,,,14.446,,,,,,,event_atomic,,screenshots\2026-10\01-10-2026\observer-cupo-bc4465.png,screenshots\2026-10\01-10-2026\observer-cupo-bc4465.png,Se seleccionaron una fecha y una hora disponibles.
observer-***-095423-c817e74f,2026-10-01 09:54:37,,available,normal,LIMA-LA VICTORIA,18/12/2026,11:00,20,,,,14.382,,,,,,,event_atomic,,screenshots\2026-10\01-10-2026\observer-cupo-eb9aba.png,screenshots\2026-10\01-10-2026\observer-cupo-eb9aba.png,Se seleccionaron una fecha y una hora disponibles.
observer-***-095507-a1efcdb1,2026-10-01 09:55:22,,available,normal,LIMA-LA VICTORIA,18/12/2026,11:00,20,,,,14.974,,,,,,,event_atomic,,screenshots\2026-10\01-10-2026\observer-cupo-474497.png,screenshots\2026-10\01-10-2026\observer-cupo-474497.png,Se seleccionaron una fecha y una hora disponibles.
observer-***-095552-13e8c29d,2026-10-01 09:56:07,,available,normal,LIMA-LA VICTORIA,18/12/2026,11:00,20,,,,14.337,,,,,,,event_atomic,,screenshots\2026-10\01-10-2026\observer-cupo-7d24a8.png,screenshots\2026-10\01-10-2026\observer-cupo-7d24a8.png,Se seleccionaron una fecha y una hora disponibles.
observer-***-095637-bdaf4bfb,2026-10-01 09:56:51,,available,normal,LIMA-LA VICTORIA,18/12/2026,11:00,20,,,,14.552,,,,,,,event_atomic,,screenshots\2026-10\01-10-2026\observer-cupo-8471ee.png,screenshots\2026-10\01-10-2026\observer-cupo-8471ee.png,Se seleccionaron una fecha y una hora disponibles.
observer-***-095721-64e2f3fd,2026-10-01 09:57:36,,available,normal,LIMA-LA VICTORIA,18/12/2026,11:00,20,,,,14.716,,,,,,,event_atomic,,screenshots\2026-10\01-10-2026\observer-cupo-c7449a.png,screenshots\2026-10\01-10-2026\observer-cupo-c7449a.png,Se seleccionaron una fecha y una hora disponibles.
observer-***-095806-048a30bd,2026-10-01 09:58:21,,available,normal,LIMA-LA VICTORIA,18/12/2026,11:00,20,,,,14.431,,,,,,,event_atomic,,screenshots\2026-10\01-10-2026\observer-cupo-33e483.png,screenshots\2026-10\01-10-2026\observer-cupo-33e483.png,Se seleccionaron una fecha y una hora disponibles.
observer-***-095851-c5214568,2026-10-01 09:59:06,,available,normal,LIMA-LA VICTORIA,18/12/2026,11:00,20,,,,14.718,,,,,,,event_atomic,,screenshots\2026-10\01-10-2026\observer-cupo-19fc7e.png,screenshots\2026-10\01-10-2026\observer-cupo-19fc7e.png,Se seleccionaron una fecha y una hora disponibles.
observer-***-095936-f9f0f28a,2026-10-01 09:59:50,,available,normal,LIMA-LA VICTORIA,18/12/2026,11:00,20,,,,14.573,,,,,,,event_atomic,,screenshots\2026-10\01-10-2026\observer-cupo-30ca26.png,screenshots\2026-10\01-10-2026\observer-cupo-30ca26.png,Se seleccionaron una fecha y una hora disponibles.
observer-***-100020-375c8221,2026-10-01 10:00:35,,available,normal,LIMA-LA VICTORIA,18/12/2026,11:00,20,,,,14.504,,,,,,,event_atomic,,screenshots\2026-10\01-10-2026\observer-cupo-2ce09a.png,screenshots\2026-10\01-10-2026\observer-cupo-2ce09a.png,Se seleccionaron una fecha y una hora disponibles.
observer-***-100105-f346de70,2026-10-01 10:01:21,,available,normal,LIMA-LA VICTORIA,18/12/2026,11:00,20,,,,15.566,,,,,,,event_atomic,,screenshots\2026-10\01-10-2026\observer-cupo-94d38d.png,screenshots\2026-10\01-10-2026\observer-cupo-94d38d.png,Se seleccionaron una fecha y una hora disponibles.
observer-***-100151-e97cdea1,2026-10-01 10:02:05,,available,normal,LIMA-LA VICTORIA,18/12/2026,11:00,20,,,,14.477,,,,,,,event_atomic,,screenshots\2026-10\01-10-2026\observer-cupo-2ae7d8.png,screenshots\2026-10\01-10-2026\observer-cupo-2ae7d8.png,Se seleccionaron una fecha y una hora disponibles.
observer-***-100235-9fbab023,2026-10-01 10:02:51,,available,normal,LIMA-LA VICTORIA,18/12/2026,11:00,20,,,,16.093,,,,,,,event_atomic,,screenshots\2026-10\01-10-2026\observer-cupo-7431d7.png,screenshots\2026-10\01-10-2026\observer-cupo-7431d7.png,Se seleccionaron una fecha y una hora disponibles.
observer-***-100322-8edc2c5d,2026-10-01 10:03:36,,available,normal,LIMA-LA VICTORIA,18/12/2026,11:00,20,,,,14.656,,,,,,,event_atomic,,screenshots\2026-10\01-10-2026\observer-cupo-8a1191.png,screenshots\2026-10\01-10-2026\observer-cupo-8a1191.png,Se seleccionaron una fecha y una hora disponibles.
observer-***-100406-b6f15ae4,2026-10-01 10:04:21,,available,normal,LIMA-LA VICTORIA,18/12/2026,11:00,20,,,,14.939,,,,,,,event_atomic,,screenshots\2026-10\01-10-2026\observer-cupo-d9f28d.png,screenshots\2026-10\01-10-2026\observer-cupo-d9f28d.png,Se seleccionaron una fecha y una hora disponibles.
observer-***-100452-582cc376,2026-10-01 10:05:06,,available,normal,LIMA-LA VICTORIA,18/12/2026,11:00,20,,,,14.839,,,,,,,event_atomic,,screenshots\2026-10\01-10-2026\observer-cupo-a01d9a.png,screenshots\2026-10\01-10-2026\observer-cupo-a01d9a.png,Se seleccionaron una fecha y una hora disponibles.
observer-***-100537-8c591ed0,2026-10-01 10:05:51,,available,normal,LIMA-LA VICTORIA,18/12/2026,11:00,20,,,,14.920,,,,,,,event_atomic,,screenshots\2026-10\01-10-2026\observer-cupo-43773f.png,screenshots\2026-10\01-10-2026\observer-cupo-43773f.png,Se seleccionaron una fecha y una hora disponibles.
observer-***-100622-***,2026-10-01 10:06:36,,available,normal,LIMA-LA VICTORIA,18/12/2026,11:00,20,,,,14.560,,,,,,,event_atomic,,screenshots\2026-10\01-10-2026\observer-cupo-e33b33.png,screenshots\2026-10\01-10-2026\observer-cupo-e33b33.png,Se seleccionaron una fecha y una hora disponibles.
observer-***-100706-d5310c5a,2026-10-01 10:07:21,,available,normal,LIMA-LA VICTORIA,18/12/2026,11:00,20,,,,14.417,,,,,,,event_atomic,,screenshots\2026-10\01-10-2026\observer-cupo-ec08a3.png,screenshots\2026-10\01-10-2026\observer-cupo-ec08a3.png,Se seleccionaron una fecha y una hora disponibles.
observer-***-100751-bacdd6d0,2026-10-01 10:08:05,,available,normal,LIMA-LA VICTORIA,18/12/2026,11:00,20,,,,14.519,,,,,,,event_atomic,,screenshots\2026-10\01-10-2026\observer-cupo-3a6263.png,screenshots\2026-10\01-10-2026\observer-cupo-3a6263.png,Se seleccionaron una fecha y una hora disponibles.
observer-***-100836-9c56d05b,2026-10-01 10:08:50,,available,normal,LIMA-LA VICTORIA,18/12/2026,11:00,20,,,,14.738,,,,,,,event_atomic,,screenshots\2026-10\01-10-2026\observer-cupo-d2f83c.png,screenshots\2026-10\01-10-2026\observer-cupo-d2f83c.png,Se seleccionaron una fecha y una hora disponibles.
observer-***-100920-1f195b74,2026-10-01 10:09:35,,available,normal,LIMA-LA VICTORIA,18/12/2026,11:00,20,,,,14.479,,,,,,,event_atomic,,screenshots\2026-10\01-10-2026\observer-cupo-8f0217.png,screenshots\2026-10\01-10-2026\observer-cupo-8f0217.png,Se seleccionaron una fecha y una hora disponibles.
observer-***-101005-32cdf91a,2026-10-01 10:10:21,,available,normal,LIMA-LA VICTORIA,18/12/2026,11:00,20,,,,15.544,,,,,,,event_atomic,,screenshots\2026-10\01-10-2026\observer-cupo-9c4688.png,screenshots\2026-10\01-10-2026\observer-cupo-9c4688.png,Se seleccionaron una fecha y una hora disponibles.
observer-***-101051-acc1daa3,2026-10-01 10:11:05,,available,normal,LIMA-LA VICTORIA,18/12/2026,11:00,20,,,,14.351,,,,,,,event_atomic,,screenshots\2026-10\01-10-2026\observer-cupo-ef1c01.png,screenshots\2026-10\01-10-2026\observer-cupo-ef1c01.png,Se seleccionaron una fecha y una hora disponibles.
observer-***-101135-bf2707ce,2026-10-01 10:11:50,,available,normal,LIMA-LA VICTORIA,18/12/2026,11:00,20,,,,14.337,,,,,,,event_atomic,,screenshots\2026-10\01-10-2026\observer-cupo-b4282b.png,screenshots\2026-10\01-10-2026\observer-cupo-b4282b.png,Se seleccionaron una fecha y una hora disponibles.
observer-***-101220-1d0cb54b,2026-10-01 10:12:34,,available,normal,LIMA-LA VICTORIA,18/12/2026,11:00,20,,,,14.421,,,,,,,event_atomic,,screenshots\2026-10\01-10-2026\observer-cupo-d591e8.png,screenshots\2026-10\01-10-2026\observer-cupo-d591e8.png,Se seleccionaron una fecha y una hora disponibles.
observer-***-101304-b71241a3,2026-10-01 10:13:19,,available,normal,LIMA-LA VICTORIA,18/12/2026,11:00,20,,,,14.420,,,,,,,event_atomic,,screenshots\2026-10\01-10-2026\observer-cupo-4b02b6.png,screenshots\2026-10\01-10-2026\observer-cupo-4b02b6.png,Se seleccionaron una fecha y una hora disponibles.
observer-***-101349-27942ab5,2026-10-01 10:14:03,,available,normal,LIMA-LA VICTORIA,18/12/2026,11:00,20,,,,14.294,,,,,,,event_atomic,,screenshots\2026-10\01-10-2026\observer-cupo-3feaf7.png,screenshots\2026-10\01-10-2026\observer-cupo-3feaf7.png,Se seleccionaron una fecha y una hora disponibles.
observer-***-101433-fc1194e4,2026-10-01 10:14:49,,available,normal,LIMA-LA VICTORIA,18/12/2026,11:00,20,,,,15.190,,,,,,,event_atomic,,screenshots\2026-10\01-10-2026\observer-cupo-96bb03.png,screenshots\2026-10\01-10-2026\observer-cupo-96bb03.png,Se seleccionaron una fecha y una hora disponibles.
observer-***-101519-22ffdd95,2026-10-01 10:15:33,,available,normal,LIMA-LA VICTORIA,18/12/2026,11:00,20,,,,14.543,,,,,,,event_atomic,,screenshots\2026-10\01-10-2026\observer-cupo-5b3f65.png,screenshots\2026-10\01-10-2026\observer-cupo-5b3f65.png,Se seleccionaron una fecha y una hora disponibles.
observer-***-101603-ee8688f7,2026-10-01 10:16:18,,available,normal,LIMA-LA VICTORIA,18/12/2026,11:00,20,,,,14.525,,,,,,,event_atomic,,screenshots\2026-10\01-10-2026\observer-cupo-8368b9.png,screenshots\2026-10\01-10-2026\observer-cupo-8368b9.png,Se seleccionaron una fecha y una hora disponibles.
observer-***-101648-62cd2a5a,2026-10-01 10:16:57,,available,normal,LIMA-LA VICTORIA,18/12/2026,11:00,20,,,,9.148,,,,,,,event_atomic,,screenshots\2026-10\01-10-2026\observer-cupo-a9fbcd.png,screenshots\2026-10\01-10-2026\observer-cupo-a9fbcd.png,Se seleccionaron una fecha y una hora disponibles.
observer-***-101727-1ebd517f,2026-10-01 10:17:42,,available,normal,LIMA-LA VICTORIA,18/12/2026,11:00,20,,,,14.570,,,,,,,event_atomic,,screenshots\2026-10\01-10-2026\observer-cupo-e545d4.png,screenshots\2026-10\01-10-2026\observer-cupo-e545d4.png,Se seleccionaron una fecha y una hora disponibles.
observer-***-101812-6954d622,2026-10-01 10:18:27,,available,normal,LIMA-LA VICTORIA,18/12/2026,11:00,20,,,,15.158,,,,,,,event_atomic,,screenshots\2026-10\01-10-2026\observer-cupo-4bb1b0.png,screenshots\2026-10\01-10-2026\observer-cupo-4bb1b0.png,Se seleccionaron una fecha y una hora disponibles.
observer-***-101857-adad4e7d,2026-10-01 10:19:12,,available,normal,LIMA-LA VICTORIA,18/12/2026,11:00,20,,,,14.610,,,,,,,event_atomic,,screenshots\2026-10\01-10-2026\observer-cupo-b683a5.png,screenshots\2026-10\01-10-2026\observer-cupo-b683a5.png,Se seleccionaron una fecha y una hora disponibles.
observer-***-101942-9c44d913,2026-10-01 10:19:57,,available,normal,LIMA-LA VICTORIA,18/12/2026,11:00,20,,,,14.634,,,,,,,event_atomic,,screenshots\2026-10\01-10-2026\observer-cupo-ba0d1a.png,screenshots\2026-10\01-10-2026\observer-cupo-ba0d1a.png,Se seleccionaron una fecha y una hora disponibles.
observer-***-102027-***,2026-10-01 10:20:42,,available,normal,LIMA-LA VICTORIA,18/12/2026,11:00,20,,,,14.724,,,,,,,event_atomic,,screenshots\2026-10\01-10-2026\observer-cupo-8ac265.png,screenshots\2026-10\01-10-2026\observer-cupo-8ac265.png,Se seleccionaron una fecha y una hora disponibles.
observer-***-102112-a42a2aff,2026-10-01 10:21:26,,available,normal,LIMA-LA VICTORIA,18/12/2026,11:00,20,,,,14.670,,,,,,,event_atomic,,screenshots\2026-10\01-10-2026\observer-cupo-44fbd4.png,screenshots\2026-10\01-10-2026\observer-cupo-44fbd4.png,Se seleccionaron una fecha y una hora disponibles.
observer-***-102157-41c77f8d,2026-10-01 10:22:11,,available,normal,LIMA-LA VICTORIA,18/12/2026,11:00,20,,,,14.790,,,,,,,event_atomic,,screenshots\2026-10\01-10-2026\observer-cupo-e9b318.png,screenshots\2026-10\01-10-2026\observer-cupo-e9b318.png,Se seleccionaron una fecha y una hora disponibles.
observer-***-102242-d4f19552,2026-10-01 10:22:57,,available,normal,LIMA-LA VICTORIA,18/12/2026,12:00,20,,,,15.323,,,,,,,event_atomic,,screenshots\2026-10\01-10-2026\observer-cupo-c64664.png,screenshots\2026-10\01-10-2026\observer-cupo-c64664.png,Se seleccionaron una fecha y una hora disponibles.
observer-***-102329-7914b072,2026-10-01 10:23:44,,available,normal,LIMA-LA VICTORIA,18/12/2026,12:00,20,,,,14.998,,,,,,,event_atomic,,screenshots\2026-10\01-10-2026\observer-cupo-1f2b47.png,screenshots\2026-10\01-10-2026\observer-cupo-1f2b47.png,Se seleccionaron una fecha y una hora disponibles.
observer-***-102414-0b34b189,2026-10-01 10:24:29,,available,normal,LIMA-LA VICTORIA,18/12/2026,12:00,20,,,,14.786,,,,,,,event_atomic,,screenshots\2026-10\01-10-2026\observer-cupo-17f271.png,screenshots\2026-10\01-10-2026\observer-cupo-17f271.png,Se seleccionaron una fecha y una hora disponibles.
observer-***-102459-e7b3480d,2026-10-01 10:25:13,,available,normal,LIMA-LA VICTORIA,18/12/2026,12:00,20,,,,14.545,,,,,,,event_atomic,,screenshots\2026-10\01-10-2026\observer-cupo-494314.png,screenshots\2026-10\01-10-2026\observer-cupo-494314.png,Se seleccionaron una fecha y una hora disponibles.
observer-***-102544-ca563e7b,2026-10-01 10:25:58,,available,normal,LIMA-LA VICTORIA,18/12/2026,12:00,20,,,,14.321,,,,,,,event_atomic,,screenshots\2026-10\01-10-2026\observer-cupo-b92093.png,screenshots\2026-10\01-10-2026\observer-cupo-b92093.png,Se seleccionaron una fecha y una hora disponibles.
observer-***-102628-1a26056c,2026-10-01 10:26:43,,available,normal,LIMA-LA VICTORIA,18/12/2026,12:00,20,,,,14.490,,,,,,,event_atomic,,screenshots\2026-10\01-10-2026\observer-cupo-f1aabd.png,screenshots\2026-10\01-10-2026\observer-cupo-f1aabd.png,Se seleccionaron una fecha y una hora disponibles.
observer-***-102713-d9e08512,2026-10-01 10:27:27,,available,normal,LIMA-LA VICTORIA,18/12/2026,12:00,20,,,,14.684,,,,,,,event_atomic,,screenshots\2026-10\01-10-2026\observer-cupo-c9b887.png,screenshots\2026-10\01-10-2026\observer-cupo-c9b887.png,Se seleccionaron una fecha y una hora disponibles.
observer-***-102758-fc8d9f54,2026-10-01 10:28:12,,available,normal,LIMA-LA VICTORIA,18/12/2026,12:00,20,,,,14.820,,,,,,,event_atomic,,screenshots\2026-10\01-10-2026\observer-cupo-3bebd1.png,screenshots\2026-10\01-10-2026\observer-cupo-3bebd1.png,Se seleccionaron una fecha y una hora disponibles.
observer-***-102843-23710f9c,2026-10-01 10:28:57,,available,normal,LIMA-LA VICTORIA,18/12/2026,12:00,20,,,,14.429,,,,,,,event_atomic,,screenshots\2026-10\01-10-2026\observer-cupo-e1cdf3.png,screenshots\2026-10\01-10-2026\observer-cupo-e1cdf3.png,Se seleccionaron una fecha y una hora disponibles.
observer-***-102927-b686377b,2026-10-01 10:29:42,,available,normal,LIMA-LA VICTORIA,18/12/2026,12:00,20,,,,14.464,,,,,,,event_atomic,,screenshots\2026-10\01-10-2026\observer-cupo-88912f.png,screenshots\2026-10\01-10-2026\observer-cupo-88912f.png,Se seleccionaron una fecha y una hora disponibles.
observer-***-103012-353e30c0,2026-10-01 10:30:26,,available,normal,LIMA-LA VICTORIA,18/12/2026,12:00,20,,,,14.439,,,,,,,event_atomic,,screenshots\2026-10\01-10-2026\observer-cupo-430151.png,screenshots\2026-10\01-10-2026\observer-cupo-430151.png,Se seleccionaron una fecha y una hora disponibles.
observer-***-103056-8149c388,2026-10-01 10:31:11,,available,normal,LIMA-LA VICTORIA,18/12/2026,12:00,20,,,,14.639,,,,,,,event_atomic,,screenshots\2026-10\01-10-2026\observer-cupo-01bb2d.png,screenshots\2026-10\01-10-2026\observer-cupo-01bb2d.png,Se seleccionaron una fecha y una hora disponibles.
observer-***-103141-2d758c4c,2026-10-01 10:31:56,,available,normal,LIMA-LA VICTORIA,18/12/2026,12:00,20,,,,14.659,,,,,,,event_atomic,,screenshots\2026-10\01-10-2026\observer-cupo-29557c.png,screenshots\2026-10\01-10-2026\observer-cupo-29557c.png,Se seleccionaron una fecha y una hora disponibles.
observer-***-103226-73d43cd3,2026-10-01 10:32:41,,available,normal,LIMA-LA VICTORIA,18/12/2026,12:00,20,,,,14.912,,,,,,,event_atomic,,screenshots\2026-10\01-10-2026\observer-cupo-05ea47.png,screenshots\2026-10\01-10-2026\observer-cupo-05ea47.png,Se seleccionaron una fecha y una hora disponibles.
observer-***-103311-13886d56,2026-10-01 10:33:26,,available,normal,LIMA-LA VICTORIA,18/12/2026,12:00,20,,,,14.569,,,,,,,event_atomic,,screenshots\2026-10\01-10-2026\observer-cupo-0535d5.png,screenshots\2026-10\01-10-2026\observer-cupo-0535d5.png,Se seleccionaron una fecha y una hora disponibles.
observer-***-103356-4c2b3626,2026-10-01 10:34:10,,available,normal,LIMA-LA VICTORIA,18/12/2026,12:00,20,,,,14.426,,,,,,,event_atomic,,screenshots\2026-10\01-10-2026\observer-cupo-d5993b.png,screenshots\2026-10\01-10-2026\observer-cupo-d5993b.png,Se seleccionaron una fecha y una hora disponibles.
observer-***-103440-80bba02e,2026-10-01 10:34:55,,available,normal,LIMA-LA VICTORIA,18/12/2026,12:00,20,,,,14.513,,,,,,,event_atomic,,screenshots\2026-10\01-10-2026\observer-cupo-b4ec64.png,screenshots\2026-10\01-10-2026\observer-cupo-b4ec64.png,Se seleccionaron una fecha y una hora disponibles.
observer-***-103525-a23dbc9a,2026-10-01 10:35:40,,available,normal,LIMA-LA VICTORIA,18/12/2026,12:00,20,,,,14.806,,,,,,,event_atomic,,screenshots\2026-10\01-10-2026\observer-cupo-0a45e7.png,screenshots\2026-10\01-10-2026\observer-cupo-0a45e7.png,Se seleccionaron una fecha y una hora disponibles.
observer-***-103610-dfe47884,2026-10-01 10:36:26,,available,normal,LIMA-LA VICTORIA,18/12/2026,12:00,20,,,,15.646,,,,,,,event_atomic,,screenshots\2026-10\01-10-2026\observer-cupo-a590e0.png,screenshots\2026-10\01-10-2026\observer-cupo-a590e0.png,Se seleccionaron una fecha y una hora disponibles.
observer-***-103656-98d80f83,2026-10-01 10:37:11,,available,normal,LIMA-LA VICTORIA,18/12/2026,12:00,20,,,,15.158,,,,,,,event_atomic,,screenshots\2026-10\01-10-2026\observer-cupo-e51ca8.png,screenshots\2026-10\01-10-2026\observer-cupo-e51ca8.png,Se seleccionaron una fecha y una hora disponibles.
observer-***-103741-e9f1b20c,2026-10-01 10:37:56,,available,normal,LIMA-LA VICTORIA,18/12/2026,12:00,20,,,,14.610,,,,,,,event_atomic,,screenshots\2026-10\01-10-2026\observer-cupo-728833.png,screenshots\2026-10\01-10-2026\observer-cupo-728833.png,Se seleccionaron una fecha y una hora disponibles.
observer-***-103826-e13c84d5,2026-10-01 10:38:41,,available,normal,LIMA-LA VICTORIA,18/12/2026,12:00,20,,,,15.081,,,,,,,event_atomic,,screenshots\2026-10\01-10-2026\observer-cupo-e340ad.png,screenshots\2026-10\01-10-2026\observer-cupo-e340ad.png,Se seleccionaron una fecha y una hora disponibles.
observer-***-103911-6675f8e3,2026-10-01 10:39:26,,available,normal,LIMA-LA VICTORIA,18/12/2026,12:00,20,,,,14.634,,,,,,,event_atomic,,screenshots\2026-10\01-10-2026\observer-cupo-694671.png,screenshots\2026-10\01-10-2026\observer-cupo-694671.png,Se seleccionaron una fecha y una hora disponibles.
observer-***-103956-0ba77267,2026-10-01 10:40:11,,available,normal,LIMA-LA VICTORIA,18/12/2026,12:00,20,,,,14.773,,,,,,,event_atomic,,screenshots\2026-10\01-10-2026\observer-cupo-ea7098.png,screenshots\2026-10\01-10-2026\observer-cupo-ea7098.png,Se seleccionaron una fecha y una hora disponibles.
observer-***-104041-0fcaf79e,2026-10-01 10:40:55,,available,normal,LIMA-LA VICTORIA,18/12/2026,12:00,20,,,,14.544,,,,,,,event_atomic,,screenshots\2026-10\01-10-2026\observer-cupo-13abce.png,screenshots\2026-10\01-10-2026\observer-cupo-13abce.png,Se seleccionaron una fecha y una hora disponibles.
observer-***-104126-d39b60f1,2026-10-01 10:41:40,,available,normal,LIMA-LA VICTORIA,18/12/2026,12:00,20,,,,14.919,,,,,,,event_atomic,,screenshots\2026-10\01-10-2026\observer-cupo-f4a546.png,screenshots\2026-10\01-10-2026\observer-cupo-f4a546.png,Se seleccionaron una fecha y una hora disponibles.
observer-***-104211-dae7a40c,2026-10-01 10:42:25,,available,normal,LIMA-LA VICTORIA,18/12/2026,12:00,20,,,,14.558,,,,,,,event_atomic,,screenshots\2026-10\01-10-2026\observer-cupo-4157a9.png,screenshots\2026-10\01-10-2026\observer-cupo-4157a9.png,Se seleccionaron una fecha y una hora disponibles.
observer-***-104255-51926bed,2026-10-01 10:43:10,,available,normal,LIMA-LA VICTORIA,18/12/2026,12:00,20,,,,15.023,,,,,,,event_atomic,,screenshots\2026-10\01-10-2026\observer-cupo-92ba05.png,screenshots\2026-10\01-10-2026\observer-cupo-92ba05.png,Se seleccionaron una fecha y una hora disponibles.
observer-***-104341-41239ed8,2026-10-01 10:43:55,,available,normal,LIMA-LA VICTORIA,18/12/2026,12:00,20,,,,14.744,,,,,,,event_atomic,,screenshots\2026-10\01-10-2026\observer-cupo-b7a439.png,screenshots\2026-10\01-10-2026\observer-cupo-b7a439.png,Se seleccionaron una fecha y una hora disponibles.
observer-***-104425-b7b2e9a0,2026-10-01 10:44:40,,available,normal,LIMA-LA VICTORIA,18/12/2026,12:00,20,,,,14.685,,,,,,,event_atomic,,screenshots\2026-10\01-10-2026\observer-cupo-0320ad.png,screenshots\2026-10\01-10-2026\observer-cupo-0320ad.png,Se seleccionaron una fecha y una hora disponibles.
observer-***-104510-efcfa4f9,2026-10-01 10:45:25,,available,normal,LIMA-LA VICTORIA,18/12/2026,12:00,20,,,,14.644,,,,,,,event_atomic,,screenshots\2026-10\01-10-2026\observer-cupo-4bd770.png,screenshots\2026-10\01-10-2026\observer-cupo-4bd770.png,Se seleccionaron una fecha y una hora disponibles.
observer-***-104555-be1a1907,2026-10-01 10:46:10,,available,normal,LIMA-LA VICTORIA,18/12/2026,12:00,20,,,,14.720,,,,,,,event_atomic,,screenshots\2026-10\01-10-2026\observer-cupo-ec300b.png,screenshots\2026-10\01-10-2026\observer-cupo-ec300b.png,Se seleccionaron una fecha y una hora disponibles.
observer-***-104640-fbe24062,2026-10-01 10:46:54,,available,normal,LIMA-LA VICTORIA,18/12/2026,12:00,20,,,,14.434,,,,,,,event_atomic,,screenshots\2026-10\01-10-2026\observer-cupo-b03ffa.png,screenshots\2026-10\01-10-2026\observer-cupo-b03ffa.png,Se seleccionaron una fecha y una hora disponibles.
observer-***-104725-09855a60,2026-10-01 10:47:39,,available,normal,LIMA-LA VICTORIA,18/12/2026,12:00,20,,,,14.482,,,,,,,event_atomic,,screenshots\2026-10\01-10-2026\observer-cupo-a6b52d.png,screenshots\2026-10\01-10-2026\observer-cupo-a6b52d.png,Se seleccionaron una fecha y una hora disponibles.
observer-***-104809-06fbd3b5,2026-10-01 10:48:24,,available,normal,LIMA-LA VICTORIA,19/12/2026,11:00,20,,,,14.534,,,,,,,event_atomic,,screenshots\2026-10\01-10-2026\observer-cupo-7f8dc9.png,screenshots\2026-10\01-10-2026\observer-cupo-7f8dc9.png,Se seleccionaron una fecha y una hora disponibles.
observer-***-104856-36fe8694,2026-10-01 10:49:11,,available,normal,LIMA-LA VICTORIA,19/12/2026,11:00,20,,,,14.729,,,,,,,event_atomic,,screenshots\2026-10\01-10-2026\observer-cupo-a503b1.png,screenshots\2026-10\01-10-2026\observer-cupo-a503b1.png,Se seleccionaron una fecha y una hora disponibles.
observer-***-104941-51b05811,2026-10-01 10:49:55,,available,normal,LIMA-LA VICTORIA,19/12/2026,11:00,20,,,,14.487,,,,,,,event_atomic,,screenshots\2026-10\01-10-2026\observer-cupo-b45be5.png,screenshots\2026-10\01-10-2026\observer-cupo-b45be5.png,Se seleccionaron una fecha y una hora disponibles.
observer-***-105025-36c6a1f6,2026-10-01 10:50:40,,available,normal,LIMA-LA VICTORIA,19/12/2026,11:00,20,,,,14.578,,,,,,,event_atomic,,screenshots\2026-10\01-10-2026\observer-cupo-3389a7.png,screenshots\2026-10\01-10-2026\observer-cupo-3389a7.png,Se seleccionaron una fecha y una hora disponibles.
observer-***-105110-7afc3d15,2026-10-01 10:51:25,,available,normal,LIMA-LA VICTORIA,19/12/2026,11:00,20,,,,14.563,,,,,,,event_atomic,,screenshots\2026-10\01-10-2026\observer-cupo-8e5774.png,screenshots\2026-10\01-10-2026\observer-cupo-8e5774.png,Se seleccionaron una fecha y una hora disponibles.
observer-***-105155-f6106c3a,2026-10-01 10:52:10,,available,normal,LIMA-LA VICTORIA,19/12/2026,11:00,20,,,,14.765,,,,,,,event_atomic,,screenshots\2026-10\01-10-2026\observer-cupo-c3e01b.png,screenshots\2026-10\01-10-2026\observer-cupo-c3e01b.png,Se seleccionaron una fecha y una hora disponibles.
observer-***-105240-c948824c,2026-10-01 10:52:55,,available,normal,LIMA-LA VICTORIA,19/12/2026,11:00,20,,,,14.796,,,,,,,event_atomic,,screenshots\2026-10\01-10-2026\observer-cupo-aa2eb0.png,screenshots\2026-10\01-10-2026\observer-cupo-aa2eb0.png,Se seleccionaron una fecha y una hora disponibles.
observer-***-105325-9c7d0489,2026-10-01 10:53:40,,available,normal,LIMA-LA VICTORIA,19/12/2026,11:00,20,,,,14.925,,,,,,,event_atomic,,screenshots\2026-10\01-10-2026\observer-cupo-d7c5c5.png,screenshots\2026-10\01-10-2026\observer-cupo-d7c5c5.png,Se seleccionaron una fecha y una hora disponibles.
observer-***-105410-ac171d90,2026-10-01 10:54:24,,available,normal,LIMA-LA VICTORIA,19/12/2026,11:00,20,,,,14.569,,,,,,,event_atomic,,screenshots\2026-10\01-10-2026\observer-cupo-7b12e7.png,screenshots\2026-10\01-10-2026\observer-cupo-7b12e7.png,Se seleccionaron una fecha y una hora disponibles.
observer-***-105455-8954f8c7,2026-10-01 10:55:09,,available,normal,LIMA-LA VICTORIA,19/12/2026,11:00,20,,,,14.664,,,,,,,event_atomic,,screenshots\2026-10\01-10-2026\observer-cupo-ee8fd9.png,screenshots\2026-10\01-10-2026\observer-cupo-ee8fd9.png,Se seleccionaron una fecha y una hora disponibles.
observer-***-105539-e1432a95,2026-10-01 10:55:54,,available,normal,LIMA-LA VICTORIA,19/12/2026,11:00,20,,,,14.783,,,,,,,event_atomic,,screenshots\2026-10\01-10-2026\observer-cupo-d388e3.png,screenshots\2026-10\01-10-2026\observer-cupo-d388e3.png,Se seleccionaron una fecha y una hora disponibles.
observer-***-105624-cb9fc4af,2026-10-01 10:56:39,,available,normal,LIMA-LA VICTORIA,19/12/2026,11:00,20,,,,14.582,,,,,,,event_atomic,,screenshots\2026-10\01-10-2026\observer-cupo-fbf869.png,screenshots\2026-10\01-10-2026\observer-cupo-fbf869.png,Se seleccionaron una fecha y una hora disponibles.
observer-***-105709-1c083ae0,2026-10-01 10:57:25,,available,normal,LIMA-LA VICTORIA,19/12/2026,11:00,20,,,,15.919,,,,,,,event_atomic,,screenshots\2026-10\01-10-2026\observer-cupo-5fd2d9.png,screenshots\2026-10\01-10-2026\observer-cupo-5fd2d9.png,Se seleccionaron una fecha y una hora disponibles.
observer-***-105755-ce57c63b,2026-10-01 10:58:10,,available,normal,LIMA-LA VICTORIA,19/12/2026,11:00,20,,,,14.644,,,,,,,event_atomic,,screenshots\2026-10\01-10-2026\observer-cupo-8d5e16.png,screenshots\2026-10\01-10-2026\observer-cupo-8d5e16.png,Se seleccionaron una fecha y una hora disponibles.
observer-***-105840-a17e78dc,2026-10-01 10:58:55,,available,normal,LIMA-LA VICTORIA,19/12/2026,11:00,20,,,,14.506,,,,,,,event_atomic,,screenshots\2026-10\01-10-2026\observer-cupo-c09fdd.png,screenshots\2026-10\01-10-2026\observer-cupo-c09fdd.png,Se seleccionaron una fecha y una hora disponibles.
observer-***-105925-522b7ceb,2026-10-01 10:59:40,,available,normal,LIMA-LA VICTORIA,19/12/2026,11:00,20,,,,15.593,,,,,,,event_atomic,,screenshots\2026-10\01-10-2026\observer-cupo-bafe94.png,screenshots\2026-10\01-10-2026\observer-cupo-bafe94.png,Se seleccionaron una fecha y una hora disponibles.
observer-***-110010-1d186b50,2026-10-01 11:00:25,,available,normal,LIMA-LA VICTORIA,19/12/2026,11:00,20,,,,14.787,,,,,,,event_atomic,,screenshots\2026-10\01-10-2026\observer-cupo-18a202.png,screenshots\2026-10\01-10-2026\observer-cupo-18a202.png,Se seleccionaron una fecha y una hora disponibles.
observer-***-110055-52d7c687,2026-10-01 11:01:10,,available,normal,LIMA-LA VICTORIA,19/12/2026,11:00,20,,,,14.717,,,,,,,event_atomic,,screenshots\2026-10\01-10-2026\observer-cupo-8cf817.png,screenshots\2026-10\01-10-2026\observer-cupo-8cf817.png,Se seleccionaron una fecha y una hora disponibles.
observer-***-110140-9bf34273,2026-10-01 11:01:56,,available,normal,LIMA-LA VICTORIA,19/12/2026,11:00,20,,,,15.748,,,,,,,event_atomic,,screenshots\2026-10\01-10-2026\observer-cupo-de2c40.png,screenshots\2026-10\01-10-2026\observer-cupo-de2c40.png,Se seleccionaron una fecha y una hora disponibles.
observer-***-110226-c2976822,2026-10-01 11:02:41,,available,normal,LIMA-LA VICTORIA,19/12/2026,11:00,20,,,,14.637,,,,,,,event_atomic,,screenshots\2026-10\01-10-2026\observer-cupo-bd3bda.png,screenshots\2026-10\01-10-2026\observer-cupo-bd3bda.png,Se seleccionaron una fecha y una hora disponibles.
observer-***-110311-08241be9,2026-10-01 11:03:27,,available,normal,LIMA-LA VICTORIA,19/12/2026,11:00,20,,,,15.773,,,,,,,event_atomic,,screenshots\2026-10\01-10-2026\observer-cupo-7fdb9d.png,screenshots\2026-10\01-10-2026\observer-cupo-7fdb9d.png,Se seleccionaron una fecha y una hora disponibles.
observer-***-110357-e855acb4,2026-10-01 11:04:11,,available,normal,LIMA-LA VICTORIA,19/12/2026,11:00,20,,,,14.387,,,,,,,event_atomic,,screenshots\2026-10\01-10-2026\observer-cupo-fb89bb.png,screenshots\2026-10\01-10-2026\observer-cupo-fb89bb.png,Se seleccionaron una fecha y una hora disponibles.
observer-***-110442-0f1101a2,2026-10-01 11:04:57,,available,normal,LIMA-LA VICTORIA,19/12/2026,11:00,20,,,,15.215,,,,,,,event_atomic,,screenshots\2026-10\01-10-2026\observer-cupo-df24fe.png,screenshots\2026-10\01-10-2026\observer-cupo-df24fe.png,Se seleccionaron una fecha y una hora disponibles.
observer-***-110527-daacb6b3,2026-10-01 11:05:41,,available,normal,LIMA-LA VICTORIA,19/12/2026,11:00,20,,,,14.539,,,,,,,event_atomic,,screenshots\2026-10\01-10-2026\observer-cupo-42f2c0.png,screenshots\2026-10\01-10-2026\observer-cupo-42f2c0.png,Se seleccionaron una fecha y una hora disponibles.
observer-***-110612-71a7c44f,2026-10-01 11:06:26,,available,normal,LIMA-LA VICTORIA,21/12/2026,08:00,20,,,,14.442,,,,,,,event_atomic,,screenshots\2026-10\01-10-2026\observer-cupo-e248ae.png,screenshots\2026-10\01-10-2026\observer-cupo-e248ae.png,Se seleccionaron una fecha y una hora disponibles.
observer-***-110658-fa2028bc,2026-10-01 11:07:13,,available,normal,LIMA-LA VICTORIA,21/12/2026,08:00,20,,,,14.566,,,,,,,event_atomic,,screenshots\2026-10\01-10-2026\observer-cupo-d544ba.png,screenshots\2026-10\01-10-2026\observer-cupo-d544ba.png,Se seleccionaron una fecha y una hora disponibles.
observer-***-110743-78dfd393,2026-10-01 11:07:57,,available,normal,LIMA-LA VICTORIA,21/12/2026,08:00,20,,,,14.542,,,,,,,event_atomic,,screenshots\2026-10\01-10-2026\observer-cupo-6abd61.png,screenshots\2026-10\01-10-2026\observer-cupo-6abd61.png,Se seleccionaron una fecha y una hora disponibles.
observer-***-110828-135e433f,2026-10-01 11:08:42,,available,normal,LIMA-LA VICTORIA,21/12/2026,08:00,20,,,,14.448,,,,,,,event_atomic,,screenshots\2026-10\01-10-2026\observer-cupo-25608c.png,screenshots\2026-10\01-10-2026\observer-cupo-25608c.png,Se seleccionaron una fecha y una hora disponibles.
observer-***-110912-0a55fffd,2026-10-01 11:09:28,,available,normal,LIMA-LA VICTORIA,21/12/2026,08:00,20,,,,15.798,,,,,,,event_atomic,,screenshots\2026-10\01-10-2026\observer-cupo-4d03ea.png,screenshots\2026-10\01-10-2026\observer-cupo-4d03ea.png,Se seleccionaron una fecha y una hora disponibles.
observer-***-110958-dcf4bc11,2026-10-01 11:10:13,,available,normal,LIMA-LA VICTORIA,21/12/2026,08:00,20,,,,14.809,,,,,,,event_atomic,,screenshots\2026-10\01-10-2026\observer-cupo-d976fe.png,screenshots\2026-10\01-10-2026\observer-cupo-d976fe.png,Se seleccionaron una fecha y una hora disponibles.
observer-***-111043-63bcf56c,2026-10-01 11:10:58,,available,normal,LIMA-LA VICTORIA,21/12/2026,08:00,20,,,,14.957,,,,,,,event_atomic,,screenshots\2026-10\01-10-2026\observer-cupo-17f08e.png,screenshots\2026-10\01-10-2026\observer-cupo-17f08e.png,Se seleccionaron una fecha y una hora disponibles.
observer-***-111128-a1e6d060,2026-10-01 11:11:43,,available,normal,LIMA-LA VICTORIA,21/12/2026,08:00,20,,,,14.615,,,,,,,event_atomic,,screenshots\2026-10\01-10-2026\observer-cupo-38f58d.png,screenshots\2026-10\01-10-2026\observer-cupo-38f58d.png,Se seleccionaron una fecha y una hora disponibles.
observer-***-111213-6e4fd253,2026-10-01 11:12:28,,available,normal,LIMA-LA VICTORIA,21/12/2026,08:00,20,,,,14.638,,,,,,,event_atomic,,screenshots\2026-10\01-10-2026\observer-cupo-aa2471.png,screenshots\2026-10\01-10-2026\observer-cupo-aa2471.png,Se seleccionaron una fecha y una hora disponibles.
observer-***-111258-9b3af0be,2026-10-01 11:13:13,,available,normal,LIMA-LA VICTORIA,21/12/2026,08:00,20,,,,14.859,,,,,,,event_atomic,,screenshots\2026-10\01-10-2026\observer-cupo-48c205.png,screenshots\2026-10\01-10-2026\observer-cupo-48c205.png,Se seleccionaron una fecha y una hora disponibles.
observer-***-111343-cc06aed2,2026-10-01 11:13:57,,available,normal,LIMA-LA VICTORIA,21/12/2026,08:00,20,,,,14.446,,,,,,,event_atomic,,screenshots\2026-10\01-10-2026\observer-cupo-22abfb.png,screenshots\2026-10\01-10-2026\observer-cupo-22abfb.png,Se seleccionaron una fecha y una hora disponibles.
observer-***-111428-6de2f52a,2026-10-01 11:14:43,,available,normal,LIMA-LA VICTORIA,21/12/2026,08:00,20,,,,14.953,,,,,,,event_atomic,,screenshots\2026-10\01-10-2026\observer-cupo-e2107d.png,screenshots\2026-10\01-10-2026\observer-cupo-e2107d.png,Se seleccionaron una fecha y una hora disponibles.
observer-***-111513-247ebc88,2026-10-01 11:15:28,,available,normal,LIMA-LA VICTORIA,21/12/2026,08:00,20,,,,14.757,,,,,,,event_atomic,,screenshots\2026-10\01-10-2026\observer-cupo-77c2ea.png,screenshots\2026-10\01-10-2026\observer-cupo-77c2ea.png,Se seleccionaron una fecha y una hora disponibles.
observer-***-111558-4c5dd16d,2026-10-01 11:16:13,,available,normal,LIMA-LA VICTORIA,21/12/2026,08:00,20,,,,14.889,,,,,,,event_atomic,,screenshots\2026-10\01-10-2026\observer-cupo-8518aa.png,screenshots\2026-10\01-10-2026\observer-cupo-8518aa.png,Se seleccionaron una fecha y una hora disponibles.
observer-***-111643-0fdfc1a7,2026-10-01 11:16:57,,available,normal,LIMA-LA VICTORIA,21/12/2026,08:00,20,,,,14.721,,,,,,,event_atomic,,screenshots\2026-10\01-10-2026\observer-cupo-aed84c.png,screenshots\2026-10\01-10-2026\observer-cupo-aed84c.png,Se seleccionaron una fecha y una hora disponibles.
observer-***-111728-07f22fbd,2026-10-01 11:17:43,,available,normal,LIMA-LA VICTORIA,21/12/2026,08:00,20,,,,15.523,,,,,,,event_atomic,,screenshots\2026-10\01-10-2026\observer-cupo-74fc13.png,screenshots\2026-10\01-10-2026\observer-cupo-74fc13.png,Se seleccionaron una fecha y una hora disponibles.
observer-***-111813-9274b7af,2026-10-01 11:18:28,,available,normal,LIMA-LA VICTORIA,21/12/2026,08:00,20,,,,14.789,,,,,,,event_atomic,,screenshots\2026-10\01-10-2026\observer-cupo-61a35c.png,screenshots\2026-10\01-10-2026\observer-cupo-61a35c.png,Se seleccionaron una fecha y una hora disponibles.
observer-***-111858-***,2026-10-01 11:19:14,,available,normal,LIMA-LA VICTORIA,21/12/2026,08:00,20,,,,15.710,,,,,,,event_atomic,,screenshots\2026-10\01-10-2026\observer-cupo-659b0c.png,screenshots\2026-10\01-10-2026\observer-cupo-659b0c.png,Se seleccionaron una fecha y una hora disponibles.
observer-***-111944-bea6ee84,2026-10-01 11:19:59,,available,normal,LIMA-LA VICTORIA,21/12/2026,08:00,20,,,,14.542,,,,,,,event_atomic,,screenshots\2026-10\01-10-2026\observer-cupo-83acf7.png,screenshots\2026-10\01-10-2026\observer-cupo-83acf7.png,Se seleccionaron una fecha y una hora disponibles.
observer-***-112029-77454a84,2026-10-01 11:20:44,,available,normal,LIMA-LA VICTORIA,21/12/2026,08:00,20,,,,14.682,,,,,,,event_atomic,,screenshots\2026-10\01-10-2026\observer-cupo-e38b3a.png,screenshots\2026-10\01-10-2026\observer-cupo-e38b3a.png,Se seleccionaron una fecha y una hora disponibles.
observer-***-112114-514e3e69,2026-10-01 11:21:29,,available,normal,LIMA-LA VICTORIA,21/12/2026,08:00,20,,,,14.751,,,,,,,event_atomic,,screenshots\2026-10\01-10-2026\observer-cupo-a661db.png,screenshots\2026-10\01-10-2026\observer-cupo-a661db.png,Se seleccionaron una fecha y una hora disponibles.
observer-***-112159-9ac8ee5c,2026-10-01 11:22:13,,available,normal,LIMA-LA VICTORIA,21/12/2026,08:00,20,,,,14.571,,,,,,,event_atomic,,screenshots\2026-10\01-10-2026\observer-cupo-6d4ab5.png,screenshots\2026-10\01-10-2026\observer-cupo-6d4ab5.png,Se seleccionaron una fecha y una hora disponibles.
observer-***-112243-975b12e6,2026-10-01 11:22:59,,available,normal,LIMA-LA VICTORIA,21/12/2026,08:00,20,,,,15.185,,,,,,,event_atomic,,screenshots\2026-10\01-10-2026\observer-cupo-89a102.png,screenshots\2026-10\01-10-2026\observer-cupo-89a102.png,Se seleccionaron una fecha y una hora disponibles.
observer-***-112329-ca159296,2026-10-01 11:23:43,,available,normal,LIMA-LA VICTORIA,21/12/2026,08:00,20,,,,14.631,,,,,,,event_atomic,,screenshots\2026-10\01-10-2026\observer-cupo-23913e.png,screenshots\2026-10\01-10-2026\observer-cupo-23913e.png,Se seleccionaron una fecha y una hora disponibles.
observer-***-112414-2ce051ca,2026-10-01 11:24:28,,available,normal,LIMA-LA VICTORIA,21/12/2026,08:00,20,,,,14.765,,,,,,,event_atomic,,screenshots\2026-10\01-10-2026\observer-cupo-c06ae8.png,screenshots\2026-10\01-10-2026\observer-cupo-c06ae8.png,Se seleccionaron una fecha y una hora disponibles.
observer-***-112459-4f081b76,2026-10-01 11:25:13,,available,normal,LIMA-LA VICTORIA,21/12/2026,08:00,20,,,,14.777,,,,,,,event_atomic,,screenshots\2026-10\01-10-2026\observer-cupo-f64acc.png,screenshots\2026-10\01-10-2026\observer-cupo-f64acc.png,Se seleccionaron una fecha y una hora disponibles.
observer-***-112543-0faa4660,2026-10-01 11:25:58,,available,normal,LIMA-LA VICTORIA,21/12/2026,08:00,20,,,,14.666,,,,,,,event_atomic,,screenshots\2026-10\01-10-2026\observer-cupo-e60359.png,screenshots\2026-10\01-10-2026\observer-cupo-e60359.png,Se seleccionaron una fecha y una hora disponibles.
observer-***-112628-d64541bc,2026-10-01 11:26:43,,available,normal,LIMA-LA VICTORIA,21/12/2026,08:00,20,,,,14.769,,,,,,,event_atomic,,screenshots\2026-10\01-10-2026\observer-cupo-ec56a9.png,screenshots\2026-10\01-10-2026\observer-cupo-ec56a9.png,Se seleccionaron una fecha y una hora disponibles.
observer-***-112713-216dbfd2,2026-10-01 11:27:28,,available,normal,LIMA-LA VICTORIA,21/12/2026,08:00,20,,,,14.444,,,,,,,event_atomic,,screenshots\2026-10\01-10-2026\observer-cupo-afc77e.png,screenshots\2026-10\01-10-2026\observer-cupo-afc77e.png,Se seleccionaron una fecha y una hora disponibles.
observer-***-112758-77aa4670,2026-10-01 11:28:13,,available,normal,LIMA-LA VICTORIA,21/12/2026,08:00,20,,,,14.846,,,,,,,event_atomic,,screenshots\2026-10\01-10-2026\observer-cupo-85ffb5.png,screenshots\2026-10\01-10-2026\observer-cupo-85ffb5.png,Se seleccionaron una fecha y una hora disponibles.
observer-***-112843-4261fcfe,2026-10-01 11:28:58,,available,normal,LIMA-LA VICTORIA,21/12/2026,08:00,20,,,,14.667,,,,,,,event_atomic,,screenshots\2026-10\01-10-2026\observer-cupo-73c258.png,screenshots\2026-10\01-10-2026\observer-cupo-73c258.png,Se seleccionaron una fecha y una hora disponibles.
observer-***-112928-8acb3642,2026-10-01 11:29:43,,available,normal,LIMA-LA VICTORIA,21/12/2026,08:00,20,,,,14.832,,,,,,,event_atomic,,screenshots\2026-10\01-10-2026\observer-cupo-0252d7.png,screenshots\2026-10\01-10-2026\observer-cupo-0252d7.png,Se seleccionaron una fecha y una hora disponibles.
observer-***-113013-d037b060,2026-10-01 11:30:28,,available,normal,LIMA-LA VICTORIA,21/12/2026,08:00,20,,,,14.920,,,,,,,event_atomic,,screenshots\2026-10\01-10-2026\observer-cupo-62b797.png,screenshots\2026-10\01-10-2026\observer-cupo-62b797.png,Se seleccionaron una fecha y una hora disponibles.
observer-***-113058-62bad3e0,2026-10-01 11:31:13,,available,normal,LIMA-LA VICTORIA,21/12/2026,08:00,20,,,,14.685,,,,,,,event_atomic,,screenshots\2026-10\01-10-2026\observer-cupo-85d8b2.png,screenshots\2026-10\01-10-2026\observer-cupo-85d8b2.png,Se seleccionaron una fecha y una hora disponibles.
observer-***-113143-d0fb3726,2026-10-01 11:31:58,,available,normal,LIMA-LA VICTORIA,21/12/2026,08:00,20,,,,14.828,,,,,,,event_atomic,,screenshots\2026-10\01-10-2026\observer-cupo-44df4e.png,screenshots\2026-10\01-10-2026\observer-cupo-44df4e.png,Se seleccionaron una fecha y una hora disponibles.
observer-***-113228-1eeb20fc,2026-10-01 11:32:43,,available,normal,LIMA-LA VICTORIA,21/12/2026,08:00,20,,,,14.845,,,,,,,event_atomic,,screenshots\2026-10\01-10-2026\observer-cupo-ca7ae8.png,screenshots\2026-10\01-10-2026\observer-cupo-ca7ae8.png,Se seleccionaron una fecha y una hora disponibles.
observer-***-113313-c47e06f7,2026-10-01 11:33:28,,available,normal,LIMA-LA VICTORIA,21/12/2026,08:00,20,,,,14.900,,,,,,,event_atomic,,screenshots\2026-10\01-10-2026\observer-cupo-9f2483.png,screenshots\2026-10\01-10-2026\observer-cupo-9f2483.png,Se seleccionaron una fecha y una hora disponibles.
observer-***-113358-571c374f,2026-10-01 11:34:13,,available,normal,LIMA-LA VICTORIA,21/12/2026,08:00,20,,,,14.614,,,,,,,event_atomic,,screenshots\2026-10\01-10-2026\observer-cupo-be6cc2.png,screenshots\2026-10\01-10-2026\observer-cupo-be6cc2.png,Se seleccionaron una fecha y una hora disponibles.
observer-***-113443-e9944a60,2026-10-01 11:34:58,,available,normal,LIMA-LA VICTORIA,21/12/2026,08:00,20,,,,15.103,,,,,,,event_atomic,,screenshots\2026-10\01-10-2026\observer-cupo-e25196.png,screenshots\2026-10\01-10-2026\observer-cupo-e25196.png,Se seleccionaron una fecha y una hora disponibles.
observer-***-113528-1ddb3a61,2026-10-01 11:35:43,,available,normal,LIMA-LA VICTORIA,21/12/2026,08:00,20,,,,14.717,,,,,,,event_atomic,,screenshots\2026-10\01-10-2026\observer-cupo-710ea4.png,screenshots\2026-10\01-10-2026\observer-cupo-710ea4.png,Se seleccionaron una fecha y una hora disponibles.
observer-***-113613-b24b6a1a,2026-10-01 11:36:27,,available,normal,LIMA-LA VICTORIA,21/12/2026,08:00,20,,,,14.596,,,,,,,event_atomic,,screenshots\2026-10\01-10-2026\observer-cupo-e4a40a.png,screenshots\2026-10\01-10-2026\observer-cupo-e4a40a.png,Se seleccionaron una fecha y una hora disponibles.
observer-***-113658-3a1664b1,2026-10-01 11:37:12,,available,normal,LIMA-LA VICTORIA,21/12/2026,08:00,20,,,,14.578,,,,,,,event_atomic,,screenshots\2026-10\01-10-2026\observer-cupo-b0bce8.png,screenshots\2026-10\01-10-2026\observer-cupo-b0bce8.png,Se seleccionaron una fecha y una hora disponibles.
observer-***-113742-8717c74c,2026-10-01 11:37:57,,available,normal,LIMA-LA VICTORIA,21/12/2026,08:00,20,,,,14.524,,,,,,,event_atomic,,screenshots\2026-10\01-10-2026\observer-cupo-ba8b48.png,screenshots\2026-10\01-10-2026\observer-cupo-ba8b48.png,Se seleccionaron una fecha y una hora disponibles.
observer-***-113827-88c0b742,2026-10-01 11:38:42,,available,normal,LIMA-LA VICTORIA,21/12/2026,08:00,20,,,,14.701,,,,,,,event_atomic,,screenshots\2026-10\01-10-2026\observer-cupo-a1dfa8.png,screenshots\2026-10\01-10-2026\observer-cupo-a1dfa8.png,Se seleccionaron una fecha y una hora disponibles.
observer-***-113912-0510c17f,2026-10-01 11:39:27,,available,normal,LIMA-LA VICTORIA,21/12/2026,08:00,20,,,,15.371,,,,,,,event_atomic,,screenshots\2026-10\01-10-2026\observer-cupo-592529.png,screenshots\2026-10\01-10-2026\observer-cupo-592529.png,Se seleccionaron una fecha y una hora disponibles.
observer-***-113958-2889dbf9,2026-10-01 11:40:12,,available,normal,LIMA-LA VICTORIA,21/12/2026,08:00,20,,,,14.647,,,,,,,event_atomic,,screenshots\2026-10\01-10-2026\observer-cupo-760dc0.png,screenshots\2026-10\01-10-2026\observer-cupo-760dc0.png,Se seleccionaron una fecha y una hora disponibles.
observer-***-114042-8e8ce31f,2026-10-01 11:40:57,,available,normal,LIMA-LA VICTORIA,21/12/2026,08:00,20,,,,14.594,,,,,,,event_atomic,,screenshots\2026-10\01-10-2026\observer-cupo-e4c224.png,screenshots\2026-10\01-10-2026\observer-cupo-e4c224.png,Se seleccionaron una fecha y una hora disponibles.
observer-***-114127-b0fe808c,2026-10-01 11:41:42,,available,normal,LIMA-LA VICTORIA,21/12/2026,08:00,20,,,,14.957,,,,,,,event_atomic,,screenshots\2026-10\01-10-2026\observer-cupo-7abca7.png,screenshots\2026-10\01-10-2026\observer-cupo-7abca7.png,Se seleccionaron una fecha y una hora disponibles.
observer-***-114212-5f57d557,2026-10-01 11:42:27,,available,normal,LIMA-LA VICTORIA,21/12/2026,08:00,20,,,,14.870,,,,,,,event_atomic,,screenshots\2026-10\01-10-2026\observer-cupo-662815.png,screenshots\2026-10\01-10-2026\observer-cupo-662815.png,Se seleccionaron una fecha y una hora disponibles.
observer-***-114257-f4992257,2026-10-01 11:43:12,,available,normal,LIMA-LA VICTORIA,21/12/2026,08:00,20,,,,15.005,,,,,,,event_atomic,,screenshots\2026-10\01-10-2026\observer-cupo-554cc3.png,screenshots\2026-10\01-10-2026\observer-cupo-554cc3.png,Se seleccionaron una fecha y una hora disponibles.
observer-***-114343-0fa36a2b,2026-10-01 11:43:57,,available,normal,LIMA-LA VICTORIA,21/12/2026,08:00,20,,,,14.772,,,,,,,event_atomic,,screenshots\2026-10\01-10-2026\observer-cupo-670237.png,screenshots\2026-10\01-10-2026\observer-cupo-670237.png,Se seleccionaron una fecha y una hora disponibles.
observer-***-114427-c0aeb4cc,2026-10-01 11:44:42,,available,normal,LIMA-LA VICTORIA,21/12/2026,08:00,20,,,,14.802,,,,,,,event_atomic,,screenshots\2026-10\01-10-2026\observer-cupo-f88e87.png,screenshots\2026-10\01-10-2026\observer-cupo-f88e87.png,Se seleccionaron una fecha y una hora disponibles.
observer-***-114512-a36e4cf9,2026-10-01 11:45:27,,available,normal,LIMA-LA VICTORIA,21/12/2026,08:00,20,,,,14.637,,,,,,,event_atomic,,screenshots\2026-10\01-10-2026\observer-cupo-e6200f.png,screenshots\2026-10\01-10-2026\observer-cupo-e6200f.png,Se seleccionaron una fecha y una hora disponibles.
observer-***-114557-0acd59e3,2026-10-01 11:46:12,,available,normal,LIMA-LA VICTORIA,21/12/2026,08:00,20,,,,14.603,,,,,,,event_atomic,,screenshots\2026-10\01-10-2026\observer-cupo-0d8731.png,screenshots\2026-10\01-10-2026\observer-cupo-0d8731.png,Se seleccionaron una fecha y una hora disponibles.
observer-***-114642-1ff76a9b,2026-10-01 11:46:57,,available,normal,LIMA-LA VICTORIA,21/12/2026,08:00,20,,,,14.665,,,,,,,event_atomic,,screenshots\2026-10\01-10-2026\observer-cupo-2d78f0.png,screenshots\2026-10\01-10-2026\observer-cupo-2d78f0.png,Se seleccionaron una fecha y una hora disponibles.
observer-***-114727-dc8b9ea8,2026-10-01 11:47:42,,available,normal,LIMA-LA VICTORIA,21/12/2026,08:00,20,,,,14.661,,,,,,,event_atomic,,screenshots\2026-10\01-10-2026\observer-cupo-d01f8a.png,screenshots\2026-10\01-10-2026\observer-cupo-d01f8a.png,Se seleccionaron una fecha y una hora disponibles.
observer-***-114812-4d8cbaf3,2026-10-01 11:48:26,,available,normal,LIMA-LA VICTORIA,21/12/2026,08:00,20,,,,14.522,,,,,,,event_atomic,,screenshots\2026-10\01-10-2026\observer-cupo-ffe4d9.png,screenshots\2026-10\01-10-2026\observer-cupo-ffe4d9.png,Se seleccionaron una fecha y una hora disponibles.
observer-***-114856-93cbaea6,2026-10-01 11:49:11,,available,normal,LIMA-LA VICTORIA,21/12/2026,08:00,20,,,,14.619,,,,,,,event_atomic,,screenshots\2026-10\01-10-2026\observer-cupo-c1a3ba.png,screenshots\2026-10\01-10-2026\observer-cupo-c1a3ba.png,Se seleccionaron una fecha y una hora disponibles.
observer-***-114941-9fb96d8c,2026-10-01 11:49:56,,available,normal,LIMA-LA VICTORIA,21/12/2026,08:00,20,,,,14.546,,,,,,,event_atomic,,screenshots\2026-10\01-10-2026\observer-cupo-e42af9.png,screenshots\2026-10\01-10-2026\observer-cupo-e42af9.png,Se seleccionaron una fecha y una hora disponibles.
observer-***-115026-994331bb,2026-10-01 11:50:41,,available,normal,LIMA-LA VICTORIA,21/12/2026,08:00,20,,,,14.717,,,,,,,event_atomic,,screenshots\2026-10\01-10-2026\observer-cupo-7cb402.png,screenshots\2026-10\01-10-2026\observer-cupo-7cb402.png,Se seleccionaron una fecha y una hora disponibles.
observer-***-115111-69a8bbfa,2026-10-01 11:51:25,,available,normal,LIMA-LA VICTORIA,21/12/2026,09:00,20,,,,14.363,,,,,,,event_atomic,,screenshots\2026-10\01-10-2026\observer-cupo-45db4b.png,screenshots\2026-10\01-10-2026\observer-cupo-45db4b.png,Se seleccionaron una fecha y una hora disponibles.
observer-***-115157-b64d204e,2026-10-01 11:52:12,,available,normal,LIMA-LA VICTORIA,21/12/2026,09:00,20,,,,14.670,,,,,,,event_atomic,,screenshots\2026-10\01-10-2026\observer-cupo-eb8e56.png,screenshots\2026-10\01-10-2026\observer-cupo-eb8e56.png,Se seleccionaron una fecha y una hora disponibles.
observer-***-115242-1acb6410,2026-10-01 11:52:56,,available,normal,LIMA-LA VICTORIA,21/12/2026,09:00,20,,,,14.433,,,,,,,event_atomic,,screenshots\2026-10\01-10-2026\observer-cupo-c30111.png,screenshots\2026-10\01-10-2026\observer-cupo-c30111.png,Se seleccionaron una fecha y una hora disponibles.
observer-***-115327-78f9bfdf,2026-10-01 11:53:42,,available,normal,LIMA-LA VICTORIA,21/12/2026,09:00,20,,,,14.894,,,,,,,event_atomic,,screenshots\2026-10\01-10-2026\observer-cupo-2e6013.png,screenshots\2026-10\01-10-2026\observer-cupo-2e6013.png,Se seleccionaron una fecha y una hora disponibles.
observer-***-115412-b9690f3b,2026-10-01 11:54:26,,available,normal,LIMA-LA VICTORIA,21/12/2026,09:00,20,,,,14.445,,,,,,,event_atomic,,screenshots\2026-10\01-10-2026\observer-cupo-6899ce.png,screenshots\2026-10\01-10-2026\observer-cupo-6899ce.png,Se seleccionaron una fecha y una hora disponibles.
observer-***-115456-a22d2469,2026-10-01 11:55:11,,available,normal,LIMA-LA VICTORIA,21/12/2026,09:00,20,,,,14.724,,,,,,,event_atomic,,screenshots\2026-10\01-10-2026\observer-cupo-25b7b1.png,screenshots\2026-10\01-10-2026\observer-cupo-25b7b1.png,Se seleccionaron una fecha y una hora disponibles.
observer-***-115541-e8174b0d,2026-10-01 11:55:56,,available,normal,LIMA-LA VICTORIA,21/12/2026,09:00,20,,,,14.766,,,,,,,event_atomic,,screenshots\2026-10\01-10-2026\observer-cupo-62ed84.png,screenshots\2026-10\01-10-2026\observer-cupo-62ed84.png,Se seleccionaron una fecha y una hora disponibles.
observer-***-115626-7c0cf158,2026-10-01 11:56:41,,available,normal,LIMA-LA VICTORIA,21/12/2026,09:00,20,,,,14.957,,,,,,,event_atomic,,screenshots\2026-10\01-10-2026\observer-cupo-96290c.png,screenshots\2026-10\01-10-2026\observer-cupo-96290c.png,Se seleccionaron una fecha y una hora disponibles.
observer-***-115711-bcc780a8,2026-10-01 11:57:26,,available,normal,LIMA-LA VICTORIA,21/12/2026,09:00,20,,,,14.611,,,,,,,event_atomic,,screenshots\2026-10\01-10-2026\observer-cupo-ab8bec.png,screenshots\2026-10\01-10-2026\observer-cupo-ab8bec.png,Se seleccionaron una fecha y una hora disponibles.
observer-***-115756-fed429ee,2026-10-01 11:58:11,,available,normal,LIMA-LA VICTORIA,21/12/2026,09:00,20,,,,14.995,,,,,,,event_atomic,,screenshots\2026-10\01-10-2026\observer-cupo-7acfa8.png,screenshots\2026-10\01-10-2026\observer-cupo-7acfa8.png,Se seleccionaron una fecha y una hora disponibles.
observer-***-115841-c54c9132,2026-10-01 11:58:56,,available,normal,LIMA-LA VICTORIA,21/12/2026,09:00,20,,,,14.937,,,,,,,event_atomic,,screenshots\2026-10\01-10-2026\observer-cupo-f288b5.png,screenshots\2026-10\01-10-2026\observer-cupo-f288b5.png,Se seleccionaron una fecha y una hora disponibles.
observer-***-115927-d073574d,2026-10-01 11:59:41,,available,normal,LIMA-LA VICTORIA,21/12/2026,09:00,20,,,,14.695,,,,,,,event_atomic,,screenshots\2026-10\01-10-2026\observer-cupo-dedc55.png,screenshots\2026-10\01-10-2026\observer-cupo-dedc55.png,Se seleccionaron una fecha y una hora disponibles.
observer-***-120011-e7c2fe12,2026-10-01 12:00:26,,available,normal,LIMA-LA VICTORIA,21/12/2026,09:00,20,,,,14.675,,,,,,,event_atomic,,screenshots\2026-10\01-10-2026\observer-cupo-ef352c.png,screenshots\2026-10\01-10-2026\observer-cupo-ef352c.png,Se seleccionaron una fecha y una hora disponibles.
observer-***-120056-e6b4d298,2026-10-01 12:01:11,,available,normal,LIMA-LA VICTORIA,21/12/2026,09:00,20,,,,14.841,,,,,,,event_atomic,,screenshots\2026-10\01-10-2026\observer-cupo-0a8825.png,screenshots\2026-10\01-10-2026\observer-cupo-0a8825.png,Se seleccionaron una fecha y una hora disponibles.
observer-***-120141-c4b55438,2026-10-01 12:01:56,,available,normal,LIMA-LA VICTORIA,21/12/2026,09:00,20,,,,15.029,,,,,,,event_atomic,,screenshots\2026-10\01-10-2026\observer-cupo-126465.png,screenshots\2026-10\01-10-2026\observer-cupo-126465.png,Se seleccionaron una fecha y una hora disponibles.
observer-***-120227-f97dc52e,2026-10-01 12:02:42,,available,normal,LIMA-LA VICTORIA,21/12/2026,09:00,20,,,,15.240,,,,,,,event_atomic,,screenshots\2026-10\01-10-2026\observer-cupo-e5cd4b.png,screenshots\2026-10\01-10-2026\observer-cupo-e5cd4b.png,Se seleccionaron una fecha y una hora disponibles.
observer-***-120312-b73f22f5,2026-10-01 12:03:27,,available,normal,LIMA-LA VICTORIA,21/12/2026,09:00,20,,,,15.059,,,,,,,event_atomic,,screenshots\2026-10\01-10-2026\observer-cupo-ee830b.png,screenshots\2026-10\01-10-2026\observer-cupo-ee830b.png,Se seleccionaron una fecha y una hora disponibles.
observer-***-120357-5274a7d8,2026-10-01 12:04:12,,available,normal,LIMA-LA VICTORIA,21/12/2026,09:00,20,,,,14.787,,,,,,,event_atomic,,screenshots\2026-10\01-10-2026\observer-cupo-1bfcc0.png,screenshots\2026-10\01-10-2026\observer-cupo-1bfcc0.png,Se seleccionaron una fecha y una hora disponibles.
observer-***-120442-d268d919,2026-10-01 12:04:57,,available,normal,LIMA-LA VICTORIA,21/12/2026,09:00,20,,,,15.007,,,,,,,event_atomic,,screenshots\2026-10\01-10-2026\observer-cupo-a64a32.png,screenshots\2026-10\01-10-2026\observer-cupo-a64a32.png,Se seleccionaron una fecha y una hora disponibles.
observer-***-120527-fc531acf,2026-10-01 12:05:43,,available,normal,LIMA-LA VICTORIA,21/12/2026,09:00,20,,,,15.254,,,,,,,event_atomic,,screenshots\2026-10\01-10-2026\observer-cupo-4537f5.png,screenshots\2026-10\01-10-2026\observer-cupo-4537f5.png,Se seleccionaron una fecha y una hora disponibles.
observer-***-120613-cbfe3b82,2026-10-01 12:06:28,,available,normal,LIMA-LA VICTORIA,21/12/2026,09:00,20,,,,14.751,,,,,,,event_atomic,,screenshots\2026-10\01-10-2026\observer-cupo-453c94.png,screenshots\2026-10\01-10-2026\observer-cupo-453c94.png,Se seleccionaron una fecha y una hora disponibles.
observer-***-120658-7d8a7da2,2026-10-01 12:07:12,,available,normal,LIMA-LA VICTORIA,21/12/2026,09:00,20,,,,14.521,,,,,,,event_atomic,,screenshots\2026-10\01-10-2026\observer-cupo-b9c8e2.png,screenshots\2026-10\01-10-2026\observer-cupo-b9c8e2.png,Se seleccionaron una fecha y una hora disponibles.
observer-***-120743-865ba6d4,2026-10-01 12:07:57,,available,normal,LIMA-LA VICTORIA,21/12/2026,09:00,20,,,,14.479,,,,,,,event_atomic,,screenshots\2026-10\01-10-2026\observer-cupo-9709d6.png,screenshots\2026-10\01-10-2026\observer-cupo-9709d6.png,Se seleccionaron una fecha y una hora disponibles.
observer-***-120827-3491940c,2026-10-01 12:08:42,,available,normal,LIMA-LA VICTORIA,21/12/2026,09:00,20,,,,14.599,,,,,,,event_atomic,,screenshots\2026-10\01-10-2026\observer-cupo-fef683.png,screenshots\2026-10\01-10-2026\observer-cupo-fef683.png,Se seleccionaron una fecha y una hora disponibles.
observer-***-120912-5803af01,2026-10-01 12:09:27,,available,normal,LIMA-LA VICTORIA,21/12/2026,09:00,20,,,,14.698,,,,,,,event_atomic,,screenshots\2026-10\01-10-2026\observer-cupo-874d2e.png,screenshots\2026-10\01-10-2026\observer-cupo-874d2e.png,Se seleccionaron una fecha y una hora disponibles.
observer-***-120957-e6bfcdee,2026-10-01 12:10:12,,available,normal,LIMA-LA VICTORIA,21/12/2026,09:00,20,,,,14.704,,,,,,,event_atomic,,screenshots\2026-10\01-10-2026\observer-cupo-0331d7.png,screenshots\2026-10\01-10-2026\observer-cupo-0331d7.png,Se seleccionaron una fecha y una hora disponibles.
observer-***-121042-2f88997d,2026-10-01 12:10:57,,available,normal,LIMA-LA VICTORIA,21/12/2026,09:00,20,,,,14.935,,,,,,,event_atomic,,screenshots\2026-10\01-10-2026\observer-cupo-3fc4f9.png,screenshots\2026-10\01-10-2026\observer-cupo-3fc4f9.png,Se seleccionaron una fecha y una hora disponibles.
observer-***-121127-87aaab56,2026-10-01 12:11:42,,available,normal,LIMA-LA VICTORIA,21/12/2026,09:00,20,,,,14.866,,,,,,,event_atomic,,screenshots\2026-10\01-10-2026\observer-cupo-6dad19.png,screenshots\2026-10\01-10-2026\observer-cupo-6dad19.png,Se seleccionaron una fecha y una hora disponibles.
observer-***-121212-4de8d866,2026-10-01 12:12:27,,available,normal,LIMA-LA VICTORIA,21/12/2026,09:00,20,,,,14.913,,,,,,,event_atomic,,screenshots\2026-10\01-10-2026\observer-cupo-7f0e59.png,screenshots\2026-10\01-10-2026\observer-cupo-7f0e59.png,Se seleccionaron una fecha y una hora disponibles.
observer-***-121257-03e78988,2026-10-01 12:13:12,,available,normal,LIMA-LA VICTORIA,21/12/2026,09:00,20,,,,15.047,,,,,,,event_atomic,,screenshots\2026-10\01-10-2026\observer-cupo-552b06.png,screenshots\2026-10\01-10-2026\observer-cupo-552b06.png,Se seleccionaron una fecha y una hora disponibles.
observer-***-121342-72e2d018,2026-10-01 12:13:58,,available,normal,LIMA-LA VICTORIA,21/12/2026,09:00,20,,,,15.271,,,,,,,event_atomic,,screenshots\2026-10\01-10-2026\observer-cupo-7b8dc0.png,screenshots\2026-10\01-10-2026\observer-cupo-7b8dc0.png,Se seleccionaron una fecha y una hora disponibles.
observer-***-121428-fc51642e,2026-10-01 12:14:43,,available,normal,LIMA-LA VICTORIA,21/12/2026,09:00,20,,,,14.808,,,,,,,event_atomic,,screenshots\2026-10\01-10-2026\observer-cupo-990c75.png,screenshots\2026-10\01-10-2026\observer-cupo-990c75.png,Se seleccionaron una fecha y una hora disponibles.
observer-***-121513-10f8d810,2026-10-01 12:15:28,,available,normal,LIMA-LA VICTORIA,21/12/2026,09:00,20,,,,14.943,,,,,,,event_atomic,,screenshots\2026-10\01-10-2026\observer-cupo-90afc4.png,screenshots\2026-10\01-10-2026\observer-cupo-90afc4.png,Se seleccionaron una fecha y una hora disponibles.
observer-***-121558-95e0cb6b,2026-10-01 12:16:13,,available,normal,LIMA-LA VICTORIA,21/12/2026,09:00,20,,,,14.913,,,,,,,event_atomic,,screenshots\2026-10\01-10-2026\observer-cupo-a1e0cf.png,screenshots\2026-10\01-10-2026\observer-cupo-a1e0cf.png,Se seleccionaron una fecha y una hora disponibles.
observer-***-121643-c86a3d38,2026-10-01 12:16:59,,available,normal,LIMA-LA VICTORIA,21/12/2026,09:00,20,,,,15.447,,,,,,,event_atomic,,screenshots\2026-10\01-10-2026\observer-cupo-e67d59.png,screenshots\2026-10\01-10-2026\observer-cupo-e67d59.png,Se seleccionaron una fecha y una hora disponibles.
observer-***-121729-9fac902b,2026-10-01 12:17:43,,available,normal,LIMA-LA VICTORIA,21/12/2026,09:00,20,,,,14.651,,,,,,,event_atomic,,screenshots\2026-10\01-10-2026\observer-cupo-29462b.png,screenshots\2026-10\01-10-2026\observer-cupo-29462b.png,Se seleccionaron una fecha y una hora disponibles.
observer-***-121814-8502344e,2026-10-01 12:18:29,,available,normal,LIMA-LA VICTORIA,21/12/2026,09:00,20,,,,15.468,,,,,,,event_atomic,,screenshots\2026-10\01-10-2026\observer-cupo-ef738b.png,screenshots\2026-10\01-10-2026\observer-cupo-ef738b.png,Se seleccionaron una fecha y una hora disponibles.
observer-***-121859-9fcc5be9,2026-10-01 12:19:15,,available,normal,LIMA-LA VICTORIA,21/12/2026,09:00,20,,,,15.266,,,,,,,event_atomic,,screenshots\2026-10\01-10-2026\observer-cupo-199b35.png,screenshots\2026-10\01-10-2026\observer-cupo-199b35.png,Se seleccionaron una fecha y una hora disponibles.
observer-***-121945-29e0e1ad,2026-10-01 12:20:00,,available,normal,LIMA-LA VICTORIA,21/12/2026,09:00,20,,,,15.013,,,,,,,event_atomic,,screenshots\2026-10\01-10-2026\observer-cupo-bf2b7a.png,screenshots\2026-10\01-10-2026\observer-cupo-bf2b7a.png,Se seleccionaron una fecha y una hora disponibles.
observer-***-122030-dc540a2f,2026-10-01 12:20:45,,available,normal,LIMA-LA VICTORIA,21/12/2026,09:00,20,,,,15.422,,,,,,,event_atomic,,screenshots\2026-10\01-10-2026\observer-cupo-cb1f96.png,screenshots\2026-10\01-10-2026\observer-cupo-cb1f96.png,Se seleccionaron una fecha y una hora disponibles.
observer-***-122116-31c62ba3,2026-10-01 12:21:31,,available,normal,LIMA-LA VICTORIA,21/12/2026,09:00,20,,,,15.354,,,,,,,event_atomic,,screenshots\2026-10\01-10-2026\observer-cupo-1cdce0.png,screenshots\2026-10\01-10-2026\observer-cupo-1cdce0.png,Se seleccionaron una fecha y una hora disponibles.
observer-***-122201-6f0bf57a,2026-10-01 12:22:17,,available,normal,LIMA-LA VICTORIA,21/12/2026,09:00,20,,,,15.471,,,,,,,event_atomic,,screenshots\2026-10\01-10-2026\observer-cupo-1fa410.png,screenshots\2026-10\01-10-2026\observer-cupo-1fa410.png,Se seleccionaron una fecha y una hora disponibles.
observer-***-122247-64360dd2,2026-10-01 12:23:03,,available,normal,LIMA-LA VICTORIA,21/12/2026,09:00,20,,,,15.656,,,,,,,event_atomic,,screenshots\2026-10\01-10-2026\observer-cupo-16be4a.png,screenshots\2026-10\01-10-2026\observer-cupo-16be4a.png,Se seleccionaron una fecha y una hora disponibles.
observer-***-122333-d7332df4,2026-10-01 12:23:54,,available,normal,LIMA-LA VICTORIA,21/12/2026,09:00,20,,,,20.858,,,,,,,event_atomic,,screenshots\2026-10\01-10-2026\observer-cupo-71039a.png,screenshots\2026-10\01-10-2026\observer-cupo-71039a.png,Se seleccionaron una fecha y una hora disponibles.
observer-***-122424-01a8d663,2026-10-01 12:24:40,,available,normal,LIMA-LA VICTORIA,21/12/2026,09:00,20,,,,15.462,,,,,,,event_atomic,,screenshots\2026-10\01-10-2026\observer-cupo-d68f38.png,screenshots\2026-10\01-10-2026\observer-cupo-d68f38.png,Se seleccionaron una fecha y una hora disponibles.
observer-***-122510-0f389bfd,2026-10-01 12:25:25,,available,normal,LIMA-LA VICTORIA,21/12/2026,10:00,20,,,,15.206,,,,,,,event_atomic,,screenshots\2026-10\01-10-2026\observer-cupo-750f54.png,screenshots\2026-10\01-10-2026\observer-cupo-750f54.png,Se seleccionaron una fecha y una hora disponibles.
observer-***-122557-7f25b015,2026-10-01 12:26:12,,available,normal,LIMA-LA VICTORIA,21/12/2026,10:00,20,,,,15.189,,,,,,,event_atomic,,screenshots\2026-10\01-10-2026\observer-cupo-143e32.png,screenshots\2026-10\01-10-2026\observer-cupo-143e32.png,Se seleccionaron una fecha y una hora disponibles.
observer-***-122643-9be6ca71,2026-10-01 12:26:58,,available,normal,LIMA-LA VICTORIA,21/12/2026,10:00,20,,,,15.206,,,,,,,event_atomic,,screenshots\2026-10\01-10-2026\observer-cupo-27c630.png,screenshots\2026-10\01-10-2026\observer-cupo-27c630.png,Se seleccionaron una fecha y una hora disponibles.
observer-***-122728-b9acd0a2,2026-10-01 12:27:43,,available,normal,LIMA-LA VICTORIA,21/12/2026,10:00,20,,,,14.985,,,,,,,event_atomic,,screenshots\2026-10\01-10-2026\observer-cupo-faa06c.png,screenshots\2026-10\01-10-2026\observer-cupo-faa06c.png,Se seleccionaron una fecha y una hora disponibles.
observer-***-122813-d3df34ab,2026-10-01 12:28:28,,available,normal,LIMA-LA VICTORIA,21/12/2026,10:00,20,,,,15.265,,,,,,,event_atomic,,screenshots\2026-10\01-10-2026\observer-cupo-1dcb29.png,screenshots\2026-10\01-10-2026\observer-cupo-1dcb29.png,Se seleccionaron una fecha y una hora disponibles.
observer-***-122859-8768ad0f,2026-10-01 12:29:14,,available,normal,LIMA-LA VICTORIA,21/12/2026,10:00,20,,,,15.078,,,,,,,event_atomic,,screenshots\2026-10\01-10-2026\observer-cupo-fced76.png,screenshots\2026-10\01-10-2026\observer-cupo-fced76.png,Se seleccionaron una fecha y una hora disponibles.
observer-***-122944-1a7acf6c,2026-10-01 12:29:59,,available,normal,LIMA-LA VICTORIA,21/12/2026,10:00,20,,,,15.042,,,,,,,event_atomic,,screenshots\2026-10\01-10-2026\observer-cupo-de7d35.png,screenshots\2026-10\01-10-2026\observer-cupo-de7d35.png,Se seleccionaron una fecha y una hora disponibles.
observer-***-123029-690fbe09,2026-10-01 12:30:44,,available,normal,LIMA-LA VICTORIA,21/12/2026,10:00,20,,,,15.164,,,,,,,event_atomic,,screenshots\2026-10\01-10-2026\observer-cupo-69913e.png,screenshots\2026-10\01-10-2026\observer-cupo-69913e.png,Se seleccionaron una fecha y una hora disponibles.
observer-***-123115-4b236744,2026-10-01 12:31:30,,available,normal,LIMA-LA VICTORIA,21/12/2026,10:00,20,,,,15.535,,,,,,,event_atomic,,screenshots\2026-10\01-10-2026\observer-cupo-48de50.png,screenshots\2026-10\01-10-2026\observer-cupo-48de50.png,Se seleccionaron una fecha y una hora disponibles.
observer-***-123200-cffdea54,2026-10-01 12:32:15,,available,normal,LIMA-LA VICTORIA,21/12/2026,10:00,20,,,,15.059,,,,,,,event_atomic,,screenshots\2026-10\01-10-2026\observer-cupo-b99875.png,screenshots\2026-10\01-10-2026\observer-cupo-b99875.png,Se seleccionaron una fecha y una hora disponibles.
observer-***-123246-8d1c0619,2026-10-01 12:33:02,,available,normal,LIMA-LA VICTORIA,21/12/2026,10:00,20,,,,16.074,,,,,,,event_atomic,,screenshots\2026-10\01-10-2026\observer-cupo-70bcc4.png,screenshots\2026-10\01-10-2026\observer-cupo-70bcc4.png,Se seleccionaron una fecha y una hora disponibles.
observer-***-123332-ddf9d102,2026-10-01 12:33:47,,available,normal,LIMA-LA VICTORIA,21/12/2026,10:00,20,,,,14.837,,,,,,,event_atomic,,screenshots\2026-10\01-10-2026\observer-cupo-97bb29.png,screenshots\2026-10\01-10-2026\observer-cupo-97bb29.png,Se seleccionaron una fecha y una hora disponibles.
observer-***-123417-932ce10d,2026-10-01 12:34:32,,available,normal,LIMA-LA VICTORIA,21/12/2026,10:00,20,,,,14.818,,,,,,,event_atomic,,screenshots\2026-10\01-10-2026\observer-cupo-dc9bd9.png,screenshots\2026-10\01-10-2026\observer-cupo-dc9bd9.png,Se seleccionaron una fecha y una hora disponibles.
observer-***-123502-0dae493c,2026-10-01 12:35:17,,available,normal,LIMA-LA VICTORIA,21/12/2026,10:00,20,,,,14.992,,,,,,,event_atomic,,screenshots\2026-10\01-10-2026\observer-cupo-498ce4.png,screenshots\2026-10\01-10-2026\observer-cupo-498ce4.png,Se seleccionaron una fecha y una hora disponibles.
observer-***-123547-eeceb716,2026-10-01 12:36:03,,available,normal,LIMA-LA VICTORIA,21/12/2026,10:00,20,,,,15.426,,,,,,,event_atomic,,screenshots\2026-10\01-10-2026\observer-cupo-fd612e.png,screenshots\2026-10\01-10-2026\observer-cupo-fd612e.png,Se seleccionaron una fecha y una hora disponibles.
observer-***-123633-5dcaded2,2026-10-01 12:36:48,,available,normal,LIMA-LA VICTORIA,21/12/2026,10:00,20,,,,15.200,,,,,,,event_atomic,,screenshots\2026-10\01-10-2026\observer-cupo-6c4d7c.png,screenshots\2026-10\01-10-2026\observer-cupo-6c4d7c.png,Se seleccionaron una fecha y una hora disponibles.
observer-***-123718-eff72c10,2026-10-01 12:37:34,,available,normal,LIMA-LA VICTORIA,21/12/2026,10:00,20,,,,15.698,,,,,,,event_atomic,,screenshots\2026-10\01-10-2026\observer-cupo-bb7189.png,screenshots\2026-10\01-10-2026\observer-cupo-bb7189.png,Se seleccionaron una fecha y una hora disponibles.
observer-***-123804-786f6d1c,2026-10-01 12:38:20,,available,normal,LIMA-LA VICTORIA,21/12/2026,10:00,20,,,,15.784,,,,,,,event_atomic,,screenshots\2026-10\01-10-2026\observer-cupo-b019c7.png,screenshots\2026-10\01-10-2026\observer-cupo-b019c7.png,Se seleccionaron una fecha y una hora disponibles.
observer-***-123850-be4eab9b,2026-10-01 12:39:05,,available,normal,LIMA-LA VICTORIA,21/12/2026,10:00,20,,,,14.920,,,,,,,event_atomic,,screenshots\2026-10\01-10-2026\observer-cupo-355477.png,screenshots\2026-10\01-10-2026\observer-cupo-355477.png,Se seleccionaron una fecha y una hora disponibles.
observer-***-123935-4f6623af,2026-10-01 12:39:50,,available,normal,LIMA-LA VICTORIA,21/12/2026,10:00,20,,,,14.778,,,,,,,event_atomic,,screenshots\2026-10\01-10-2026\observer-cupo-bb08c0.png,screenshots\2026-10\01-10-2026\observer-cupo-bb08c0.png,Se seleccionaron una fecha y una hora disponibles.
observer-***-124020-2242f40d,2026-10-01 12:40:35,,available,normal,LIMA-LA VICTORIA,21/12/2026,10:00,20,,,,15.094,,,,,,,event_atomic,,screenshots\2026-10\01-10-2026\observer-cupo-671c46.png,screenshots\2026-10\01-10-2026\observer-cupo-671c46.png,Se seleccionaron una fecha y una hora disponibles.
observer-***-124106-c20710b0,2026-10-01 12:41:21,,available,normal,LIMA-LA VICTORIA,21/12/2026,11:00,20,,,,14.957,,,,,,,event_atomic,,screenshots\2026-10\01-10-2026\observer-cupo-b3a6eb.png,screenshots\2026-10\01-10-2026\observer-cupo-b3a6eb.png,Se seleccionaron una fecha y una hora disponibles.
observer-***-124153-d4090e6c,2026-10-01 12:42:08,,available,normal,LIMA-LA VICTORIA,21/12/2026,11:00,20,,,,15.129,,,,,,,event_atomic,,screenshots\2026-10\01-10-2026\observer-cupo-303cad.png,screenshots\2026-10\01-10-2026\observer-cupo-303cad.png,Se seleccionaron una fecha y una hora disponibles.
observer-***-124238-3b99ec03,2026-10-01 12:42:53,,available,normal,LIMA-LA VICTORIA,21/12/2026,11:00,20,,,,14.774,,,,,,,event_atomic,,screenshots\2026-10\01-10-2026\observer-cupo-8738bc.png,screenshots\2026-10\01-10-2026\observer-cupo-8738bc.png,Se seleccionaron una fecha y una hora disponibles.
observer-***-124323-d7503071,2026-10-01 12:43:38,,available,normal,LIMA-LA VICTORIA,21/12/2026,11:00,20,,,,14.527,,,,,,,event_atomic,,screenshots\2026-10\01-10-2026\observer-cupo-ca792c.png,screenshots\2026-10\01-10-2026\observer-cupo-ca792c.png,Se seleccionaron una fecha y una hora disponibles.
observer-***-124408-5a974961,2026-10-01 12:44:23,,available,normal,LIMA-LA VICTORIA,21/12/2026,11:00,20,,,,14.807,,,,,,,event_atomic,,screenshots\2026-10\01-10-2026\observer-cupo-789cef.png,screenshots\2026-10\01-10-2026\observer-cupo-789cef.png,Se seleccionaron una fecha y una hora disponibles.
observer-***-124453-97cdef2a,2026-10-01 12:45:09,,available,normal,LIMA-LA VICTORIA,21/12/2026,11:00,20,,,,16.007,,,,,,,event_atomic,,screenshots\2026-10\01-10-2026\observer-cupo-3f3f09.png,screenshots\2026-10\01-10-2026\observer-cupo-3f3f09.png,Se seleccionaron una fecha y una hora disponibles.
observer-***-124539-5ecab564,2026-10-01 12:45:54,,available,normal,LIMA-LA VICTORIA,21/12/2026,11:00,20,,,,15.023,,,,,,,event_atomic,,screenshots\2026-10\01-10-2026\observer-cupo-6313ec.png,screenshots\2026-10\01-10-2026\observer-cupo-6313ec.png,Se seleccionaron una fecha y una hora disponibles.
observer-***-124624-1b0a79a0,2026-10-01 12:46:39,,available,normal,LIMA-LA VICTORIA,21/12/2026,11:00,20,,,,14.778,,,,,,,event_atomic,,screenshots\2026-10\01-10-2026\observer-cupo-a146d4.png,screenshots\2026-10\01-10-2026\observer-cupo-a146d4.png,Se seleccionaron una fecha y una hora disponibles.
observer-***-124709-27f33326,2026-10-01 12:47:24,,available,normal,LIMA-LA VICTORIA,21/12/2026,11:00,20,,,,14.656,,,,,,,event_atomic,,screenshots\2026-10\01-10-2026\observer-cupo-7aec27.png,screenshots\2026-10\01-10-2026\observer-cupo-7aec27.png,Se seleccionaron una fecha y una hora disponibles.
observer-***-124754-f53a7c82,2026-10-01 12:48:09,,available,normal,LIMA-LA VICTORIA,21/12/2026,11:00,20,,,,14.927,,,,,,,event_atomic,,screenshots\2026-10\01-10-2026\observer-cupo-fd72dc.png,screenshots\2026-10\01-10-2026\observer-cupo-fd72dc.png,Se seleccionaron una fecha y una hora disponibles.
observer-***-124839-6a050a41,2026-10-01 12:48:54,,available,normal,LIMA-LA VICTORIA,21/12/2026,11:00,20,,,,15.116,,,,,,,event_atomic,,screenshots\2026-10\01-10-2026\observer-cupo-d48242.png,screenshots\2026-10\01-10-2026\observer-cupo-d48242.png,Se seleccionaron una fecha y una hora disponibles.
observer-***-124924-f5ff0839,2026-10-01 12:49:39,,available,normal,LIMA-LA VICTORIA,21/12/2026,11:00,20,,,,14.880,,,,,,,event_atomic,,screenshots\2026-10\01-10-2026\observer-cupo-25acbb.png,screenshots\2026-10\01-10-2026\observer-cupo-25acbb.png,Se seleccionaron una fecha y una hora disponibles.
observer-***-125010-8e89aea2,2026-10-01 12:50:25,,available,normal,LIMA-LA VICTORIA,21/12/2026,11:00,20,,,,15.573,,,,,,,event_atomic,,screenshots\2026-10\01-10-2026\observer-cupo-3fb170.png,screenshots\2026-10\01-10-2026\observer-cupo-3fb170.png,Se seleccionaron una fecha y una hora disponibles.
observer-***-125055-3a738eb1,2026-10-01 12:51:10,,available,normal,LIMA-LA VICTORIA,21/12/2026,11:00,20,,,,15.046,,,,,,,event_atomic,,screenshots\2026-10\01-10-2026\observer-cupo-25e674.png,screenshots\2026-10\01-10-2026\observer-cupo-25e674.png,Se seleccionaron una fecha y una hora disponibles.
observer-***-125141-e41a8771,2026-10-01 12:51:56,,available,normal,LIMA-LA VICTORIA,21/12/2026,11:00,20,,,,14.932,,,,,,,event_atomic,,screenshots\2026-10\01-10-2026\observer-cupo-49a7f5.png,screenshots\2026-10\01-10-2026\observer-cupo-49a7f5.png,Se seleccionaron una fecha y una hora disponibles.
observer-***-125226-9b64b438,2026-10-01 12:52:41,,available,normal,LIMA-LA VICTORIA,21/12/2026,11:00,20,,,,14.792,,,,,,,event_atomic,,screenshots\2026-10\01-10-2026\observer-cupo-15f2d8.png,screenshots\2026-10\01-10-2026\observer-cupo-15f2d8.png,Se seleccionaron una fecha y una hora disponibles.
observer-***-125311-53a141ed,2026-10-01 12:53:26,,available,normal,LIMA-LA VICTORIA,21/12/2026,11:00,20,,,,14.751,,,,,,,event_atomic,,screenshots\2026-10\01-10-2026\observer-cupo-3b13d5.png,screenshots\2026-10\01-10-2026\observer-cupo-3b13d5.png,Se seleccionaron una fecha y una hora disponibles.
observer-***-125356-9f2bcfed,2026-10-01 12:54:10,,available,normal,LIMA-LA VICTORIA,21/12/2026,11:00,20,,,,14.453,,,,,,,event_atomic,,screenshots\2026-10\01-10-2026\observer-cupo-2ea6e3.png,screenshots\2026-10\01-10-2026\observer-cupo-2ea6e3.png,Se seleccionaron una fecha y una hora disponibles.
observer-***-125440-39a2ee6a,2026-10-01 12:54:55,,available,normal,LIMA-LA VICTORIA,21/12/2026,11:00,20,,,,14.711,,,,,,,event_atomic,,screenshots\2026-10\01-10-2026\observer-cupo-b10263.png,screenshots\2026-10\01-10-2026\observer-cupo-b10263.png,Se seleccionaron una fecha y una hora disponibles.
observer-***-125525-c1c04b99,2026-10-01 12:55:40,,available,normal,LIMA-LA VICTORIA,21/12/2026,11:00,20,,,,14.519,,,,,,,event_atomic,,screenshots\2026-10\01-10-2026\observer-cupo-79767c.png,screenshots\2026-10\01-10-2026\observer-cupo-79767c.png,Se seleccionaron una fecha y una hora disponibles.
observer-***-125610-4d811c99,2026-10-01 12:56:25,,available,normal,LIMA-LA VICTORIA,21/12/2026,11:00,20,,,,14.692,,,,,,,event_atomic,,screenshots\2026-10\01-10-2026\observer-cupo-f6a0db.png,screenshots\2026-10\01-10-2026\observer-cupo-f6a0db.png,Se seleccionaron una fecha y una hora disponibles.
observer-***-125655-319fc769,2026-10-01 12:57:10,,available,normal,LIMA-LA VICTORIA,21/12/2026,11:00,20,,,,14.624,,,,,,,event_atomic,,screenshots\2026-10\01-10-2026\observer-cupo-4f8cd5.png,screenshots\2026-10\01-10-2026\observer-cupo-4f8cd5.png,Se seleccionaron una fecha y una hora disponibles.
observer-***-125740-31e22a12,2026-10-01 12:57:54,,available,normal,LIMA-LA VICTORIA,21/12/2026,11:00,20,,,,14.750,,,,,,,event_atomic,,screenshots\2026-10\01-10-2026\observer-cupo-77a736.png,screenshots\2026-10\01-10-2026\observer-cupo-77a736.png,Se seleccionaron una fecha y una hora disponibles.
observer-***-125825-24c27a5c,2026-10-01 12:58:39,,available,normal,LIMA-LA VICTORIA,21/12/2026,11:00,20,,,,14.659,,,,,,,event_atomic,,screenshots\2026-10\01-10-2026\observer-cupo-6549c0.png,screenshots\2026-10\01-10-2026\observer-cupo-6549c0.png,Se seleccionaron una fecha y una hora disponibles.
observer-***-125910-04f004d6,2026-10-01 12:59:24,,available,normal,LIMA-LA VICTORIA,21/12/2026,11:00,20,,,,14.884,,,,,,,event_atomic,,screenshots\2026-10\01-10-2026\observer-cupo-5b83b8.png,screenshots\2026-10\01-10-2026\observer-cupo-5b83b8.png,Se seleccionaron una fecha y una hora disponibles.
observer-***-125955-5295ab2f,2026-10-01 13:00:09,,available,normal,LIMA-LA VICTORIA,21/12/2026,11:00,20,,,,14.775,,,,,,,event_atomic,,screenshots\2026-10\01-10-2026\observer-cupo-0bc75f.png,screenshots\2026-10\01-10-2026\observer-cupo-0bc75f.png,Se seleccionaron una fecha y una hora disponibles.
observer-***-130040-20b7734f,2026-10-01 13:00:55,,available,normal,LIMA-LA VICTORIA,21/12/2026,11:00,20,,,,15.127,,,,,,,event_atomic,,screenshots\2026-10\01-10-2026\observer-cupo-e4c4e1.png,screenshots\2026-10\01-10-2026\observer-cupo-e4c4e1.png,Se seleccionaron una fecha y una hora disponibles.
observer-***-130125-df5ca5b4,2026-10-01 13:01:40,,available,normal,LIMA-LA VICTORIA,21/12/2026,11:00,20,,,,15.369,,,,,,,event_atomic,,screenshots\2026-10\01-10-2026\observer-cupo-7c18fa.png,screenshots\2026-10\01-10-2026\observer-cupo-7c18fa.png,Se seleccionaron una fecha y una hora disponibles.
observer-***-130211-d4bf2b9d,2026-10-01 13:02:25,,available,normal,LIMA-LA VICTORIA,21/12/2026,11:00,20,,,,14.696,,,,,,,event_atomic,,screenshots\2026-10\01-10-2026\observer-cupo-67440e.png,screenshots\2026-10\01-10-2026\observer-cupo-67440e.png,Se seleccionaron una fecha y una hora disponibles.
observer-***-130255-86b8499e,2026-10-01 13:03:10,,available,normal,LIMA-LA VICTORIA,21/12/2026,11:00,20,,,,14.869,,,,,,,event_atomic,,screenshots\2026-10\01-10-2026\observer-cupo-aaa650.png,screenshots\2026-10\01-10-2026\observer-cupo-aaa650.png,Se seleccionaron una fecha y una hora disponibles.
observer-***-130341-339fe5ed,2026-10-01 13:03:55,,available,normal,LIMA-LA VICTORIA,21/12/2026,11:00,20,,,,14.939,,,,,,,event_atomic,,screenshots\2026-10\01-10-2026\observer-cupo-935ad6.png,screenshots\2026-10\01-10-2026\observer-cupo-935ad6.png,Se seleccionaron una fecha y una hora disponibles.
observer-***-130426-2615e71a,2026-10-01 13:04:40,,available,normal,LIMA-LA VICTORIA,21/12/2026,11:00,20,,,,14.685,,,,,,,event_atomic,,screenshots\2026-10\01-10-2026\observer-cupo-17c52f.png,screenshots\2026-10\01-10-2026\observer-cupo-17c52f.png,Se seleccionaron una fecha y una hora disponibles.
observer-***-130511-16aa45be,2026-10-01 13:05:25,,available,normal,LIMA-LA VICTORIA,21/12/2026,11:00,20,,,,14.840,,,,,,,event_atomic,,screenshots\2026-10\01-10-2026\observer-cupo-04471b.png,screenshots\2026-10\01-10-2026\observer-cupo-04471b.png,Se seleccionaron una fecha y una hora disponibles.
observer-***-130556-c32a48d8,2026-10-01 13:06:10,,available,normal,LIMA-LA VICTORIA,21/12/2026,11:00,20,,,,14.720,,,,,,,event_atomic,,screenshots\2026-10\01-10-2026\observer-cupo-6171bd.png,screenshots\2026-10\01-10-2026\observer-cupo-6171bd.png,Se seleccionaron una fecha y una hora disponibles.
observer-***-130641-b826a467,2026-10-01 13:06:56,,available,normal,LIMA-LA VICTORIA,21/12/2026,11:00,20,,,,15.661,,,,,,,event_atomic,,screenshots\2026-10\01-10-2026\observer-cupo-01c0cc.png,screenshots\2026-10\01-10-2026\observer-cupo-01c0cc.png,Se seleccionaron una fecha y una hora disponibles.
observer-***-130726-e4221068,2026-10-01 13:07:42,,available,normal,LIMA-LA VICTORIA,21/12/2026,11:00,20,,,,15.291,,,,,,,event_atomic,,screenshots\2026-10\01-10-2026\observer-cupo-6c5e82.png,screenshots\2026-10\01-10-2026\observer-cupo-6c5e82.png,Se seleccionaron una fecha y una hora disponibles.
observer-***-130812-ad625fc7,2026-10-01 13:08:27,,available,normal,LIMA-LA VICTORIA,21/12/2026,11:00,20,,,,14.816,,,,,,,event_atomic,,screenshots\2026-10\01-10-2026\observer-cupo-6090c7.png,screenshots\2026-10\01-10-2026\observer-cupo-6090c7.png,Se seleccionaron una fecha y una hora disponibles.
observer-***-130857-5eba2531,2026-10-01 13:09:12,,available,normal,LIMA-LA VICTORIA,21/12/2026,11:00,20,,,,14.748,,,,,,,event_atomic,,screenshots\2026-10\01-10-2026\observer-cupo-fe8774.png,screenshots\2026-10\01-10-2026\observer-cupo-fe8774.png,Se seleccionaron una fecha y una hora disponibles.
observer-***-130942-b137404c,2026-10-01 13:09:57,,available,normal,LIMA-LA VICTORIA,21/12/2026,11:00,20,,,,14.684,,,,,,,event_atomic,,screenshots\2026-10\01-10-2026\observer-cupo-28878f.png,screenshots\2026-10\01-10-2026\observer-cupo-28878f.png,Se seleccionaron una fecha y una hora disponibles.
observer-***-131027-0a6e63e3,2026-10-01 13:10:42,,available,normal,LIMA-LA VICTORIA,21/12/2026,11:00,20,,,,15.097,,,,,,,event_atomic,,screenshots\2026-10\01-10-2026\observer-cupo-8601a6.png,screenshots\2026-10\01-10-2026\observer-cupo-8601a6.png,Se seleccionaron una fecha y una hora disponibles.
observer-***-131112-aa3efbcd,2026-10-01 13:11:27,,available,normal,LIMA-LA VICTORIA,21/12/2026,11:00,20,,,,14.926,,,,,,,event_atomic,,screenshots\2026-10\01-10-2026\observer-cupo-92f1c4.png,screenshots\2026-10\01-10-2026\observer-cupo-92f1c4.png,Se seleccionaron una fecha y una hora disponibles.
observer-***-131157-1149deae,2026-10-01 13:12:12,,available,normal,LIMA-LA VICTORIA,21/12/2026,11:00,20,,,,14.926,,,,,,,event_atomic,,screenshots\2026-10\01-10-2026\observer-cupo-a68c2a.png,screenshots\2026-10\01-10-2026\observer-cupo-a68c2a.png,Se seleccionaron una fecha y una hora disponibles.
observer-***-131242-6f7a7d1e,2026-10-01 13:12:57,,available,normal,LIMA-LA VICTORIA,21/12/2026,11:00,20,,,,15.104,,,,,,,event_atomic,,screenshots\2026-10\01-10-2026\observer-cupo-7846ee.png,screenshots\2026-10\01-10-2026\observer-cupo-7846ee.png,Se seleccionaron una fecha y una hora disponibles.
observer-***-131328-ef84151b,2026-10-01 13:13:43,,available,normal,LIMA-LA VICTORIA,21/12/2026,11:00,20,,,,15.135,,,,,,,event_atomic,,screenshots\2026-10\01-10-2026\observer-cupo-bbeecb.png,screenshots\2026-10\01-10-2026\observer-cupo-bbeecb.png,Se seleccionaron una fecha y una hora disponibles.
observer-***-131413-3e2aff92,2026-10-01 13:14:28,,available,normal,LIMA-LA VICTORIA,21/12/2026,11:00,20,,,,15.027,,,,,,,event_atomic,,screenshots\2026-10\01-10-2026\observer-cupo-8f6758.png,screenshots\2026-10\01-10-2026\observer-cupo-8f6758.png,Se seleccionaron una fecha y una hora disponibles.
observer-***-131458-7d1a103c,2026-10-01 13:15:13,,available,normal,LIMA-LA VICTORIA,21/12/2026,11:00,20,,,,14.684,,,,,,,event_atomic,,screenshots\2026-10\01-10-2026\observer-cupo-46cc95.png,screenshots\2026-10\01-10-2026\observer-cupo-46cc95.png,Se seleccionaron una fecha y una hora disponibles.
observer-***-131543-9a5ebbb9,2026-10-01 13:15:58,,available,normal,LIMA-LA VICTORIA,21/12/2026,11:00,20,,,,14.843,,,,,,,event_atomic,,screenshots\2026-10\01-10-2026\observer-cupo-e20fb8.png,screenshots\2026-10\01-10-2026\observer-cupo-e20fb8.png,Se seleccionaron una fecha y una hora disponibles.
observer-***-131628-0dac0d74,2026-10-01 13:16:43,,available,normal,LIMA-LA VICTORIA,21/12/2026,11:00,20,,,,15.180,,,,,,,event_atomic,,screenshots\2026-10\01-10-2026\observer-cupo-891f01.png,screenshots\2026-10\01-10-2026\observer-cupo-891f01.png,Se seleccionaron una fecha y una hora disponibles.
observer-***-131714-5c3685ab,2026-10-01 13:17:28,,available,normal,LIMA-LA VICTORIA,21/12/2026,11:00,20,,,,14.710,,,,,,,event_atomic,,screenshots\2026-10\01-10-2026\observer-cupo-b7dc26.png,screenshots\2026-10\01-10-2026\observer-cupo-b7dc26.png,Se seleccionaron una fecha y una hora disponibles.
observer-***-131759-9e0b2094,2026-10-01 13:18:14,,available,normal,LIMA-LA VICTORIA,21/12/2026,11:00,20,,,,15.216,,,,,,,event_atomic,,screenshots\2026-10\01-10-2026\observer-cupo-621a95.png,screenshots\2026-10\01-10-2026\observer-cupo-621a95.png,Se seleccionaron una fecha y una hora disponibles.
observer-***-131844-2f86c39d,2026-10-01 13:19:00,,available,normal,LIMA-LA VICTORIA,21/12/2026,11:00,20,,,,15.516,,,,,,,event_atomic,,screenshots\2026-10\01-10-2026\observer-cupo-43f510.png,screenshots\2026-10\01-10-2026\observer-cupo-43f510.png,Se seleccionaron una fecha y una hora disponibles.
observer-***-131930-6c7dfed5,2026-10-01 13:19:45,,available,normal,LIMA-LA VICTORIA,21/12/2026,11:00,20,,,,14.964,,,,,,,event_atomic,,screenshots\2026-10\01-10-2026\observer-cupo-74dd1c.png,screenshots\2026-10\01-10-2026\observer-cupo-74dd1c.png,Se seleccionaron una fecha y una hora disponibles.
observer-***-132015-94fb0886,2026-10-01 13:20:30,,available,normal,LIMA-LA VICTORIA,21/12/2026,11:00,20,,,,14.759,,,,,,,event_atomic,,screenshots\2026-10\01-10-2026\observer-cupo-06b9b1.png,screenshots\2026-10\01-10-2026\observer-cupo-06b9b1.png,Se seleccionaron una fecha y una hora disponibles.
observer-***-132100-b11bffa9,2026-10-01 13:21:16,,available,normal,LIMA-LA VICTORIA,21/12/2026,11:00,20,,,,15.602,,,,,,,event_atomic,,screenshots\2026-10\01-10-2026\observer-cupo-9b6cce.png,screenshots\2026-10\01-10-2026\observer-cupo-9b6cce.png,Se seleccionaron una fecha y una hora disponibles.
observer-***-132146-3abe65fc,2026-10-01 13:22:01,,available,normal,LIMA-LA VICTORIA,21/12/2026,11:00,20,,,,14.752,,,,,,,event_atomic,,screenshots\2026-10\01-10-2026\observer-cupo-3d6391.png,screenshots\2026-10\01-10-2026\observer-cupo-3d6391.png,Se seleccionaron una fecha y una hora disponibles.
observer-***-132231-fc1c7c95,2026-10-01 13:22:46,,available,normal,LIMA-LA VICTORIA,21/12/2026,11:00,20,,,,15.088,,,,,,,event_atomic,,screenshots\2026-10\01-10-2026\observer-cupo-c5c59c.png,screenshots\2026-10\01-10-2026\observer-cupo-c5c59c.png,Se seleccionaron una fecha y una hora disponibles.
observer-***-132316-5d09e31b,2026-10-01 13:23:31,,available,normal,LIMA-LA VICTORIA,21/12/2026,11:00,20,,,,15.152,,,,,,,event_atomic,,screenshots\2026-10\01-10-2026\observer-cupo-5c2d23.png,screenshots\2026-10\01-10-2026\observer-cupo-5c2d23.png,Se seleccionaron una fecha y una hora disponibles.
observer-***-132401-92d3c36e,2026-10-01 13:24:17,,available,normal,LIMA-LA VICTORIA,21/12/2026,11:00,20,,,,15.069,,,,,,,event_atomic,,screenshots\2026-10\01-10-2026\observer-cupo-c5838f.png,screenshots\2026-10\01-10-2026\observer-cupo-c5838f.png,Se seleccionaron una fecha y una hora disponibles.
observer-***-132447-d7988899,2026-10-01 13:25:02,,available,normal,LIMA-LA VICTORIA,21/12/2026,11:00,20,,,,14.871,,,,,,,event_atomic,,screenshots\2026-10\01-10-2026\observer-cupo-c8071f.png,screenshots\2026-10\01-10-2026\observer-cupo-c8071f.png,Se seleccionaron una fecha y una hora disponibles.
observer-***-132532-7952df2f,2026-10-01 13:25:47,,available,normal,LIMA-LA VICTORIA,21/12/2026,11:00,20,,,,15.100,,,,,,,event_atomic,,screenshots\2026-10\01-10-2026\observer-cupo-bd5fce.png,screenshots\2026-10\01-10-2026\observer-cupo-bd5fce.png,Se seleccionaron una fecha y una hora disponibles.
observer-***-132617-b25dc1c4,2026-10-01 13:26:32,,available,normal,LIMA-LA VICTORIA,21/12/2026,11:00,20,,,,15.168,,,,,,,event_atomic,,screenshots\2026-10\01-10-2026\observer-cupo-5d206f.png,screenshots\2026-10\01-10-2026\observer-cupo-5d206f.png,Se seleccionaron una fecha y una hora disponibles.
observer-***-132703-4ece94e0,2026-10-01 13:27:17,,available,normal,LIMA-LA VICTORIA,21/12/2026,12:00,20,,,,14.620,,,,,,,event_atomic,,screenshots\2026-10\01-10-2026\observer-cupo-c6c9f5.png,screenshots\2026-10\01-10-2026\observer-cupo-c6c9f5.png,Se seleccionaron una fecha y una hora disponibles.
observer-***-132749-66b778ed,2026-10-01 13:28:05,,available,normal,LIMA-LA VICTORIA,21/12/2026,12:00,20,,,,15.948,,,,,,,event_atomic,,screenshots\2026-10\01-10-2026\observer-cupo-e05a26.png,screenshots\2026-10\01-10-2026\observer-cupo-e05a26.png,Se seleccionaron una fecha y una hora disponibles.
observer-***-132835-b5b78591,2026-10-01 13:28:51,,available,normal,LIMA-LA VICTORIA,21/12/2026,12:00,20,,,,15.835,,,,,,,event_atomic,,screenshots\2026-10\01-10-2026\observer-cupo-da74c6.png,screenshots\2026-10\01-10-2026\observer-cupo-da74c6.png,Se seleccionaron una fecha y una hora disponibles.
observer-***-132921-4d6e0277,2026-10-01 13:29:36,,available,normal,LIMA-LA VICTORIA,21/12/2026,12:00,20,,,,14.820,,,,,,,event_atomic,,screenshots\2026-10\01-10-2026\observer-cupo-364670.png,screenshots\2026-10\01-10-2026\observer-cupo-364670.png,Se seleccionaron una fecha y una hora disponibles.
observer-***-133006-afad98f2,2026-10-01 13:30:21,,available,normal,LIMA-LA VICTORIA,21/12/2026,12:00,20,,,,15.037,,,,,,,event_atomic,,screenshots\2026-10\01-10-2026\observer-cupo-e8ad30.png,screenshots\2026-10\01-10-2026\observer-cupo-e8ad30.png,Se seleccionaron una fecha y una hora disponibles.
observer-***-133052-762ec981,2026-10-01 13:31:07,,available,normal,LIMA-LA VICTORIA,21/12/2026,12:00,20,,,,14.976,,,,,,,event_atomic,,screenshots\2026-10\01-10-2026\observer-cupo-0f55e2.png,screenshots\2026-10\01-10-2026\observer-cupo-0f55e2.png,Se seleccionaron una fecha y una hora disponibles.
observer-***-133137-8f0f7549,2026-10-01 13:31:52,,available,normal,LIMA-LA VICTORIA,21/12/2026,12:00,20,,,,15.199,,,,,,,event_atomic,,screenshots\2026-10\01-10-2026\observer-cupo-632faa.png,screenshots\2026-10\01-10-2026\observer-cupo-632faa.png,Se seleccionaron una fecha y una hora disponibles.
observer-***-133222-11cb3a8a,2026-10-01 13:32:37,,available,normal,LIMA-LA VICTORIA,21/12/2026,12:00,20,,,,14.785,,,,,,,event_atomic,,screenshots\2026-10\01-10-2026\observer-cupo-a45ede.png,screenshots\2026-10\01-10-2026\observer-cupo-a45ede.png,Se seleccionaron una fecha y una hora disponibles.
observer-***-133307-b15c2c40,2026-10-01 13:33:22,,available,normal,LIMA-LA VICTORIA,21/12/2026,12:00,20,,,,14.700,,,,,,,event_atomic,,screenshots\2026-10\01-10-2026\observer-cupo-2149e3.png,screenshots\2026-10\01-10-2026\observer-cupo-2149e3.png,Se seleccionaron una fecha y una hora disponibles.
observer-***-133352-0ae96b2b,2026-10-01 13:34:08,,available,normal,LIMA-LA VICTORIA,21/12/2026,12:00,20,,,,15.713,,,,,,,event_atomic,,screenshots\2026-10\01-10-2026\observer-cupo-cb4551.png,screenshots\2026-10\01-10-2026\observer-cupo-cb4551.png,Se seleccionaron una fecha y una hora disponibles.
observer-***-133438-df2eaf35,2026-10-01 13:34:53,,available,normal,LIMA-LA VICTORIA,21/12/2026,12:00,20,,,,15.155,,,,,,,event_atomic,,screenshots\2026-10\01-10-2026\observer-cupo-e8d414.png,screenshots\2026-10\01-10-2026\observer-cupo-e8d414.png,Se seleccionaron una fecha y una hora disponibles.
observer-***-133524-9e0b0d9a,2026-10-01 13:35:39,,available,normal,LIMA-LA VICTORIA,21/12/2026,12:00,20,,,,15.010,,,,,,,event_atomic,,screenshots\2026-10\01-10-2026\observer-cupo-06713a.png,screenshots\2026-10\01-10-2026\observer-cupo-06713a.png,Se seleccionaron una fecha y una hora disponibles.
observer-***-133609-6ca18476,2026-10-01 13:36:24,,available,normal,LIMA-LA VICTORIA,21/12/2026,12:00,20,,,,14.887,,,,,,,event_atomic,,screenshots\2026-10\01-10-2026\observer-cupo-e02029.png,screenshots\2026-10\01-10-2026\observer-cupo-e02029.png,Se seleccionaron una fecha y una hora disponibles.
observer-***-133654-76bf443a,2026-10-01 13:37:09,,available,normal,LIMA-LA VICTORIA,21/12/2026,12:00,20,,,,15.268,,,,,,,event_atomic,,screenshots\2026-10\01-10-2026\observer-cupo-3b5831.png,screenshots\2026-10\01-10-2026\observer-cupo-3b5831.png,Se seleccionaron una fecha y una hora disponibles.
observer-***-133739-bde72370,2026-10-01 13:37:54,,available,normal,LIMA-LA VICTORIA,21/12/2026,12:00,20,,,,15.038,,,,,,,event_atomic,,screenshots\2026-10\01-10-2026\observer-cupo-69a1ae.png,screenshots\2026-10\01-10-2026\observer-cupo-69a1ae.png,Se seleccionaron una fecha y una hora disponibles.
observer-***-133825-1e0fb3ee,2026-10-01 13:38:40,,available,normal,LIMA-LA VICTORIA,21/12/2026,12:00,20,,,,15.115,,,,,,,event_atomic,,screenshots\2026-10\01-10-2026\observer-cupo-c4096b.png,screenshots\2026-10\01-10-2026\observer-cupo-c4096b.png,Se seleccionaron una fecha y una hora disponibles.
observer-***-133910-f1de3abf,2026-10-01 13:39:25,,available,normal,LIMA-LA VICTORIA,21/12/2026,12:00,20,,,,14.841,,,,,,,event_atomic,,screenshots\2026-10\01-10-2026\observer-cupo-175a8c.png,screenshots\2026-10\01-10-2026\observer-cupo-175a8c.png,Se seleccionaron una fecha y una hora disponibles.
observer-***-133955-b0699478,2026-10-01 13:40:10,,available,normal,LIMA-LA VICTORIA,21/12/2026,12:00,20,,,,15.106,,,,,,,event_atomic,,screenshots\2026-10\01-10-2026\observer-cupo-6ab91e.png,screenshots\2026-10\01-10-2026\observer-cupo-6ab91e.png,Se seleccionaron una fecha y una hora disponibles.
observer-***-134040-0de341bb,2026-10-01 13:40:56,,available,normal,LIMA-LA VICTORIA,21/12/2026,12:00,20,,,,15.679,,,,,,,event_atomic,,screenshots\2026-10\01-10-2026\observer-cupo-d1c5aa.png,screenshots\2026-10\01-10-2026\observer-cupo-d1c5aa.png,Se seleccionaron una fecha y una hora disponibles.
observer-***-134126-4d235ea4,2026-10-01 13:41:41,,available,normal,LIMA-LA VICTORIA,21/12/2026,12:00,20,,,,14.825,,,,,,,event_atomic,,screenshots\2026-10\01-10-2026\observer-cupo-010f6a.png,screenshots\2026-10\01-10-2026\observer-cupo-010f6a.png,Se seleccionaron una fecha y una hora disponibles.
observer-***-134211-4d6fb7f3,2026-10-01 13:42:26,,available,normal,LIMA-LA VICTORIA,21/12/2026,12:00,20,,,,14.939,,,,,,,event_atomic,,screenshots\2026-10\01-10-2026\observer-cupo-799669.png,screenshots\2026-10\01-10-2026\observer-cupo-799669.png,Se seleccionaron una fecha y una hora disponibles.
observer-***-134257-ebec9a2d,2026-10-01 13:43:11,,available,normal,LIMA-LA VICTORIA,21/12/2026,12:00,20,,,,14.776,,,,,,,event_atomic,,screenshots\2026-10\01-10-2026\observer-cupo-be4384.png,screenshots\2026-10\01-10-2026\observer-cupo-be4384.png,Se seleccionaron una fecha y una hora disponibles.
observer-***-134342-5429c345,2026-10-01 13:43:56,,available,normal,LIMA-LA VICTORIA,21/12/2026,12:00,20,,,,14.937,,,,,,,event_atomic,,screenshots\2026-10\01-10-2026\observer-cupo-a071f1.png,screenshots\2026-10\01-10-2026\observer-cupo-a071f1.png,Se seleccionaron una fecha y una hora disponibles.
observer-***-134427-c0572c49,2026-10-01 13:44:41,,available,normal,LIMA-LA VICTORIA,21/12/2026,12:00,20,,,,14.643,,,,,,,event_atomic,,screenshots\2026-10\01-10-2026\observer-cupo-239e1b.png,screenshots\2026-10\01-10-2026\observer-cupo-239e1b.png,Se seleccionaron una fecha y una hora disponibles.
observer-***-134512-***,2026-10-01 13:45:26,,available,normal,LIMA-LA VICTORIA,21/12/2026,12:00,20,,,,14.911,,,,,,,event_atomic,,screenshots\2026-10\01-10-2026\observer-cupo-576d2e.png,screenshots\2026-10\01-10-2026\observer-cupo-576d2e.png,Se seleccionaron una fecha y una hora disponibles.
observer-***-134557-6790ae5f,2026-10-01 13:46:11,,available,normal,LIMA-LA VICTORIA,21/12/2026,12:00,20,,,,14.695,,,,,,,event_atomic,,screenshots\2026-10\01-10-2026\observer-cupo-2e7879.png,screenshots\2026-10\01-10-2026\observer-cupo-2e7879.png,Se seleccionaron una fecha y una hora disponibles.
observer-***-134642-***,2026-10-01 13:46:56,,available,normal,LIMA-LA VICTORIA,21/12/2026,12:00,20,,,,14.594,,,,,,,event_atomic,,screenshots\2026-10\01-10-2026\observer-cupo-f956e3.png,screenshots\2026-10\01-10-2026\observer-cupo-f956e3.png,Se seleccionaron una fecha y una hora disponibles.
observer-***-134726-ae2619ae,2026-10-01 13:47:41,,available,normal,LIMA-LA VICTORIA,21/12/2026,12:00,20,,,,14.960,,,,,,,event_atomic,,screenshots\2026-10\01-10-2026\observer-cupo-985388.png,screenshots\2026-10\01-10-2026\observer-cupo-985388.png,Se seleccionaron una fecha y una hora disponibles.
observer-***-134812-e7731f8a,2026-10-01 13:48:26,,available,normal,LIMA-LA VICTORIA,21/12/2026,12:00,20,,,,14.497,,,,,,,event_atomic,,screenshots\2026-10\01-10-2026\observer-cupo-6fbd48.png,screenshots\2026-10\01-10-2026\observer-cupo-6fbd48.png,Se seleccionaron una fecha y una hora disponibles.
observer-***-134856-fd3616ac,2026-10-01 13:49:07,,available,normal,LIMA-LA VICTORIA,21/12/2026,12:00,20,,,,10.317,,,,,,,event_atomic,,screenshots\2026-10\01-10-2026\observer-cupo-607e4f.png,screenshots\2026-10\01-10-2026\observer-cupo-607e4f.png,Se seleccionaron una fecha y una hora disponibles.
observer-***-134937-a051b026,2026-10-01 13:49:52,,available,normal,LIMA-LA VICTORIA,21/12/2026,12:00,20,,,,15.271,,,,,,,event_atomic,,screenshots\2026-10\01-10-2026\observer-cupo-2d9eb5.png,screenshots\2026-10\01-10-2026\observer-cupo-2d9eb5.png,Se seleccionaron una fecha y una hora disponibles.
observer-***-135022-3096e629,2026-10-01 13:50:37,,available,normal,LIMA-LA VICTORIA,21/12/2026,12:00,20,,,,14.655,,,,,,,event_atomic,,screenshots\2026-10\01-10-2026\observer-cupo-9c9f48.png,screenshots\2026-10\01-10-2026\observer-cupo-9c9f48.png,Se seleccionaron una fecha y una hora disponibles.
observer-***-135107-3d7b4f63,2026-10-01 13:51:22,,available,normal,LIMA-LA VICTORIA,21/12/2026,12:00,20,,,,14.642,,,,,,,event_atomic,,screenshots\2026-10\01-10-2026\observer-cupo-226bdf.png,screenshots\2026-10\01-10-2026\observer-cupo-226bdf.png,Se seleccionaron una fecha y una hora disponibles.
observer-***-135152-9d348d1e,2026-10-01 13:52:07,,available,normal,LIMA-LA VICTORIA,21/12/2026,12:00,20,,,,14.641,,,,,,,event_atomic,,screenshots\2026-10\01-10-2026\observer-cupo-579393.png,screenshots\2026-10\01-10-2026\observer-cupo-579393.png,Se seleccionaron una fecha y una hora disponibles.
observer-***-135237-63fba85f,2026-10-01 13:52:52,,available,normal,LIMA-LA VICTORIA,21/12/2026,12:00,20,,,,14.927,,,,,,,event_atomic,,screenshots\2026-10\01-10-2026\observer-cupo-33b619.png,screenshots\2026-10\01-10-2026\observer-cupo-33b619.png,Se seleccionaron una fecha y una hora disponibles.
observer-***-135322-1f1fa283,2026-10-01 13:53:37,,available,normal,LIMA-LA VICTORIA,21/12/2026,12:00,20,,,,14.978,,,,,,,event_atomic,,screenshots\2026-10\01-10-2026\observer-cupo-fa84e3.png,screenshots\2026-10\01-10-2026\observer-cupo-fa84e3.png,Se seleccionaron una fecha y una hora disponibles.
observer-***-135407-a885b195,2026-10-01 13:54:22,,available,normal,LIMA-LA VICTORIA,21/12/2026,12:00,20,,,,14.834,,,,,,,event_atomic,,screenshots\2026-10\01-10-2026\observer-cupo-3115ec.png,screenshots\2026-10\01-10-2026\observer-cupo-3115ec.png,Se seleccionaron una fecha y una hora disponibles.
observer-***-135452-4df33aaa,2026-10-01 13:55:08,,available,normal,LIMA-LA VICTORIA,21/12/2026,12:00,20,,,,15.260,,,,,,,event_atomic,,screenshots\2026-10\01-10-2026\observer-cupo-311d57.png,screenshots\2026-10\01-10-2026\observer-cupo-311d57.png,Se seleccionaron una fecha y una hora disponibles.
observer-***-135538-aa79ac9c,2026-10-01 13:55:53,,available,normal,LIMA-LA VICTORIA,21/12/2026,12:00,20,,,,14.986,,,,,,,event_atomic,,screenshots\2026-10\01-10-2026\observer-cupo-f8001e.png,screenshots\2026-10\01-10-2026\observer-cupo-f8001e.png,Se seleccionaron una fecha y una hora disponibles.
observer-***-135623-0d9e058c,2026-10-01 13:56:38,,available,normal,LIMA-LA VICTORIA,21/12/2026,12:00,20,,,,15.000,,,,,,,event_atomic,,screenshots\2026-10\01-10-2026\observer-cupo-23412e.png,screenshots\2026-10\01-10-2026\observer-cupo-23412e.png,Se seleccionaron una fecha y una hora disponibles.
observer-***-135708-a60bc859,2026-10-01 13:57:23,,available,normal,LIMA-LA VICTORIA,21/12/2026,12:00,20,,,,15.086,,,,,,,event_atomic,,screenshots\2026-10\01-10-2026\observer-cupo-92dac0.png,screenshots\2026-10\01-10-2026\observer-cupo-92dac0.png,Se seleccionaron una fecha y una hora disponibles.
observer-***-135754-0955d050,2026-10-01 13:58:08,,available,normal,LIMA-LA VICTORIA,21/12/2026,12:00,20,,,,14.672,,,,,,,event_atomic,,screenshots\2026-10\01-10-2026\observer-cupo-03c3c7.png,screenshots\2026-10\01-10-2026\observer-cupo-03c3c7.png,Se seleccionaron una fecha y una hora disponibles.
observer-***-135839-8caff9ea,2026-10-01 13:58:53,,available,normal,LIMA-LA VICTORIA,21/12/2026,12:00,20,,,,14.611,,,,,,,event_atomic,,screenshots\2026-10\01-10-2026\observer-cupo-04acd3.png,screenshots\2026-10\01-10-2026\observer-cupo-04acd3.png,Se seleccionaron una fecha y una hora disponibles.
observer-***-135923-335b7307,2026-10-01 13:59:38,,available,normal,LIMA-LA VICTORIA,21/12/2026,12:00,20,,,,14.820,,,,,,,event_atomic,,screenshots\2026-10\01-10-2026\observer-cupo-1c3ab9.png,screenshots\2026-10\01-10-2026\observer-cupo-1c3ab9.png,Se seleccionaron una fecha y una hora disponibles.
observer-***-140008-8f0aeecb,2026-10-01 14:00:23,,available,normal,LIMA-LA VICTORIA,21/12/2026,12:00,20,,,,14.680,,,,,,,event_atomic,,screenshots\2026-10\01-10-2026\observer-cupo-6f1e03.png,screenshots\2026-10\01-10-2026\observer-cupo-6f1e03.png,Se seleccionaron una fecha y una hora disponibles.
observer-***-140053-7ce0cca2,2026-10-01 14:01:08,,available,normal,LIMA-LA VICTORIA,21/12/2026,12:00,20,,,,14.405,,,,,,,event_atomic,,screenshots\2026-10\01-10-2026\observer-cupo-f3d373.png,screenshots\2026-10\01-10-2026\observer-cupo-f3d373.png,Se seleccionaron una fecha y una hora disponibles.
observer-***-140138-5129edba,2026-10-01 14:01:53,,available,normal,LIMA-LA VICTORIA,21/12/2026,12:00,20,,,,14.548,,,,,,,event_atomic,,screenshots\2026-10\01-10-2026\observer-cupo-2a5730.png,screenshots\2026-10\01-10-2026\observer-cupo-2a5730.png,Se seleccionaron una fecha y una hora disponibles.
observer-***-140223-4004270c,2026-10-01 14:02:38,,available,normal,LIMA-LA VICTORIA,21/12/2026,12:00,20,,,,15.252,,,,,,,event_atomic,,screenshots\2026-10\01-10-2026\observer-cupo-a798b5.png,screenshots\2026-10\01-10-2026\observer-cupo-a798b5.png,Se seleccionaron una fecha y una hora disponibles.
observer-***-140308-d668b47c,2026-10-01 14:03:23,,available,normal,LIMA-LA VICTORIA,21/12/2026,12:00,20,,,,14.579,,,,,,,event_atomic,,screenshots\2026-10\01-10-2026\observer-cupo-78e062.png,screenshots\2026-10\01-10-2026\observer-cupo-78e062.png,Se seleccionaron una fecha y una hora disponibles.
observer-***-140353-7778b5dd,2026-10-01 14:04:08,,available,normal,LIMA-LA VICTORIA,21/12/2026,12:00,20,,,,14.799,,,,,,,event_atomic,,screenshots\2026-10\01-10-2026\observer-cupo-fc164b.png,screenshots\2026-10\01-10-2026\observer-cupo-fc164b.png,Se seleccionaron una fecha y una hora disponibles.
observer-***-140438-6cb4cfce,2026-10-01 14:04:53,,available,normal,LIMA-LA VICTORIA,21/12/2026,12:00,20,,,,14.951,,,,,,,event_atomic,,screenshots\2026-10\01-10-2026\observer-cupo-e05798.png,screenshots\2026-10\01-10-2026\observer-cupo-e05798.png,Se seleccionaron una fecha y una hora disponibles.
observer-***-140523-11c13ba7,2026-10-01 14:05:38,,available,normal,LIMA-LA VICTORIA,22/12/2026,08:00,20,,,,14.893,,,,,,,event_atomic,,screenshots\2026-10\01-10-2026\observer-cupo-857ea7.png,screenshots\2026-10\01-10-2026\observer-cupo-857ea7.png,Se seleccionaron una fecha y una hora disponibles.
observer-***-140610-8d26230c,2026-10-01 14:06:25,,available,normal,LIMA-LA VICTORIA,22/12/2026,08:00,20,,,,14.902,,,,,,,event_atomic,,screenshots\2026-10\01-10-2026\observer-cupo-e4d9da.png,screenshots\2026-10\01-10-2026\observer-cupo-e4d9da.png,Se seleccionaron una fecha y una hora disponibles.
observer-***-140655-2ffec991,2026-10-01 14:07:10,,available,normal,LIMA-LA VICTORIA,22/12/2026,08:00,20,,,,14.654,,,,,,,event_atomic,,screenshots\2026-10\01-10-2026\observer-cupo-725a81.png,screenshots\2026-10\01-10-2026\observer-cupo-725a81.png,Se seleccionaron una fecha y una hora disponibles.
observer-***-140740-2a750ddc,2026-10-01 14:07:55,,available,normal,LIMA-LA VICTORIA,22/12/2026,08:00,20,,,,14.729,,,,,,,event_atomic,,screenshots\2026-10\01-10-2026\observer-cupo-7783f6.png,screenshots\2026-10\01-10-2026\observer-cupo-7783f6.png,Se seleccionaron una fecha y una hora disponibles.
observer-***-140825-195ba733,2026-10-01 14:08:40,,available,normal,LIMA-LA VICTORIA,22/12/2026,08:00,20,,,,14.611,,,,,,,event_atomic,,screenshots\2026-10\01-10-2026\observer-cupo-b92b32.png,screenshots\2026-10\01-10-2026\observer-cupo-b92b32.png,Se seleccionaron una fecha y una hora disponibles.
observer-***-140910-aa402921,2026-10-01 14:09:25,,available,normal,LIMA-LA VICTORIA,22/12/2026,08:00,20,,,,14.548,,,,,,,event_atomic,,screenshots\2026-10\01-10-2026\observer-cupo-192db1.png,screenshots\2026-10\01-10-2026\observer-cupo-192db1.png,Se seleccionaron una fecha y una hora disponibles.
observer-***-140955-ba1bd680,2026-10-01 14:10:10,,available,normal,LIMA-LA VICTORIA,22/12/2026,08:00,20,,,,14.651,,,,,,,event_atomic,,screenshots\2026-10\01-10-2026\observer-cupo-44b62e.png,screenshots\2026-10\01-10-2026\observer-cupo-44b62e.png,Se seleccionaron una fecha y una hora disponibles.
observer-***-141040-24b359da,2026-10-01 14:10:55,,available,normal,LIMA-LA VICTORIA,22/12/2026,08:00,20,,,,15.569,,,,,,,event_atomic,,screenshots\2026-10\01-10-2026\observer-cupo-cc06aa.png,screenshots\2026-10\01-10-2026\observer-cupo-cc06aa.png,Se seleccionaron una fecha y una hora disponibles.
observer-***-141126-5f29f5f1,2026-10-01 14:11:40,,available,normal,LIMA-LA VICTORIA,22/12/2026,08:00,20,,,,14.820,,,,,,,event_atomic,,screenshots\2026-10\01-10-2026\observer-cupo-4b12a8.png,screenshots\2026-10\01-10-2026\observer-cupo-4b12a8.png,Se seleccionaron una fecha y una hora disponibles.
observer-***-141211-1bb086f9,2026-10-01 14:12:25,,available,normal,LIMA-LA VICTORIA,22/12/2026,08:00,20,,,,14.811,,,,,,,event_atomic,,screenshots\2026-10\01-10-2026\observer-cupo-179f66.png,screenshots\2026-10\01-10-2026\observer-cupo-179f66.png,Se seleccionaron una fecha y una hora disponibles.
observer-***-141256-c83e1631,2026-10-01 14:13:10,,available,normal,LIMA-LA VICTORIA,22/12/2026,08:00,20,,,,14.830,,,,,,,event_atomic,,screenshots\2026-10\01-10-2026\observer-cupo-76f9f0.png,screenshots\2026-10\01-10-2026\observer-cupo-76f9f0.png,Se seleccionaron una fecha y una hora disponibles.
observer-***-141341-b58c959a,2026-10-01 14:13:56,,available,normal,LIMA-LA VICTORIA,22/12/2026,08:00,20,,,,15.107,,,,,,,event_atomic,,screenshots\2026-10\01-10-2026\observer-cupo-294116.png,screenshots\2026-10\01-10-2026\observer-cupo-294116.png,Se seleccionaron una fecha y una hora disponibles.
observer-***-141426-157dee88,2026-10-01 14:14:41,,available,normal,LIMA-LA VICTORIA,22/12/2026,08:00,20,,,,14.779,,,,,,,event_atomic,,screenshots\2026-10\01-10-2026\observer-cupo-baa2dc.png,screenshots\2026-10\01-10-2026\observer-cupo-baa2dc.png,Se seleccionaron una fecha y una hora disponibles.
observer-***-141511-ea666b5e,2026-10-01 14:15:26,,available,normal,LIMA-LA VICTORIA,22/12/2026,08:00,20,,,,15.447,,,,,,,event_atomic,,screenshots\2026-10\01-10-2026\observer-cupo-e77212.png,screenshots\2026-10\01-10-2026\observer-cupo-e77212.png,Se seleccionaron una fecha y una hora disponibles.
observer-***-141557-72781f0e,2026-10-01 14:16:11,,available,normal,LIMA-LA VICTORIA,22/12/2026,08:00,20,,,,14.796,,,,,,,event_atomic,,screenshots\2026-10\01-10-2026\observer-cupo-c7061d.png,screenshots\2026-10\01-10-2026\observer-cupo-c7061d.png,Se seleccionaron una fecha y una hora disponibles.
observer-***-141642-0f79760d,2026-10-01 14:16:57,,available,normal,LIMA-LA VICTORIA,22/12/2026,08:00,20,,,,14.969,,,,,,,event_atomic,,screenshots\2026-10\01-10-2026\observer-cupo-9ba4d6.png,screenshots\2026-10\01-10-2026\observer-cupo-9ba4d6.png,Se seleccionaron una fecha y una hora disponibles.
observer-***-141727-481c8a12,2026-10-01 14:17:41,,available,normal,LIMA-LA VICTORIA,22/12/2026,08:00,20,,,,14.519,,,,,,,event_atomic,,screenshots\2026-10\01-10-2026\observer-cupo-a301df.png,screenshots\2026-10\01-10-2026\observer-cupo-a301df.png,Se seleccionaron una fecha y una hora disponibles.
observer-***-141812-bf15b117,2026-10-01 14:18:26,,available,normal,LIMA-LA VICTORIA,22/12/2026,08:00,20,,,,14.779,,,,,,,event_atomic,,screenshots\2026-10\01-10-2026\observer-cupo-a6884f.png,screenshots\2026-10\01-10-2026\observer-cupo-a6884f.png,Se seleccionaron una fecha y una hora disponibles.
observer-***-141857-35caf40c,2026-10-01 14:19:11,,available,normal,LIMA-LA VICTORIA,22/12/2026,08:00,20,,,,14.694,,,,,,,event_atomic,,screenshots\2026-10\01-10-2026\observer-cupo-cddbaf.png,screenshots\2026-10\01-10-2026\observer-cupo-cddbaf.png,Se seleccionaron una fecha y una hora disponibles.
observer-***-141942-00f96dca,2026-10-01 14:19:56,,available,normal,LIMA-LA VICTORIA,22/12/2026,08:00,20,,,,14.553,,,,,,,event_atomic,,screenshots\2026-10\01-10-2026\observer-cupo-869ed9.png,screenshots\2026-10\01-10-2026\observer-cupo-869ed9.png,Se seleccionaron una fecha y una hora disponibles.
observer-***-142026-181aaa34,2026-10-01 14:20:41,,available,normal,LIMA-LA VICTORIA,22/12/2026,08:00,20,,,,14.780,,,,,,,event_atomic,,screenshots\2026-10\01-10-2026\observer-cupo-bcbb6b.png,screenshots\2026-10\01-10-2026\observer-cupo-bcbb6b.png,Se seleccionaron una fecha y una hora disponibles.
observer-***-142111-7b55938a,2026-10-01 14:21:27,,available,normal,LIMA-LA VICTORIA,22/12/2026,08:00,20,,,,15.142,,,,,,,event_atomic,,screenshots\2026-10\01-10-2026\observer-cupo-8fab44.png,screenshots\2026-10\01-10-2026\observer-cupo-8fab44.png,Se seleccionaron una fecha y una hora disponibles.
observer-***-142157-6e983ef0,2026-10-01 14:22:12,,available,normal,LIMA-LA VICTORIA,22/12/2026,08:00,20,,,,14.806,,,,,,,event_atomic,,screenshots\2026-10\01-10-2026\observer-cupo-84e8cc.png,screenshots\2026-10\01-10-2026\observer-cupo-84e8cc.png,Se seleccionaron una fecha y una hora disponibles.
observer-***-142242-4778554a,2026-10-01 14:22:57,,available,normal,LIMA-LA VICTORIA,22/12/2026,08:00,20,,,,15.122,,,,,,,event_atomic,,screenshots\2026-10\01-10-2026\observer-cupo-0e391c.png,screenshots\2026-10\01-10-2026\observer-cupo-0e391c.png,Se seleccionaron una fecha y una hora disponibles.
observer-***-142327-2cf153c1,2026-10-01 14:23:42,,available,normal,LIMA-LA VICTORIA,22/12/2026,08:00,20,,,,14.837,,,,,,,event_atomic,,screenshots\2026-10\01-10-2026\observer-cupo-2526e2.png,screenshots\2026-10\01-10-2026\observer-cupo-2526e2.png,Se seleccionaron una fecha y una hora disponibles.
observer-***-142412-1479ccf2,2026-10-01 14:24:27,,available,normal,LIMA-LA VICTORIA,22/12/2026,08:00,20,,,,14.606,,,,,,,event_atomic,,screenshots\2026-10\01-10-2026\observer-cupo-769d57.png,screenshots\2026-10\01-10-2026\observer-cupo-769d57.png,Se seleccionaron una fecha y una hora disponibles.
observer-***-142457-9a5cb0b1,2026-10-01 14:25:12,,available,normal,LIMA-LA VICTORIA,22/12/2026,08:00,20,,,,14.756,,,,,,,event_atomic,,screenshots\2026-10\01-10-2026\observer-cupo-a127a4.png,screenshots\2026-10\01-10-2026\observer-cupo-a127a4.png,Se seleccionaron una fecha y una hora disponibles.
observer-***-142542-4a01cbe3,2026-10-01 14:25:57,,available,normal,LIMA-LA VICTORIA,22/12/2026,08:00,20,,,,15.020,,,,,,,event_atomic,,screenshots\2026-10\01-10-2026\observer-cupo-fd3059.png,screenshots\2026-10\01-10-2026\observer-cupo-fd3059.png,Se seleccionaron una fecha y una hora disponibles.
observer-***-142627-f5a646b9,2026-10-01 14:26:42,,available,normal,LIMA-LA VICTORIA,22/12/2026,08:00,20,,,,14.798,,,,,,,event_atomic,,screenshots\2026-10\01-10-2026\observer-cupo-d02638.png,screenshots\2026-10\01-10-2026\observer-cupo-d02638.png,Se seleccionaron una fecha y una hora disponibles.
observer-***-142712-eccfd2d1,2026-10-01 14:27:28,,available,normal,LIMA-LA VICTORIA,22/12/2026,08:00,20,,,,15.266,,,,,,,event_atomic,,screenshots\2026-10\01-10-2026\observer-cupo-ccab45.png,screenshots\2026-10\01-10-2026\observer-cupo-ccab45.png,Se seleccionaron una fecha y una hora disponibles.
observer-***-142758-b2210864,2026-10-01 14:28:13,,available,normal,LIMA-LA VICTORIA,22/12/2026,08:00,20,,,,14.999,,,,,,,event_atomic,,screenshots\2026-10\01-10-2026\observer-cupo-bfd730.png,screenshots\2026-10\01-10-2026\observer-cupo-bfd730.png,Se seleccionaron una fecha y una hora disponibles.
observer-***-142843-79eb11f3,2026-10-01 14:28:58,,available,normal,LIMA-LA VICTORIA,22/12/2026,08:00,20,,,,14.550,,,,,,,event_atomic,,screenshots\2026-10\01-10-2026\observer-cupo-fa16bd.png,screenshots\2026-10\01-10-2026\observer-cupo-fa16bd.png,Se seleccionaron una fecha y una hora disponibles.
observer-***-142928-22dfbe2d,2026-10-01 14:29:43,,available,normal,LIMA-LA VICTORIA,22/12/2026,08:00,20,,,,14.657,,,,,,,event_atomic,,screenshots\2026-10\01-10-2026\observer-cupo-f24c74.png,screenshots\2026-10\01-10-2026\observer-cupo-f24c74.png,Se seleccionaron una fecha y una hora disponibles.
observer-***-143013-2c59d262,2026-10-01 14:30:28,,available,normal,LIMA-LA VICTORIA,22/12/2026,08:00,20,,,,15.112,,,,,,,event_atomic,,screenshots\2026-10\01-10-2026\observer-cupo-fe5894.png,screenshots\2026-10\01-10-2026\observer-cupo-fe5894.png,Se seleccionaron una fecha y una hora disponibles.
observer-***-143058-bce64c86,2026-10-01 14:31:13,,available,normal,LIMA-LA VICTORIA,22/12/2026,08:00,20,,,,14.500,,,,,,,event_atomic,,screenshots\2026-10\01-10-2026\observer-cupo-239cda.png,screenshots\2026-10\01-10-2026\observer-cupo-239cda.png,Se seleccionaron una fecha y una hora disponibles.
observer-***-143143-70f3203a,2026-10-01 14:31:58,,available,normal,LIMA-LA VICTORIA,22/12/2026,08:00,20,,,,14.808,,,,,,,event_atomic,,screenshots\2026-10\01-10-2026\observer-cupo-13d8b2.png,screenshots\2026-10\01-10-2026\observer-cupo-13d8b2.png,Se seleccionaron una fecha y una hora disponibles.
observer-***-143228-5eeae8d6,2026-10-01 14:32:43,,available,normal,LIMA-LA VICTORIA,22/12/2026,08:00,20,,,,14.922,,,,,,,event_atomic,,screenshots\2026-10\01-10-2026\observer-cupo-775921.png,screenshots\2026-10\01-10-2026\observer-cupo-775921.png,Se seleccionaron una fecha y una hora disponibles.
observer-***-143313-b8bb52b9,2026-10-01 14:33:28,,available,normal,LIMA-LA VICTORIA,22/12/2026,08:00,20,,,,14.957,,,,,,,event_atomic,,screenshots\2026-10\01-10-2026\observer-cupo-f37840.png,screenshots\2026-10\01-10-2026\observer-cupo-f37840.png,Se seleccionaron una fecha y una hora disponibles.
observer-***-143358-773f7652,2026-10-01 14:34:12,,available,normal,LIMA-LA VICTORIA,22/12/2026,08:00,20,,,,14.264,,,,,,,event_atomic,,screenshots\2026-10\01-10-2026\observer-cupo-2c4ae2.png,screenshots\2026-10\01-10-2026\observer-cupo-2c4ae2.png,Se seleccionaron una fecha y una hora disponibles.
observer-***-143443-baa0931c,2026-10-01 14:34:57,,available,normal,LIMA-LA VICTORIA,22/12/2026,08:00,20,,,,14.651,,,,,,,event_atomic,,screenshots\2026-10\01-10-2026\observer-cupo-ea43d2.png,screenshots\2026-10\01-10-2026\observer-cupo-ea43d2.png,Se seleccionaron una fecha y una hora disponibles.
observer-***-143528-69d5306f,2026-10-01 14:35:42,,available,normal,LIMA-LA VICTORIA,22/12/2026,08:00,20,,,,14.675,,,,,,,event_atomic,,screenshots\2026-10\01-10-2026\observer-cupo-57b4d9.png,screenshots\2026-10\01-10-2026\observer-cupo-57b4d9.png,Se seleccionaron una fecha y una hora disponibles.
observer-***-143612-ba409f11,2026-10-01 14:36:27,,available,normal,LIMA-LA VICTORIA,22/12/2026,08:00,20,,,,14.818,,,,,,,event_atomic,,screenshots\2026-10\01-10-2026\observer-cupo-452599.png,screenshots\2026-10\01-10-2026\observer-cupo-452599.png,Se seleccionaron una fecha y una hora disponibles.
observer-***-143658-2d120f94,2026-10-01 14:37:12,,available,normal,LIMA-LA VICTORIA,22/12/2026,08:00,20,,,,14.617,,,,,,,event_atomic,,screenshots\2026-10\01-10-2026\observer-cupo-8195c9.png,screenshots\2026-10\01-10-2026\observer-cupo-8195c9.png,Se seleccionaron una fecha y una hora disponibles.
observer-***-143742-39151c4a,2026-10-01 14:37:57,,available,normal,LIMA-LA VICTORIA,22/12/2026,08:00,20,,,,14.547,,,,,,,event_atomic,,screenshots\2026-10\01-10-2026\observer-cupo-0a22fe.png,screenshots\2026-10\01-10-2026\observer-cupo-0a22fe.png,Se seleccionaron una fecha y una hora disponibles.
observer-***-143827-d3043a2f,2026-10-01 14:38:43,,available,normal,LIMA-LA VICTORIA,22/12/2026,08:00,20,,,,15.293,,,,,,,event_atomic,,screenshots\2026-10\01-10-2026\observer-cupo-15b5fa.png,screenshots\2026-10\01-10-2026\observer-cupo-15b5fa.png,Se seleccionaron una fecha y una hora disponibles.
observer-***-143913-07e02fc0,2026-10-01 14:39:28,,available,normal,LIMA-LA VICTORIA,22/12/2026,08:00,20,,,,14.858,,,,,,,event_atomic,,screenshots\2026-10\01-10-2026\observer-cupo-364159.png,screenshots\2026-10\01-10-2026\observer-cupo-364159.png,Se seleccionaron una fecha y una hora disponibles.
observer-***-143958-53681dc8,2026-10-01 14:40:13,,available,normal,LIMA-LA VICTORIA,22/12/2026,08:00,20,,,,14.709,,,,,,,event_atomic,,screenshots\2026-10\01-10-2026\observer-cupo-e3fd92.png,screenshots\2026-10\01-10-2026\observer-cupo-e3fd92.png,Se seleccionaron una fecha y una hora disponibles.
observer-***-144043-253ac33a,2026-10-01 14:40:57,,available,normal,LIMA-LA VICTORIA,22/12/2026,08:00,20,,,,14.709,,,,,,,event_atomic,,screenshots\2026-10\01-10-2026\observer-cupo-b4be95.png,screenshots\2026-10\01-10-2026\observer-cupo-b4be95.png,Se seleccionaron una fecha y una hora disponibles.
observer-***-144128-9a4ffda3,2026-10-01 14:41:43,,available,normal,LIMA-LA VICTORIA,22/12/2026,08:00,20,,,,15.224,,,,,,,event_atomic,,screenshots\2026-10\01-10-2026\observer-cupo-f66d69.png,screenshots\2026-10\01-10-2026\observer-cupo-f66d69.png,Se seleccionaron una fecha y una hora disponibles.
observer-***-144213-c7fef556,2026-10-01 14:42:28,,available,normal,LIMA-LA VICTORIA,22/12/2026,08:00,20,,,,14.713,,,,,,,event_atomic,,screenshots\2026-10\01-10-2026\observer-cupo-4b752f.png,screenshots\2026-10\01-10-2026\observer-cupo-4b752f.png,Se seleccionaron una fecha y una hora disponibles.
observer-***-144258-fd077d98,2026-10-01 14:43:13,,available,normal,LIMA-LA VICTORIA,22/12/2026,08:00,20,,,,14.393,,,,,,,event_atomic,,screenshots\2026-10\01-10-2026\observer-cupo-0b7a5f.png,screenshots\2026-10\01-10-2026\observer-cupo-0b7a5f.png,Se seleccionaron una fecha y una hora disponibles.
observer-***-144343-b87c2fc2,2026-10-01 14:43:58,,available,normal,LIMA-LA VICTORIA,22/12/2026,08:00,20,,,,15.581,,,,,,,event_atomic,,screenshots\2026-10\01-10-2026\observer-cupo-c2aa8d.png,screenshots\2026-10\01-10-2026\observer-cupo-c2aa8d.png,Se seleccionaron una fecha y una hora disponibles.
observer-***-144429-01c42342,2026-10-01 14:44:44,,available,normal,LIMA-LA VICTORIA,22/12/2026,08:00,20,,,,15.798,,,,,,,event_atomic,,screenshots\2026-10\01-10-2026\observer-cupo-e73aea.png,screenshots\2026-10\01-10-2026\observer-cupo-e73aea.png,Se seleccionaron una fecha y una hora disponibles.
observer-***-144515-797251cd,2026-10-01 14:45:31,,available,normal,LIMA-LA VICTORIA,22/12/2026,08:00,20,,,,15.923,,,,,,,event_atomic,,screenshots\2026-10\01-10-2026\observer-cupo-025251.png,screenshots\2026-10\01-10-2026\observer-cupo-025251.png,Se seleccionaron una fecha y una hora disponibles.
observer-***-144601-7cbc3bfb,2026-10-01 14:46:16,,available,normal,LIMA-LA VICTORIA,22/12/2026,08:00,20,,,,15.340,,,,,,,event_atomic,,screenshots\2026-10\01-10-2026\observer-cupo-21ddad.png,screenshots\2026-10\01-10-2026\observer-cupo-21ddad.png,Se seleccionaron una fecha y una hora disponibles.
observer-***-144646-e6c359a9,2026-10-01 14:47:02,,available,normal,LIMA-LA VICTORIA,22/12/2026,08:00,20,,,,16.015,,,,,,,event_atomic,,screenshots\2026-10\01-10-2026\observer-cupo-818b51.png,screenshots\2026-10\01-10-2026\observer-cupo-818b51.png,Se seleccionaron una fecha y una hora disponibles.
observer-***-144733-7e16f883,2026-10-01 14:47:48,,available,normal,LIMA-LA VICTORIA,22/12/2026,08:00,20,,,,15.172,,,,,,,event_atomic,,screenshots\2026-10\01-10-2026\observer-cupo-3165c4.png,screenshots\2026-10\01-10-2026\observer-cupo-3165c4.png,Se seleccionaron una fecha y una hora disponibles.
observer-***-144818-ab479ede,2026-10-01 14:48:34,,available,normal,LIMA-LA VICTORIA,22/12/2026,08:00,20,,,,15.408,,,,,,,event_atomic,,screenshots\2026-10\01-10-2026\observer-cupo-6241e1.png,screenshots\2026-10\01-10-2026\observer-cupo-6241e1.png,Se seleccionaron una fecha y una hora disponibles.
observer-***-144904-0ae5c424,2026-10-01 14:49:19,,available,normal,LIMA-LA VICTORIA,22/12/2026,08:00,20,,,,15.487,,,,,,,event_atomic,,screenshots\2026-10\01-10-2026\observer-cupo-e1efe3.png,screenshots\2026-10\01-10-2026\observer-cupo-e1efe3.png,Se seleccionaron una fecha y una hora disponibles.
observer-***-144950-cb1da008,2026-10-01 14:50:06,,available,normal,LIMA-LA VICTORIA,22/12/2026,08:00,20,,,,15.988,,,,,,,event_atomic,,screenshots\2026-10\01-10-2026\observer-cupo-2131f3.png,screenshots\2026-10\01-10-2026\observer-cupo-2131f3.png,Se seleccionaron una fecha y una hora disponibles.
observer-***-145036-5c71fa18,2026-10-01 14:50:51,,available,normal,LIMA-LA VICTORIA,22/12/2026,08:00,20,,,,15.394,,,,,,,event_atomic,,screenshots\2026-10\01-10-2026\observer-cupo-38100c.png,screenshots\2026-10\01-10-2026\observer-cupo-38100c.png,Se seleccionaron una fecha y una hora disponibles.
observer-***-145122-570a7c58,2026-10-01 14:51:38,,available,normal,LIMA-LA VICTORIA,22/12/2026,08:00,20,,,,16.776,,,,,,,event_atomic,,screenshots\2026-10\01-10-2026\observer-cupo-fcdfd3.png,screenshots\2026-10\01-10-2026\observer-cupo-fcdfd3.png,Se seleccionaron una fecha y una hora disponibles.
observer-***-145209-294626b9,2026-10-01 14:52:24,,available,normal,LIMA-LA VICTORIA,22/12/2026,08:00,20,,,,15.511,,,,,,,event_atomic,,screenshots\2026-10\01-10-2026\observer-cupo-af1236.png,screenshots\2026-10\01-10-2026\observer-cupo-af1236.png,Se seleccionaron una fecha y una hora disponibles.
observer-***-145254-59f58953,2026-10-01 14:53:10,,available,normal,LIMA-LA VICTORIA,22/12/2026,08:00,20,,,,15.297,,,,,,,event_atomic,,screenshots\2026-10\01-10-2026\observer-cupo-1601d6.png,screenshots\2026-10\01-10-2026\observer-cupo-1601d6.png,Se seleccionaron una fecha y una hora disponibles.
observer-***-145340-4e36b6d3,2026-10-01 14:53:55,,available,normal,LIMA-LA VICTORIA,22/12/2026,08:00,20,,,,15.057,,,,,,,event_atomic,,screenshots\2026-10\01-10-2026\observer-cupo-f65906.png,screenshots\2026-10\01-10-2026\observer-cupo-f65906.png,Se seleccionaron una fecha y una hora disponibles.
observer-***-145425-20cf36d6,2026-10-01 14:54:41,,available,normal,LIMA-LA VICTORIA,22/12/2026,08:00,20,,,,15.265,,,,,,,event_atomic,,screenshots\2026-10\01-10-2026\observer-cupo-5b1368.png,screenshots\2026-10\01-10-2026\observer-cupo-5b1368.png,Se seleccionaron una fecha y una hora disponibles.
observer-***-145511-58da61e1,2026-10-01 14:55:26,,available,normal,LIMA-LA VICTORIA,22/12/2026,08:00,20,,,,15.452,,,,,,,event_atomic,,screenshots\2026-10\01-10-2026\observer-cupo-3dd990.png,screenshots\2026-10\01-10-2026\observer-cupo-3dd990.png,Se seleccionaron una fecha y una hora disponibles.
observer-***-145557-08b7540c,2026-10-01 14:56:12,,available,normal,LIMA-LA VICTORIA,22/12/2026,08:00,20,,,,15.317,,,,,,,event_atomic,,screenshots\2026-10\01-10-2026\observer-cupo-7b33b9.png,screenshots\2026-10\01-10-2026\observer-cupo-7b33b9.png,Se seleccionaron una fecha y una hora disponibles.
observer-***-145642-67117d08,2026-10-01 14:56:58,,available,normal,LIMA-LA VICTORIA,22/12/2026,08:00,20,,,,15.757,,,,,,,event_atomic,,screenshots\2026-10\01-10-2026\observer-cupo-633e32.png,screenshots\2026-10\01-10-2026\observer-cupo-633e32.png,Se seleccionaron una fecha y una hora disponibles.
observer-***-145728-e87ee3c7,2026-10-01 14:57:44,,available,normal,LIMA-LA VICTORIA,22/12/2026,08:00,20,,,,15.834,,,,,,,event_atomic,,screenshots\2026-10\01-10-2026\observer-cupo-3b8c51.png,screenshots\2026-10\01-10-2026\observer-cupo-3b8c51.png,Se seleccionaron una fecha y una hora disponibles.
observer-***-145814-731a9c4a,2026-10-01 14:58:30,,available,normal,LIMA-LA VICTORIA,22/12/2026,08:00,20,,,,15.553,,,,,,,event_atomic,,screenshots\2026-10\01-10-2026\observer-cupo-468bf3.png,screenshots\2026-10\01-10-2026\observer-cupo-468bf3.png,Se seleccionaron una fecha y una hora disponibles.
observer-***-145900-a6f5763a,2026-10-01 14:59:17,,available,normal,LIMA-LA VICTORIA,22/12/2026,08:00,20,,,,16.421,,,,,,,event_atomic,,screenshots\2026-10\01-10-2026\observer-cupo-026041.png,screenshots\2026-10\01-10-2026\observer-cupo-026041.png,Se seleccionaron una fecha y una hora disponibles.
observer-***-145947-b43e4309,2026-10-01 15:00:02,,available,normal,LIMA-LA VICTORIA,22/12/2026,08:00,20,,,,15.228,,,,,,,event_atomic,,screenshots\2026-10\01-10-2026\observer-cupo-d9cefb.png,screenshots\2026-10\01-10-2026\observer-cupo-d9cefb.png,Se seleccionaron una fecha y una hora disponibles.
observer-***-150032-37d83d9d,2026-10-01 15:00:48,,available,normal,LIMA-LA VICTORIA,22/12/2026,08:00,20,,,,15.452,,,,,,,event_atomic,,screenshots\2026-10\01-10-2026\observer-cupo-175d54.png,screenshots\2026-10\01-10-2026\observer-cupo-175d54.png,Se seleccionaron una fecha y una hora disponibles.
observer-***-150118-bf98cfc8,2026-10-01 15:01:34,,available,normal,LIMA-LA VICTORIA,22/12/2026,08:00,20,,,,15.832,,,,,,,event_atomic,,screenshots\2026-10\01-10-2026\observer-cupo-10b3af.png,screenshots\2026-10\01-10-2026\observer-cupo-10b3af.png,Se seleccionaron una fecha y una hora disponibles.
observer-***-150204-f01da821,2026-10-01 15:02:20,,available,normal,LIMA-LA VICTORIA,22/12/2026,08:00,20,,,,15.478,,,,,,,event_atomic,,screenshots\2026-10\01-10-2026\observer-cupo-bef83f.png,screenshots\2026-10\01-10-2026\observer-cupo-bef83f.png,Se seleccionaron una fecha y una hora disponibles.
observer-***-150250-b72b78c1,2026-10-01 15:03:05,,available,normal,LIMA-LA VICTORIA,22/12/2026,08:00,20,,,,15.304,,,,,,,event_atomic,,screenshots\2026-10\01-10-2026\observer-cupo-02199c.png,screenshots\2026-10\01-10-2026\observer-cupo-02199c.png,Se seleccionaron una fecha y una hora disponibles.
observer-***-150335-529c03ee,2026-10-01 15:03:51,,available,normal,LIMA-LA VICTORIA,22/12/2026,08:00,20,,,,15.365,,,,,,,event_atomic,,screenshots\2026-10\01-10-2026\observer-cupo-cfe489.png,screenshots\2026-10\01-10-2026\observer-cupo-cfe489.png,Se seleccionaron una fecha y una hora disponibles.
observer-***-150421-5319a3dc,2026-10-01 15:04:37,,available,normal,LIMA-LA VICTORIA,22/12/2026,08:00,20,,,,15.353,,,,,,,event_atomic,,screenshots\2026-10\01-10-2026\observer-cupo-49b18b.png,screenshots\2026-10\01-10-2026\observer-cupo-49b18b.png,Se seleccionaron una fecha y una hora disponibles.
observer-***-150507-f382f3e3,2026-10-01 15:05:22,,available,normal,LIMA-LA VICTORIA,22/12/2026,08:00,20,,,,15.224,,,,,,,event_atomic,,screenshots\2026-10\01-10-2026\observer-cupo-37cbb0.png,screenshots\2026-10\01-10-2026\observer-cupo-37cbb0.png,Se seleccionaron una fecha y una hora disponibles.
observer-***-150552-11cb2834,2026-10-01 15:06:07,,available,normal,LIMA-LA VICTORIA,22/12/2026,08:00,20,,,,15.085,,,,,,,event_atomic,,screenshots\2026-10\01-10-2026\observer-cupo-488b86.png,screenshots\2026-10\01-10-2026\observer-cupo-488b86.png,Se seleccionaron una fecha y una hora disponibles.
observer-***-150638-18b6ac56,2026-10-01 15:06:53,,available,normal,LIMA-LA VICTORIA,22/12/2026,08:00,20,,,,15.178,,,,,,,event_atomic,,screenshots\2026-10\01-10-2026\observer-cupo-2745d5.png,screenshots\2026-10\01-10-2026\observer-cupo-2745d5.png,Se seleccionaron una fecha y una hora disponibles.
observer-***-150723-43dba2cb,2026-10-01 15:07:39,,available,normal,LIMA-LA VICTORIA,22/12/2026,08:00,20,,,,15.500,,,,,,,event_atomic,,screenshots\2026-10\01-10-2026\observer-cupo-007ee0.png,screenshots\2026-10\01-10-2026\observer-cupo-007ee0.png,Se seleccionaron una fecha y una hora disponibles.
observer-***-150809-0be1c700,2026-10-01 15:08:25,,available,normal,LIMA-LA VICTORIA,22/12/2026,08:00,20,,,,15.808,,,,,,,event_atomic,,screenshots\2026-10\01-10-2026\observer-cupo-4b7b56.png,screenshots\2026-10\01-10-2026\observer-cupo-4b7b56.png,Se seleccionaron una fecha y una hora disponibles.
observer-***-150855-***,2026-10-01 15:09:10,,available,normal,LIMA-LA VICTORIA,22/12/2026,08:00,20,,,,15.312,,,,,,,event_atomic,,screenshots\2026-10\01-10-2026\observer-cupo-6f9dd1.png,screenshots\2026-10\01-10-2026\observer-cupo-6f9dd1.png,Se seleccionaron una fecha y una hora disponibles.
observer-***-150941-444fb2da,2026-10-01 15:09:56,,available,normal,LIMA-LA VICTORIA,22/12/2026,08:00,20,,,,15.408,,,,,,,event_atomic,,screenshots\2026-10\01-10-2026\observer-cupo-4f2bf3.png,screenshots\2026-10\01-10-2026\observer-cupo-4f2bf3.png,Se seleccionaron una fecha y una hora disponibles.
observer-***-151026-8240852a,2026-10-01 15:10:44,,available,normal,LIMA-LA VICTORIA,22/12/2026,08:00,20,,,,17.683,,,,,,,event_atomic,,screenshots\2026-10\01-10-2026\observer-cupo-cd14d7.png,screenshots\2026-10\01-10-2026\observer-cupo-cd14d7.png,Se seleccionaron una fecha y una hora disponibles.
observer-***-151114-***,2026-10-01 15:11:29,,available,normal,LIMA-LA VICTORIA,22/12/2026,08:00,20,,,,15.221,,,,,,,event_atomic,,screenshots\2026-10\01-10-2026\observer-cupo-b3e60f.png,screenshots\2026-10\01-10-2026\observer-cupo-b3e60f.png,Se seleccionaron una fecha y una hora disponibles.
observer-***-151200-891d2468,2026-10-01 15:12:15,,available,normal,LIMA-LA VICTORIA,22/12/2026,08:00,20,,,,15.378,,,,,,,event_atomic,,screenshots\2026-10\01-10-2026\observer-cupo-32691f.png,screenshots\2026-10\01-10-2026\observer-cupo-32691f.png,Se seleccionaron una fecha y una hora disponibles.
observer-***-151245-ef58bbd6,2026-10-01 15:13:01,,available,normal,LIMA-LA VICTORIA,22/12/2026,08:00,20,,,,15.504,,,,,,,event_atomic,,screenshots\2026-10\01-10-2026\observer-cupo-7aec82.png,screenshots\2026-10\01-10-2026\observer-cupo-7aec82.png,Se seleccionaron una fecha y una hora disponibles.
observer-***-151331-8f0fe65e,2026-10-01 15:13:47,,available,normal,LIMA-LA VICTORIA,22/12/2026,08:00,20,,,,15.866,,,,,,,event_atomic,,screenshots\2026-10\01-10-2026\observer-cupo-3cb268.png,screenshots\2026-10\01-10-2026\observer-cupo-3cb268.png,Se seleccionaron una fecha y una hora disponibles.
observer-***-151418-e7ec2ea9,2026-10-01 15:14:34,,available,normal,LIMA-LA VICTORIA,22/12/2026,08:00,20,,,,16.533,,,,,,,event_atomic,,screenshots\2026-10\01-10-2026\observer-cupo-1abb51.png,screenshots\2026-10\01-10-2026\observer-cupo-1abb51.png,Se seleccionaron una fecha y una hora disponibles.
observer-***-151504-4809ce7d,2026-10-01 15:15:20,,available,normal,LIMA-LA VICTORIA,22/12/2026,08:00,20,,,,15.489,,,,,,,event_atomic,,screenshots\2026-10\01-10-2026\observer-cupo-431cae.png,screenshots\2026-10\01-10-2026\observer-cupo-431cae.png,Se seleccionaron una fecha y una hora disponibles.
observer-***-151550-89ea566a,2026-10-01 15:16:06,,available,normal,LIMA-LA VICTORIA,22/12/2026,08:00,20,,,,15.616,,,,,,,event_atomic,,screenshots\2026-10\01-10-2026\observer-cupo-0d3403.png,screenshots\2026-10\01-10-2026\observer-cupo-0d3403.png,Se seleccionaron una fecha y una hora disponibles.
observer-***-151636-91b3b395,2026-10-01 15:16:51,,available,normal,LIMA-LA VICTORIA,22/12/2026,08:00,20,,,,15.300,,,,,,,event_atomic,,screenshots\2026-10\01-10-2026\observer-cupo-5dfc09.png,screenshots\2026-10\01-10-2026\observer-cupo-5dfc09.png,Se seleccionaron una fecha y una hora disponibles.
observer-***-151722-0869686a,2026-10-01 15:17:37,,available,normal,LIMA-LA VICTORIA,22/12/2026,08:00,20,,,,15.609,,,,,,,event_atomic,,screenshots\2026-10\01-10-2026\observer-cupo-9059cf.png,screenshots\2026-10\01-10-2026\observer-cupo-9059cf.png,Se seleccionaron una fecha y una hora disponibles.
observer-***-151807-bc3aabf2,2026-10-01 15:18:24,,available,normal,LIMA-LA VICTORIA,22/12/2026,08:00,20,,,,16.431,,,,,,,event_atomic,,screenshots\2026-10\01-10-2026\observer-cupo-45aef9.png,screenshots\2026-10\01-10-2026\observer-cupo-45aef9.png,Se seleccionaron una fecha y una hora disponibles.
observer-***-151854-***,2026-10-01 15:19:10,,available,normal,LIMA-LA VICTORIA,22/12/2026,08:00,20,,,,15.345,,,,,,,event_atomic,,screenshots\2026-10\01-10-2026\observer-cupo-805fc1.png,screenshots\2026-10\01-10-2026\observer-cupo-805fc1.png,Se seleccionaron una fecha y una hora disponibles.
observer-***-151940-af1106d8,2026-10-01 15:19:56,,available,normal,LIMA-LA VICTORIA,22/12/2026,08:00,20,,,,15.924,,,,,,,event_atomic,,screenshots\2026-10\01-10-2026\observer-cupo-139fbc.png,screenshots\2026-10\01-10-2026\observer-cupo-139fbc.png,Se seleccionaron una fecha y una hora disponibles.
observer-***-152026-2ab71051,2026-10-01 15:20:41,,available,normal,LIMA-LA VICTORIA,22/12/2026,08:00,20,,,,15.411,,,,,,,event_atomic,,screenshots\2026-10\01-10-2026\observer-cupo-40367e.png,screenshots\2026-10\01-10-2026\observer-cupo-40367e.png,Se seleccionaron una fecha y una hora disponibles.
observer-***-152112-48d10903,2026-10-01 15:21:27,,available,normal,LIMA-LA VICTORIA,22/12/2026,08:00,20,,,,15.102,,,,,,,event_atomic,,screenshots\2026-10\01-10-2026\observer-cupo-741c5d.png,screenshots\2026-10\01-10-2026\observer-cupo-741c5d.png,Se seleccionaron una fecha y una hora disponibles.
observer-***-152157-f570e82f,2026-10-01 15:22:13,,available,normal,LIMA-LA VICTORIA,22/12/2026,08:00,20,,,,15.631,,,,,,,event_atomic,,screenshots\2026-10\01-10-2026\observer-cupo-d97920.png,screenshots\2026-10\01-10-2026\observer-cupo-d97920.png,Se seleccionaron una fecha y una hora disponibles.
observer-***-152243-3fe5a415,2026-10-01 15:22:59,,available,normal,LIMA-LA VICTORIA,22/12/2026,08:00,20,,,,16.015,,,,,,,event_atomic,,screenshots\2026-10\01-10-2026\observer-cupo-2cb242.png,screenshots\2026-10\01-10-2026\observer-cupo-2cb242.png,Se seleccionaron una fecha y una hora disponibles.
observer-***-152329-2b917703,2026-10-01 15:23:45,,available,normal,LIMA-LA VICTORIA,22/12/2026,08:00,20,,,,15.431,,,,,,,event_atomic,,screenshots\2026-10\01-10-2026\observer-cupo-7568e6.png,screenshots\2026-10\01-10-2026\observer-cupo-7568e6.png,Se seleccionaron una fecha y una hora disponibles.
observer-***-152415-f50c9baa,2026-10-01 15:24:31,,available,normal,LIMA-LA VICTORIA,22/12/2026,08:00,20,,,,16.389,,,,,,,event_atomic,,screenshots\2026-10\01-10-2026\observer-cupo-f7070a.png,screenshots\2026-10\01-10-2026\observer-cupo-f7070a.png,Se seleccionaron una fecha y una hora disponibles.
observer-***-152502-7d44f1cd,2026-10-01 15:25:17,,available,normal,LIMA-LA VICTORIA,22/12/2026,08:00,20,,,,15.704,,,,,,,event_atomic,,screenshots\2026-10\01-10-2026\observer-cupo-197517.png,screenshots\2026-10\01-10-2026\observer-cupo-197517.png,Se seleccionaron una fecha y una hora disponibles.
observer-***-152548-2bcda94b,2026-10-01 15:26:03,,available,normal,LIMA-LA VICTORIA,22/12/2026,08:00,20,,,,15.579,,,,,,,event_atomic,,screenshots\2026-10\01-10-2026\observer-cupo-9bed5d.png,screenshots\2026-10\01-10-2026\observer-cupo-9bed5d.png,Se seleccionaron una fecha y una hora disponibles.
observer-***-152634-20bc53dc,2026-10-01 15:26:49,,available,normal,LIMA-LA VICTORIA,22/12/2026,08:00,20,,,,15.818,,,,,,,event_atomic,,screenshots\2026-10\01-10-2026\observer-cupo-00acb2.png,screenshots\2026-10\01-10-2026\observer-cupo-00acb2.png,Se seleccionaron una fecha y una hora disponibles.
observer-***-152720-cd3caafe,2026-10-01 15:27:36,,available,normal,LIMA-LA VICTORIA,22/12/2026,08:00,20,,,,16.114,,,,,,,event_atomic,,screenshots\2026-10\01-10-2026\observer-cupo-15e1c7.png,screenshots\2026-10\01-10-2026\observer-cupo-15e1c7.png,Se seleccionaron una fecha y una hora disponibles.
observer-***-152806-f35676b1,2026-10-01 15:28:22,,available,normal,LIMA-LA VICTORIA,22/12/2026,09:00,20,,,,15.648,,,,,,,event_atomic,,screenshots\2026-10\01-10-2026\observer-cupo-785a2a.png,screenshots\2026-10\01-10-2026\observer-cupo-785a2a.png,Se seleccionaron una fecha y una hora disponibles.
observer-***-152854-94d94ee4,2026-10-01 15:29:10,,available,normal,LIMA-LA VICTORIA,22/12/2026,09:00,20,,,,15.670,,,,,,,event_atomic,,screenshots\2026-10\01-10-2026\observer-cupo-2ab7c5.png,screenshots\2026-10\01-10-2026\observer-cupo-2ab7c5.png,Se seleccionaron una fecha y una hora disponibles.
observer-***-152940-d19bc408,2026-10-01 15:29:56,,available,normal,LIMA-LA VICTORIA,22/12/2026,09:00,20,,,,16.028,,,,,,,event_atomic,,screenshots\2026-10\01-10-2026\observer-cupo-e6acac.png,screenshots\2026-10\01-10-2026\observer-cupo-e6acac.png,Se seleccionaron una fecha y una hora disponibles.
observer-***-153026-be3c9f37,2026-10-01 15:30:42,,available,normal,LIMA-LA VICTORIA,22/12/2026,09:00,20,,,,15.646,,,,,,,event_atomic,,screenshots\2026-10\01-10-2026\observer-cupo-67514f.png,screenshots\2026-10\01-10-2026\observer-cupo-67514f.png,Se seleccionaron una fecha y una hora disponibles.
observer-***-153112-c80eba5e,2026-10-01 15:31:28,,available,normal,LIMA-LA VICTORIA,22/12/2026,09:00,20,,,,15.550,,,,,,,event_atomic,,screenshots\2026-10\01-10-2026\observer-cupo-1e9137.png,screenshots\2026-10\01-10-2026\observer-cupo-1e9137.png,Se seleccionaron una fecha y una hora disponibles.
observer-***-153158-bd6db9c9,2026-10-01 15:32:14,,available,normal,LIMA-LA VICTORIA,22/12/2026,09:00,20,,,,15.920,,,,,,,event_atomic,,screenshots\2026-10\01-10-2026\observer-cupo-1bb9d3.png,screenshots\2026-10\01-10-2026\observer-cupo-1bb9d3.png,Se seleccionaron una fecha y una hora disponibles.
observer-***-153244-630094d8,2026-10-01 15:33:00,,available,normal,LIMA-LA VICTORIA,22/12/2026,09:00,20,,,,16.045,,,,,,,event_atomic,,screenshots\2026-10\01-10-2026\observer-cupo-9a9655.png,screenshots\2026-10\01-10-2026\observer-cupo-9a9655.png,Se seleccionaron una fecha y una hora disponibles.
observer-***-153331-0f8794ea,2026-10-01 15:33:46,,available,normal,LIMA-LA VICTORIA,22/12/2026,09:00,20,,,,15.850,,,,,,,event_atomic,,screenshots\2026-10\01-10-2026\observer-cupo-e00233.png,screenshots\2026-10\01-10-2026\observer-cupo-e00233.png,Se seleccionaron una fecha y una hora disponibles.
observer-***-153417-e0876ad1,2026-10-01 15:34:32,,available,normal,LIMA-LA VICTORIA,22/12/2026,09:00,20,,,,15.448,,,,,,,event_atomic,,screenshots\2026-10\01-10-2026\observer-cupo-6db4bb.png,screenshots\2026-10\01-10-2026\observer-cupo-6db4bb.png,Se seleccionaron una fecha y una hora disponibles.
observer-***-153503-138d8560,2026-10-01 15:35:18,,available,normal,LIMA-LA VICTORIA,22/12/2026,09:00,20,,,,15.376,,,,,,,event_atomic,,screenshots\2026-10\01-10-2026\observer-cupo-3450f7.png,screenshots\2026-10\01-10-2026\observer-cupo-3450f7.png,Se seleccionaron una fecha y una hora disponibles.
observer-***-153548-f7074b21,2026-10-01 15:36:04,,available,normal,LIMA-LA VICTORIA,22/12/2026,09:00,20,,,,15.376,,,,,,,event_atomic,,screenshots\2026-10\01-10-2026\observer-cupo-64ebcc.png,screenshots\2026-10\01-10-2026\observer-cupo-64ebcc.png,Se seleccionaron una fecha y una hora disponibles.
observer-***-153634-1dc5aca8,2026-10-01 15:36:49,,available,normal,LIMA-LA VICTORIA,22/12/2026,09:00,20,,,,15.478,,,,,,,event_atomic,,screenshots\2026-10\01-10-2026\observer-cupo-c443e3.png,screenshots\2026-10\01-10-2026\observer-cupo-c443e3.png,Se seleccionaron una fecha y una hora disponibles.
observer-***-153720-59df4a08,2026-10-01 15:37:35,,available,normal,LIMA-LA VICTORIA,22/12/2026,09:00,20,,,,15.426,,,,,,,event_atomic,,screenshots\2026-10\01-10-2026\observer-cupo-25f680.png,screenshots\2026-10\01-10-2026\observer-cupo-25f680.png,Se seleccionaron una fecha y una hora disponibles.
observer-***-153805-d9ce1d8e,2026-10-01 15:38:21,,available,normal,LIMA-LA VICTORIA,22/12/2026,09:00,20,,,,15.560,,,,,,,event_atomic,,screenshots\2026-10\01-10-2026\observer-cupo-f65c04.png,screenshots\2026-10\01-10-2026\observer-cupo-f65c04.png,Se seleccionaron una fecha y una hora disponibles.
observer-***-153851-aca808be,2026-10-01 15:39:07,,available,normal,LIMA-LA VICTORIA,22/12/2026,09:00,20,,,,15.807,,,,,,,event_atomic,,screenshots\2026-10\01-10-2026\observer-cupo-eeb39d.png,screenshots\2026-10\01-10-2026\observer-cupo-eeb39d.png,Se seleccionaron una fecha y una hora disponibles.
observer-***-153937-6a6399fa,2026-10-01 15:39:53,,available,normal,LIMA-LA VICTORIA,22/12/2026,09:00,20,,,,15.968,,,,,,,event_atomic,,screenshots\2026-10\01-10-2026\observer-cupo-0c61a1.png,screenshots\2026-10\01-10-2026\observer-cupo-0c61a1.png,Se seleccionaron una fecha y una hora disponibles.
observer-***-154024-529a3d94,2026-10-01 15:40:40,,available,normal,LIMA-LA VICTORIA,22/12/2026,09:00,20,,,,16.403,,,,,,,event_atomic,,screenshots\2026-10\01-10-2026\observer-cupo-4375b2.png,screenshots\2026-10\01-10-2026\observer-cupo-4375b2.png,Se seleccionaron una fecha y una hora disponibles.
observer-***-154110-5a29757b,2026-10-01 15:41:26,,available,normal,LIMA-LA VICTORIA,22/12/2026,09:00,20,,,,15.508,,,,,,,event_atomic,,screenshots\2026-10\01-10-2026\observer-cupo-75f4bf.png,screenshots\2026-10\01-10-2026\observer-cupo-75f4bf.png,Se seleccionaron una fecha y una hora disponibles.
observer-***-154156-545389d0,2026-10-01 15:42:11,,available,normal,LIMA-LA VICTORIA,22/12/2026,09:00,20,,,,15.373,,,,,,,event_atomic,,screenshots\2026-10\01-10-2026\observer-cupo-20baf1.png,screenshots\2026-10\01-10-2026\observer-cupo-20baf1.png,Se seleccionaron una fecha y una hora disponibles.
observer-***-154242-ed0e7b57,2026-10-01 15:42:58,,available,normal,LIMA-LA VICTORIA,22/12/2026,09:00,20,,,,16.129,,,,,,,event_atomic,,screenshots\2026-10\01-10-2026\observer-cupo-7aa8ce.png,screenshots\2026-10\01-10-2026\observer-cupo-7aa8ce.png,Se seleccionaron una fecha y una hora disponibles.
observer-***-154328-c9d493c9,2026-10-01 15:43:44,,available,normal,LIMA-LA VICTORIA,22/12/2026,09:00,20,,,,16.174,,,,,,,event_atomic,,screenshots\2026-10\01-10-2026\observer-cupo-097313.png,screenshots\2026-10\01-10-2026\observer-cupo-097313.png,Se seleccionaron una fecha y una hora disponibles.
observer-***-154415-9d8f1376,2026-10-01 15:44:30,,available,normal,LIMA-LA VICTORIA,22/12/2026,09:00,20,,,,15.563,,,,,,,event_atomic,,screenshots\2026-10\01-10-2026\observer-cupo-5c1e4e.png,screenshots\2026-10\01-10-2026\observer-cupo-5c1e4e.png,Se seleccionaron una fecha y una hora disponibles.
observer-***-154500-c57209e2,2026-10-01 15:45:16,,available,normal,LIMA-LA VICTORIA,22/12/2026,09:00,20,,,,15.793,,,,,,,event_atomic,,screenshots\2026-10\01-10-2026\observer-cupo-1a8b4f.png,screenshots\2026-10\01-10-2026\observer-cupo-1a8b4f.png,Se seleccionaron una fecha y una hora disponibles.
observer-***-154547-331803ac,2026-10-01 15:46:03,,available,normal,LIMA-LA VICTORIA,22/12/2026,09:00,20,,,,15.889,,,,,,,event_atomic,,screenshots\2026-10\01-10-2026\observer-cupo-b86c43.png,screenshots\2026-10\01-10-2026\observer-cupo-b86c43.png,Se seleccionaron una fecha y una hora disponibles.
observer-***-154633-9beb7649,2026-10-01 15:46:48,,available,normal,LIMA-LA VICTORIA,22/12/2026,09:00,20,,,,15.573,,,,,,,event_atomic,,screenshots\2026-10\01-10-2026\observer-cupo-d7c85c.png,screenshots\2026-10\01-10-2026\observer-cupo-d7c85c.png,Se seleccionaron una fecha y una hora disponibles.
observer-***-154719-8adce800,2026-10-01 15:47:34,,available,normal,LIMA-LA VICTORIA,22/12/2026,09:00,20,,,,15.493,,,,,,,event_atomic,,screenshots\2026-10\01-10-2026\observer-cupo-fb27c4.png,screenshots\2026-10\01-10-2026\observer-cupo-fb27c4.png,Se seleccionaron una fecha y una hora disponibles.
observer-***-154804-6adaaabc,2026-10-01 15:48:20,,available,normal,LIMA-LA VICTORIA,22/12/2026,09:00,20,,,,15.399,,,,,,,event_atomic,,screenshots\2026-10\01-10-2026\observer-cupo-38ba49.png,screenshots\2026-10\01-10-2026\observer-cupo-38ba49.png,Se seleccionaron una fecha y una hora disponibles.
observer-***-154850-ab0bccee,2026-10-01 15:49:05,,available,normal,LIMA-LA VICTORIA,22/12/2026,09:00,20,,,,15.310,,,,,,,event_atomic,,screenshots\2026-10\01-10-2026\observer-cupo-ae407b.png,screenshots\2026-10\01-10-2026\observer-cupo-ae407b.png,Se seleccionaron una fecha y una hora disponibles.
observer-***-154936-263e5041,2026-10-01 15:49:51,,available,normal,LIMA-LA VICTORIA,22/12/2026,09:00,20,,,,15.472,,,,,,,event_atomic,,screenshots\2026-10\01-10-2026\observer-cupo-961d83.png,screenshots\2026-10\01-10-2026\observer-cupo-961d83.png,Se seleccionaron una fecha y una hora disponibles.
observer-***-155022-cbfed757,2026-10-01 15:50:37,,available,normal,LIMA-LA VICTORIA,22/12/2026,09:00,20,,,,15.131,,,,,,,event_atomic,,screenshots\2026-10\01-10-2026\observer-cupo-f69b6a.png,screenshots\2026-10\01-10-2026\observer-cupo-f69b6a.png,Se seleccionaron una fecha y una hora disponibles.
observer-***-155107-68dd4230,2026-10-01 15:51:22,,available,normal,LIMA-LA VICTORIA,22/12/2026,09:00,20,,,,15.116,,,,,,,event_atomic,,screenshots\2026-10\01-10-2026\observer-cupo-00b82d.png,screenshots\2026-10\01-10-2026\observer-cupo-00b82d.png,Se seleccionaron una fecha y una hora disponibles.
observer-***-155152-1c0c8e49,2026-10-01 15:52:08,,available,normal,LIMA-LA VICTORIA,22/12/2026,09:00,20,,,,15.405,,,,,,,event_atomic,,screenshots\2026-10\01-10-2026\observer-cupo-c0a12b.png,screenshots\2026-10\01-10-2026\observer-cupo-c0a12b.png,Se seleccionaron una fecha y una hora disponibles.
observer-***-155238-bf2321f2,2026-10-01 15:52:54,,available,normal,LIMA-LA VICTORIA,22/12/2026,09:00,20,,,,15.563,,,,,,,event_atomic,,screenshots\2026-10\01-10-2026\observer-cupo-c6e3db.png,screenshots\2026-10\01-10-2026\observer-cupo-c6e3db.png,Se seleccionaron una fecha y una hora disponibles.
observer-***-155324-***,2026-10-01 15:53:39,,available,normal,LIMA-LA VICTORIA,22/12/2026,09:00,20,,,,15.069,,,,,,,event_atomic,,screenshots\2026-10\01-10-2026\observer-cupo-6f83ed.png,screenshots\2026-10\01-10-2026\observer-cupo-6f83ed.png,Se seleccionaron una fecha y una hora disponibles.
observer-***-155409-0ce0e8ad,2026-10-01 15:54:25,,available,normal,LIMA-LA VICTORIA,22/12/2026,09:00,20,,,,15.823,,,,,,,event_atomic,,screenshots\2026-10\01-10-2026\observer-cupo-98595d.png,screenshots\2026-10\01-10-2026\observer-cupo-98595d.png,Se seleccionaron una fecha y una hora disponibles.
observer-***-155455-5a1bb517,2026-10-01 15:55:12,,available,normal,LIMA-LA VICTORIA,22/12/2026,09:00,20,,,,16.193,,,,,,,event_atomic,,screenshots\2026-10\01-10-2026\observer-cupo-57b2b4.png,screenshots\2026-10\01-10-2026\observer-cupo-57b2b4.png,Se seleccionaron una fecha y una hora disponibles.
observer-***-155542-60767bbe,2026-10-01 15:55:58,,available,normal,LIMA-LA VICTORIA,22/12/2026,09:00,20,,,,15.908,,,,,,,event_atomic,,screenshots\2026-10\01-10-2026\observer-cupo-f1aaf0.png,screenshots\2026-10\01-10-2026\observer-cupo-f1aaf0.png,Se seleccionaron una fecha y una hora disponibles.
observer-***-155628-a375fe56,2026-10-01 15:56:44,,available,normal,LIMA-LA VICTORIA,22/12/2026,09:00,20,,,,15.474,,,,,,,event_atomic,,screenshots\2026-10\01-10-2026\observer-cupo-da9b5c.png,screenshots\2026-10\01-10-2026\observer-cupo-da9b5c.png,Se seleccionaron una fecha y una hora disponibles.
observer-***-155714-ec39e441,2026-10-01 15:57:31,,available,normal,LIMA-LA VICTORIA,22/12/2026,09:00,20,,,,16.976,,,,,,,event_atomic,,screenshots\2026-10\01-10-2026\observer-cupo-c601d5.png,screenshots\2026-10\01-10-2026\observer-cupo-c601d5.png,Se seleccionaron una fecha y una hora disponibles.
observer-***-155801-6b09cdfd,2026-10-01 15:58:17,,available,normal,LIMA-LA VICTORIA,22/12/2026,09:00,20,,,,15.356,,,,,,,event_atomic,,screenshots\2026-10\01-10-2026\observer-cupo-e621b0.png,screenshots\2026-10\01-10-2026\observer-cupo-e621b0.png,Se seleccionaron una fecha y una hora disponibles.
observer-***-155847-d7f58b2e,2026-10-01 15:59:02,,available,normal,LIMA-LA VICTORIA,22/12/2026,09:00,20,,,,15.248,,,,,,,event_atomic,,screenshots\2026-10\01-10-2026\observer-cupo-91edfe.png,screenshots\2026-10\01-10-2026\observer-cupo-91edfe.png,Se seleccionaron una fecha y una hora disponibles.
observer-***-155932-2704b6f5,2026-10-01 15:59:48,,available,normal,LIMA-LA VICTORIA,22/12/2026,09:00,20,,,,16.012,,,,,,,event_atomic,,screenshots\2026-10\01-10-2026\observer-cupo-4f8ff0.png,screenshots\2026-10\01-10-2026\observer-cupo-4f8ff0.png,Se seleccionaron una fecha y una hora disponibles.
observer-***-160019-5cf2cb5a,2026-10-01 16:00:34,,available,normal,LIMA-LA VICTORIA,22/12/2026,09:00,20,,,,15.490,,,,,,,event_atomic,,screenshots\2026-10\01-10-2026\observer-cupo-8c1928.png,screenshots\2026-10\01-10-2026\observer-cupo-8c1928.png,Se seleccionaron una fecha y una hora disponibles.
observer-***-160104-26246e0e,2026-10-01 16:01:20,,available,normal,LIMA-LA VICTORIA,22/12/2026,09:00,20,,,,15.439,,,,,,,event_atomic,,screenshots\2026-10\01-10-2026\observer-cupo-f60071.png,screenshots\2026-10\01-10-2026\observer-cupo-f60071.png,Se seleccionaron una fecha y una hora disponibles.
observer-***-160150-72b52186,2026-10-01 16:02:06,,available,normal,LIMA-LA VICTORIA,22/12/2026,09:00,20,,,,15.374,,,,,,,event_atomic,,screenshots\2026-10\01-10-2026\observer-cupo-4ca7d1.png,screenshots\2026-10\01-10-2026\observer-cupo-4ca7d1.png,Se seleccionaron una fecha y una hora disponibles.
observer-***-160236-e1900976,2026-10-01 16:02:51,,available,normal,LIMA-LA VICTORIA,22/12/2026,09:00,20,,,,15.504,,,,,,,event_atomic,,screenshots\2026-10\01-10-2026\observer-cupo-1a29ec.png,screenshots\2026-10\01-10-2026\observer-cupo-1a29ec.png,Se seleccionaron una fecha y una hora disponibles.
observer-***-160322-bbe07cd4,2026-10-01 16:03:37,,available,normal,LIMA-LA VICTORIA,22/12/2026,09:00,20,,,,15.314,,,,,,,event_atomic,,screenshots\2026-10\01-10-2026\observer-cupo-cc0121.png,screenshots\2026-10\01-10-2026\observer-cupo-cc0121.png,Se seleccionaron una fecha y una hora disponibles.
observer-***-160407-e0c9e897,2026-10-01 16:04:23,,available,normal,LIMA-LA VICTORIA,22/12/2026,09:00,20,,,,15.299,,,,,,,event_atomic,,screenshots\2026-10\01-10-2026\observer-cupo-959e17.png,screenshots\2026-10\01-10-2026\observer-cupo-959e17.png,Se seleccionaron una fecha y una hora disponibles.
observer-***-160453-23d0f0a8,2026-10-01 16:05:08,,available,normal,LIMA-LA VICTORIA,22/12/2026,09:00,20,,,,15.531,,,,,,,event_atomic,,screenshots\2026-10\01-10-2026\observer-cupo-e00687.png,screenshots\2026-10\01-10-2026\observer-cupo-e00687.png,Se seleccionaron una fecha y una hora disponibles.
observer-***-160539-4d9dbc7c,2026-10-01 16:05:55,,available,normal,LIMA-LA VICTORIA,22/12/2026,09:00,20,,,,15.873,,,,,,,event_atomic,,screenshots\2026-10\01-10-2026\observer-cupo-f568fa.png,screenshots\2026-10\01-10-2026\observer-cupo-f568fa.png,Se seleccionaron una fecha y una hora disponibles.
observer-***-160625-60e2fb6e,2026-10-01 16:06:40,,available,normal,LIMA-LA VICTORIA,22/12/2026,09:00,20,,,,15.143,,,,,,,event_atomic,,screenshots\2026-10\01-10-2026\observer-cupo-5ec6a5.png,screenshots\2026-10\01-10-2026\observer-cupo-5ec6a5.png,Se seleccionaron una fecha y una hora disponibles.
observer-***-160711-990d414b,2026-10-01 16:07:26,,available,normal,LIMA-LA VICTORIA,22/12/2026,09:00,20,,,,15.114,,,,,,,event_atomic,,screenshots\2026-10\01-10-2026\observer-cupo-f8ab2e.png,screenshots\2026-10\01-10-2026\observer-cupo-f8ab2e.png,Se seleccionaron una fecha y una hora disponibles.
observer-***-160756-03eb6e2b,2026-10-01 16:08:11,,available,normal,LIMA-LA VICTORIA,22/12/2026,09:00,20,,,,15.173,,,,,,,event_atomic,,screenshots\2026-10\01-10-2026\observer-cupo-4a8a7f.png,screenshots\2026-10\01-10-2026\observer-cupo-4a8a7f.png,Se seleccionaron una fecha y una hora disponibles.
observer-***-160841-00a4c59f,2026-10-01 16:08:57,,available,normal,LIMA-LA VICTORIA,22/12/2026,09:00,20,,,,15.150,,,,,,,event_atomic,,screenshots\2026-10\01-10-2026\observer-cupo-30f8fb.png,screenshots\2026-10\01-10-2026\observer-cupo-30f8fb.png,Se seleccionaron una fecha y una hora disponibles.
observer-***-160927-152cb091,2026-10-01 16:09:42,,available,normal,LIMA-LA VICTORIA,22/12/2026,09:00,20,,,,15.135,,,,,,,event_atomic,,screenshots\2026-10\01-10-2026\observer-cupo-98bc3f.png,screenshots\2026-10\01-10-2026\observer-cupo-98bc3f.png,Se seleccionaron una fecha y una hora disponibles.
observer-***-161012-8d493745,2026-10-01 16:10:28,,available,normal,LIMA-LA VICTORIA,22/12/2026,09:00,20,,,,15.372,,,,,,,event_atomic,,screenshots\2026-10\01-10-2026\observer-cupo-3acbf3.png,screenshots\2026-10\01-10-2026\observer-cupo-3acbf3.png,Se seleccionaron una fecha y una hora disponibles.
observer-***-161058-c17f76e4,2026-10-01 16:11:13,,available,normal,LIMA-LA VICTORIA,22/12/2026,09:00,20,,,,15.169,,,,,,,event_atomic,,screenshots\2026-10\01-10-2026\observer-cupo-8a697a.png,screenshots\2026-10\01-10-2026\observer-cupo-8a697a.png,Se seleccionaron una fecha y una hora disponibles.
observer-***-161143-70904bf3,2026-10-01 16:11:59,,available,normal,LIMA-LA VICTORIA,22/12/2026,09:00,20,,,,15.696,,,,,,,event_atomic,,screenshots\2026-10\01-10-2026\observer-cupo-d5c5b5.png,screenshots\2026-10\01-10-2026\observer-cupo-d5c5b5.png,Se seleccionaron una fecha y una hora disponibles.
observer-***-161229-032d594d,2026-10-01 16:12:45,,available,normal,LIMA-LA VICTORIA,22/12/2026,09:00,20,,,,15.213,,,,,,,event_atomic,,screenshots\2026-10\01-10-2026\observer-cupo-89c256.png,screenshots\2026-10\01-10-2026\observer-cupo-89c256.png,Se seleccionaron una fecha y una hora disponibles.
observer-***-161315-496738bf,2026-10-01 16:13:30,,available,normal,LIMA-LA VICTORIA,22/12/2026,09:00,20,,,,15.446,,,,,,,event_atomic,,screenshots\2026-10\01-10-2026\observer-cupo-21358b.png,screenshots\2026-10\01-10-2026\observer-cupo-21358b.png,Se seleccionaron una fecha y una hora disponibles.
observer-***-161401-04253e6d,2026-10-01 16:14:16,,available,normal,LIMA-LA VICTORIA,22/12/2026,09:00,20,,,,15.779,,,,,,,event_atomic,,screenshots\2026-10\01-10-2026\observer-cupo-64cf03.png,screenshots\2026-10\01-10-2026\observer-cupo-64cf03.png,Se seleccionaron una fecha y una hora disponibles.
observer-***-161447-25cdfd85,2026-10-01 16:15:02,,available,normal,LIMA-LA VICTORIA,22/12/2026,09:00,20,,,,15.557,,,,,,,event_atomic,,screenshots\2026-10\01-10-2026\observer-cupo-e8243a.png,screenshots\2026-10\01-10-2026\observer-cupo-e8243a.png,Se seleccionaron una fecha y una hora disponibles.
observer-***-161533-2e9f78de,2026-10-01 16:15:49,,available,normal,LIMA-LA VICTORIA,22/12/2026,09:00,20,,,,16.057,,,,,,,event_atomic,,screenshots\2026-10\01-10-2026\observer-cupo-746ccf.png,screenshots\2026-10\01-10-2026\observer-cupo-746ccf.png,Se seleccionaron una fecha y una hora disponibles.
observer-***-161619-c900a684,2026-10-01 16:16:35,,available,normal,LIMA-LA VICTORIA,22/12/2026,09:00,20,,,,15.779,,,,,,,event_atomic,,screenshots\2026-10\01-10-2026\observer-cupo-456a3e.png,screenshots\2026-10\01-10-2026\observer-cupo-456a3e.png,Se seleccionaron una fecha y una hora disponibles.
observer-***-161705-d2c03ce6,2026-10-01 16:17:21,,available,normal,LIMA-LA VICTORIA,22/12/2026,09:00,20,,,,16.197,,,,,,,event_atomic,,screenshots\2026-10\01-10-2026\observer-cupo-4727b0.png,screenshots\2026-10\01-10-2026\observer-cupo-4727b0.png,Se seleccionaron una fecha y una hora disponibles.
observer-***-161751-11b7ba31,2026-10-01 16:18:08,,available,normal,LIMA-LA VICTORIA,22/12/2026,09:00,20,,,,16.233,,,,,,,event_atomic,,screenshots\2026-10\01-10-2026\observer-cupo-71e64d.png,screenshots\2026-10\01-10-2026\observer-cupo-71e64d.png,Se seleccionaron una fecha y una hora disponibles.
observer-***-161838-d75f9ba0,2026-10-01 16:18:53,,available,normal,LIMA-LA VICTORIA,22/12/2026,09:00,20,,,,15.477,,,,,,,event_atomic,,screenshots\2026-10\01-10-2026\observer-cupo-9eb06a.png,screenshots\2026-10\01-10-2026\observer-cupo-9eb06a.png,Se seleccionaron una fecha y una hora disponibles.
observer-***-161924-3d438374,2026-10-01 16:19:39,,available,normal,LIMA-LA VICTORIA,22/12/2026,09:00,20,,,,15.518,,,,,,,event_atomic,,screenshots\2026-10\01-10-2026\observer-cupo-099021.png,screenshots\2026-10\01-10-2026\observer-cupo-099021.png,Se seleccionaron una fecha y una hora disponibles.
observer-***-162010-9b2f1cbb,2026-10-01 16:20:25,,available,normal,LIMA-LA VICTORIA,22/12/2026,09:00,20,,,,15.684,,,,,,,event_atomic,,screenshots\2026-10\01-10-2026\observer-cupo-5abc01.png,screenshots\2026-10\01-10-2026\observer-cupo-5abc01.png,Se seleccionaron una fecha y una hora disponibles.
observer-***-162056-4d8b5006,2026-10-01 16:21:11,,available,normal,LIMA-LA VICTORIA,22/12/2026,09:00,20,,,,15.338,,,,,,,event_atomic,,screenshots\2026-10\01-10-2026\observer-cupo-20b2f7.png,screenshots\2026-10\01-10-2026\observer-cupo-20b2f7.png,Se seleccionaron una fecha y una hora disponibles.
observer-***-162141-70a85319,2026-10-01 16:21:57,,available,normal,LIMA-LA VICTORIA,22/12/2026,09:00,20,,,,15.386,,,,,,,event_atomic,,screenshots\2026-10\01-10-2026\observer-cupo-fcb468.png,screenshots\2026-10\01-10-2026\observer-cupo-fcb468.png,Se seleccionaron una fecha y una hora disponibles.
observer-***-162227-d69ac095,2026-10-01 16:22:42,,available,normal,LIMA-LA VICTORIA,22/12/2026,09:00,20,,,,15.565,,,,,,,event_atomic,,screenshots\2026-10\01-10-2026\observer-cupo-03bc66.png,screenshots\2026-10\01-10-2026\observer-cupo-03bc66.png,Se seleccionaron una fecha y una hora disponibles.
observer-***-162313-33e7bfcc,2026-10-01 16:23:28,,available,normal,LIMA-LA VICTORIA,22/12/2026,09:00,20,,,,15.328,,,,,,,event_atomic,,screenshots\2026-10\01-10-2026\observer-cupo-eb830c.png,screenshots\2026-10\01-10-2026\observer-cupo-eb830c.png,Se seleccionaron una fecha y una hora disponibles.
observer-***-162359-3950a345,2026-10-01 16:24:15,,available,normal,LIMA-LA VICTORIA,22/12/2026,09:00,20,,,,16.195,,,,,,,event_atomic,,screenshots\2026-10\01-10-2026\observer-cupo-c17d31.png,screenshots\2026-10\01-10-2026\observer-cupo-c17d31.png,Se seleccionaron una fecha y una hora disponibles.
observer-***-162445-2e659289,2026-10-01 16:25:00,,available,normal,LIMA-LA VICTORIA,22/12/2026,09:00,20,,,,15.118,,,,,,,event_atomic,,screenshots\2026-10\01-10-2026\observer-cupo-8500cb.png,screenshots\2026-10\01-10-2026\observer-cupo-8500cb.png,Se seleccionaron una fecha y una hora disponibles.
observer-***-162530-ecd2d319,2026-10-01 16:25:45,,available,normal,LIMA-LA VICTORIA,22/12/2026,09:00,20,,,,14.935,,,,,,,event_atomic,,screenshots\2026-10\01-10-2026\observer-cupo-0df216.png,screenshots\2026-10\01-10-2026\observer-cupo-0df216.png,Se seleccionaron una fecha y una hora disponibles.
observer-***-162616-8f4f313b,2026-10-01 16:26:31,,available,normal,LIMA-LA VICTORIA,22/12/2026,09:00,20,,,,15.104,,,,,,,event_atomic,,screenshots\2026-10\01-10-2026\observer-cupo-0c1152.png,screenshots\2026-10\01-10-2026\observer-cupo-0c1152.png,Se seleccionaron una fecha y una hora disponibles.
observer-***-162701-49ab0677,2026-10-01 16:27:16,,available,normal,LIMA-LA VICTORIA,22/12/2026,09:00,20,,,,14.515,,,,,,,event_atomic,,screenshots\2026-10\01-10-2026\observer-cupo-33e89c.png,screenshots\2026-10\01-10-2026\observer-cupo-33e89c.png,Se seleccionaron una fecha y una hora disponibles.
observer-***-162746-23ef96c7,2026-10-01 16:28:01,,available,normal,LIMA-LA VICTORIA,22/12/2026,09:00,20,,,,15.072,,,,,,,event_atomic,,screenshots\2026-10\01-10-2026\observer-cupo-2910c1.png,screenshots\2026-10\01-10-2026\observer-cupo-2910c1.png,Se seleccionaron una fecha y una hora disponibles.
observer-***-162831-523998f3,2026-10-01 16:28:46,,available,normal,LIMA-LA VICTORIA,22/12/2026,09:00,20,,,,15.093,,,,,,,event_atomic,,screenshots\2026-10\01-10-2026\observer-cupo-9f28af.png,screenshots\2026-10\01-10-2026\observer-cupo-9f28af.png,Se seleccionaron una fecha y una hora disponibles.
observer-***-162917-9790f3eb,2026-10-01 16:29:32,,available,normal,LIMA-LA VICTORIA,22/12/2026,09:00,20,,,,14.905,,,,,,,event_atomic,,screenshots\2026-10\01-10-2026\observer-cupo-fc8a5f.png,screenshots\2026-10\01-10-2026\observer-cupo-fc8a5f.png,Se seleccionaron una fecha y una hora disponibles.
observer-***-163002-8d0c2c35,2026-10-01 16:30:17,,available,normal,LIMA-LA VICTORIA,22/12/2026,09:00,20,,,,15.449,,,,,,,event_atomic,,screenshots\2026-10\01-10-2026\observer-cupo-5d9453.png,screenshots\2026-10\01-10-2026\observer-cupo-5d9453.png,Se seleccionaron una fecha y una hora disponibles.
observer-***-163048-e87b90be,2026-10-01 16:31:03,,available,normal,LIMA-LA VICTORIA,22/12/2026,09:00,20,,,,15.079,,,,,,,event_atomic,,screenshots\2026-10\01-10-2026\observer-cupo-c1d83c.png,screenshots\2026-10\01-10-2026\observer-cupo-c1d83c.png,Se seleccionaron una fecha y una hora disponibles.
observer-***-163133-***,2026-10-01 16:31:48,,available,normal,LIMA-LA VICTORIA,22/12/2026,09:00,20,,,,15.524,,,,,,,event_atomic,,screenshots\2026-10\01-10-2026\observer-cupo-b38d6e.png,screenshots\2026-10\01-10-2026\observer-cupo-b38d6e.png,Se seleccionaron una fecha y una hora disponibles.
observer-***-163219-198cea68,2026-10-01 16:32:34,,available,normal,LIMA-LA VICTORIA,22/12/2026,09:00,20,,,,15.566,,,,,,,event_atomic,,screenshots\2026-10\01-10-2026\observer-cupo-aadea4.png,screenshots\2026-10\01-10-2026\observer-cupo-aadea4.png,Se seleccionaron una fecha y una hora disponibles.
observer-***-163305-fac2cebe,2026-10-01 16:33:20,,available,normal,LIMA-LA VICTORIA,22/12/2026,09:00,20,,,,15.700,,,,,,,event_atomic,,screenshots\2026-10\01-10-2026\observer-cupo-01f6ed.png,screenshots\2026-10\01-10-2026\observer-cupo-01f6ed.png,Se seleccionaron una fecha y una hora disponibles.
observer-***-163351-34749e15,2026-10-01 16:34:06,,available,normal,LIMA-LA VICTORIA,22/12/2026,09:00,20,,,,15.197,,,,,,,event_atomic,,screenshots\2026-10\01-10-2026\observer-cupo-4acc9e.png,screenshots\2026-10\01-10-2026\observer-cupo-4acc9e.png,Se seleccionaron una fecha y una hora disponibles.
observer-***-163436-c8ecd8a4,2026-10-01 16:34:52,,available,normal,LIMA-LA VICTORIA,22/12/2026,09:00,20,,,,15.302,,,,,,,event_atomic,,screenshots\2026-10\01-10-2026\observer-cupo-675410.png,screenshots\2026-10\01-10-2026\observer-cupo-675410.png,Se seleccionaron una fecha y una hora disponibles.
observer-***-163522-29e761b2,2026-10-01 16:35:38,,available,normal,LIMA-LA VICTORIA,22/12/2026,09:00,20,,,,16.090,,,,,,,event_atomic,,screenshots\2026-10\01-10-2026\observer-cupo-51fdef.png,screenshots\2026-10\01-10-2026\observer-cupo-51fdef.png,Se seleccionaron una fecha y una hora disponibles.
observer-***-163609-670e4f8c,2026-10-01 16:36:24,,available,normal,LIMA-LA VICTORIA,22/12/2026,09:00,20,,,,15.455,,,,,,,event_atomic,,screenshots\2026-10\01-10-2026\observer-cupo-ba4cdb.png,screenshots\2026-10\01-10-2026\observer-cupo-ba4cdb.png,Se seleccionaron una fecha y una hora disponibles.
observer-***-163654-2ecf86d8,2026-10-01 16:37:10,,available,normal,LIMA-LA VICTORIA,22/12/2026,09:00,20,,,,15.429,,,,,,,event_atomic,,screenshots\2026-10\01-10-2026\observer-cupo-9e6756.png,screenshots\2026-10\01-10-2026\observer-cupo-9e6756.png,Se seleccionaron una fecha y una hora disponibles.
observer-***-163740-***,2026-10-01 16:37:56,,available,normal,LIMA-LA VICTORIA,22/12/2026,09:00,20,,,,15.463,,,,,,,event_atomic,,screenshots\2026-10\01-10-2026\observer-cupo-aa8b33.png,screenshots\2026-10\01-10-2026\observer-cupo-aa8b33.png,Se seleccionaron una fecha y una hora disponibles.
observer-***-163826-a9a3151f,2026-10-01 16:38:41,,available,normal,LIMA-LA VICTORIA,22/12/2026,09:00,20,,,,14.926,,,,,,,event_atomic,,screenshots\2026-10\01-10-2026\observer-cupo-aab370.png,screenshots\2026-10\01-10-2026\observer-cupo-aab370.png,Se seleccionaron una fecha y una hora disponibles.
observer-***-163911-ffaeeb93,2026-10-01 16:39:27,,available,normal,LIMA-LA VICTORIA,22/12/2026,09:00,20,,,,15.194,,,,,,,event_atomic,,screenshots\2026-10\01-10-2026\observer-cupo-81cade.png,screenshots\2026-10\01-10-2026\observer-cupo-81cade.png,Se seleccionaron una fecha y una hora disponibles.
observer-***-163957-53d99236,2026-10-01 16:40:12,,available,normal,LIMA-LA VICTORIA,22/12/2026,09:00,20,,,,15.131,,,,,,,event_atomic,,screenshots\2026-10\01-10-2026\observer-cupo-9447fc.png,screenshots\2026-10\01-10-2026\observer-cupo-9447fc.png,Se seleccionaron una fecha y una hora disponibles.
observer-***-164043-b811211c,2026-10-01 16:40:58,,available,normal,LIMA-LA VICTORIA,22/12/2026,09:00,20,,,,15.379,,,,,,,event_atomic,,screenshots\2026-10\01-10-2026\observer-cupo-59475c.png,screenshots\2026-10\01-10-2026\observer-cupo-59475c.png,Se seleccionaron una fecha y una hora disponibles.
observer-***-164128-7b81cad6,2026-10-01 16:41:43,,available,normal,LIMA-LA VICTORIA,22/12/2026,09:00,20,,,,15.249,,,,,,,event_atomic,,screenshots\2026-10\01-10-2026\observer-cupo-69ccf4.png,screenshots\2026-10\01-10-2026\observer-cupo-69ccf4.png,Se seleccionaron una fecha y una hora disponibles.
observer-***-164214-804ff731,2026-10-01 16:42:29,,available,normal,LIMA-LA VICTORIA,22/12/2026,09:00,20,,,,14.889,,,,,,,event_atomic,,screenshots\2026-10\01-10-2026\observer-cupo-792048.png,screenshots\2026-10\01-10-2026\observer-cupo-792048.png,Se seleccionaron una fecha y una hora disponibles.
observer-***-164259-bd476cca,2026-10-01 16:43:14,,available,normal,LIMA-LA VICTORIA,22/12/2026,09:00,20,,,,14.975,,,,,,,event_atomic,,screenshots\2026-10\01-10-2026\observer-cupo-8390a1.png,screenshots\2026-10\01-10-2026\observer-cupo-8390a1.png,Se seleccionaron una fecha y una hora disponibles.
observer-***-164344-a69e9c01,2026-10-01 16:44:00,,available,normal,LIMA-LA VICTORIA,22/12/2026,09:00,20,,,,15.147,,,,,,,event_atomic,,screenshots\2026-10\01-10-2026\observer-cupo-2e0366.png,screenshots\2026-10\01-10-2026\observer-cupo-2e0366.png,Se seleccionaron una fecha y una hora disponibles.
observer-***-164430-03da4291,2026-10-01 16:44:45,,available,normal,LIMA-LA VICTORIA,22/12/2026,09:00,20,,,,15.147,,,,,,,event_atomic,,screenshots\2026-10\01-10-2026\observer-cupo-0a357a.png,screenshots\2026-10\01-10-2026\observer-cupo-0a357a.png,Se seleccionaron una fecha y una hora disponibles.
observer-***-164516-f909b74c,2026-10-01 16:45:31,,available,normal,LIMA-LA VICTORIA,22/12/2026,09:00,20,,,,15.058,,,,,,,event_atomic,,screenshots\2026-10\01-10-2026\observer-cupo-f60a5c.png,screenshots\2026-10\01-10-2026\observer-cupo-f60a5c.png,Se seleccionaron una fecha y una hora disponibles.
observer-***-164601-011d8b37,2026-10-01 16:46:16,,available,normal,LIMA-LA VICTORIA,22/12/2026,09:00,20,,,,14.834,,,,,,,event_atomic,,screenshots\2026-10\01-10-2026\observer-cupo-805787.png,screenshots\2026-10\01-10-2026\observer-cupo-805787.png,Se seleccionaron una fecha y una hora disponibles.
observer-***-164646-***,2026-10-01 16:47:01,,available,normal,LIMA-LA VICTORIA,22/12/2026,09:00,20,,,,14.967,,,,,,,event_atomic,,screenshots\2026-10\01-10-2026\observer-cupo-11a44d.png,screenshots\2026-10\01-10-2026\observer-cupo-11a44d.png,Se seleccionaron una fecha y una hora disponibles.
observer-***-164732-bf635d48,2026-10-01 16:47:47,,available,normal,LIMA-LA VICTORIA,22/12/2026,09:00,20,,,,15.138,,,,,,,event_atomic,,screenshots\2026-10\01-10-2026\observer-cupo-bbc080.png,screenshots\2026-10\01-10-2026\observer-cupo-bbc080.png,Se seleccionaron una fecha y una hora disponibles.
observer-***-164817-ac8ce94a,2026-10-01 16:48:32,,available,normal,LIMA-LA VICTORIA,22/12/2026,09:00,20,,,,15.170,,,,,,,event_atomic,,screenshots\2026-10\01-10-2026\observer-cupo-2e6458.png,screenshots\2026-10\01-10-2026\observer-cupo-2e6458.png,Se seleccionaron una fecha y una hora disponibles.
observer-***-164903-e4b4e68d,2026-10-01 16:49:18,,available,normal,LIMA-LA VICTORIA,22/12/2026,09:00,20,,,,15.059,,,,,,,event_atomic,,screenshots\2026-10\01-10-2026\observer-cupo-080f24.png,screenshots\2026-10\01-10-2026\observer-cupo-080f24.png,Se seleccionaron una fecha y una hora disponibles.
observer-***-164948-1d3970ae,2026-10-01 16:50:03,,available,normal,LIMA-LA VICTORIA,22/12/2026,09:00,20,,,,15.028,,,,,,,event_atomic,,screenshots\2026-10\01-10-2026\observer-cupo-282b90.png,screenshots\2026-10\01-10-2026\observer-cupo-282b90.png,Se seleccionaron una fecha y una hora disponibles.
observer-***-165033-95b4d87c,2026-10-01 16:50:49,,available,normal,LIMA-LA VICTORIA,22/12/2026,09:00,20,,,,15.981,,,,,,,event_atomic,,screenshots\2026-10\01-10-2026\observer-cupo-c9d334.png,screenshots\2026-10\01-10-2026\observer-cupo-c9d334.png,Se seleccionaron una fecha y una hora disponibles.
observer-***-165120-f362f83a,2026-10-01 16:51:35,,available,normal,LIMA-LA VICTORIA,22/12/2026,09:00,20,,,,15.644,,,,,,,event_atomic,,screenshots\2026-10\01-10-2026\observer-cupo-6d2769.png,screenshots\2026-10\01-10-2026\observer-cupo-6d2769.png,Se seleccionaron una fecha y una hora disponibles.
observer-***-165206-b87ebe21,2026-10-01 16:52:22,,available,normal,LIMA-LA VICTORIA,22/12/2026,09:00,20,,,,16.387,,,,,,,event_atomic,,screenshots\2026-10\01-10-2026\observer-cupo-283b63.png,screenshots\2026-10\01-10-2026\observer-cupo-283b63.png,Se seleccionaron una fecha y una hora disponibles.
observer-***-165253-692e8892,2026-10-01 16:53:09,,available,normal,LIMA-LA VICTORIA,22/12/2026,09:00,20,,,,16.325,,,,,,,event_atomic,,screenshots\2026-10\01-10-2026\observer-cupo-0aff32.png,screenshots\2026-10\01-10-2026\observer-cupo-0aff32.png,Se seleccionaron una fecha y una hora disponibles.
observer-***-165339-3df41bba,2026-10-01 16:53:55,,available,normal,LIMA-LA VICTORIA,22/12/2026,09:00,20,,,,15.619,,,,,,,event_atomic,,screenshots\2026-10\01-10-2026\observer-cupo-4bcb9a.png,screenshots\2026-10\01-10-2026\observer-cupo-4bcb9a.png,Se seleccionaron una fecha y una hora disponibles.
observer-***-165425-ad44248a,2026-10-01 16:54:41,,available,normal,LIMA-LA VICTORIA,22/12/2026,09:00,20,,,,15.822,,,,,,,event_atomic,,screenshots\2026-10\01-10-2026\observer-cupo-5fc62e.png,screenshots\2026-10\01-10-2026\observer-cupo-5fc62e.png,Se seleccionaron una fecha y una hora disponibles.
observer-***-165512-36bee6ef,2026-10-01 16:55:27,,available,normal,LIMA-LA VICTORIA,22/12/2026,09:00,20,,,,15.746,,,,,,,event_atomic,,screenshots\2026-10\01-10-2026\observer-cupo-65287c.png,screenshots\2026-10\01-10-2026\observer-cupo-65287c.png,Se seleccionaron una fecha y una hora disponibles.
observer-***-165558-c1cdd56f,2026-10-01 16:56:13,,available,normal,LIMA-LA VICTORIA,22/12/2026,09:00,20,,,,15.462,,,,,,,event_atomic,,screenshots\2026-10\01-10-2026\observer-cupo-a7da4c.png,screenshots\2026-10\01-10-2026\observer-cupo-a7da4c.png,Se seleccionaron una fecha y una hora disponibles.
observer-***-165644-7ff0b85d,2026-10-01 16:56:59,,available,normal,LIMA-LA VICTORIA,22/12/2026,09:00,20,,,,15.668,,,,,,,event_atomic,,screenshots\2026-10\01-10-2026\observer-cupo-08f577.png,screenshots\2026-10\01-10-2026\observer-cupo-08f577.png,Se seleccionaron una fecha y una hora disponibles.
observer-***-165730-bdaa96ba,2026-10-01 16:57:45,,available,normal,LIMA-LA VICTORIA,22/12/2026,09:00,20,,,,15.495,,,,,,,event_atomic,,screenshots\2026-10\01-10-2026\observer-cupo-9a3d4c.png,screenshots\2026-10\01-10-2026\observer-cupo-9a3d4c.png,Se seleccionaron una fecha y una hora disponibles.
observer-***-165815-7d75d5a9,2026-10-01 16:58:31,,available,normal,LIMA-LA VICTORIA,22/12/2026,09:00,20,,,,15.526,,,,,,,event_atomic,,screenshots\2026-10\01-10-2026\observer-cupo-475ddb.png,screenshots\2026-10\01-10-2026\observer-cupo-475ddb.png,Se seleccionaron una fecha y una hora disponibles.
observer-***-165901-c0bd96eb,2026-10-01 16:59:16,,available,normal,LIMA-LA VICTORIA,22/12/2026,09:00,20,,,,15.026,,,,,,,event_atomic,,screenshots\2026-10\01-10-2026\observer-cupo-4fe283.png,screenshots\2026-10\01-10-2026\observer-cupo-4fe283.png,Se seleccionaron una fecha y una hora disponibles.
observer-***-165947-4b5440c1,2026-10-01 17:00:02,,available,normal,LIMA-LA VICTORIA,22/12/2026,09:00,20,,,,15.367,,,,,,,event_atomic,,screenshots\2026-10\01-10-2026\observer-cupo-891235.png,screenshots\2026-10\01-10-2026\observer-cupo-891235.png,Se seleccionaron una fecha y una hora disponibles.
observer-***-170032-7da5f85a,2026-10-01 17:00:48,,available,normal,LIMA-LA VICTORIA,22/12/2026,09:00,20,,,,15.152,,,,,,,event_atomic,,screenshots\2026-10\01-10-2026\observer-cupo-d836bd.png,screenshots\2026-10\01-10-2026\observer-cupo-d836bd.png,Se seleccionaron una fecha y una hora disponibles.
observer-***-170118-c9fde68d,2026-10-01 17:01:33,,available,normal,LIMA-LA VICTORIA,22/12/2026,09:00,20,,,,15.573,,,,,,,event_atomic,,screenshots\2026-10\01-10-2026\observer-cupo-7ba43a.png,screenshots\2026-10\01-10-2026\observer-cupo-7ba43a.png,Se seleccionaron una fecha y una hora disponibles.
observer-***-170204-796228c2,2026-10-01 17:02:19,,available,normal,LIMA-LA VICTORIA,22/12/2026,09:00,20,,,,15.498,,,,,,,event_atomic,,screenshots\2026-10\01-10-2026\observer-cupo-75d9c6.png,screenshots\2026-10\01-10-2026\observer-cupo-75d9c6.png,Se seleccionaron una fecha y una hora disponibles.
observer-***-170250-d8139212,2026-10-01 17:03:05,,available,normal,LIMA-LA VICTORIA,22/12/2026,09:00,20,,,,15.459,,,,,,,event_atomic,,screenshots\2026-10\01-10-2026\observer-cupo-0e1167.png,screenshots\2026-10\01-10-2026\observer-cupo-0e1167.png,Se seleccionaron una fecha y una hora disponibles.
observer-***-170335-23c6e7bb,2026-10-01 17:03:50,,available,normal,LIMA-LA VICTORIA,22/12/2026,09:00,20,,,,14.988,,,,,,,event_atomic,,screenshots\2026-10\01-10-2026\observer-cupo-b5a8f3.png,screenshots\2026-10\01-10-2026\observer-cupo-b5a8f3.png,Se seleccionaron una fecha y una hora disponibles.
observer-***-170421-961cc9bb,2026-10-01 17:04:36,,available,normal,LIMA-LA VICTORIA,22/12/2026,09:00,20,,,,15.431,,,,,,,event_atomic,,screenshots\2026-10\01-10-2026\observer-cupo-de0ef4.png,screenshots\2026-10\01-10-2026\observer-cupo-de0ef4.png,Se seleccionaron una fecha y una hora disponibles.
observer-***-170507-a8c35235,2026-10-01 17:05:22,,available,normal,LIMA-LA VICTORIA,22/12/2026,09:00,20,,,,15.319,,,,,,,event_atomic,,screenshots\2026-10\01-10-2026\observer-cupo-1209a8.png,screenshots\2026-10\01-10-2026\observer-cupo-1209a8.png,Se seleccionaron una fecha y una hora disponibles.
observer-***-170552-b11ceed6,2026-10-01 17:06:08,,available,normal,LIMA-LA VICTORIA,22/12/2026,09:00,20,,,,15.253,,,,,,,event_atomic,,screenshots\2026-10\01-10-2026\observer-cupo-520d57.png,screenshots\2026-10\01-10-2026\observer-cupo-520d57.png,Se seleccionaron una fecha y una hora disponibles.
observer-***-170638-b1ecaa56,2026-10-01 17:06:54,,available,normal,LIMA-LA VICTORIA,22/12/2026,09:00,20,,,,16.410,,,,,,,event_atomic,,screenshots\2026-10\01-10-2026\observer-cupo-00bb3f.png,screenshots\2026-10\01-10-2026\observer-cupo-00bb3f.png,Se seleccionaron una fecha y una hora disponibles.
observer-***-170725-69583fb0,2026-10-01 17:07:41,,available,normal,LIMA-LA VICTORIA,22/12/2026,09:00,20,,,,16.050,,,,,,,event_atomic,,screenshots\2026-10\01-10-2026\observer-cupo-a00edc.png,screenshots\2026-10\01-10-2026\observer-cupo-a00edc.png,Se seleccionaron una fecha y una hora disponibles.
observer-***-170811-9ad2fc27,2026-10-01 17:08:26,,available,normal,LIMA-LA VICTORIA,22/12/2026,09:00,20,,,,15.187,,,,,,,event_atomic,,screenshots\2026-10\01-10-2026\observer-cupo-b5dfe2.png,screenshots\2026-10\01-10-2026\observer-cupo-b5dfe2.png,Se seleccionaron una fecha y una hora disponibles.
observer-***-170857-6bb7bc81,2026-10-01 17:09:12,,available,normal,LIMA-LA VICTORIA,22/12/2026,09:00,20,,,,15.360,,,,,,,event_atomic,,screenshots\2026-10\01-10-2026\observer-cupo-ce89fd.png,screenshots\2026-10\01-10-2026\observer-cupo-ce89fd.png,Se seleccionaron una fecha y una hora disponibles.
observer-***-170943-61d5507e,2026-10-01 17:09:58,,available,normal,LIMA-LA VICTORIA,22/12/2026,09:00,20,,,,15.318,,,,,,,event_atomic,,screenshots\2026-10\01-10-2026\observer-cupo-82ec32.png,screenshots\2026-10\01-10-2026\observer-cupo-82ec32.png,Se seleccionaron una fecha y una hora disponibles.
observer-***-171028-2c4d0d87,2026-10-01 17:10:43,,available,normal,LIMA-LA VICTORIA,22/12/2026,09:00,20,,,,15.200,,,,,,,event_atomic,,screenshots\2026-10\01-10-2026\observer-cupo-82d976.png,screenshots\2026-10\01-10-2026\observer-cupo-82d976.png,Se seleccionaron una fecha y una hora disponibles.
observer-***-171114-e8bd2fef,2026-10-01 17:11:29,,available,normal,LIMA-LA VICTORIA,22/12/2026,09:00,20,,,,15.212,,,,,,,event_atomic,,screenshots\2026-10\01-10-2026\observer-cupo-085f6a.png,screenshots\2026-10\01-10-2026\observer-cupo-085f6a.png,Se seleccionaron una fecha y una hora disponibles.
observer-***-171159-13affaa3,2026-10-01 17:12:15,,available,normal,LIMA-LA VICTORIA,22/12/2026,09:00,20,,,,15.296,,,,,,,event_atomic,,screenshots\2026-10\01-10-2026\observer-cupo-d55ed5.png,screenshots\2026-10\01-10-2026\observer-cupo-d55ed5.png,Se seleccionaron una fecha y una hora disponibles.
observer-***-171245-7252fc14,2026-10-01 17:13:01,,available,normal,LIMA-LA VICTORIA,22/12/2026,09:00,20,,,,15.667,,,,,,,event_atomic,,screenshots\2026-10\01-10-2026\observer-cupo-7761ec.png,screenshots\2026-10\01-10-2026\observer-cupo-7761ec.png,Se seleccionaron una fecha y una hora disponibles.
observer-***-171331-82cd737a,2026-10-01 17:13:46,,available,normal,LIMA-LA VICTORIA,22/12/2026,09:00,20,,,,15.032,,,,,,,event_atomic,,screenshots\2026-10\01-10-2026\observer-cupo-bd88a5.png,screenshots\2026-10\01-10-2026\observer-cupo-bd88a5.png,Se seleccionaron una fecha y una hora disponibles.
observer-***-171416-7103469c,2026-10-01 17:14:32,,available,normal,LIMA-LA VICTORIA,22/12/2026,09:00,20,,,,15.395,,,,,,,event_atomic,,screenshots\2026-10\01-10-2026\observer-cupo-441fe9.png,screenshots\2026-10\01-10-2026\observer-cupo-441fe9.png,Se seleccionaron una fecha y una hora disponibles.
observer-***-171502-37b6a593,2026-10-01 17:15:18,,available,normal,LIMA-LA VICTORIA,22/12/2026,09:00,20,,,,16.049,,,,,,,event_atomic,,screenshots\2026-10\01-10-2026\observer-cupo-b2ff22.png,screenshots\2026-10\01-10-2026\observer-cupo-b2ff22.png,Se seleccionaron una fecha y una hora disponibles.
observer-***-171549-0dc814a4,2026-10-01 17:16:05,,available,normal,LIMA-LA VICTORIA,22/12/2026,09:00,20,,,,16.031,,,,,,,event_atomic,,screenshots\2026-10\01-10-2026\observer-cupo-b7ed8a.png,screenshots\2026-10\01-10-2026\observer-cupo-b7ed8a.png,Se seleccionaron una fecha y una hora disponibles.
observer-***-171635-eba83338,2026-10-01 17:16:50,,available,normal,LIMA-LA VICTORIA,22/12/2026,09:00,20,,,,15.347,,,,,,,event_atomic,,screenshots\2026-10\01-10-2026\observer-cupo-b9663d.png,screenshots\2026-10\01-10-2026\observer-cupo-b9663d.png,Se seleccionaron una fecha y una hora disponibles.
observer-***-171721-96c8968b,2026-10-01 17:17:36,,available,normal,LIMA-LA VICTORIA,22/12/2026,09:00,20,,,,15.215,,,,,,,event_atomic,,screenshots\2026-10\01-10-2026\observer-cupo-241545.png,screenshots\2026-10\01-10-2026\observer-cupo-241545.png,Se seleccionaron una fecha y una hora disponibles.
observer-***-171806-50e87abe,2026-10-01 17:18:22,,available,normal,LIMA-LA VICTORIA,22/12/2026,09:00,20,,,,15.689,,,,,,,event_atomic,,screenshots\2026-10\01-10-2026\observer-cupo-61ddb0.png,screenshots\2026-10\01-10-2026\observer-cupo-61ddb0.png,Se seleccionaron una fecha y una hora disponibles.
observer-***-171852-e94fbf06,2026-10-01 17:19:08,,available,normal,LIMA-LA VICTORIA,22/12/2026,09:00,20,,,,15.579,,,,,,,event_atomic,,screenshots\2026-10\01-10-2026\observer-cupo-413044.png,screenshots\2026-10\01-10-2026\observer-cupo-413044.png,Se seleccionaron una fecha y una hora disponibles.
observer-***-171938-63ce1a3b,2026-10-01 17:19:54,,available,normal,LIMA-LA VICTORIA,22/12/2026,09:00,20,,,,15.429,,,,,,,event_atomic,,screenshots\2026-10\01-10-2026\observer-cupo-a9fb9f.png,screenshots\2026-10\01-10-2026\observer-cupo-a9fb9f.png,Se seleccionaron una fecha y una hora disponibles.
observer-***-172024-a1ebae60,2026-10-01 17:20:39,,available,normal,LIMA-LA VICTORIA,22/12/2026,09:00,20,,,,15.325,,,,,,,event_atomic,,screenshots\2026-10\01-10-2026\observer-cupo-a3ddd4.png,screenshots\2026-10\01-10-2026\observer-cupo-a3ddd4.png,Se seleccionaron una fecha y una hora disponibles.
observer-***-172110-8cdf682a,2026-10-01 17:21:25,,available,normal,LIMA-LA VICTORIA,22/12/2026,09:00,20,,,,15.529,,,,,,,event_atomic,,screenshots\2026-10\01-10-2026\observer-cupo-385e74.png,screenshots\2026-10\01-10-2026\observer-cupo-385e74.png,Se seleccionaron una fecha y una hora disponibles.
observer-***-172156-b5fb0731,2026-10-01 17:22:11,,available,normal,LIMA-LA VICTORIA,22/12/2026,09:00,20,,,,15.414,,,,,,,event_atomic,,screenshots\2026-10\01-10-2026\observer-cupo-bbdcd8.png,screenshots\2026-10\01-10-2026\observer-cupo-bbdcd8.png,Se seleccionaron una fecha y una hora disponibles.
observer-***-172241-172e85d0,2026-10-01 17:22:57,,available,normal,LIMA-LA VICTORIA,22/12/2026,09:00,20,,,,15.426,,,,,,,event_atomic,,screenshots\2026-10\01-10-2026\observer-cupo-b60f90.png,screenshots\2026-10\01-10-2026\observer-cupo-b60f90.png,Se seleccionaron una fecha y una hora disponibles.
observer-***-172327-406c096d,2026-10-01 17:23:40,,available,normal,LIMA-LA VICTORIA,22/12/2026,09:00,20,,,,12.455,,,,,,,event_atomic,,screenshots\2026-10\01-10-2026\observer-cupo-59466d.png,screenshots\2026-10\01-10-2026\observer-cupo-59466d.png,Se seleccionaron una fecha y una hora disponibles.
observer-***-172410-c958c426,2026-10-01 17:24:25,,available,normal,LIMA-LA VICTORIA,22/12/2026,09:00,20,,,,15.281,,,,,,,event_atomic,,screenshots\2026-10\01-10-2026\observer-cupo-818763.png,screenshots\2026-10\01-10-2026\observer-cupo-818763.png,Se seleccionaron una fecha y una hora disponibles.
observer-***-172456-2b8f468b,2026-10-01 17:25:13,,available,normal,LIMA-LA VICTORIA,22/12/2026,09:00,20,,,,17.637,,,,,,,event_atomic,,screenshots\2026-10\01-10-2026\observer-cupo-f0e677.png,screenshots\2026-10\01-10-2026\observer-cupo-f0e677.png,Se seleccionaron una fecha y una hora disponibles.
observer-***-172544-874b5869,2026-10-01 17:25:59,,available,normal,LIMA-LA VICTORIA,22/12/2026,09:00,20,,,,15.554,,,,,,,event_atomic,,screenshots\2026-10\01-10-2026\observer-cupo-e5f697.png,screenshots\2026-10\01-10-2026\observer-cupo-e5f697.png,Se seleccionaron una fecha y una hora disponibles.
observer-***-172630-a6b8eaa0,2026-10-01 17:26:45,,available,normal,LIMA-LA VICTORIA,22/12/2026,09:00,20,,,,15.414,,,,,,,event_atomic,,screenshots\2026-10\01-10-2026\observer-cupo-b5db33.png,screenshots\2026-10\01-10-2026\observer-cupo-b5db33.png,Se seleccionaron una fecha y una hora disponibles.
observer-***-172715-f060685a,2026-10-01 17:27:31,,available,normal,LIMA-LA VICTORIA,22/12/2026,09:00,20,,,,15.940,,,,,,,event_atomic,,screenshots\2026-10\01-10-2026\observer-cupo-418309.png,screenshots\2026-10\01-10-2026\observer-cupo-418309.png,Se seleccionaron una fecha y una hora disponibles.
observer-***-172802-28e2deb9,2026-10-01 17:28:17,,available,normal,LIMA-LA VICTORIA,22/12/2026,09:00,20,,,,15.279,,,,,,,event_atomic,,screenshots\2026-10\01-10-2026\observer-cupo-cbba59.png,screenshots\2026-10\01-10-2026\observer-cupo-cbba59.png,Se seleccionaron una fecha y una hora disponibles.
observer-***-172847-a5001a54,2026-10-01 17:29:03,,available,normal,LIMA-LA VICTORIA,22/12/2026,09:00,20,,,,15.969,,,,,,,event_atomic,,screenshots\2026-10\01-10-2026\observer-cupo-4834cc.png,screenshots\2026-10\01-10-2026\observer-cupo-4834cc.png,Se seleccionaron una fecha y una hora disponibles.
observer-***-172934-e08cd9d9,2026-10-01 17:29:49,,available,normal,LIMA-LA VICTORIA,22/12/2026,09:00,20,,,,15.702,,,,,,,event_atomic,,screenshots\2026-10\01-10-2026\observer-cupo-ef470d.png,screenshots\2026-10\01-10-2026\observer-cupo-ef470d.png,Se seleccionaron una fecha y una hora disponibles.
observer-***-173020-2f2dda02,2026-10-01 17:30:35,,available,normal,LIMA-LA VICTORIA,22/12/2026,09:00,20,,,,15.446,,,,,,,event_atomic,,screenshots\2026-10\01-10-2026\observer-cupo-35e6fb.png,screenshots\2026-10\01-10-2026\observer-cupo-35e6fb.png,Se seleccionaron una fecha y una hora disponibles.
observer-***-173106-acf0a867,2026-10-01 17:31:21,,available,normal,LIMA-LA VICTORIA,22/12/2026,09:00,20,,,,15.464,,,,,,,event_atomic,,screenshots\2026-10\01-10-2026\observer-cupo-64a236.png,screenshots\2026-10\01-10-2026\observer-cupo-64a236.png,Se seleccionaron una fecha y una hora disponibles.
observer-***-173151-c7e65736,2026-10-01 17:32:07,,available,normal,LIMA-LA VICTORIA,22/12/2026,09:00,20,,,,15.806,,,,,,,event_atomic,,screenshots\2026-10\01-10-2026\observer-cupo-c3c2c9.png,screenshots\2026-10\01-10-2026\observer-cupo-c3c2c9.png,Se seleccionaron una fecha y una hora disponibles.
observer-***-173238-5d416b65,2026-10-01 17:32:54,,available,normal,LIMA-LA VICTORIA,22/12/2026,09:00,20,,,,16.530,,,,,,,event_atomic,,screenshots\2026-10\01-10-2026\observer-cupo-0a2a4b.png,screenshots\2026-10\01-10-2026\observer-cupo-0a2a4b.png,Se seleccionaron una fecha y una hora disponibles.
observer-***-173325-8d5b84ab,2026-10-01 17:33:40,,available,normal,LIMA-LA VICTORIA,22/12/2026,09:00,20,,,,15.267,,,,,,,event_atomic,,screenshots\2026-10\01-10-2026\observer-cupo-61363b.png,screenshots\2026-10\01-10-2026\observer-cupo-61363b.png,Se seleccionaron una fecha y una hora disponibles.
observer-***-173410-d1215ca2,2026-10-01 17:34:26,,available,normal,LIMA-LA VICTORIA,22/12/2026,09:00,20,,,,16.146,,,,,,,event_atomic,,screenshots\2026-10\01-10-2026\observer-cupo-1c272d.png,screenshots\2026-10\01-10-2026\observer-cupo-1c272d.png,Se seleccionaron una fecha y una hora disponibles.
observer-***-173457-951fb2ca,2026-10-01 17:35:14,,available,normal,LIMA-LA VICTORIA,22/12/2026,09:00,20,,,,16.788,,,,,,,event_atomic,,screenshots\2026-10\01-10-2026\observer-cupo-698721.png,screenshots\2026-10\01-10-2026\observer-cupo-698721.png,Se seleccionaron una fecha y una hora disponibles.
observer-***-173544-c6360ff3,2026-10-01 17:35:59,,available,normal,LIMA-LA VICTORIA,22/12/2026,09:00,20,,,,15.375,,,,,,,event_atomic,,screenshots\2026-10\01-10-2026\observer-cupo-76f7dd.png,screenshots\2026-10\01-10-2026\observer-cupo-76f7dd.png,Se seleccionaron una fecha y una hora disponibles.
observer-***-173630-36092b83,2026-10-01 17:36:45,,available,normal,LIMA-LA VICTORIA,22/12/2026,09:00,20,,,,15.244,,,,,,,event_atomic,,screenshots\2026-10\01-10-2026\observer-cupo-0d37ca.png,screenshots\2026-10\01-10-2026\observer-cupo-0d37ca.png,Se seleccionaron una fecha y una hora disponibles.
observer-***-173715-73127b72,2026-10-01 17:37:30,,available,normal,LIMA-LA VICTORIA,22/12/2026,09:00,20,,,,15.097,,,,,,,event_atomic,,screenshots\2026-10\01-10-2026\observer-cupo-cec055.png,screenshots\2026-10\01-10-2026\observer-cupo-cec055.png,Se seleccionaron una fecha y una hora disponibles.
observer-***-173801-caf56fc7,2026-10-01 17:38:16,,available,normal,LIMA-LA VICTORIA,22/12/2026,09:00,20,,,,15.320,,,,,,,event_atomic,,screenshots\2026-10\01-10-2026\observer-cupo-c0c824.png,screenshots\2026-10\01-10-2026\observer-cupo-c0c824.png,Se seleccionaron una fecha y una hora disponibles.
observer-***-173847-064dfed4,2026-10-01 17:39:03,,available,normal,LIMA-LA VICTORIA,22/12/2026,09:00,20,,,,16.513,,,,,,,event_atomic,,screenshots\2026-10\01-10-2026\observer-cupo-128dba.png,screenshots\2026-10\01-10-2026\observer-cupo-128dba.png,Se seleccionaron una fecha y una hora disponibles.
observer-***-173933-41560b1c,2026-10-01 17:39:49,,available,normal,LIMA-LA VICTORIA,22/12/2026,09:00,20,,,,15.045,,,,,,,event_atomic,,screenshots\2026-10\01-10-2026\observer-cupo-d7b3dc.png,screenshots\2026-10\01-10-2026\observer-cupo-d7b3dc.png,Se seleccionaron una fecha y una hora disponibles.
observer-***-174019-0c9c2841,2026-10-01 17:40:34,,available,normal,LIMA-LA VICTORIA,22/12/2026,09:00,20,,,,15.011,,,,,,,event_atomic,,screenshots\2026-10\01-10-2026\observer-cupo-8dbf14.png,screenshots\2026-10\01-10-2026\observer-cupo-8dbf14.png,Se seleccionaron una fecha y una hora disponibles.
observer-***-174104-cd9a0949,2026-10-01 17:41:19,,available,normal,LIMA-LA VICTORIA,22/12/2026,09:00,20,,,,15.001,,,,,,,event_atomic,,screenshots\2026-10\01-10-2026\observer-cupo-3c4874.png,screenshots\2026-10\01-10-2026\observer-cupo-3c4874.png,Se seleccionaron una fecha y una hora disponibles.
observer-***-174150-15434dcc,2026-10-01 17:42:05,,available,normal,LIMA-LA VICTORIA,22/12/2026,09:00,20,,,,15.805,,,,,,,event_atomic,,screenshots\2026-10\01-10-2026\observer-cupo-662d2f.png,screenshots\2026-10\01-10-2026\observer-cupo-662d2f.png,Se seleccionaron una fecha y una hora disponibles.
observer-***-174236-40cbb87b,2026-10-01 17:42:51,,available,normal,LIMA-LA VICTORIA,22/12/2026,09:00,20,,,,15.205,,,,,,,event_atomic,,screenshots\2026-10\01-10-2026\observer-cupo-ed7e5d.png,screenshots\2026-10\01-10-2026\observer-cupo-ed7e5d.png,Se seleccionaron una fecha y una hora disponibles.
observer-***-174321-2977f064,2026-10-01 17:43:38,,available,normal,LIMA-LA VICTORIA,22/12/2026,10:00,20,,,,16.859,,,,,,,event_atomic,,screenshots\2026-10\01-10-2026\observer-cupo-cd7945.png,screenshots\2026-10\01-10-2026\observer-cupo-cd7945.png,Se seleccionaron una fecha y una hora disponibles.
observer-***-174410-19d43254,2026-10-01 17:44:27,,available,normal,LIMA-LA VICTORIA,22/12/2026,10:00,20,,,,16.088,,,,,,,event_atomic,,screenshots\2026-10\01-10-2026\observer-cupo-3e3276.png,screenshots\2026-10\01-10-2026\observer-cupo-3e3276.png,Se seleccionaron una fecha y una hora disponibles.
observer-***-174459-3443e27f,2026-10-01 17:45:16,,available,normal,LIMA-LA VICTORIA,22/12/2026,10:00,20,,,,17.041,,,,,,,event_atomic,,screenshots\2026-10\01-10-2026\observer-cupo-466c6f.png,screenshots\2026-10\01-10-2026\observer-cupo-466c6f.png,Se seleccionaron una fecha y una hora disponibles.
observer-***-174546-b6615530,2026-10-01 17:46:02,,available,normal,LIMA-LA VICTORIA,22/12/2026,10:00,20,,,,16.372,,,,,,,event_atomic,,screenshots\2026-10\01-10-2026\observer-cupo-1c04ee.png,screenshots\2026-10\01-10-2026\observer-cupo-1c04ee.png,Se seleccionaron una fecha y una hora disponibles.
observer-***-174633-446c34b5,2026-10-01 17:46:51,,available,normal,LIMA-LA VICTORIA,22/12/2026,10:00,20,,,,17.652,,,,,,,legacy_fallback,,screenshots\2026-10\01-10-2026\observer-cupo-6ba09f.png,screenshots\2026-10\01-10-2026\observer-cupo-6ba09f.png,Se seleccionaron una fecha y una hora disponibles.
observer-***-174721-eab61095,2026-10-01 17:47:37,,available,normal,LIMA-LA VICTORIA,22/12/2026,10:00,20,,,,15.466,,,,,,,event_atomic,,screenshots\2026-10\01-10-2026\observer-cupo-f5c286.png,screenshots\2026-10\01-10-2026\observer-cupo-f5c286.png,Se seleccionaron una fecha y una hora disponibles.
observer-***-174807-5261f3b3,2026-10-01 17:48:24,,available,normal,LIMA-LA VICTORIA,22/12/2026,10:00,20,,,,16.480,,,,,,,event_atomic,,screenshots\2026-10\01-10-2026\observer-cupo-498911.png,screenshots\2026-10\01-10-2026\observer-cupo-498911.png,Se seleccionaron una fecha y una hora disponibles.
observer-***-174854-483a7239,2026-10-01 17:49:10,,available,normal,LIMA-LA VICTORIA,22/12/2026,10:00,20,,,,15.745,,,,,,,event_atomic,,screenshots\2026-10\01-10-2026\observer-cupo-09a623.png,screenshots\2026-10\01-10-2026\observer-cupo-09a623.png,Se seleccionaron una fecha y una hora disponibles.
observer-***-174940-48abf555,2026-10-01 17:49:55,,available,normal,LIMA-LA VICTORIA,22/12/2026,10:00,20,,,,15.443,,,,,,,event_atomic,,screenshots\2026-10\01-10-2026\observer-cupo-489b5d.png,screenshots\2026-10\01-10-2026\observer-cupo-489b5d.png,Se seleccionaron una fecha y una hora disponibles.
observer-***-175026-***,2026-10-01 17:50:42,,available,normal,LIMA-LA VICTORIA,22/12/2026,10:00,20,,,,15.570,,,,,,,event_atomic,,screenshots\2026-10\01-10-2026\observer-cupo-661ac2.png,screenshots\2026-10\01-10-2026\observer-cupo-661ac2.png,Se seleccionaron una fecha y una hora disponibles.
observer-***-175112-a79582ec,2026-10-01 17:51:28,,available,normal,LIMA-LA VICTORIA,22/12/2026,10:00,20,,,,15.718,,,,,,,event_atomic,,screenshots\2026-10\01-10-2026\observer-cupo-f5f718.png,screenshots\2026-10\01-10-2026\observer-cupo-f5f718.png,Se seleccionaron una fecha y una hora disponibles.
observer-***-175158-8bb47fca,2026-10-01 17:52:14,,available,normal,LIMA-LA VICTORIA,22/12/2026,10:00,20,,,,15.798,,,,,,,event_atomic,,screenshots\2026-10\01-10-2026\observer-cupo-839fe8.png,screenshots\2026-10\01-10-2026\observer-cupo-839fe8.png,Se seleccionaron una fecha y una hora disponibles.
observer-***-175244-009acf77,2026-10-01 17:53:00,,available,normal,LIMA-LA VICTORIA,22/12/2026,10:00,20,,,,15.522,,,,,,,event_atomic,,screenshots\2026-10\01-10-2026\observer-cupo-0a9a43.png,screenshots\2026-10\01-10-2026\observer-cupo-0a9a43.png,Se seleccionaron una fecha y una hora disponibles.
observer-***-175330-afb03b61,2026-10-01 17:53:46,,available,normal,LIMA-LA VICTORIA,22/12/2026,10:00,20,,,,15.744,,,,,,,event_atomic,,screenshots\2026-10\01-10-2026\observer-cupo-9323b7.png,screenshots\2026-10\01-10-2026\observer-cupo-9323b7.png,Se seleccionaron una fecha y una hora disponibles.
observer-***-175416-8d322a12,2026-10-01 17:54:32,,available,normal,LIMA-LA VICTORIA,22/12/2026,10:00,20,,,,15.722,,,,,,,event_atomic,,screenshots\2026-10\01-10-2026\observer-cupo-d52c1e.png,screenshots\2026-10\01-10-2026\observer-cupo-d52c1e.png,Se seleccionaron una fecha y una hora disponibles.
observer-***-175503-cd14a987,2026-10-01 17:55:18,,available,normal,LIMA-LA VICTORIA,22/12/2026,10:00,20,,,,15.850,,,,,,,event_atomic,,screenshots\2026-10\01-10-2026\observer-cupo-60153d.png,screenshots\2026-10\01-10-2026\observer-cupo-60153d.png,Se seleccionaron una fecha y una hora disponibles.
observer-***-175549-40024ef8,2026-10-01 17:56:04,,available,normal,LIMA-LA VICTORIA,22/12/2026,10:00,20,,,,15.401,,,,,,,event_atomic,,screenshots\2026-10\01-10-2026\observer-cupo-33fbb8.png,screenshots\2026-10\01-10-2026\observer-cupo-33fbb8.png,Se seleccionaron una fecha y una hora disponibles.
observer-***-175635-9a42f923,2026-10-01 17:56:50,,available,normal,LIMA-LA VICTORIA,22/12/2026,10:00,20,,,,15.823,,,,,,,event_atomic,,screenshots\2026-10\01-10-2026\observer-cupo-3af571.png,screenshots\2026-10\01-10-2026\observer-cupo-3af571.png,Se seleccionaron una fecha y una hora disponibles.
observer-***-175721-b9441640,2026-10-01 17:57:36,,available,normal,LIMA-LA VICTORIA,22/12/2026,10:00,20,,,,15.258,,,,,,,event_atomic,,screenshots\2026-10\01-10-2026\observer-cupo-550775.png,screenshots\2026-10\01-10-2026\observer-cupo-550775.png,Se seleccionaron una fecha y una hora disponibles.
observer-***-175806-1fa6b99d,2026-10-01 17:58:22,,available,normal,LIMA-LA VICTORIA,22/12/2026,10:00,20,,,,15.119,,,,,,,event_atomic,,screenshots\2026-10\01-10-2026\observer-cupo-4892d9.png,screenshots\2026-10\01-10-2026\observer-cupo-4892d9.png,Se seleccionaron una fecha y una hora disponibles.
observer-***-175852-1880f3e6,2026-10-01 17:59:07,,available,normal,LIMA-LA VICTORIA,22/12/2026,10:00,20,,,,15.299,,,,,,,event_atomic,,screenshots\2026-10\01-10-2026\observer-cupo-c06cc2.png,screenshots\2026-10\01-10-2026\observer-cupo-c06cc2.png,Se seleccionaron una fecha y una hora disponibles.
observer-***-175938-5c031c57,2026-10-01 17:59:53,,available,normal,LIMA-LA VICTORIA,22/12/2026,10:00,20,,,,15.303,,,,,,,event_atomic,,screenshots\2026-10\01-10-2026\observer-cupo-0a6e21.png,screenshots\2026-10\01-10-2026\observer-cupo-0a6e21.png,Se seleccionaron una fecha y una hora disponibles.
observer-***-094526-152631ac,2026-10-02 09:45:51,,available,normal,LIMA-LA VICTORIA,23/12/2026,11:00,20,,,,24.853,,,,,,,event_atomic,,screenshots\2026-10\02-10-2026\observer-cupo-09e5e4.png,screenshots\2026-10\02-10-2026\observer-cupo-09e5e4.png,Se seleccionaron una fecha y una hora disponibles.
observer-***-094624-e270f145,2026-10-02 09:46:44,,available,normal,LIMA-LA VICTORIA,23/12/2026,11:00,20,,,,20.705,,,,,,,event_atomic,,screenshots\2026-10\02-10-2026\observer-cupo-54e38c.png,screenshots\2026-10\02-10-2026\observer-cupo-54e38c.png,Se seleccionaron una fecha y una hora disponibles.
observer-***-094715-36133a61,2026-10-02 09:47:36,,available,normal,LIMA-LA VICTORIA,23/12/2026,11:00,20,,,,20.636,,,,,,,event_atomic,,screenshots\2026-10\02-10-2026\observer-cupo-109001.png,screenshots\2026-10\02-10-2026\observer-cupo-109001.png,Se seleccionaron una fecha y una hora disponibles.
observer-***-094806-69d814ed,2026-10-02 09:48:26,,available,normal,LIMA-LA VICTORIA,23/12/2026,11:00,20,,,,20.399,,,,,,,event_atomic,,screenshots\2026-10\02-10-2026\observer-cupo-bd6345.png,screenshots\2026-10\02-10-2026\observer-cupo-bd6345.png,Se seleccionaron una fecha y una hora disponibles.
observer-***-094857-b3b15415,2026-10-02 09:49:17,,available,normal,LIMA-LA VICTORIA,23/12/2026,11:00,20,,,,20.158,,,,,,,event_atomic,,screenshots\2026-10\02-10-2026\observer-cupo-f33fb7.png,screenshots\2026-10\02-10-2026\observer-cupo-f33fb7.png,Se seleccionaron una fecha y una hora disponibles.
observer-***-094947-72a5c6af,2026-10-02 09:50:04,,available,normal,LIMA-LA VICTORIA,23/12/2026,11:00,20,,,,17.100,,,,,,,event_atomic,,screenshots\2026-10\02-10-2026\observer-cupo-25ad67.png,screenshots\2026-10\02-10-2026\observer-cupo-25ad67.png,Se seleccionaron una fecha y una hora disponibles.
observer-***-095035-c01c56db,2026-10-02 09:50:49,,available,normal,LIMA-LA VICTORIA,23/12/2026,11:00,20,,,,14.843,,,,,,,event_atomic,,screenshots\2026-10\02-10-2026\observer-cupo-e90ee5.png,screenshots\2026-10\02-10-2026\observer-cupo-e90ee5.png,Se seleccionaron una fecha y una hora disponibles.
observer-***-095120-4f79763b,2026-10-02 09:51:34,,available,normal,LIMA-LA VICTORIA,23/12/2026,11:00,20,,,,14.555,,,,,,,event_atomic,,screenshots\2026-10\02-10-2026\observer-cupo-62b87f.png,screenshots\2026-10\02-10-2026\observer-cupo-62b87f.png,Se seleccionaron una fecha y una hora disponibles.
observer-***-095205-72a5ca12,2026-10-02 09:52:19,,available,normal,LIMA-LA VICTORIA,23/12/2026,11:00,20,,,,14.822,,,,,,,event_atomic,,screenshots\2026-10\02-10-2026\observer-cupo-4d46c4.png,screenshots\2026-10\02-10-2026\observer-cupo-4d46c4.png,Se seleccionaron una fecha y una hora disponibles.
observer-***-095250-7677f9ec,2026-10-02 09:53:04,,available,normal,LIMA-LA VICTORIA,23/12/2026,11:00,20,,,,14.539,,,,,,,event_atomic,,screenshots\2026-10\02-10-2026\observer-cupo-fdb66d.png,screenshots\2026-10\02-10-2026\observer-cupo-fdb66d.png,Se seleccionaron una fecha y una hora disponibles.
observer-***-095334-287198a3,2026-10-02 09:53:49,,available,normal,LIMA-LA VICTORIA,23/12/2026,11:00,20,,,,14.819,,,,,,,event_atomic,,screenshots\2026-10\02-10-2026\observer-cupo-28240c.png,screenshots\2026-10\02-10-2026\observer-cupo-28240c.png,Se seleccionaron una fecha y una hora disponibles.
observer-***-095420-2c8bd84e,2026-10-02 09:54:34,,available,normal,LIMA-LA VICTORIA,23/12/2026,11:00,20,,,,14.709,,,,,,,event_atomic,,screenshots\2026-10\02-10-2026\observer-cupo-0f995e.png,screenshots\2026-10\02-10-2026\observer-cupo-0f995e.png,Se seleccionaron una fecha y una hora disponibles.
observer-***-095505-48df8ecd,2026-10-02 09:55:20,,available,normal,LIMA-LA VICTORIA,23/12/2026,11:00,20,,,,14.863,,,,,,,event_atomic,,screenshots\2026-10\02-10-2026\observer-cupo-f6389c.png,screenshots\2026-10\02-10-2026\observer-cupo-f6389c.png,Se seleccionaron una fecha y una hora disponibles.
observer-***-095550-3385eae2,2026-10-02 09:56:05,,available,normal,LIMA-LA VICTORIA,23/12/2026,12:00,20,,,,15.219,,,,,,,event_atomic,,screenshots\2026-10\02-10-2026\observer-cupo-4ff9ba.png,screenshots\2026-10\02-10-2026\observer-cupo-4ff9ba.png,Se seleccionaron una fecha y una hora disponibles.
observer-***-095638-83c1dadd,2026-10-02 09:56:54,,available,normal,LIMA-LA VICTORIA,23/12/2026,12:00,20,,,,16.449,,,,,,,event_atomic,,screenshots\2026-10\02-10-2026\observer-cupo-6de727.png,screenshots\2026-10\02-10-2026\observer-cupo-6de727.png,Se seleccionaron una fecha y una hora disponibles.
observer-***-095725-7f7eb2ad,2026-10-02 09:57:45,,available,normal,LIMA-LA VICTORIA,23/12/2026,12:00,20,,,,20.246,,,,,,,event_atomic,,screenshots\2026-10\02-10-2026\observer-cupo-57cf0a.png,screenshots\2026-10\02-10-2026\observer-cupo-57cf0a.png,Se seleccionaron una fecha y una hora disponibles.
observer-***-095817-dbd8b733,2026-10-02 09:58:33,,available,normal,LIMA-LA VICTORIA,23/12/2026,12:00,20,,,,16.011,,,,,,,event_atomic,,screenshots\2026-10\02-10-2026\observer-cupo-f08db6.png,screenshots\2026-10\02-10-2026\observer-cupo-f08db6.png,Se seleccionaron una fecha y una hora disponibles.
observer-***-095903-cbae8075,2026-10-02 09:59:19,,available,normal,LIMA-LA VICTORIA,23/12/2026,12:00,20,,,,15.818,,,,,,,event_atomic,,screenshots\2026-10\02-10-2026\observer-cupo-a07fa2.png,screenshots\2026-10\02-10-2026\observer-cupo-a07fa2.png,Se seleccionaron una fecha y una hora disponibles.
observer-***-095949-69874b30,2026-10-02 10:00:06,,available,normal,LIMA-LA VICTORIA,23/12/2026,12:00,20,,,,16.541,,,,,,,event_atomic,,screenshots\2026-10\02-10-2026\observer-cupo-e799c0.png,screenshots\2026-10\02-10-2026\observer-cupo-e799c0.png,Se seleccionaron una fecha y una hora disponibles.
observer-***-100036-8d5cdb0b,2026-10-02 10:00:51,,available,normal,LIMA-LA VICTORIA,23/12/2026,12:00,20,,,,15.251,,,,,,,event_atomic,,screenshots\2026-10\02-10-2026\observer-cupo-9665a4.png,screenshots\2026-10\02-10-2026\observer-cupo-9665a4.png,Se seleccionaron una fecha y una hora disponibles.
observer-***-100122-57a1f198,2026-10-02 10:01:37,,available,normal,LIMA-LA VICTORIA,23/12/2026,12:00,20,,,,14.876,,,,,,,event_atomic,,screenshots\2026-10\02-10-2026\observer-cupo-4f9d7b.png,screenshots\2026-10\02-10-2026\observer-cupo-4f9d7b.png,Se seleccionaron una fecha y una hora disponibles.
observer-***-100207-d0079062,2026-10-02 10:02:23,,available,normal,LIMA-LA VICTORIA,23/12/2026,12:00,20,,,,15.978,,,,,,,event_atomic,,screenshots\2026-10\02-10-2026\observer-cupo-a9ab36.png,screenshots\2026-10\02-10-2026\observer-cupo-a9ab36.png,Se seleccionaron una fecha y una hora disponibles.
observer-***-100253-ea359b34,2026-10-02 10:03:25,,available,normal,LIMA-LA VICTORIA,23/12/2026,12:00,20,,,,31.142,,,,,,,event_atomic,,screenshots\2026-10\02-10-2026\observer-cupo-84861f.png,screenshots\2026-10\02-10-2026\observer-cupo-84861f.png,Se seleccionaron una fecha y una hora disponibles.
observer-***-100355-2774df1f,2026-10-02 10:04:10,,available,normal,LIMA-LA VICTORIA,23/12/2026,12:00,20,,,,14.882,,,,,,,event_atomic,,screenshots\2026-10\02-10-2026\observer-cupo-8c557b.png,screenshots\2026-10\02-10-2026\observer-cupo-8c557b.png,Se seleccionaron una fecha y una hora disponibles.
observer-***-100440-***,2026-10-02 10:04:56,,available,normal,LIMA-LA VICTORIA,23/12/2026,12:00,20,,,,16.235,,,,,,,event_atomic,,screenshots\2026-10\02-10-2026\observer-cupo-bbaf3e.png,screenshots\2026-10\02-10-2026\observer-cupo-bbaf3e.png,Se seleccionaron una fecha y una hora disponibles.
observer-***-100527-1321788d,2026-10-02 10:05:42,,available,normal,LIMA-LA VICTORIA,23/12/2026,12:00,20,,,,15.095,,,,,,,event_atomic,,screenshots\2026-10\02-10-2026\observer-cupo-8598b3.png,screenshots\2026-10\02-10-2026\observer-cupo-8598b3.png,Se seleccionaron una fecha y una hora disponibles.
observer-***-100612-48698fa4,2026-10-02 10:06:27,,available,normal,LIMA-LA VICTORIA,23/12/2026,12:00,20,,,,14.931,,,,,,,event_atomic,,screenshots\2026-10\02-10-2026\observer-cupo-59f4d4.png,screenshots\2026-10\02-10-2026\observer-cupo-59f4d4.png,Se seleccionaron una fecha y una hora disponibles.
observer-***-100658-ef8b7aae,2026-10-02 10:07:13,,available,normal,LIMA-LA VICTORIA,23/12/2026,12:00,20,,,,15.032,,,,,,,event_atomic,,screenshots\2026-10\02-10-2026\observer-cupo-6c150f.png,screenshots\2026-10\02-10-2026\observer-cupo-6c150f.png,Se seleccionaron una fecha y una hora disponibles.
observer-***-100743-5a5fb2a7,2026-10-02 10:08:08,,available,normal,LIMA-LA VICTORIA,23/12/2026,12:00,20,,,,24.643,,,,,,,event_atomic,,screenshots\2026-10\02-10-2026\observer-cupo-aa5616.png,screenshots\2026-10\02-10-2026\observer-cupo-aa5616.png,Se seleccionaron una fecha y una hora disponibles.
observer-***-100838-375555e6,2026-10-02 10:08:53,,available,normal,LIMA-LA VICTORIA,23/12/2026,12:00,20,,,,15.056,,,,,,,event_atomic,,screenshots\2026-10\02-10-2026\observer-cupo-2f85b6.png,screenshots\2026-10\02-10-2026\observer-cupo-2f85b6.png,Se seleccionaron una fecha y una hora disponibles.
observer-***-100923-e3db17f8,2026-10-02 10:09:39,,available,normal,LIMA-LA VICTORIA,23/12/2026,12:00,20,,,,15.981,,,,,,,event_atomic,,screenshots\2026-10\02-10-2026\observer-cupo-4c0aac.png,screenshots\2026-10\02-10-2026\observer-cupo-4c0aac.png,Se seleccionaron una fecha y una hora disponibles.
observer-***-101010-4e97fe2e,2026-10-02 10:10:25,,available,normal,LIMA-LA VICTORIA,23/12/2026,12:00,20,,,,15.166,,,,,,,event_atomic,,screenshots\2026-10\02-10-2026\observer-cupo-3baf58.png,screenshots\2026-10\02-10-2026\observer-cupo-3baf58.png,Se seleccionaron una fecha y una hora disponibles.
observer-***-101055-28d08cc1,2026-10-02 10:11:10,,available,normal,LIMA-LA VICTORIA,23/12/2026,12:00,20,,,,15.183,,,,,,,event_atomic,,screenshots\2026-10\02-10-2026\observer-cupo-3f1360.png,screenshots\2026-10\02-10-2026\observer-cupo-3f1360.png,Se seleccionaron una fecha y una hora disponibles.
observer-***-101141-bd11e62b,2026-10-02 10:11:56,,available,normal,LIMA-LA VICTORIA,23/12/2026,12:00,20,,,,15.653,,,,,,,event_atomic,,screenshots\2026-10\02-10-2026\observer-cupo-43f292.png,screenshots\2026-10\02-10-2026\observer-cupo-43f292.png,Se seleccionaron una fecha y una hora disponibles.
observer-***-101226-c321aa0c,2026-10-02 10:12:42,,available,normal,LIMA-LA VICTORIA,23/12/2026,12:00,20,,,,15.403,,,,,,,event_atomic,,screenshots\2026-10\02-10-2026\observer-cupo-2a1818.png,screenshots\2026-10\02-10-2026\observer-cupo-2a1818.png,Se seleccionaron una fecha y una hora disponibles.
observer-***-101312-c08777e0,2026-10-02 10:13:27,,available,normal,LIMA-LA VICTORIA,23/12/2026,12:00,20,,,,15.001,,,,,,,event_atomic,,screenshots\2026-10\02-10-2026\observer-cupo-6f5bb0.png,screenshots\2026-10\02-10-2026\observer-cupo-6f5bb0.png,Se seleccionaron una fecha y una hora disponibles.
observer-***-101358-1c35b8f4,2026-10-02 10:14:13,,available,normal,LIMA-LA VICTORIA,23/12/2026,12:00,20,,,,14.996,,,,,,,event_atomic,,screenshots\2026-10\02-10-2026\observer-cupo-18c113.png,screenshots\2026-10\02-10-2026\observer-cupo-18c113.png,Se seleccionaron una fecha y una hora disponibles.
observer-***-101443-1abb97e1,2026-10-02 10:14:58,,available,normal,LIMA-LA VICTORIA,23/12/2026,12:00,20,,,,15.194,,,,,,,event_atomic,,screenshots\2026-10\02-10-2026\observer-cupo-bd7567.png,screenshots\2026-10\02-10-2026\observer-cupo-bd7567.png,Se seleccionaron una fecha y una hora disponibles.
observer-***-101528-b5be02f9,2026-10-02 10:15:44,,available,normal,LIMA-LA VICTORIA,23/12/2026,12:00,20,,,,15.901,,,,,,,event_atomic,,screenshots\2026-10\02-10-2026\observer-cupo-0db5e9.png,screenshots\2026-10\02-10-2026\observer-cupo-0db5e9.png,Se seleccionaron una fecha y una hora disponibles.
observer-***-101615-c1d4f2ed,2026-10-02 10:16:30,,available,normal,LIMA-LA VICTORIA,23/12/2026,12:00,20,,,,15.649,,,,,,,event_atomic,,screenshots\2026-10\02-10-2026\observer-cupo-64e7a7.png,screenshots\2026-10\02-10-2026\observer-cupo-64e7a7.png,Se seleccionaron una fecha y una hora disponibles.
observer-***-101701-e1bc8e99,2026-10-02 10:17:16,,available,normal,LIMA-LA VICTORIA,23/12/2026,12:00,20,,,,14.984,,,,,,,event_atomic,,screenshots\2026-10\02-10-2026\observer-cupo-b1d9c3.png,screenshots\2026-10\02-10-2026\observer-cupo-b1d9c3.png,Se seleccionaron una fecha y una hora disponibles.
observer-***-101746-6281304d,2026-10-02 10:18:02,,available,normal,LIMA-LA VICTORIA,23/12/2026,12:00,20,,,,15.766,,,,,,,event_atomic,,screenshots\2026-10\02-10-2026\observer-cupo-0c5149.png,screenshots\2026-10\02-10-2026\observer-cupo-0c5149.png,Se seleccionaron una fecha y una hora disponibles.
observer-***-101832-8123949d,2026-10-02 10:18:47,,available,normal,LIMA-LA VICTORIA,23/12/2026,12:00,20,,,,14.851,,,,,,,event_atomic,,screenshots\2026-10\02-10-2026\observer-cupo-50a0a3.png,screenshots\2026-10\02-10-2026\observer-cupo-50a0a3.png,Se seleccionaron una fecha y una hora disponibles.
observer-***-101917-d6141d8b,2026-10-02 10:19:32,,available,normal,LIMA-LA VICTORIA,23/12/2026,12:00,20,,,,14.905,,,,,,,event_atomic,,screenshots\2026-10\02-10-2026\observer-cupo-6e8740.png,screenshots\2026-10\02-10-2026\observer-cupo-6e8740.png,Se seleccionaron una fecha y una hora disponibles.
observer-***-102003-5d447067,2026-10-02 10:20:18,,available,normal,LIMA-LA VICTORIA,23/12/2026,12:00,20,,,,15.888,,,,,,,event_atomic,,screenshots\2026-10\02-10-2026\observer-cupo-bf16c2.png,screenshots\2026-10\02-10-2026\observer-cupo-bf16c2.png,Se seleccionaron una fecha y una hora disponibles.
observer-***-102049-3e98d3f5,2026-10-02 10:21:04,,available,normal,LIMA-LA VICTORIA,23/12/2026,12:00,20,,,,14.885,,,,,,,event_atomic,,screenshots\2026-10\02-10-2026\observer-cupo-6b93d7.png,screenshots\2026-10\02-10-2026\observer-cupo-6b93d7.png,Se seleccionaron una fecha y una hora disponibles.
observer-***-102134-4c77770c,2026-10-02 10:21:49,,available,normal,LIMA-LA VICTORIA,23/12/2026,12:00,20,,,,14.718,,,,,,,event_atomic,,screenshots\2026-10\02-10-2026\observer-cupo-7c2d22.png,screenshots\2026-10\02-10-2026\observer-cupo-7c2d22.png,Se seleccionaron una fecha y una hora disponibles.
observer-***-102219-444c81f6,2026-10-02 10:22:34,,available,normal,LIMA-LA VICTORIA,23/12/2026,12:00,20,,,,15.108,,,,,,,event_atomic,,screenshots\2026-10\02-10-2026\observer-cupo-b42ad5.png,screenshots\2026-10\02-10-2026\observer-cupo-b42ad5.png,Se seleccionaron una fecha y una hora disponibles.
observer-***-102304-f9655e38,2026-10-02 10:23:20,,available,normal,LIMA-LA VICTORIA,23/12/2026,12:00,20,,,,15.209,,,,,,,event_atomic,,screenshots\2026-10\02-10-2026\observer-cupo-345ac6.png,screenshots\2026-10\02-10-2026\observer-cupo-345ac6.png,Se seleccionaron una fecha y una hora disponibles.
observer-***-102350-b1a664c3,2026-10-02 10:24:06,,available,normal,LIMA-LA VICTORIA,23/12/2026,12:00,20,,,,15.792,,,,,,,event_atomic,,screenshots\2026-10\02-10-2026\observer-cupo-5ab5ca.png,screenshots\2026-10\02-10-2026\observer-cupo-5ab5ca.png,Se seleccionaron una fecha y una hora disponibles.
observer-***-102436-e1be924b,2026-10-02 10:24:52,,available,normal,LIMA-LA VICTORIA,23/12/2026,12:00,20,,,,15.828,,,,,,,event_atomic,,screenshots\2026-10\02-10-2026\observer-cupo-b38bf3.png,screenshots\2026-10\02-10-2026\observer-cupo-b38bf3.png,Se seleccionaron una fecha y una hora disponibles.
observer-***-102522-e6447719,2026-10-02 10:25:38,,available,normal,LIMA-LA VICTORIA,23/12/2026,12:00,20,,,,15.373,,,,,,,event_atomic,,screenshots\2026-10\02-10-2026\observer-cupo-d7d84a.png,screenshots\2026-10\02-10-2026\observer-cupo-d7d84a.png,Se seleccionaron una fecha y una hora disponibles.
observer-***-102608-f47b7af0,2026-10-02 10:26:23,,available,normal,LIMA-LA VICTORIA,23/12/2026,12:00,20,,,,15.006,,,,,,,event_atomic,,screenshots\2026-10\02-10-2026\observer-cupo-acf6f0.png,screenshots\2026-10\02-10-2026\observer-cupo-acf6f0.png,Se seleccionaron una fecha y una hora disponibles.
observer-***-102653-881931ae,2026-10-02 10:27:08,,available,normal,LIMA-LA VICTORIA,23/12/2026,12:00,20,,,,14.809,,,,,,,event_atomic,,screenshots\2026-10\02-10-2026\observer-cupo-72d567.png,screenshots\2026-10\02-10-2026\observer-cupo-72d567.png,Se seleccionaron una fecha y una hora disponibles.
observer-***-102738-9ef0f047,2026-10-02 10:27:53,,available,normal,LIMA-LA VICTORIA,23/12/2026,12:00,20,,,,14.804,,,,,,,event_atomic,,screenshots\2026-10\02-10-2026\observer-cupo-7f580f.png,screenshots\2026-10\02-10-2026\observer-cupo-7f580f.png,Se seleccionaron una fecha y una hora disponibles.
observer-***-102824-674cc8a2,2026-10-02 10:28:39,,available,normal,LIMA-LA VICTORIA,23/12/2026,12:00,20,,,,15.383,,,,,,,event_atomic,,screenshots\2026-10\02-10-2026\observer-cupo-b2ad92.png,screenshots\2026-10\02-10-2026\observer-cupo-b2ad92.png,Se seleccionaron una fecha y una hora disponibles.
observer-***-102909-8802da14,2026-10-02 10:29:24,,available,normal,LIMA-LA VICTORIA,23/12/2026,12:00,20,,,,15.117,,,,,,,event_atomic,,screenshots\2026-10\02-10-2026\observer-cupo-ccfe86.png,screenshots\2026-10\02-10-2026\observer-cupo-ccfe86.png,Se seleccionaron una fecha y una hora disponibles.
observer-***-102955-7cac1776,2026-10-02 10:30:10,,available,normal,LIMA-LA VICTORIA,23/12/2026,12:00,20,,,,15.049,,,,,,,event_atomic,,screenshots\2026-10\02-10-2026\observer-cupo-71b311.png,screenshots\2026-10\02-10-2026\observer-cupo-71b311.png,Se seleccionaron una fecha y una hora disponibles.
observer-***-103040-fc091654,2026-10-02 10:30:55,,available,normal,LIMA-LA VICTORIA,23/12/2026,12:00,20,,,,15.138,,,,,,,event_atomic,,screenshots\2026-10\02-10-2026\observer-cupo-63bd84.png,screenshots\2026-10\02-10-2026\observer-cupo-63bd84.png,Se seleccionaron una fecha y una hora disponibles.
observer-***-103126-36abca47,2026-10-02 10:31:41,,available,normal,LIMA-LA VICTORIA,23/12/2026,12:00,20,,,,15.118,,,,,,,event_atomic,,screenshots\2026-10\02-10-2026\observer-cupo-1c1c88.png,screenshots\2026-10\02-10-2026\observer-cupo-1c1c88.png,Se seleccionaron una fecha y una hora disponibles.
observer-***-103211-b625e81c,2026-10-02 10:32:26,,available,normal,LIMA-LA VICTORIA,23/12/2026,12:00,20,,,,15.082,,,,,,,event_atomic,,screenshots\2026-10\02-10-2026\observer-cupo-a37ef1.png,screenshots\2026-10\02-10-2026\observer-cupo-a37ef1.png,Se seleccionaron una fecha y una hora disponibles.
observer-***-103257-a2160c8c,2026-10-02 10:33:12,,available,normal,LIMA-LA VICTORIA,23/12/2026,12:00,20,,,,15.266,,,,,,,event_atomic,,screenshots\2026-10\02-10-2026\observer-cupo-a0139b.png,screenshots\2026-10\02-10-2026\observer-cupo-a0139b.png,Se seleccionaron una fecha y una hora disponibles.
observer-***-103342-52f579f5,2026-10-02 10:33:57,,available,normal,LIMA-LA VICTORIA,23/12/2026,12:00,20,,,,15.090,,,,,,,event_atomic,,screenshots\2026-10\02-10-2026\observer-cupo-276a35.png,screenshots\2026-10\02-10-2026\observer-cupo-276a35.png,Se seleccionaron una fecha y una hora disponibles.
observer-***-103428-4169360a,2026-10-02 10:34:42,,available,normal,LIMA-LA VICTORIA,23/12/2026,12:00,20,,,,14.978,,,,,,,event_atomic,,screenshots\2026-10\02-10-2026\observer-cupo-4742b7.png,screenshots\2026-10\02-10-2026\observer-cupo-4742b7.png,Se seleccionaron una fecha y una hora disponibles.
observer-***-103513-e23f1129,2026-10-02 10:35:28,,available,normal,LIMA-LA VICTORIA,23/12/2026,12:00,20,,,,15.081,,,,,,,event_atomic,,screenshots\2026-10\02-10-2026\observer-cupo-a02d59.png,screenshots\2026-10\02-10-2026\observer-cupo-a02d59.png,Se seleccionaron una fecha y una hora disponibles.
observer-***-103558-5d555677,2026-10-02 10:36:14,,available,normal,LIMA-LA VICTORIA,23/12/2026,12:00,20,,,,15.383,,,,,,,event_atomic,,screenshots\2026-10\02-10-2026\observer-cupo-8b49f0.png,screenshots\2026-10\02-10-2026\observer-cupo-8b49f0.png,Se seleccionaron una fecha y una hora disponibles.
observer-***-103644-44d4f9c9,2026-10-02 10:36:59,,available,normal,LIMA-LA VICTORIA,23/12/2026,12:00,20,,,,15.077,,,,,,,event_atomic,,screenshots\2026-10\02-10-2026\observer-cupo-401e0b.png,screenshots\2026-10\02-10-2026\observer-cupo-401e0b.png,Se seleccionaron una fecha y una hora disponibles.
observer-***-103729-0ed09115,2026-10-02 10:37:45,,available,normal,LIMA-LA VICTORIA,23/12/2026,12:00,20,,,,15.978,,,,,,,event_atomic,,screenshots\2026-10\02-10-2026\observer-cupo-5c4e3c.png,screenshots\2026-10\02-10-2026\observer-cupo-5c4e3c.png,Se seleccionaron una fecha y una hora disponibles.
observer-***-103816-29b4331f,2026-10-02 10:38:31,,available,normal,LIMA-LA VICTORIA,23/12/2026,12:00,20,,,,15.159,,,,,,,event_atomic,,screenshots\2026-10\02-10-2026\observer-cupo-fc2c5e.png,screenshots\2026-10\02-10-2026\observer-cupo-fc2c5e.png,Se seleccionaron una fecha y una hora disponibles.
observer-***-103901-4d3f4139,2026-10-02 10:39:17,,available,normal,LIMA-LA VICTORIA,23/12/2026,12:00,20,,,,15.408,,,,,,,event_atomic,,screenshots\2026-10\02-10-2026\observer-cupo-160918.png,screenshots\2026-10\02-10-2026\observer-cupo-160918.png,Se seleccionaron una fecha y una hora disponibles.
observer-***-103947-9572ca94,2026-10-02 10:40:02,,available,normal,LIMA-LA VICTORIA,23/12/2026,12:00,20,,,,15.145,,,,,,,event_atomic,,screenshots\2026-10\02-10-2026\observer-cupo-855f4a.png,screenshots\2026-10\02-10-2026\observer-cupo-855f4a.png,Se seleccionaron una fecha y una hora disponibles.
observer-***-104033-***,2026-10-02 10:40:48,,available,normal,LIMA-LA VICTORIA,23/12/2026,12:00,20,,,,15.167,,,,,,,event_atomic,,screenshots\2026-10\02-10-2026\observer-cupo-05e3cf.png,screenshots\2026-10\02-10-2026\observer-cupo-05e3cf.png,Se seleccionaron una fecha y una hora disponibles.
observer-***-104118-9af79429,2026-10-02 10:41:34,,available,normal,LIMA-LA VICTORIA,23/12/2026,12:00,20,,,,16.102,,,,,,,event_atomic,,screenshots\2026-10\02-10-2026\observer-cupo-9c1df1.png,screenshots\2026-10\02-10-2026\observer-cupo-9c1df1.png,Se seleccionaron una fecha y una hora disponibles.
observer-***-104204-e36862e3,2026-10-02 10:42:20,,available,normal,LIMA-LA VICTORIA,23/12/2026,12:00,20,,,,15.062,,,,,,,event_atomic,,screenshots\2026-10\02-10-2026\observer-cupo-36205a.png,screenshots\2026-10\02-10-2026\observer-cupo-36205a.png,Se seleccionaron una fecha y una hora disponibles.
observer-***-104250-c517f640,2026-10-02 10:43:05,,available,normal,LIMA-LA VICTORIA,23/12/2026,12:00,20,,,,15.474,,,,,,,event_atomic,,screenshots\2026-10\02-10-2026\observer-cupo-2d2271.png,screenshots\2026-10\02-10-2026\observer-cupo-2d2271.png,Se seleccionaron una fecha y una hora disponibles.
observer-***-104336-7ebaea28,2026-10-02 10:43:51,,available,normal,LIMA-LA VICTORIA,23/12/2026,12:00,20,,,,15.144,,,,,,,event_atomic,,screenshots\2026-10\02-10-2026\observer-cupo-f97616.png,screenshots\2026-10\02-10-2026\observer-cupo-f97616.png,Se seleccionaron una fecha y una hora disponibles.
observer-***-104421-3f81d60c,2026-10-02 10:44:37,,available,normal,LIMA-LA VICTORIA,23/12/2026,12:00,20,,,,15.384,,,,,,,event_atomic,,screenshots\2026-10\02-10-2026\observer-cupo-2cb461.png,screenshots\2026-10\02-10-2026\observer-cupo-2cb461.png,Se seleccionaron una fecha y una hora disponibles.
observer-***-104507-bff6a55c,2026-10-02 10:45:22,,available,normal,LIMA-LA VICTORIA,28/12/2026,08:00,20,,,,15.279,,,,,,,event_atomic,,screenshots\2026-10\02-10-2026\observer-cupo-8a5fbb.png,screenshots\2026-10\02-10-2026\observer-cupo-8a5fbb.png,Se seleccionaron una fecha y una hora disponibles.
observer-***-104554-6971c2dc,2026-10-02 10:46:13,,available,normal,LIMA-LA VICTORIA,28/12/2026,08:00,20,,,,18.354,,,,,,,event_atomic,,screenshots\2026-10\02-10-2026\observer-cupo-44763e.png,screenshots\2026-10\02-10-2026\observer-cupo-44763e.png,Se seleccionaron una fecha y una hora disponibles.
observer-***-104643-60da220a,2026-10-02 10:46:58,,available,normal,LIMA-LA VICTORIA,28/12/2026,08:00,20,,,,15.253,,,,,,,event_atomic,,screenshots\2026-10\02-10-2026\observer-cupo-59f897.png,screenshots\2026-10\02-10-2026\observer-cupo-59f897.png,Se seleccionaron una fecha y una hora disponibles.
observer-***-104729-28287d5e,2026-10-02 10:47:44,,available,normal,LIMA-LA VICTORIA,28/12/2026,08:00,20,,,,15.155,,,,,,,event_atomic,,screenshots\2026-10\02-10-2026\observer-cupo-e45133.png,screenshots\2026-10\02-10-2026\observer-cupo-e45133.png,Se seleccionaron una fecha y una hora disponibles.
observer-***-104846-7fedc073,2026-10-02 10:49:02,,available,normal,LIMA-LA VICTORIA,28/12/2026,08:00,20,,,,15.725,,,,,,,event_atomic,,screenshots\2026-10\02-10-2026\observer-cupo-d56f1f.png,screenshots\2026-10\02-10-2026\observer-cupo-d56f1f.png,Se seleccionaron una fecha y una hora disponibles.
observer-***-104932-d1442449,2026-10-02 10:49:48,,available,normal,LIMA-LA VICTORIA,28/12/2026,08:00,20,,,,15.412,,,,,,,event_atomic,,screenshots\2026-10\02-10-2026\observer-cupo-17de1d.png,screenshots\2026-10\02-10-2026\observer-cupo-17de1d.png,Se seleccionaron una fecha y una hora disponibles.
observer-***-105018-12adeec7,2026-10-02 10:50:33,,available,normal,LIMA-LA VICTORIA,28/12/2026,08:00,20,,,,15.255,,,,,,,event_atomic,,screenshots\2026-10\02-10-2026\observer-cupo-ca73ef.png,screenshots\2026-10\02-10-2026\observer-cupo-ca73ef.png,Se seleccionaron una fecha y una hora disponibles.
observer-***-105104-7fe7fcb8,2026-10-02 10:51:19,,available,normal,LIMA-LA VICTORIA,28/12/2026,08:00,20,,,,15.762,,,,,,,event_atomic,,screenshots\2026-10\02-10-2026\observer-cupo-5555f1.png,screenshots\2026-10\02-10-2026\observer-cupo-5555f1.png,Se seleccionaron una fecha y una hora disponibles.
observer-***-105150-4797fa33,2026-10-02 10:52:04,,available,normal,LIMA-LA VICTORIA,28/12/2026,08:00,20,,,,14.789,,,,,,,event_atomic,,screenshots\2026-10\02-10-2026\observer-cupo-68ad40.png,screenshots\2026-10\02-10-2026\observer-cupo-68ad40.png,Se seleccionaron una fecha y una hora disponibles.
observer-***-105235-de3deb4b,2026-10-02 10:52:50,,available,normal,LIMA-LA VICTORIA,28/12/2026,08:00,20,,,,15.143,,,,,,,event_atomic,,screenshots\2026-10\02-10-2026\observer-cupo-940403.png,screenshots\2026-10\02-10-2026\observer-cupo-940403.png,Se seleccionaron una fecha y una hora disponibles.
observer-***-105320-c5a7d792,2026-10-02 10:53:35,,available,normal,LIMA-LA VICTORIA,28/12/2026,08:00,20,,,,15.190,,,,,,,event_atomic,,screenshots\2026-10\02-10-2026\observer-cupo-e1df26.png,screenshots\2026-10\02-10-2026\observer-cupo-e1df26.png,Se seleccionaron una fecha y una hora disponibles.
observer-***-105406-ec7e3d31,2026-10-02 10:54:21,,available,normal,LIMA-LA VICTORIA,28/12/2026,08:00,20,,,,15.178,,,,,,,event_atomic,,screenshots\2026-10\02-10-2026\observer-cupo-b27ea1.png,screenshots\2026-10\02-10-2026\observer-cupo-b27ea1.png,Se seleccionaron una fecha y una hora disponibles.
observer-***-105452-121c871f,2026-10-02 10:55:17,,available,normal,LIMA-LA VICTORIA,28/12/2026,08:00,20,,,,24.227,,,,,,,event_atomic,,screenshots\2026-10\02-10-2026\observer-cupo-4f73e7.png,screenshots\2026-10\02-10-2026\observer-cupo-4f73e7.png,Se seleccionaron una fecha y una hora disponibles.
observer-***-105547-747a5163,2026-10-02 10:56:02,,available,normal,LIMA-LA VICTORIA,28/12/2026,08:00,20,,,,15.283,,,,,,,event_atomic,,screenshots\2026-10\02-10-2026\observer-cupo-24507c.png,screenshots\2026-10\02-10-2026\observer-cupo-24507c.png,Se seleccionaron una fecha y una hora disponibles.
observer-***-105633-1b6559c5,2026-10-02 10:56:48,,available,normal,LIMA-LA VICTORIA,28/12/2026,08:00,20,,,,15.700,,,,,,,event_atomic,,screenshots\2026-10\02-10-2026\observer-cupo-71cd84.png,screenshots\2026-10\02-10-2026\observer-cupo-71cd84.png,Se seleccionaron una fecha y una hora disponibles.
observer-***-105719-cdfabec8,2026-10-02 10:57:36,,available,normal,LIMA-LA VICTORIA,28/12/2026,08:00,20,,,,16.768,,,,,,,event_atomic,,screenshots\2026-10\02-10-2026\observer-cupo-d4a42e.png,screenshots\2026-10\02-10-2026\observer-cupo-d4a42e.png,Se seleccionaron una fecha y una hora disponibles.
observer-***-105806-b949cba3,2026-10-02 10:58:22,,available,normal,LIMA-LA VICTORIA,28/12/2026,08:00,20,,,,15.649,,,,,,,event_atomic,,screenshots\2026-10\02-10-2026\observer-cupo-52bc36.png,screenshots\2026-10\02-10-2026\observer-cupo-52bc36.png,Se seleccionaron una fecha y una hora disponibles.
observer-***-105852-5cf155c7,2026-10-02 10:59:07,,available,normal,LIMA-LA VICTORIA,28/12/2026,08:00,20,,,,15.438,,,,,,,event_atomic,,screenshots\2026-10\02-10-2026\observer-cupo-99cd18.png,screenshots\2026-10\02-10-2026\observer-cupo-99cd18.png,Se seleccionaron una fecha y una hora disponibles.
observer-***-105938-0e99f322,2026-10-02 10:59:54,,available,normal,LIMA-LA VICTORIA,28/12/2026,08:00,20,,,,16.197,,,,,,,event_atomic,,screenshots\2026-10\02-10-2026\observer-cupo-ca9013.png,screenshots\2026-10\02-10-2026\observer-cupo-ca9013.png,Se seleccionaron una fecha y una hora disponibles.
observer-***-110024-0ca6defe,2026-10-02 11:00:40,,available,normal,LIMA-LA VICTORIA,28/12/2026,08:00,20,,,,15.282,,,,,,,event_atomic,,screenshots\2026-10\02-10-2026\observer-cupo-d7077f.png,screenshots\2026-10\02-10-2026\observer-cupo-d7077f.png,Se seleccionaron una fecha y una hora disponibles.
observer-***-110110-737526e6,2026-10-02 11:01:26,,available,normal,LIMA-LA VICTORIA,28/12/2026,08:00,20,,,,15.827,,,,,,,event_atomic,,screenshots\2026-10\02-10-2026\observer-cupo-5a8775.png,screenshots\2026-10\02-10-2026\observer-cupo-5a8775.png,Se seleccionaron una fecha y una hora disponibles.
observer-***-110156-95b55e6f,2026-10-02 11:02:11,,available,normal,LIMA-LA VICTORIA,28/12/2026,08:00,20,,,,15.261,,,,,,,event_atomic,,screenshots\2026-10\02-10-2026\observer-cupo-cd2f8d.png,screenshots\2026-10\02-10-2026\observer-cupo-cd2f8d.png,Se seleccionaron una fecha y una hora disponibles.
observer-***-110242-2dbe958b,2026-10-02 11:02:57,,available,normal,LIMA-LA VICTORIA,28/12/2026,08:00,20,,,,15.167,,,,,,,event_atomic,,screenshots\2026-10\02-10-2026\observer-cupo-19f02c.png,screenshots\2026-10\02-10-2026\observer-cupo-19f02c.png,Se seleccionaron una fecha y una hora disponibles.
observer-***-110327-b1f0596d,2026-10-02 11:03:43,,available,normal,LIMA-LA VICTORIA,28/12/2026,08:00,20,,,,15.295,,,,,,,event_atomic,,screenshots\2026-10\02-10-2026\observer-cupo-2d2ed2.png,screenshots\2026-10\02-10-2026\observer-cupo-2d2ed2.png,Se seleccionaron una fecha y una hora disponibles.
observer-***-110413-54fcd579,2026-10-02 11:04:28,,available,normal,LIMA-LA VICTORIA,28/12/2026,08:00,20,,,,15.186,,,,,,,event_atomic,,screenshots\2026-10\02-10-2026\observer-cupo-ff1472.png,screenshots\2026-10\02-10-2026\observer-cupo-ff1472.png,Se seleccionaron una fecha y una hora disponibles.
observer-***-110458-752c51f0,2026-10-02 11:05:14,,available,normal,LIMA-LA VICTORIA,28/12/2026,08:00,20,,,,15.367,,,,,,,event_atomic,,screenshots\2026-10\02-10-2026\observer-cupo-d0f71a.png,screenshots\2026-10\02-10-2026\observer-cupo-d0f71a.png,Se seleccionaron una fecha y una hora disponibles.
observer-***-110544-c4fcdbde,2026-10-02 11:06:00,,available,normal,LIMA-LA VICTORIA,28/12/2026,08:00,20,,,,15.477,,,,,,,event_atomic,,screenshots\2026-10\02-10-2026\observer-cupo-6588fd.png,screenshots\2026-10\02-10-2026\observer-cupo-6588fd.png,Se seleccionaron una fecha y una hora disponibles.
observer-***-110630-7fe7008a,2026-10-02 11:06:45,,available,normal,LIMA-LA VICTORIA,28/12/2026,08:00,20,,,,15.258,,,,,,,event_atomic,,screenshots\2026-10\02-10-2026\observer-cupo-981afe.png,screenshots\2026-10\02-10-2026\observer-cupo-981afe.png,Se seleccionaron una fecha y una hora disponibles.
observer-***-110716-93c516c3,2026-10-02 11:07:31,,available,normal,LIMA-LA VICTORIA,28/12/2026,08:00,20,,,,15.343,,,,,,,event_atomic,,screenshots\2026-10\02-10-2026\observer-cupo-c74ebf.png,screenshots\2026-10\02-10-2026\observer-cupo-c74ebf.png,Se seleccionaron una fecha y una hora disponibles.
observer-***-110801-0d1c6754,2026-10-02 11:08:17,,available,normal,LIMA-LA VICTORIA,28/12/2026,08:00,20,,,,15.310,,,,,,,event_atomic,,screenshots\2026-10\02-10-2026\observer-cupo-09fab0.png,screenshots\2026-10\02-10-2026\observer-cupo-09fab0.png,Se seleccionaron una fecha y una hora disponibles.
observer-***-110847-6e8b6aee,2026-10-02 11:09:03,,available,normal,LIMA-LA VICTORIA,28/12/2026,08:00,20,,,,15.991,,,,,,,event_atomic,,screenshots\2026-10\02-10-2026\observer-cupo-be252c.png,screenshots\2026-10\02-10-2026\observer-cupo-be252c.png,Se seleccionaron una fecha y una hora disponibles.
observer-***-110933-0169dbbc,2026-10-02 11:09:49,,available,normal,LIMA-LA VICTORIA,28/12/2026,08:00,20,,,,15.464,,,,,,,event_atomic,,screenshots\2026-10\02-10-2026\observer-cupo-ba8cc0.png,screenshots\2026-10\02-10-2026\observer-cupo-ba8cc0.png,Se seleccionaron una fecha y una hora disponibles.
observer-***-111019-5854fdb7,2026-10-02 11:10:35,,available,normal,LIMA-LA VICTORIA,28/12/2026,08:00,20,,,,15.381,,,,,,,event_atomic,,screenshots\2026-10\02-10-2026\observer-cupo-68ef02.png,screenshots\2026-10\02-10-2026\observer-cupo-68ef02.png,Se seleccionaron una fecha y una hora disponibles.
observer-***-111105-6b52313a,2026-10-02 11:11:20,,available,normal,LIMA-LA VICTORIA,28/12/2026,08:00,20,,,,15.525,,,,,,,event_atomic,,screenshots\2026-10\02-10-2026\observer-cupo-c7036a.png,screenshots\2026-10\02-10-2026\observer-cupo-c7036a.png,Se seleccionaron una fecha y una hora disponibles.
observer-***-111151-797f5799,2026-10-02 11:12:06,,available,normal,LIMA-LA VICTORIA,28/12/2026,08:00,20,,,,15.134,,,,,,,event_atomic,,screenshots\2026-10\02-10-2026\observer-cupo-98d641.png,screenshots\2026-10\02-10-2026\observer-cupo-98d641.png,Se seleccionaron una fecha y una hora disponibles.
observer-***-111236-6fd42337,2026-10-02 11:12:53,,available,normal,LIMA-LA VICTORIA,28/12/2026,08:00,20,,,,16.446,,,,,,,event_atomic,,screenshots\2026-10\02-10-2026\observer-cupo-d76b0f.png,screenshots\2026-10\02-10-2026\observer-cupo-d76b0f.png,Se seleccionaron una fecha y una hora disponibles.
observer-***-111323-0e6f7845,2026-10-02 11:13:38,,available,normal,LIMA-LA VICTORIA,28/12/2026,08:00,20,,,,15.070,,,,,,,event_atomic,,screenshots\2026-10\02-10-2026\observer-cupo-b891a8.png,screenshots\2026-10\02-10-2026\observer-cupo-b891a8.png,Se seleccionaron una fecha y una hora disponibles.
observer-***-111409-7d2eb17b,2026-10-02 11:14:25,,available,normal,LIMA-LA VICTORIA,28/12/2026,08:00,20,,,,15.958,,,,,,,event_atomic,,screenshots\2026-10\02-10-2026\observer-cupo-a2d2a4.png,screenshots\2026-10\02-10-2026\observer-cupo-a2d2a4.png,Se seleccionaron una fecha y una hora disponibles.
observer-***-111455-3c03a59f,2026-10-02 11:15:12,,available,normal,LIMA-LA VICTORIA,28/12/2026,08:00,20,,,,16.608,,,,,,,event_atomic,,screenshots\2026-10\02-10-2026\observer-cupo-f31fdd.png,screenshots\2026-10\02-10-2026\observer-cupo-f31fdd.png,Se seleccionaron una fecha y una hora disponibles.
observer-***-111542-c5bbe924,2026-10-02 11:15:57,,available,normal,LIMA-LA VICTORIA,28/12/2026,08:00,20,,,,15.212,,,,,,,event_atomic,,screenshots\2026-10\02-10-2026\observer-cupo-77c75e.png,screenshots\2026-10\02-10-2026\observer-cupo-77c75e.png,Se seleccionaron una fecha y una hora disponibles.
observer-***-111628-c550c69c,2026-10-02 11:16:44,,available,normal,LIMA-LA VICTORIA,28/12/2026,08:00,20,,,,16.427,,,,,,,event_atomic,,screenshots\2026-10\02-10-2026\observer-cupo-e972ab.png,screenshots\2026-10\02-10-2026\observer-cupo-e972ab.png,Se seleccionaron una fecha y una hora disponibles.
observer-***-111714-4e819d41,2026-10-02 11:17:30,,available,normal,LIMA-LA VICTORIA,28/12/2026,08:00,20,,,,15.347,,,,,,,event_atomic,,screenshots\2026-10\02-10-2026\observer-cupo-1f4b9b.png,screenshots\2026-10\02-10-2026\observer-cupo-1f4b9b.png,Se seleccionaron una fecha y una hora disponibles.
observer-***-111800-7fc15e3e,2026-10-02 11:18:15,,available,normal,LIMA-LA VICTORIA,28/12/2026,09:00,20,,,,15.376,,,,,,,event_atomic,,screenshots\2026-10\02-10-2026\observer-cupo-c758b2.png,screenshots\2026-10\02-10-2026\observer-cupo-c758b2.png,Se seleccionaron una fecha y una hora disponibles.
observer-***-111848-a356aefa,2026-10-02 11:19:03,,available,normal,LIMA-LA VICTORIA,28/12/2026,09:00,20,,,,15.117,,,,,,,event_atomic,,screenshots\2026-10\02-10-2026\observer-cupo-39e219.png,screenshots\2026-10\02-10-2026\observer-cupo-39e219.png,Se seleccionaron una fecha y una hora disponibles.
observer-***-111933-2d6e3159,2026-10-02 11:19:50,,available,normal,LIMA-LA VICTORIA,28/12/2026,09:00,20,,,,16.541,,,,,,,event_atomic,,screenshots\2026-10\02-10-2026\observer-cupo-f4f64f.png,screenshots\2026-10\02-10-2026\observer-cupo-f4f64f.png,Se seleccionaron una fecha y una hora disponibles.
observer-***-112020-93fb145c,2026-10-02 11:20:35,,available,normal,LIMA-LA VICTORIA,28/12/2026,09:00,20,,,,15.103,,,,,,,event_atomic,,screenshots\2026-10\02-10-2026\observer-cupo-9069cc.png,screenshots\2026-10\02-10-2026\observer-cupo-9069cc.png,Se seleccionaron una fecha y una hora disponibles.
observer-***-112105-701aaeb7,2026-10-02 11:21:21,,available,normal,LIMA-LA VICTORIA,28/12/2026,09:00,20,,,,15.327,,,,,,,event_atomic,,screenshots\2026-10\02-10-2026\observer-cupo-26b63e.png,screenshots\2026-10\02-10-2026\observer-cupo-26b63e.png,Se seleccionaron una fecha y una hora disponibles.
observer-***-112151-156fb85e,2026-10-02 11:22:07,,available,normal,LIMA-LA VICTORIA,28/12/2026,09:00,20,,,,16.039,,,,,,,event_atomic,,screenshots\2026-10\02-10-2026\observer-cupo-e4e238.png,screenshots\2026-10\02-10-2026\observer-cupo-e4e238.png,Se seleccionaron una fecha y una hora disponibles.
observer-***-112238-98fb922b,2026-10-02 11:22:54,,available,normal,LIMA-LA VICTORIA,28/12/2026,09:00,20,,,,16.565,,,,,,,event_atomic,,screenshots\2026-10\02-10-2026\observer-cupo-7fbccd.png,screenshots\2026-10\02-10-2026\observer-cupo-7fbccd.png,Se seleccionaron una fecha y una hora disponibles.
observer-***-112325-62286b60,2026-10-02 11:23:40,,available,normal,LIMA-LA VICTORIA,28/12/2026,09:00,20,,,,15.798,,,,,,,event_atomic,,screenshots\2026-10\02-10-2026\observer-cupo-0e05b6.png,screenshots\2026-10\02-10-2026\observer-cupo-0e05b6.png,Se seleccionaron una fecha y una hora disponibles.
observer-***-112411-f8e07e9f,2026-10-02 11:24:26,,available,normal,LIMA-LA VICTORIA,28/12/2026,09:00,20,,,,15.224,,,,,,,event_atomic,,screenshots\2026-10\02-10-2026\observer-cupo-038f64.png,screenshots\2026-10\02-10-2026\observer-cupo-038f64.png,Se seleccionaron una fecha y una hora disponibles.
observer-***-112456-a955d775,2026-10-02 11:25:12,,available,normal,LIMA-LA VICTORIA,28/12/2026,09:00,20,,,,15.953,,,,,,,event_atomic,,screenshots\2026-10\02-10-2026\observer-cupo-e2bdac.png,screenshots\2026-10\02-10-2026\observer-cupo-e2bdac.png,Se seleccionaron una fecha y una hora disponibles.
observer-***-112543-699cb8d9,2026-10-02 11:25:59,,available,normal,LIMA-LA VICTORIA,28/12/2026,09:00,20,,,,15.984,,,,,,,event_atomic,,screenshots\2026-10\02-10-2026\observer-cupo-6684cf.png,screenshots\2026-10\02-10-2026\observer-cupo-6684cf.png,Se seleccionaron una fecha y una hora disponibles.
observer-***-112629-0767a9ce,2026-10-02 11:26:44,,available,normal,LIMA-LA VICTORIA,28/12/2026,09:00,20,,,,15.586,,,,,,,event_atomic,,screenshots\2026-10\02-10-2026\observer-cupo-9de479.png,screenshots\2026-10\02-10-2026\observer-cupo-9de479.png,Se seleccionaron una fecha y una hora disponibles.
observer-***-112715-b0fa82cc,2026-10-02 11:27:30,,available,normal,LIMA-LA VICTORIA,28/12/2026,09:00,20,,,,15.467,,,,,,,event_atomic,,screenshots\2026-10\02-10-2026\observer-cupo-d0cd92.png,screenshots\2026-10\02-10-2026\observer-cupo-d0cd92.png,Se seleccionaron una fecha y una hora disponibles.
observer-***-112801-1f597a00,2026-10-02 11:28:18,,available,normal,LIMA-LA VICTORIA,28/12/2026,09:00,20,,,,17.414,,,,,,,event_atomic,,screenshots\2026-10\02-10-2026\observer-cupo-a25b89.png,screenshots\2026-10\02-10-2026\observer-cupo-a25b89.png,Se seleccionaron una fecha y una hora disponibles.
observer-***-112848-ce9bd653,2026-10-02 11:29:04,,available,normal,LIMA-LA VICTORIA,28/12/2026,09:00,20,,,,15.253,,,,,,,event_atomic,,screenshots\2026-10\02-10-2026\observer-cupo-0659c9.png,screenshots\2026-10\02-10-2026\observer-cupo-0659c9.png,Se seleccionaron una fecha y una hora disponibles.
observer-***-112934-a2aa9573,2026-10-02 11:29:50,,available,normal,LIMA-LA VICTORIA,28/12/2026,09:00,20,,,,15.944,,,,,,,event_atomic,,screenshots\2026-10\02-10-2026\observer-cupo-f53fc8.png,screenshots\2026-10\02-10-2026\observer-cupo-f53fc8.png,Se seleccionaron una fecha y una hora disponibles.
observer-***-113020-29f00e7b,2026-10-02 11:30:36,,available,normal,LIMA-LA VICTORIA,28/12/2026,09:00,20,,,,15.518,,,,,,,event_atomic,,screenshots\2026-10\02-10-2026\observer-cupo-a1552a.png,screenshots\2026-10\02-10-2026\observer-cupo-a1552a.png,Se seleccionaron una fecha y una hora disponibles.
observer-***-113106-32fc13af,2026-10-02 11:31:22,,available,normal,LIMA-LA VICTORIA,28/12/2026,09:00,20,,,,15.684,,,,,,,event_atomic,,screenshots\2026-10\02-10-2026\observer-cupo-dea066.png,screenshots\2026-10\02-10-2026\observer-cupo-dea066.png,Se seleccionaron una fecha y una hora disponibles.
observer-***-113152-86f07de0,2026-10-02 11:32:08,,available,normal,LIMA-LA VICTORIA,28/12/2026,09:00,20,,,,15.271,,,,,,,event_atomic,,screenshots\2026-10\02-10-2026\observer-cupo-d6912a.png,screenshots\2026-10\02-10-2026\observer-cupo-d6912a.png,Se seleccionaron una fecha y una hora disponibles.
observer-***-113238-8995686c,2026-10-02 11:32:54,,available,normal,LIMA-LA VICTORIA,28/12/2026,09:00,20,,,,15.771,,,,,,,event_atomic,,screenshots\2026-10\02-10-2026\observer-cupo-9ddd9d.png,screenshots\2026-10\02-10-2026\observer-cupo-9ddd9d.png,Se seleccionaron una fecha y una hora disponibles.
observer-***-113324-540f7475,2026-10-02 11:33:40,,available,normal,LIMA-LA VICTORIA,28/12/2026,09:00,20,,,,15.746,,,,,,,event_atomic,,screenshots\2026-10\02-10-2026\observer-cupo-5c8d58.png,screenshots\2026-10\02-10-2026\observer-cupo-5c8d58.png,Se seleccionaron una fecha y una hora disponibles.
observer-***-113410-035d1a9c,2026-10-02 11:34:25,,available,normal,LIMA-LA VICTORIA,28/12/2026,09:00,20,,,,15.400,,,,,,,event_atomic,,screenshots\2026-10\02-10-2026\observer-cupo-5de354.png,screenshots\2026-10\02-10-2026\observer-cupo-5de354.png,Se seleccionaron una fecha y una hora disponibles.
observer-***-113456-25537b3c,2026-10-02 11:35:11,,available,normal,LIMA-LA VICTORIA,28/12/2026,09:00,20,,,,15.360,,,,,,,event_atomic,,screenshots\2026-10\02-10-2026\observer-cupo-0aace9.png,screenshots\2026-10\02-10-2026\observer-cupo-0aace9.png,Se seleccionaron una fecha y una hora disponibles.
observer-***-113542-78061e55,2026-10-02 11:35:57,,available,normal,LIMA-LA VICTORIA,28/12/2026,09:00,20,,,,15.151,,,,,,,event_atomic,,screenshots\2026-10\02-10-2026\observer-cupo-c459fa.png,screenshots\2026-10\02-10-2026\observer-cupo-c459fa.png,Se seleccionaron una fecha y una hora disponibles.
observer-***-113627-0874c0c6,2026-10-02 11:36:42,,available,normal,LIMA-LA VICTORIA,28/12/2026,09:00,20,,,,15.186,,,,,,,event_atomic,,screenshots\2026-10\02-10-2026\observer-cupo-c7152c.png,screenshots\2026-10\02-10-2026\observer-cupo-c7152c.png,Se seleccionaron una fecha y una hora disponibles.
observer-***-113713-58aa5967,2026-10-02 11:37:28,,available,normal,LIMA-LA VICTORIA,28/12/2026,09:00,20,,,,15.464,,,,,,,event_atomic,,screenshots\2026-10\02-10-2026\observer-cupo-93db61.png,screenshots\2026-10\02-10-2026\observer-cupo-93db61.png,Se seleccionaron una fecha y una hora disponibles.
observer-***-113759-ee7b3fcf,2026-10-02 11:38:14,,available,normal,LIMA-LA VICTORIA,28/12/2026,09:00,20,,,,15.241,,,,,,,event_atomic,,screenshots\2026-10\02-10-2026\observer-cupo-e8389e.png,screenshots\2026-10\02-10-2026\observer-cupo-e8389e.png,Se seleccionaron una fecha y una hora disponibles.
observer-***-113844-e3f129ac,2026-10-02 11:38:59,,available,normal,LIMA-LA VICTORIA,28/12/2026,09:00,20,,,,15.233,,,,,,,event_atomic,,screenshots\2026-10\02-10-2026\observer-cupo-fad879.png,screenshots\2026-10\02-10-2026\observer-cupo-fad879.png,Se seleccionaron una fecha y una hora disponibles.
observer-***-113930-22c317ea,2026-10-02 11:39:46,,available,normal,LIMA-LA VICTORIA,28/12/2026,09:00,20,,,,16.205,,,,,,,event_atomic,,screenshots\2026-10\02-10-2026\observer-cupo-4a3876.png,screenshots\2026-10\02-10-2026\observer-cupo-4a3876.png,Se seleccionaron una fecha y una hora disponibles.
observer-***-114016-***,2026-10-02 11:40:32,,available,normal,LIMA-LA VICTORIA,28/12/2026,09:00,20,,,,15.293,,,,,,,event_atomic,,screenshots\2026-10\02-10-2026\observer-cupo-dd6dfd.png,screenshots\2026-10\02-10-2026\observer-cupo-dd6dfd.png,Se seleccionaron una fecha y una hora disponibles.
observer-***-114102-da28a317,2026-10-02 11:41:17,,available,normal,LIMA-LA VICTORIA,28/12/2026,09:00,20,,,,15.249,,,,,,,event_atomic,,screenshots\2026-10\02-10-2026\observer-cupo-5f5fb2.png,screenshots\2026-10\02-10-2026\observer-cupo-5f5fb2.png,Se seleccionaron una fecha y una hora disponibles.
observer-***-114148-0aaa09aa,2026-10-02 11:42:03,,available,normal,LIMA-LA VICTORIA,28/12/2026,09:00,20,,,,15.185,,,,,,,event_atomic,,screenshots\2026-10\02-10-2026\observer-cupo-6e2081.png,screenshots\2026-10\02-10-2026\observer-cupo-6e2081.png,Se seleccionaron una fecha y una hora disponibles.
observer-***-114233-b8c9460d,2026-10-02 11:42:49,,available,normal,LIMA-LA VICTORIA,28/12/2026,09:00,20,,,,16.164,,,,,,,event_atomic,,screenshots\2026-10\02-10-2026\observer-cupo-e4d7ef.png,screenshots\2026-10\02-10-2026\observer-cupo-e4d7ef.png,Se seleccionaron una fecha y una hora disponibles.
observer-***-114320-6189d7c8,2026-10-02 11:43:35,,available,normal,LIMA-LA VICTORIA,28/12/2026,09:00,20,,,,15.692,,,,,,,event_atomic,,screenshots\2026-10\02-10-2026\observer-cupo-13171e.png,screenshots\2026-10\02-10-2026\observer-cupo-13171e.png,Se seleccionaron una fecha y una hora disponibles.
observer-***-114406-ad759828,2026-10-02 11:44:22,,available,normal,LIMA-LA VICTORIA,28/12/2026,09:00,20,,,,16.133,,,,,,,event_atomic,,screenshots\2026-10\02-10-2026\observer-cupo-41c4c5.png,screenshots\2026-10\02-10-2026\observer-cupo-41c4c5.png,Se seleccionaron una fecha y una hora disponibles.
observer-***-114452-f60705f1,2026-10-02 11:45:08,,available,normal,LIMA-LA VICTORIA,28/12/2026,09:00,20,,,,15.375,,,,,,,event_atomic,,screenshots\2026-10\02-10-2026\observer-cupo-c32655.png,screenshots\2026-10\02-10-2026\observer-cupo-c32655.png,Se seleccionaron una fecha y una hora disponibles.
observer-***-114538-0269e16e,2026-10-02 11:45:54,,available,normal,LIMA-LA VICTORIA,28/12/2026,09:00,20,,,,16.071,,,,,,,event_atomic,,screenshots\2026-10\02-10-2026\observer-cupo-2dac26.png,screenshots\2026-10\02-10-2026\observer-cupo-2dac26.png,Se seleccionaron una fecha y una hora disponibles.
observer-***-114624-9bb1ce55,2026-10-02 11:46:41,,available,normal,LIMA-LA VICTORIA,28/12/2026,09:00,20,,,,16.360,,,,,,,event_atomic,,screenshots\2026-10\02-10-2026\observer-cupo-19d8db.png,screenshots\2026-10\02-10-2026\observer-cupo-19d8db.png,Se seleccionaron una fecha y una hora disponibles.
observer-***-114711-725d2685,2026-10-02 11:47:27,,available,normal,LIMA-LA VICTORIA,28/12/2026,09:00,20,,,,15.851,,,,,,,event_atomic,,screenshots\2026-10\02-10-2026\observer-cupo-0991ac.png,screenshots\2026-10\02-10-2026\observer-cupo-0991ac.png,Se seleccionaron una fecha y una hora disponibles.
observer-***-114758-***,2026-10-02 11:48:14,,available,normal,LIMA-LA VICTORIA,28/12/2026,09:00,20,,,,16.059,,,,,,,event_atomic,,screenshots\2026-10\02-10-2026\observer-cupo-9f0b79.png,screenshots\2026-10\02-10-2026\observer-cupo-9f0b79.png,Se seleccionaron una fecha y una hora disponibles.
observer-***-114844-54c23bc0,2026-10-02 11:49:01,,available,normal,LIMA-LA VICTORIA,28/12/2026,09:00,20,,,,16.405,,,,,,,event_atomic,,screenshots\2026-10\02-10-2026\observer-cupo-f02389.png,screenshots\2026-10\02-10-2026\observer-cupo-f02389.png,Se seleccionaron una fecha y una hora disponibles.
observer-***-114931-fb6c731c,2026-10-02 11:49:47,,available,normal,LIMA-LA VICTORIA,28/12/2026,09:00,20,,,,16.332,,,,,,,event_atomic,,screenshots\2026-10\02-10-2026\observer-cupo-d18824.png,screenshots\2026-10\02-10-2026\observer-cupo-d18824.png,Se seleccionaron una fecha y una hora disponibles.
observer-***-115018-5a4bb5df,2026-10-02 11:50:33,,available,normal,LIMA-LA VICTORIA,28/12/2026,09:00,20,,,,15.246,,,,,,,event_atomic,,screenshots\2026-10\02-10-2026\observer-cupo-18ca70.png,screenshots\2026-10\02-10-2026\observer-cupo-18ca70.png,Se seleccionaron una fecha y una hora disponibles.
observer-***-115103-e58a06f6,2026-10-02 11:51:19,,available,normal,LIMA-LA VICTORIA,28/12/2026,09:00,20,,,,15.832,,,,,,,event_atomic,,screenshots\2026-10\02-10-2026\observer-cupo-252f76.png,screenshots\2026-10\02-10-2026\observer-cupo-252f76.png,Se seleccionaron una fecha y una hora disponibles.
observer-***-115150-c49400e6,2026-10-02 11:52:05,,available,normal,LIMA-LA VICTORIA,28/12/2026,09:00,20,,,,15.374,,,,,,,event_atomic,,screenshots\2026-10\02-10-2026\observer-cupo-0cdaf9.png,screenshots\2026-10\02-10-2026\observer-cupo-0cdaf9.png,Se seleccionaron una fecha y una hora disponibles.
observer-***-115235-4f0867ff,2026-10-02 11:52:51,,available,normal,LIMA-LA VICTORIA,28/12/2026,09:00,20,,,,15.586,,,,,,,event_atomic,,screenshots\2026-10\02-10-2026\observer-cupo-780e6c.png,screenshots\2026-10\02-10-2026\observer-cupo-780e6c.png,Se seleccionaron una fecha y una hora disponibles.
observer-***-115321-414f0987,2026-10-02 11:53:37,,available,normal,LIMA-LA VICTORIA,28/12/2026,09:00,20,,,,15.853,,,,,,,event_atomic,,screenshots\2026-10\02-10-2026\observer-cupo-45c2fd.png,screenshots\2026-10\02-10-2026\observer-cupo-45c2fd.png,Se seleccionaron una fecha y una hora disponibles.
observer-***-115408-66a5ee20,2026-10-02 11:54:23,,available,normal,LIMA-LA VICTORIA,28/12/2026,09:00,20,,,,15.422,,,,,,,event_atomic,,screenshots\2026-10\02-10-2026\observer-cupo-3ec367.png,screenshots\2026-10\02-10-2026\observer-cupo-3ec367.png,Se seleccionaron una fecha y una hora disponibles.
observer-***-115454-8eb7b0c6,2026-10-02 11:55:09,,available,normal,LIMA-LA VICTORIA,28/12/2026,09:00,20,,,,15.714,,,,,,,event_atomic,,screenshots\2026-10\02-10-2026\observer-cupo-7d1897.png,screenshots\2026-10\02-10-2026\observer-cupo-7d1897.png,Se seleccionaron una fecha y una hora disponibles.
observer-***-115540-ddd89607,2026-10-02 11:55:55,,available,normal,LIMA-LA VICTORIA,28/12/2026,09:00,20,,,,15.431,,,,,,,event_atomic,,screenshots\2026-10\02-10-2026\observer-cupo-9d11d0.png,screenshots\2026-10\02-10-2026\observer-cupo-9d11d0.png,Se seleccionaron una fecha y una hora disponibles.
observer-***-115626-c6e82c23,2026-10-02 11:56:41,,available,normal,LIMA-LA VICTORIA,28/12/2026,09:00,20,,,,15.186,,,,,,,event_atomic,,screenshots\2026-10\02-10-2026\observer-cupo-5b57a0.png,screenshots\2026-10\02-10-2026\observer-cupo-5b57a0.png,Se seleccionaron una fecha y una hora disponibles.
observer-***-115711-ba4813f9,2026-10-02 11:57:28,,available,normal,LIMA-LA VICTORIA,28/12/2026,09:00,20,,,,17.294,,,,,,,event_atomic,,screenshots\2026-10\02-10-2026\observer-cupo-0b4f83.png,screenshots\2026-10\02-10-2026\observer-cupo-0b4f83.png,Se seleccionaron una fecha y una hora disponibles.
observer-***-115759-d8aa748b,2026-10-02 11:58:14,,available,normal,LIMA-LA VICTORIA,28/12/2026,09:00,20,,,,15.295,,,,,,,event_atomic,,screenshots\2026-10\02-10-2026\observer-cupo-96fb21.png,screenshots\2026-10\02-10-2026\observer-cupo-96fb21.png,Se seleccionaron una fecha y una hora disponibles.
observer-***-115844-ed8a8338,2026-10-02 11:59:00,,available,normal,LIMA-LA VICTORIA,28/12/2026,09:00,20,,,,15.435,,,,,,,event_atomic,,screenshots\2026-10\02-10-2026\observer-cupo-d31e56.png,screenshots\2026-10\02-10-2026\observer-cupo-d31e56.png,Se seleccionaron una fecha y una hora disponibles.
observer-***-115930-aa796f78,2026-10-02 11:59:46,,available,normal,LIMA-LA VICTORIA,28/12/2026,09:00,20,,,,15.510,,,,,,,event_atomic,,screenshots\2026-10\02-10-2026\observer-cupo-dedbe6.png,screenshots\2026-10\02-10-2026\observer-cupo-dedbe6.png,Se seleccionaron una fecha y una hora disponibles.
observer-***-120016-15baf66c,2026-10-02 12:00:31,,available,normal,LIMA-LA VICTORIA,28/12/2026,09:00,20,,,,15.246,,,,,,,event_atomic,,screenshots\2026-10\02-10-2026\observer-cupo-d8988f.png,screenshots\2026-10\02-10-2026\observer-cupo-d8988f.png,Se seleccionaron una fecha y una hora disponibles.
observer-***-120102-5ecefbc5,2026-10-02 12:01:17,,available,normal,LIMA-LA VICTORIA,28/12/2026,09:00,20,,,,15.104,,,,,,,event_atomic,,screenshots\2026-10\02-10-2026\observer-cupo-9f5dc8.png,screenshots\2026-10\02-10-2026\observer-cupo-9f5dc8.png,Se seleccionaron una fecha y una hora disponibles.
observer-***-120147-dd97f984,2026-10-02 12:02:02,,available,normal,LIMA-LA VICTORIA,28/12/2026,09:00,20,,,,15.141,,,,,,,event_atomic,,screenshots\2026-10\02-10-2026\observer-cupo-e7913a.png,screenshots\2026-10\02-10-2026\observer-cupo-e7913a.png,Se seleccionaron una fecha y una hora disponibles.
observer-***-120233-fa6ad7ad,2026-10-02 12:02:48,,available,normal,LIMA-LA VICTORIA,28/12/2026,09:00,20,,,,15.078,,,,,,,event_atomic,,screenshots\2026-10\02-10-2026\observer-cupo-86cc9c.png,screenshots\2026-10\02-10-2026\observer-cupo-86cc9c.png,Se seleccionaron una fecha y una hora disponibles.
observer-***-120318-4c957394,2026-10-02 12:03:33,,available,normal,LIMA-LA VICTORIA,28/12/2026,09:00,20,,,,15.170,,,,,,,event_atomic,,screenshots\2026-10\02-10-2026\observer-cupo-c87e0f.png,screenshots\2026-10\02-10-2026\observer-cupo-c87e0f.png,Se seleccionaron una fecha y una hora disponibles.
observer-***-120404-dd0c0d70,2026-10-02 12:04:19,,available,normal,LIMA-LA VICTORIA,28/12/2026,09:00,20,,,,15.426,,,,,,,event_atomic,,screenshots\2026-10\02-10-2026\observer-cupo-354b87.png,screenshots\2026-10\02-10-2026\observer-cupo-354b87.png,Se seleccionaron una fecha y una hora disponibles.
observer-***-120450-7a763065,2026-10-02 12:05:06,,available,normal,LIMA-LA VICTORIA,28/12/2026,09:00,20,,,,15.988,,,,,,,event_atomic,,screenshots\2026-10\02-10-2026\observer-cupo-ac2639.png,screenshots\2026-10\02-10-2026\observer-cupo-ac2639.png,Se seleccionaron una fecha y una hora disponibles.
observer-***-120536-8b69f488,2026-10-02 12:05:51,,available,normal,LIMA-LA VICTORIA,28/12/2026,09:00,20,,,,15.323,,,,,,,event_atomic,,screenshots\2026-10\02-10-2026\observer-cupo-486b3a.png,screenshots\2026-10\02-10-2026\observer-cupo-486b3a.png,Se seleccionaron una fecha y una hora disponibles.
observer-***-120622-1eae296e,2026-10-02 12:06:38,,available,normal,LIMA-LA VICTORIA,28/12/2026,09:00,20,,,,15.891,,,,,,,event_atomic,,screenshots\2026-10\02-10-2026\observer-cupo-aa3abc.png,screenshots\2026-10\02-10-2026\observer-cupo-aa3abc.png,Se seleccionaron una fecha y una hora disponibles.
observer-***-120708-92c6d4b8,2026-10-02 12:07:24,,available,normal,LIMA-LA VICTORIA,28/12/2026,09:00,20,,,,15.658,,,,,,,event_atomic,,screenshots\2026-10\02-10-2026\observer-cupo-6f2f3d.png,screenshots\2026-10\02-10-2026\observer-cupo-6f2f3d.png,Se seleccionaron una fecha y una hora disponibles.
observer-***-120754-63c31073,2026-10-02 12:08:09,,available,normal,LIMA-LA VICTORIA,28/12/2026,09:00,20,,,,15.177,,,,,,,event_atomic,,screenshots\2026-10\02-10-2026\observer-cupo-1d46e1.png,screenshots\2026-10\02-10-2026\observer-cupo-1d46e1.png,Se seleccionaron una fecha y una hora disponibles.
observer-***-120840-7878dfa1,2026-10-02 12:08:56,,available,normal,LIMA-LA VICTORIA,28/12/2026,09:00,20,,,,15.990,,,,,,,event_atomic,,screenshots\2026-10\02-10-2026\observer-cupo-b3c023.png,screenshots\2026-10\02-10-2026\observer-cupo-b3c023.png,Se seleccionaron una fecha y una hora disponibles.
observer-***-120926-f9a23e78,2026-10-02 12:09:41,,available,normal,LIMA-LA VICTORIA,28/12/2026,09:00,20,,,,15.135,,,,,,,event_atomic,,screenshots\2026-10\02-10-2026\observer-cupo-a04967.png,screenshots\2026-10\02-10-2026\observer-cupo-a04967.png,Se seleccionaron una fecha y una hora disponibles.
observer-***-121012-c638cb33,2026-10-02 12:10:27,,available,normal,LIMA-LA VICTORIA,28/12/2026,09:00,20,,,,15.692,,,,,,,event_atomic,,screenshots\2026-10\02-10-2026\observer-cupo-6db877.png,screenshots\2026-10\02-10-2026\observer-cupo-6db877.png,Se seleccionaron una fecha y una hora disponibles.
observer-***-121058-d98a1722,2026-10-02 12:11:14,,available,normal,LIMA-LA VICTORIA,28/12/2026,09:00,20,,,,16.122,,,,,,,event_atomic,,screenshots\2026-10\02-10-2026\observer-cupo-06f9f2.png,screenshots\2026-10\02-10-2026\observer-cupo-06f9f2.png,Se seleccionaron una fecha y una hora disponibles.
observer-***-121144-985d342d,2026-10-02 12:12:00,,available,normal,LIMA-LA VICTORIA,28/12/2026,09:00,20,,,,15.300,,,,,,,event_atomic,,screenshots\2026-10\02-10-2026\observer-cupo-8a38a6.png,screenshots\2026-10\02-10-2026\observer-cupo-8a38a6.png,Se seleccionaron una fecha y una hora disponibles.
observer-***-121230-4e1ec745,2026-10-02 12:12:46,,available,normal,LIMA-LA VICTORIA,28/12/2026,09:00,20,,,,15.729,,,,,,,event_atomic,,screenshots\2026-10\02-10-2026\observer-cupo-badc34.png,screenshots\2026-10\02-10-2026\observer-cupo-badc34.png,Se seleccionaron una fecha y una hora disponibles.
observer-***-121316-dab41b2e,2026-10-02 12:13:32,,available,normal,LIMA-LA VICTORIA,28/12/2026,09:00,20,,,,16.059,,,,,,,event_atomic,,screenshots\2026-10\02-10-2026\observer-cupo-5856d1.png,screenshots\2026-10\02-10-2026\observer-cupo-5856d1.png,Se seleccionaron una fecha y una hora disponibles.
observer-***-121403-b4b5c8e5,2026-10-02 12:14:18,,available,normal,LIMA-LA VICTORIA,28/12/2026,09:00,20,,,,15.292,,,,,,,event_atomic,,screenshots\2026-10\02-10-2026\observer-cupo-5cdf8e.png,screenshots\2026-10\02-10-2026\observer-cupo-5cdf8e.png,Se seleccionaron una fecha y una hora disponibles.
observer-***-121448-22217f43,2026-10-02 12:15:04,,available,normal,LIMA-LA VICTORIA,28/12/2026,09:00,20,,,,16.205,,,,,,,event_atomic,,screenshots\2026-10\02-10-2026\observer-cupo-f70ee2.png,screenshots\2026-10\02-10-2026\observer-cupo-f70ee2.png,Se seleccionaron una fecha y una hora disponibles.
observer-***-121535-034fef53,2026-10-02 12:15:50,,available,normal,LIMA-LA VICTORIA,28/12/2026,09:00,20,,,,15.233,,,,,,,event_atomic,,screenshots\2026-10\02-10-2026\observer-cupo-08cbab.png,screenshots\2026-10\02-10-2026\observer-cupo-08cbab.png,Se seleccionaron una fecha y una hora disponibles.
observer-***-121620-918c771a,2026-10-02 12:16:36,,available,normal,LIMA-LA VICTORIA,28/12/2026,09:00,20,,,,15.370,,,,,,,event_atomic,,screenshots\2026-10\02-10-2026\observer-cupo-e17312.png,screenshots\2026-10\02-10-2026\observer-cupo-e17312.png,Se seleccionaron una fecha y una hora disponibles.
observer-***-121706-4002f4aa,2026-10-02 12:17:23,,available,normal,LIMA-LA VICTORIA,28/12/2026,09:00,20,,,,16.428,,,,,,,legacy_fallback,,screenshots\2026-10\02-10-2026\observer-cupo-cc61f2.png,screenshots\2026-10\02-10-2026\observer-cupo-cc61f2.png,Se seleccionaron una fecha y una hora disponibles.
observer-***-121753-19b12116,2026-10-02 12:18:09,,available,normal,LIMA-LA VICTORIA,28/12/2026,09:00,20,,,,15.773,,,,,,,event_atomic,,screenshots\2026-10\02-10-2026\observer-cupo-f1b9c8.png,screenshots\2026-10\02-10-2026\observer-cupo-f1b9c8.png,Se seleccionaron una fecha y una hora disponibles.
observer-***-121839-b5ca1f07,2026-10-02 12:18:55,,available,normal,LIMA-LA VICTORIA,28/12/2026,09:00,20,,,,15.567,,,,,,,event_atomic,,screenshots\2026-10\02-10-2026\observer-cupo-b01823.png,screenshots\2026-10\02-10-2026\observer-cupo-b01823.png,Se seleccionaron una fecha y una hora disponibles.
observer-***-121925-297e9ec2,2026-10-02 12:19:42,,available,normal,LIMA-LA VICTORIA,28/12/2026,09:00,20,,,,16.296,,,,,,,event_atomic,,screenshots\2026-10\02-10-2026\observer-cupo-d94c90.png,screenshots\2026-10\02-10-2026\observer-cupo-d94c90.png,Se seleccionaron una fecha y una hora disponibles.
observer-***-122012-caf3207f,2026-10-02 12:20:27,,available,normal,LIMA-LA VICTORIA,28/12/2026,09:00,20,,,,15.458,,,,,,,event_atomic,,screenshots\2026-10\02-10-2026\observer-cupo-e77f5a.png,screenshots\2026-10\02-10-2026\observer-cupo-e77f5a.png,Se seleccionaron una fecha y una hora disponibles.
observer-***-122058-4bb2e829,2026-10-02 12:21:13,,available,normal,LIMA-LA VICTORIA,28/12/2026,09:00,20,,,,15.423,,,,,,,event_atomic,,screenshots\2026-10\02-10-2026\observer-cupo-ea81d5.png,screenshots\2026-10\02-10-2026\observer-cupo-ea81d5.png,Se seleccionaron una fecha y una hora disponibles.
observer-***-122144-6cc0bac7,2026-10-02 12:21:59,,available,normal,LIMA-LA VICTORIA,28/12/2026,09:00,20,,,,15.803,,,,,,,event_atomic,,screenshots\2026-10\02-10-2026\observer-cupo-5c647b.png,screenshots\2026-10\02-10-2026\observer-cupo-5c647b.png,Se seleccionaron una fecha y una hora disponibles.
observer-***-122230-d062afc8,2026-10-02 12:22:45,,available,normal,LIMA-LA VICTORIA,28/12/2026,09:00,20,,,,15.147,,,,,,,event_atomic,,screenshots\2026-10\02-10-2026\observer-cupo-ad8242.png,screenshots\2026-10\02-10-2026\observer-cupo-ad8242.png,Se seleccionaron una fecha y una hora disponibles.
observer-***-122316-3452bc12,2026-10-02 12:23:37,,available,normal,LIMA-LA VICTORIA,28/12/2026,09:00,20,,,,21.187,,,,,,,event_atomic,,screenshots\2026-10\02-10-2026\observer-cupo-5181e9.png,screenshots\2026-10\02-10-2026\observer-cupo-5181e9.png,Se seleccionaron una fecha y una hora disponibles.
observer-***-122407-5b379630,2026-10-02 12:24:23,,available,normal,LIMA-LA VICTORIA,28/12/2026,09:00,20,,,,15.292,,,,,,,event_atomic,,screenshots\2026-10\02-10-2026\observer-cupo-38b223.png,screenshots\2026-10\02-10-2026\observer-cupo-38b223.png,Se seleccionaron una fecha y una hora disponibles.
observer-***-122453-38c136d1,2026-10-02 12:25:10,,available,normal,LIMA-LA VICTORIA,28/12/2026,09:00,20,,,,16.354,,,,,,,event_atomic,,screenshots\2026-10\02-10-2026\observer-cupo-bc53e3.png,screenshots\2026-10\02-10-2026\observer-cupo-bc53e3.png,Se seleccionaron una fecha y una hora disponibles.
observer-***-122540-9c5e432c,2026-10-02 12:25:55,,available,normal,LIMA-LA VICTORIA,28/12/2026,09:00,20,,,,15.392,,,,,,,event_atomic,,screenshots\2026-10\02-10-2026\observer-cupo-412d14.png,screenshots\2026-10\02-10-2026\observer-cupo-412d14.png,Se seleccionaron una fecha y una hora disponibles.
observer-***-122626-0cba7a0d,2026-10-02 12:26:41,,available,normal,LIMA-LA VICTORIA,28/12/2026,09:00,20,,,,15.075,,,,,,,event_atomic,,screenshots\2026-10\02-10-2026\observer-cupo-3e4641.png,screenshots\2026-10\02-10-2026\observer-cupo-3e4641.png,Se seleccionaron una fecha y una hora disponibles.
observer-***-122711-41b9a1e2,2026-10-02 12:27:27,,available,normal,LIMA-LA VICTORIA,28/12/2026,09:00,20,,,,15.835,,,,,,,event_atomic,,screenshots\2026-10\02-10-2026\observer-cupo-76a4d5.png,screenshots\2026-10\02-10-2026\observer-cupo-76a4d5.png,Se seleccionaron una fecha y una hora disponibles.
observer-***-122758-a6c4e8bb,2026-10-02 12:28:13,,available,normal,LIMA-LA VICTORIA,28/12/2026,10:00,20,,,,15.489,,,,,,,event_atomic,,screenshots\2026-10\02-10-2026\observer-cupo-be48aa.png,screenshots\2026-10\02-10-2026\observer-cupo-be48aa.png,Se seleccionaron una fecha y una hora disponibles.
observer-***-122845-5ce0c14d,2026-10-02 12:29:01,,available,normal,LIMA-LA VICTORIA,28/12/2026,11:00,20,,,,15.774,,,,,,,event_atomic,,screenshots\2026-10\02-10-2026\observer-cupo-952969.png,screenshots\2026-10\02-10-2026\observer-cupo-952969.png,Se seleccionaron una fecha y una hora disponibles.
observer-***-122933-852985c1,2026-10-02 12:29:49,,available,normal,LIMA-LA VICTORIA,28/12/2026,11:00,20,,,,15.434,,,,,,,event_atomic,,screenshots\2026-10\02-10-2026\observer-cupo-21ca16.png,screenshots\2026-10\02-10-2026\observer-cupo-21ca16.png,Se seleccionaron una fecha y una hora disponibles.
observer-***-123019-61b0c0bc,2026-10-02 12:30:34,,available,normal,LIMA-LA VICTORIA,28/12/2026,11:00,20,,,,15.258,,,,,,,event_atomic,,screenshots\2026-10\02-10-2026\observer-cupo-720dc8.png,screenshots\2026-10\02-10-2026\observer-cupo-720dc8.png,Se seleccionaron una fecha y una hora disponibles.
observer-***-123105-b596bac1,2026-10-02 12:31:20,,available,normal,LIMA-LA VICTORIA,28/12/2026,11:00,20,,,,15.378,,,,,,,event_atomic,,screenshots\2026-10\02-10-2026\observer-cupo-378946.png,screenshots\2026-10\02-10-2026\observer-cupo-378946.png,Se seleccionaron una fecha y una hora disponibles.
observer-***-123151-b9aad2c3,2026-10-02 12:32:06,,available,normal,LIMA-LA VICTORIA,28/12/2026,11:00,20,,,,15.388,,,,,,,event_atomic,,screenshots\2026-10\02-10-2026\observer-cupo-07e23f.png,screenshots\2026-10\02-10-2026\observer-cupo-07e23f.png,Se seleccionaron una fecha y una hora disponibles.
observer-***-123236-554fdba1,2026-10-02 12:32:52,,available,normal,LIMA-LA VICTORIA,28/12/2026,11:00,20,,,,15.991,,,,,,,event_atomic,,screenshots\2026-10\02-10-2026\observer-cupo-43d644.png,screenshots\2026-10\02-10-2026\observer-cupo-43d644.png,Se seleccionaron una fecha y una hora disponibles.
observer-***-123323-b2b94522,2026-10-02 12:33:38,,available,normal,LIMA-LA VICTORIA,28/12/2026,11:00,20,,,,15.463,,,,,,,event_atomic,,screenshots\2026-10\02-10-2026\observer-cupo-3d9fb1.png,screenshots\2026-10\02-10-2026\observer-cupo-3d9fb1.png,Se seleccionaron una fecha y una hora disponibles.
observer-***-123409-45f1dfcb,2026-10-02 12:34:24,,available,normal,LIMA-LA VICTORIA,28/12/2026,11:00,20,,,,15.424,,,,,,,event_atomic,,screenshots\2026-10\02-10-2026\observer-cupo-4f9d8a.png,screenshots\2026-10\02-10-2026\observer-cupo-4f9d8a.png,Se seleccionaron una fecha y una hora disponibles.
observer-***-123454-d705957b,2026-10-02 12:35:10,,available,normal,LIMA-LA VICTORIA,28/12/2026,11:00,20,,,,15.609,,,,,,,event_atomic,,screenshots\2026-10\02-10-2026\observer-cupo-3b3d75.png,screenshots\2026-10\02-10-2026\observer-cupo-3b3d75.png,Se seleccionaron una fecha y una hora disponibles.
observer-***-123540-40ca1504,2026-10-02 12:35:56,,available,normal,LIMA-LA VICTORIA,28/12/2026,11:00,20,,,,15.796,,,,,,,event_atomic,,screenshots\2026-10\02-10-2026\observer-cupo-13ac93.png,screenshots\2026-10\02-10-2026\observer-cupo-13ac93.png,Se seleccionaron una fecha y una hora disponibles.
observer-***-123627-1033d3b6,2026-10-02 12:36:42,,available,normal,LIMA-LA VICTORIA,28/12/2026,11:00,20,,,,15.609,,,,,,,event_atomic,,screenshots\2026-10\02-10-2026\observer-cupo-8ff4f3.png,screenshots\2026-10\02-10-2026\observer-cupo-8ff4f3.png,Se seleccionaron una fecha y una hora disponibles.
observer-***-123713-dbf1e355,2026-10-02 12:37:27,,available,normal,LIMA-LA VICTORIA,28/12/2026,11:00,20,,,,14.864,,,,,,,event_atomic,,screenshots\2026-10\02-10-2026\observer-cupo-7da2e9.png,screenshots\2026-10\02-10-2026\observer-cupo-7da2e9.png,Se seleccionaron una fecha y una hora disponibles.
observer-***-123758-629ae0dc,2026-10-02 12:38:13,,available,normal,LIMA-LA VICTORIA,28/12/2026,11:00,20,,,,15.167,,,,,,,event_atomic,,screenshots\2026-10\02-10-2026\observer-cupo-e7bab2.png,screenshots\2026-10\02-10-2026\observer-cupo-e7bab2.png,Se seleccionaron una fecha y una hora disponibles.
observer-***-123843-218e86c5,2026-10-02 12:38:59,,available,normal,LIMA-LA VICTORIA,28/12/2026,11:00,20,,,,15.974,,,,,,,event_atomic,,screenshots\2026-10\02-10-2026\observer-cupo-ff7f4d.png,screenshots\2026-10\02-10-2026\observer-cupo-ff7f4d.png,Se seleccionaron una fecha y una hora disponibles.
observer-***-123930-51361a48,2026-10-02 12:39:45,,available,normal,LIMA-LA VICTORIA,28/12/2026,11:00,20,,,,15.657,,,,,,,event_atomic,,screenshots\2026-10\02-10-2026\observer-cupo-19f678.png,screenshots\2026-10\02-10-2026\observer-cupo-19f678.png,Se seleccionaron una fecha y una hora disponibles.
observer-***-124016-4ab8872d,2026-10-02 12:40:32,,available,normal,LIMA-LA VICTORIA,28/12/2026,11:00,20,,,,15.928,,,,,,,event_atomic,,screenshots\2026-10\02-10-2026\observer-cupo-d6e380.png,screenshots\2026-10\02-10-2026\observer-cupo-d6e380.png,Se seleccionaron una fecha y una hora disponibles.
observer-***-124102-d2c423dd,2026-10-02 12:41:18,,available,normal,LIMA-LA VICTORIA,28/12/2026,11:00,20,,,,15.552,,,,,,,event_atomic,,screenshots\2026-10\02-10-2026\observer-cupo-a19454.png,screenshots\2026-10\02-10-2026\observer-cupo-a19454.png,Se seleccionaron una fecha y una hora disponibles.
observer-***-124148-aa94cf99,2026-10-02 12:42:04,,available,normal,LIMA-LA VICTORIA,28/12/2026,11:00,20,,,,15.729,,,,,,,event_atomic,,screenshots\2026-10\02-10-2026\observer-cupo-c43592.png,screenshots\2026-10\02-10-2026\observer-cupo-c43592.png,Se seleccionaron una fecha y una hora disponibles.
observer-***-124234-43b347a0,2026-10-02 12:42:50,,available,normal,LIMA-LA VICTORIA,28/12/2026,11:00,20,,,,15.849,,,,,,,event_atomic,,screenshots\2026-10\02-10-2026\observer-cupo-4bd0be.png,screenshots\2026-10\02-10-2026\observer-cupo-4bd0be.png,Se seleccionaron una fecha y una hora disponibles.
observer-***-124320-91eb8373,2026-10-02 12:43:36,,available,normal,LIMA-LA VICTORIA,28/12/2026,11:00,20,,,,15.534,,,,,,,event_atomic,,screenshots\2026-10\02-10-2026\observer-cupo-7e6851.png,screenshots\2026-10\02-10-2026\observer-cupo-7e6851.png,Se seleccionaron una fecha y una hora disponibles.
observer-***-124406-369881fb,2026-10-02 12:44:22,,available,normal,LIMA-LA VICTORIA,28/12/2026,11:00,20,,,,15.365,,,,,,,event_atomic,,screenshots\2026-10\02-10-2026\observer-cupo-4b28a1.png,screenshots\2026-10\02-10-2026\observer-cupo-4b28a1.png,Se seleccionaron una fecha y una hora disponibles.
observer-***-124452-5a673f5c,2026-10-02 12:45:07,,available,normal,LIMA-LA VICTORIA,28/12/2026,11:00,20,,,,15.526,,,,,,,event_atomic,,screenshots\2026-10\02-10-2026\observer-cupo-8a8510.png,screenshots\2026-10\02-10-2026\observer-cupo-8a8510.png,Se seleccionaron una fecha y una hora disponibles.
observer-***-124538-31d5b014,2026-10-02 12:45:49,,available,normal,LIMA-LA VICTORIA,28/12/2026,11:00,20,,,,10.635,,,,,,,event_atomic,,screenshots\2026-10\02-10-2026\observer-cupo-f48494.png,screenshots\2026-10\02-10-2026\observer-cupo-f48494.png,Se seleccionaron una fecha y una hora disponibles.
observer-***-124619-5f680e95,2026-10-02 12:46:34,,available,normal,LIMA-LA VICTORIA,28/12/2026,11:00,20,,,,15.370,,,,,,,event_atomic,,screenshots\2026-10\02-10-2026\observer-cupo-1cb909.png,screenshots\2026-10\02-10-2026\observer-cupo-1cb909.png,Se seleccionaron una fecha y una hora disponibles.
observer-***-124705-029a604d,2026-10-02 12:47:20,,available,normal,LIMA-LA VICTORIA,28/12/2026,11:00,20,,,,15.511,,,,,,,event_atomic,,screenshots\2026-10\02-10-2026\observer-cupo-9f33a1.png,screenshots\2026-10\02-10-2026\observer-cupo-9f33a1.png,Se seleccionaron una fecha y una hora disponibles.
observer-***-124751-f36c0b62,2026-10-02 12:48:06,,available,normal,LIMA-LA VICTORIA,28/12/2026,11:00,20,,,,15.245,,,,,,,event_atomic,,screenshots\2026-10\02-10-2026\observer-cupo-4fa561.png,screenshots\2026-10\02-10-2026\observer-cupo-4fa561.png,Se seleccionaron una fecha y una hora disponibles.
observer-***-124836-5f7d226e,2026-10-02 12:48:52,,available,normal,LIMA-LA VICTORIA,28/12/2026,11:00,20,,,,15.668,,,,,,,event_atomic,,screenshots\2026-10\02-10-2026\observer-cupo-c86afb.png,screenshots\2026-10\02-10-2026\observer-cupo-c86afb.png,Se seleccionaron una fecha y una hora disponibles.
observer-***-124922-0f754a36,2026-10-02 12:49:38,,available,normal,LIMA-LA VICTORIA,28/12/2026,11:00,20,,,,15.686,,,,,,,event_atomic,,screenshots\2026-10\02-10-2026\observer-cupo-82d668.png,screenshots\2026-10\02-10-2026\observer-cupo-82d668.png,Se seleccionaron una fecha y una hora disponibles.
observer-***-125008-72f1d3fe,2026-10-02 12:50:24,,available,normal,LIMA-LA VICTORIA,28/12/2026,11:00,20,,,,15.336,,,,,,,event_atomic,,screenshots\2026-10\02-10-2026\observer-cupo-ac1df9.png,screenshots\2026-10\02-10-2026\observer-cupo-ac1df9.png,Se seleccionaron una fecha y una hora disponibles.
observer-***-125054-7d363346,2026-10-02 12:51:10,,available,normal,LIMA-LA VICTORIA,28/12/2026,11:00,20,,,,15.655,,,,,,,event_atomic,,screenshots\2026-10\02-10-2026\observer-cupo-afd609.png,screenshots\2026-10\02-10-2026\observer-cupo-afd609.png,Se seleccionaron una fecha y una hora disponibles.
observer-***-125140-41d009de,2026-10-02 12:51:56,,available,normal,LIMA-LA VICTORIA,28/12/2026,12:00,20,,,,16.172,,,,,,,event_atomic,,screenshots\2026-10\02-10-2026\observer-cupo-112dc0.png,screenshots\2026-10\02-10-2026\observer-cupo-112dc0.png,Se seleccionaron una fecha y una hora disponibles.
observer-***-125228-0d98075a,2026-10-02 12:52:44,,available,normal,LIMA-LA VICTORIA,28/12/2026,12:00,20,,,,16.007,,,,,,,event_atomic,,screenshots\2026-10\02-10-2026\observer-cupo-56f8b9.png,screenshots\2026-10\02-10-2026\observer-cupo-56f8b9.png,Se seleccionaron una fecha y una hora disponibles.
observer-***-125315-d522f21e,2026-10-02 12:53:30,,available,normal,LIMA-LA VICTORIA,28/12/2026,12:00,20,,,,15.418,,,,,,,event_atomic,,screenshots\2026-10\02-10-2026\observer-cupo-96f079.png,screenshots\2026-10\02-10-2026\observer-cupo-96f079.png,Se seleccionaron una fecha y una hora disponibles.
observer-***-125401-237e9b83,2026-10-02 12:54:16,,available,normal,LIMA-LA VICTORIA,28/12/2026,12:00,20,,,,15.452,,,,,,,event_atomic,,screenshots\2026-10\02-10-2026\observer-cupo-d6571e.png,screenshots\2026-10\02-10-2026\observer-cupo-d6571e.png,Se seleccionaron una fecha y una hora disponibles.
observer-***-125447-dd7ed265,2026-10-02 12:55:02,,available,normal,LIMA-LA VICTORIA,28/12/2026,12:00,20,,,,15.684,,,,,,,event_atomic,,screenshots\2026-10\02-10-2026\observer-cupo-4263a7.png,screenshots\2026-10\02-10-2026\observer-cupo-4263a7.png,Se seleccionaron una fecha y una hora disponibles.
observer-***-125533-142dfcc7,2026-10-02 12:55:49,,available,normal,LIMA-LA VICTORIA,28/12/2026,12:00,20,,,,16.372,,,,,,,event_atomic,,screenshots\2026-10\02-10-2026\observer-cupo-a6122d.png,screenshots\2026-10\02-10-2026\observer-cupo-a6122d.png,Se seleccionaron una fecha y una hora disponibles.
observer-***-125620-bf49b00c,2026-10-02 12:56:36,,available,normal,LIMA-LA VICTORIA,28/12/2026,12:00,20,,,,16.058,,,,,,,event_atomic,,screenshots\2026-10\02-10-2026\observer-cupo-cfd740.png,screenshots\2026-10\02-10-2026\observer-cupo-cfd740.png,Se seleccionaron una fecha y una hora disponibles.
observer-***-125706-114853d5,2026-10-02 12:57:21,,available,normal,LIMA-LA VICTORIA,28/12/2026,12:00,20,,,,15.487,,,,,,,event_atomic,,screenshots\2026-10\02-10-2026\observer-cupo-da99c9.png,screenshots\2026-10\02-10-2026\observer-cupo-da99c9.png,Se seleccionaron una fecha y una hora disponibles.
observer-***-125752-f0f63d97,2026-10-02 12:58:07,,available,normal,LIMA-LA VICTORIA,28/12/2026,12:00,20,,,,15.138,,,,,,,event_atomic,,screenshots\2026-10\02-10-2026\observer-cupo-75ec07.png,screenshots\2026-10\02-10-2026\observer-cupo-75ec07.png,Se seleccionaron una fecha y una hora disponibles.
observer-***-125837-77a9e7f2,2026-10-02 12:58:53,,available,normal,LIMA-LA VICTORIA,28/12/2026,12:00,20,,,,15.376,,,,,,,event_atomic,,screenshots\2026-10\02-10-2026\observer-cupo-7e52dc.png,screenshots\2026-10\02-10-2026\observer-cupo-7e52dc.png,Se seleccionaron una fecha y una hora disponibles.
observer-***-125923-6a69f902,2026-10-02 12:59:39,,available,normal,LIMA-LA VICTORIA,28/12/2026,12:00,20,,,,15.389,,,,,,,event_atomic,,screenshots\2026-10\02-10-2026\observer-cupo-84efe6.png,screenshots\2026-10\02-10-2026\observer-cupo-84efe6.png,Se seleccionaron una fecha y una hora disponibles.
observer-***-130009-e2436b34,2026-10-02 13:00:25,,available,normal,LIMA-LA VICTORIA,28/12/2026,12:00,20,,,,15.631,,,,,,,event_atomic,,screenshots\2026-10\02-10-2026\observer-cupo-61c8b2.png,screenshots\2026-10\02-10-2026\observer-cupo-61c8b2.png,Se seleccionaron una fecha y una hora disponibles.
observer-***-130055-ac7d13a3,2026-10-02 13:01:11,,available,normal,LIMA-LA VICTORIA,28/12/2026,12:00,20,,,,15.961,,,,,,,event_atomic,,screenshots\2026-10\02-10-2026\observer-cupo-6f0dcd.png,screenshots\2026-10\02-10-2026\observer-cupo-6f0dcd.png,Se seleccionaron una fecha y una hora disponibles.
observer-***-130141-7f9ea143,2026-10-02 13:01:57,,available,normal,LIMA-LA VICTORIA,28/12/2026,12:00,20,,,,15.496,,,,,,,event_atomic,,screenshots\2026-10\02-10-2026\observer-cupo-774583.png,screenshots\2026-10\02-10-2026\observer-cupo-774583.png,Se seleccionaron una fecha y una hora disponibles.
observer-***-130227-199c66a0,2026-10-02 13:02:43,,available,normal,LIMA-LA VICTORIA,28/12/2026,12:00,20,,,,16.197,,,,,,,event_atomic,,screenshots\2026-10\02-10-2026\observer-cupo-e89b52.png,screenshots\2026-10\02-10-2026\observer-cupo-e89b52.png,Se seleccionaron una fecha y una hora disponibles.
observer-***-130314-7b6073ac,2026-10-02 13:03:29,,available,normal,LIMA-LA VICTORIA,28/12/2026,12:00,20,,,,15.684,,,,,,,event_atomic,,screenshots\2026-10\02-10-2026\observer-cupo-74fae3.png,screenshots\2026-10\02-10-2026\observer-cupo-74fae3.png,Se seleccionaron una fecha y una hora disponibles.
observer-***-130400-8ea1359a,2026-10-02 13:04:15,,available,normal,LIMA-LA VICTORIA,28/12/2026,12:00,20,,,,15.353,,,,,,,event_atomic,,screenshots\2026-10\02-10-2026\observer-cupo-d04405.png,screenshots\2026-10\02-10-2026\observer-cupo-d04405.png,Se seleccionaron una fecha y una hora disponibles.
observer-***-130446-371c137c,2026-10-02 13:05:03,,available,normal,LIMA-LA VICTORIA,28/12/2026,12:00,20,,,,17.065,,,,,,,event_atomic,,screenshots\2026-10\02-10-2026\observer-cupo-e33b1a.png,screenshots\2026-10\02-10-2026\observer-cupo-e33b1a.png,Se seleccionaron una fecha y una hora disponibles.
observer-***-130533-26271cf6,2026-10-02 13:05:49,,available,normal,LIMA-LA VICTORIA,28/12/2026,12:00,20,,,,15.716,,,,,,,event_atomic,,screenshots\2026-10\02-10-2026\observer-cupo-944f60.png,screenshots\2026-10\02-10-2026\observer-cupo-944f60.png,Se seleccionaron una fecha y una hora disponibles.
observer-***-130619-4160dae9,2026-10-02 13:06:35,,available,normal,LIMA-LA VICTORIA,28/12/2026,12:00,20,,,,15.733,,,,,,,event_atomic,,screenshots\2026-10\02-10-2026\observer-cupo-a5ba60.png,screenshots\2026-10\02-10-2026\observer-cupo-a5ba60.png,Se seleccionaron una fecha y una hora disponibles.
observer-***-130705-431f4d74,2026-10-02 13:07:21,,available,normal,LIMA-LA VICTORIA,28/12/2026,12:00,20,,,,15.740,,,,,,,event_atomic,,screenshots\2026-10\02-10-2026\observer-cupo-8c818b.png,screenshots\2026-10\02-10-2026\observer-cupo-8c818b.png,Se seleccionaron una fecha y una hora disponibles.
observer-***-130751-241046f8,2026-10-02 13:08:07,,available,normal,LIMA-LA VICTORIA,28/12/2026,12:00,20,,,,15.606,,,,,,,event_atomic,,screenshots\2026-10\02-10-2026\observer-cupo-456b26.png,screenshots\2026-10\02-10-2026\observer-cupo-456b26.png,Se seleccionaron una fecha y una hora disponibles.
observer-***-130837-2fb85a18,2026-10-02 13:08:53,,available,normal,LIMA-LA VICTORIA,28/12/2026,12:00,20,,,,15.063,,,,,,,event_atomic,,screenshots\2026-10\02-10-2026\observer-cupo-586d9f.png,screenshots\2026-10\02-10-2026\observer-cupo-586d9f.png,Se seleccionaron una fecha y una hora disponibles.
observer-***-130923-63be9327,2026-10-02 13:09:39,,available,normal,LIMA-LA VICTORIA,28/12/2026,12:00,20,,,,16.001,,,,,,,event_atomic,,screenshots\2026-10\02-10-2026\observer-cupo-751326.png,screenshots\2026-10\02-10-2026\observer-cupo-751326.png,Se seleccionaron una fecha y una hora disponibles.
observer-***-131009-fd9b9180,2026-10-02 13:10:25,,available,normal,LIMA-LA VICTORIA,28/12/2026,12:00,20,,,,15.405,,,,,,,event_atomic,,screenshots\2026-10\02-10-2026\observer-cupo-8327ea.png,screenshots\2026-10\02-10-2026\observer-cupo-8327ea.png,Se seleccionaron una fecha y una hora disponibles.
observer-***-131055-1345be27,2026-10-02 13:11:10,,available,normal,LIMA-LA VICTORIA,28/12/2026,12:00,20,,,,15.209,,,,,,,event_atomic,,screenshots\2026-10\02-10-2026\observer-cupo-97d9cf.png,screenshots\2026-10\02-10-2026\observer-cupo-97d9cf.png,Se seleccionaron una fecha y una hora disponibles.
observer-***-131141-00f88a4e,2026-10-02 13:11:57,,available,normal,LIMA-LA VICTORIA,28/12/2026,12:00,20,,,,15.907,,,,,,,event_atomic,,screenshots\2026-10\02-10-2026\observer-cupo-c6dae6.png,screenshots\2026-10\02-10-2026\observer-cupo-c6dae6.png,Se seleccionaron una fecha y una hora disponibles.
observer-***-131227-92ce69c2,2026-10-02 13:12:42,,available,normal,LIMA-LA VICTORIA,28/12/2026,12:00,20,,,,15.395,,,,,,,event_atomic,,screenshots\2026-10\02-10-2026\observer-cupo-84e813.png,screenshots\2026-10\02-10-2026\observer-cupo-84e813.png,Se seleccionaron una fecha y una hora disponibles.
observer-***-131313-bfceba60,2026-10-02 13:13:28,,available,normal,LIMA-LA VICTORIA,28/12/2026,12:00,20,,,,14.981,,,,,,,event_atomic,,screenshots\2026-10\02-10-2026\observer-cupo-5c7a66.png,screenshots\2026-10\02-10-2026\observer-cupo-5c7a66.png,Se seleccionaron una fecha y una hora disponibles.
observer-***-131358-91e66a81,2026-10-02 13:14:14,,available,normal,LIMA-LA VICTORIA,28/12/2026,12:00,20,,,,15.740,,,,,,,event_atomic,,screenshots\2026-10\02-10-2026\observer-cupo-e34e0f.png,screenshots\2026-10\02-10-2026\observer-cupo-e34e0f.png,Se seleccionaron una fecha y una hora disponibles.
observer-***-131444-96c476ef,2026-10-02 13:15:00,,available,normal,LIMA-LA VICTORIA,28/12/2026,12:00,20,,,,15.205,,,,,,,event_atomic,,screenshots\2026-10\02-10-2026\observer-cupo-7ed66d.png,screenshots\2026-10\02-10-2026\observer-cupo-7ed66d.png,Se seleccionaron una fecha y una hora disponibles.
observer-***-131530-3a0bbf80,2026-10-02 13:15:51,,available,normal,LIMA-LA VICTORIA,28/12/2026,12:00,20,,,,20.919,,,,,,,event_atomic,,screenshots\2026-10\02-10-2026\observer-cupo-b29534.png,screenshots\2026-10\02-10-2026\observer-cupo-b29534.png,Se seleccionaron una fecha y una hora disponibles.
observer-***-131621-2c9ccdbf,2026-10-02 13:16:37,,available,normal,LIMA-LA VICTORIA,28/12/2026,12:00,20,,,,15.220,,,,,,,event_atomic,,screenshots\2026-10\02-10-2026\observer-cupo-507380.png,screenshots\2026-10\02-10-2026\observer-cupo-507380.png,Se seleccionaron una fecha y una hora disponibles.
observer-***-131707-f340cfb5,2026-10-02 13:17:22,,available,normal,LIMA-LA VICTORIA,28/12/2026,12:00,20,,,,15.366,,,,,,,event_atomic,,screenshots\2026-10\02-10-2026\observer-cupo-8f46b9.png,screenshots\2026-10\02-10-2026\observer-cupo-8f46b9.png,Se seleccionaron una fecha y una hora disponibles.
observer-***-131753-dd0eccc4,2026-10-02 13:18:10,,available,normal,LIMA-LA VICTORIA,28/12/2026,12:00,20,,,,16.623,,,,,,,event_atomic,,screenshots\2026-10\02-10-2026\observer-cupo-6f54d5.png,screenshots\2026-10\02-10-2026\observer-cupo-6f54d5.png,Se seleccionaron una fecha y una hora disponibles.
observer-***-131840-a081ae57,2026-10-02 13:18:55,,available,normal,LIMA-LA VICTORIA,28/12/2026,12:00,20,,,,15.282,,,,,,,event_atomic,,screenshots\2026-10\02-10-2026\observer-cupo-ee33e4.png,screenshots\2026-10\02-10-2026\observer-cupo-ee33e4.png,Se seleccionaron una fecha y una hora disponibles.
observer-***-131926-6d4823ab,2026-10-02 13:19:59,,available,normal,LIMA-LA VICTORIA,28/12/2026,12:00,20,,,,32.747,,,,,,,event_atomic,,screenshots\2026-10\02-10-2026\observer-cupo-78c2ff.png,screenshots\2026-10\02-10-2026\observer-cupo-78c2ff.png,Se seleccionaron una fecha y una hora disponibles.
observer-***-132029-9d156103,2026-10-02 13:20:46,,available,normal,LIMA-LA VICTORIA,28/12/2026,12:00,20,,,,16.315,,,,,,,event_atomic,,screenshots\2026-10\02-10-2026\observer-cupo-fc1690.png,screenshots\2026-10\02-10-2026\observer-cupo-fc1690.png,Se seleccionaron una fecha y una hora disponibles.
observer-***-132116-d0983627,2026-10-02 13:21:33,,available,normal,LIMA-LA VICTORIA,28/12/2026,12:00,20,,,,16.568,,,,,,,event_atomic,,screenshots\2026-10\02-10-2026\observer-cupo-ac295d.png,screenshots\2026-10\02-10-2026\observer-cupo-ac295d.png,Se seleccionaron una fecha y una hora disponibles.
observer-***-132203-a1e9f111,2026-10-02 13:22:19,,available,normal,LIMA-LA VICTORIA,28/12/2026,12:00,20,,,,15.826,,,,,,,event_atomic,,screenshots\2026-10\02-10-2026\observer-cupo-febd8b.png,screenshots\2026-10\02-10-2026\observer-cupo-febd8b.png,Se seleccionaron una fecha y una hora disponibles.
observer-***-132250-c3c83f7d,2026-10-02 13:23:07,,available,normal,LIMA-LA VICTORIA,28/12/2026,12:00,20,,,,17.310,,,,,,,event_atomic,,screenshots\2026-10\02-10-2026\observer-cupo-c8d754.png,screenshots\2026-10\02-10-2026\observer-cupo-c8d754.png,Se seleccionaron una fecha y una hora disponibles.
observer-***-132337-7c01d82a,2026-10-02 13:23:52,,available,normal,LIMA-LA VICTORIA,28/12/2026,12:00,20,,,,15.029,,,,,,,event_atomic,,screenshots\2026-10\02-10-2026\observer-cupo-276a10.png,screenshots\2026-10\02-10-2026\observer-cupo-276a10.png,Se seleccionaron una fecha y una hora disponibles.
observer-***-132423-e0081fa4,2026-10-02 13:24:39,,available,normal,LIMA-LA VICTORIA,28/12/2026,12:00,20,,,,16.466,,,,,,,event_atomic,,screenshots\2026-10\02-10-2026\observer-cupo-f9df4f.png,screenshots\2026-10\02-10-2026\observer-cupo-f9df4f.png,Se seleccionaron una fecha y una hora disponibles.
observer-***-132510-2109286f,2026-10-02 13:25:25,,available,normal,LIMA-LA VICTORIA,28/12/2026,12:00,20,,,,15.531,,,,,,,event_atomic,,screenshots\2026-10\02-10-2026\observer-cupo-5fdefb.png,screenshots\2026-10\02-10-2026\observer-cupo-5fdefb.png,Se seleccionaron una fecha y una hora disponibles.
observer-***-132555-6b56e6eb,2026-10-02 13:26:12,,available,normal,LIMA-LA VICTORIA,28/12/2026,12:00,20,,,,16.843,,,,,,,event_atomic,,screenshots\2026-10\02-10-2026\observer-cupo-5181ed.png,screenshots\2026-10\02-10-2026\observer-cupo-5181ed.png,Se seleccionaron una fecha y una hora disponibles.
observer-***-132643-ec40c71c,2026-10-02 13:26:58,,available,normal,LIMA-LA VICTORIA,28/12/2026,12:00,20,,,,15.638,,,,,,,event_atomic,,screenshots\2026-10\02-10-2026\observer-cupo-3936b4.png,screenshots\2026-10\02-10-2026\observer-cupo-3936b4.png,Se seleccionaron una fecha y una hora disponibles.
observer-***-132729-3337fb5e,2026-10-02 13:27:44,,available,normal,LIMA-LA VICTORIA,28/12/2026,12:00,20,,,,15.459,,,,,,,event_atomic,,screenshots\2026-10\02-10-2026\observer-cupo-c15c43.png,screenshots\2026-10\02-10-2026\observer-cupo-c15c43.png,Se seleccionaron una fecha y una hora disponibles.
observer-***-132815-3e1b0f0f,2026-10-02 13:28:31,,available,normal,LIMA-LA VICTORIA,28/12/2026,12:00,20,,,,15.910,,,,,,,event_atomic,,screenshots\2026-10\02-10-2026\observer-cupo-ffc1b9.png,screenshots\2026-10\02-10-2026\observer-cupo-ffc1b9.png,Se seleccionaron una fecha y una hora disponibles.
observer-***-132901-b5cbb100,2026-10-02 13:29:16,,available,normal,LIMA-LA VICTORIA,28/12/2026,12:00,20,,,,15.305,,,,,,,event_atomic,,screenshots\2026-10\02-10-2026\observer-cupo-b60080.png,screenshots\2026-10\02-10-2026\observer-cupo-b60080.png,Se seleccionaron una fecha y una hora disponibles.
observer-***-132947-2c191f5f,2026-10-02 13:30:02,,available,normal,LIMA-LA VICTORIA,28/12/2026,12:00,20,,,,15.755,,,,,,,event_atomic,,screenshots\2026-10\02-10-2026\observer-cupo-85e771.png,screenshots\2026-10\02-10-2026\observer-cupo-85e771.png,Se seleccionaron una fecha y una hora disponibles.
observer-***-133033-ba816dc9,2026-10-02 13:30:48,,available,normal,LIMA-LA VICTORIA,30/12/2026,08:00,20,,,,15.605,,,,,,,event_atomic,,screenshots\2026-10\02-10-2026\observer-cupo-46450a.png,screenshots\2026-10\02-10-2026\observer-cupo-46450a.png,Se seleccionaron una fecha y una hora disponibles.
observer-***-133121-4197d746,2026-10-02 13:31:37,,available,normal,LIMA-LA VICTORIA,30/12/2026,08:00,20,,,,15.557,,,,,,,event_atomic,,screenshots\2026-10\02-10-2026\observer-cupo-d82eb5.png,screenshots\2026-10\02-10-2026\observer-cupo-d82eb5.png,Se seleccionaron una fecha y una hora disponibles.
observer-***-133207-f5c0b259,2026-10-02 13:32:24,,available,normal,LIMA-LA VICTORIA,30/12/2026,08:00,20,,,,16.583,,,,,,,event_atomic,,screenshots\2026-10\02-10-2026\observer-cupo-2f23e3.png,screenshots\2026-10\02-10-2026\observer-cupo-2f23e3.png,Se seleccionaron una fecha y una hora disponibles.
observer-***-133256-39bdc5bf,2026-10-02 13:33:13,,available,normal,LIMA-LA VICTORIA,30/12/2026,08:00,20,,,,17.295,,,,,,,event_atomic,,screenshots\2026-10\02-10-2026\observer-cupo-105f3f.png,screenshots\2026-10\02-10-2026\observer-cupo-105f3f.png,Se seleccionaron una fecha y una hora disponibles.
observer-***-133344-a2b9748c,2026-10-02 13:34:00,,available,normal,LIMA-LA VICTORIA,30/12/2026,08:00,20,,,,15.781,,,,,,,event_atomic,,screenshots\2026-10\02-10-2026\observer-cupo-77f911.png,screenshots\2026-10\02-10-2026\observer-cupo-77f911.png,Se seleccionaron una fecha y una hora disponibles.
observer-***-133430-4c0c585c,2026-10-02 13:35:01,,available,normal,LIMA-LA VICTORIA,30/12/2026,08:00,20,,,,31.339,,,,,,,event_atomic,,screenshots\2026-10\02-10-2026\observer-cupo-e420b6.png,screenshots\2026-10\02-10-2026\observer-cupo-e420b6.png,Se seleccionaron una fecha y una hora disponibles.
observer-***-133532-e3fc261d,2026-10-02 13:35:48,,available,normal,LIMA-LA VICTORIA,30/12/2026,08:00,20,,,,15.627,,,,,,,event_atomic,,screenshots\2026-10\02-10-2026\observer-cupo-0b8e65.png,screenshots\2026-10\02-10-2026\observer-cupo-0b8e65.png,Se seleccionaron una fecha y una hora disponibles.
observer-***-133618-8b1b9de3,2026-10-02 13:36:35,,available,normal,LIMA-LA VICTORIA,30/12/2026,08:00,20,,,,16.420,,,,,,,event_atomic,,screenshots\2026-10\02-10-2026\observer-cupo-07254a.png,screenshots\2026-10\02-10-2026\observer-cupo-07254a.png,Se seleccionaron una fecha y una hora disponibles.
observer-***-133705-***,2026-10-02 13:37:21,,available,normal,LIMA-LA VICTORIA,30/12/2026,08:00,20,,,,15.778,,,,,,,event_atomic,,screenshots\2026-10\02-10-2026\observer-cupo-30ca07.png,screenshots\2026-10\02-10-2026\observer-cupo-30ca07.png,Se seleccionaron una fecha y una hora disponibles.
observer-***-133751-4496a143,2026-10-02 13:38:07,,available,normal,LIMA-LA VICTORIA,30/12/2026,08:00,20,,,,16.002,,,,,,,event_atomic,,screenshots\2026-10\02-10-2026\observer-cupo-0f650e.png,screenshots\2026-10\02-10-2026\observer-cupo-0f650e.png,Se seleccionaron una fecha y una hora disponibles.
observer-***-133838-49b2d76a,2026-10-02 13:38:54,,available,normal,LIMA-LA VICTORIA,30/12/2026,08:00,20,,,,15.834,,,,,,,event_atomic,,screenshots\2026-10\02-10-2026\observer-cupo-ef0c12.png,screenshots\2026-10\02-10-2026\observer-cupo-ef0c12.png,Se seleccionaron una fecha y una hora disponibles.
observer-***-133924-938e51ce,2026-10-02 13:39:40,,available,normal,LIMA-LA VICTORIA,30/12/2026,08:00,20,,,,15.393,,,,,,,event_atomic,,screenshots\2026-10\02-10-2026\observer-cupo-4bbff3.png,screenshots\2026-10\02-10-2026\observer-cupo-4bbff3.png,Se seleccionaron una fecha y una hora disponibles.
observer-***-134010-fac12922,2026-10-02 13:40:25,,available,normal,LIMA-LA VICTORIA,30/12/2026,08:00,20,,,,15.322,,,,,,,event_atomic,,screenshots\2026-10\02-10-2026\observer-cupo-9c670c.png,screenshots\2026-10\02-10-2026\observer-cupo-9c670c.png,Se seleccionaron una fecha y una hora disponibles.
observer-***-134056-49c59038,2026-10-02 13:41:11,,available,normal,LIMA-LA VICTORIA,30/12/2026,08:00,20,,,,15.074,,,,,,,event_atomic,,screenshots\2026-10\02-10-2026\observer-cupo-edebe5.png,screenshots\2026-10\02-10-2026\observer-cupo-edebe5.png,Se seleccionaron una fecha y una hora disponibles.
observer-***-134141-cad671c0,2026-10-02 13:41:57,,available,normal,LIMA-LA VICTORIA,30/12/2026,08:00,20,,,,15.804,,,,,,,event_atomic,,screenshots\2026-10\02-10-2026\observer-cupo-7a8ea3.png,screenshots\2026-10\02-10-2026\observer-cupo-7a8ea3.png,Se seleccionaron una fecha y una hora disponibles.
observer-***-134228-48a46e7f,2026-10-02 13:42:43,,available,normal,LIMA-LA VICTORIA,30/12/2026,08:00,20,,,,15.648,,,,,,,event_atomic,,screenshots\2026-10\02-10-2026\observer-cupo-79e9ad.png,screenshots\2026-10\02-10-2026\observer-cupo-79e9ad.png,Se seleccionaron una fecha y una hora disponibles.
observer-***-134314-863e0a92,2026-10-02 13:43:29,,available,normal,LIMA-LA VICTORIA,30/12/2026,08:00,20,,,,15.782,,,,,,,event_atomic,,screenshots\2026-10\02-10-2026\observer-cupo-d0d3a5.png,screenshots\2026-10\02-10-2026\observer-cupo-d0d3a5.png,Se seleccionaron una fecha y una hora disponibles.
observer-***-134400-4a0e1bae,2026-10-02 13:44:16,,available,normal,LIMA-LA VICTORIA,30/12/2026,08:00,20,,,,15.965,,,,,,,event_atomic,,screenshots\2026-10\02-10-2026\observer-cupo-1d8a65.png,screenshots\2026-10\02-10-2026\observer-cupo-1d8a65.png,Se seleccionaron una fecha y una hora disponibles.
observer-***-134446-fd0a1264,2026-10-02 13:45:03,,available,normal,LIMA-LA VICTORIA,30/12/2026,08:00,20,,,,16.491,,,,,,,event_atomic,,screenshots\2026-10\02-10-2026\observer-cupo-9df421.png,screenshots\2026-10\02-10-2026\observer-cupo-9df421.png,Se seleccionaron una fecha y una hora disponibles.
observer-***-134533-88366c0b,2026-10-02 13:45:49,,available,normal,LIMA-LA VICTORIA,30/12/2026,08:00,20,,,,15.693,,,,,,,event_atomic,,screenshots\2026-10\02-10-2026\observer-cupo-9511e7.png,screenshots\2026-10\02-10-2026\observer-cupo-9511e7.png,Se seleccionaron una fecha y una hora disponibles.
observer-***-134619-ba8cdf52,2026-10-02 13:46:36,,available,normal,LIMA-LA VICTORIA,30/12/2026,08:00,20,,,,16.172,,,,,,,event_atomic,,screenshots\2026-10\02-10-2026\observer-cupo-0f431a.png,screenshots\2026-10\02-10-2026\observer-cupo-0f431a.png,Se seleccionaron una fecha y una hora disponibles.
observer-***-134706-7fcfab63,2026-10-02 13:47:21,,available,normal,LIMA-LA VICTORIA,30/12/2026,08:00,20,,,,15.379,,,,,,,event_atomic,,screenshots\2026-10\02-10-2026\observer-cupo-ed3bab.png,screenshots\2026-10\02-10-2026\observer-cupo-ed3bab.png,Se seleccionaron una fecha y una hora disponibles.
observer-***-134752-d9e657e0,2026-10-02 13:48:07,,available,normal,LIMA-LA VICTORIA,30/12/2026,08:00,20,,,,15.354,,,,,,,event_atomic,,screenshots\2026-10\02-10-2026\observer-cupo-a960e6.png,screenshots\2026-10\02-10-2026\observer-cupo-a960e6.png,Se seleccionaron una fecha y una hora disponibles.
observer-***-134838-357e6c83,2026-10-02 13:48:53,,available,normal,LIMA-LA VICTORIA,30/12/2026,08:00,20,,,,15.616,,,,,,,event_atomic,,screenshots\2026-10\02-10-2026\observer-cupo-42a308.png,screenshots\2026-10\02-10-2026\observer-cupo-42a308.png,Se seleccionaron una fecha y una hora disponibles.
observer-***-134924-365f6e2d,2026-10-02 13:49:39,,available,normal,LIMA-LA VICTORIA,30/12/2026,08:00,20,,,,15.646,,,,,,,event_atomic,,screenshots\2026-10\02-10-2026\observer-cupo-3939bb.png,screenshots\2026-10\02-10-2026\observer-cupo-3939bb.png,Se seleccionaron una fecha y una hora disponibles.
observer-***-135010-a848a0e7,2026-10-02 13:50:25,,available,normal,LIMA-LA VICTORIA,30/12/2026,08:00,20,,,,15.653,,,,,,,event_atomic,,screenshots\2026-10\02-10-2026\observer-cupo-1fbd55.png,screenshots\2026-10\02-10-2026\observer-cupo-1fbd55.png,Se seleccionaron una fecha y una hora disponibles.
observer-***-135056-55023b04,2026-10-02 13:51:11,,available,normal,LIMA-LA VICTORIA,30/12/2026,08:00,20,,,,15.485,,,,,,,event_atomic,,screenshots\2026-10\02-10-2026\observer-cupo-e09710.png,screenshots\2026-10\02-10-2026\observer-cupo-e09710.png,Se seleccionaron una fecha y una hora disponibles.
observer-***-135142-bab6132f,2026-10-02 13:51:58,,available,normal,LIMA-LA VICTORIA,30/12/2026,08:00,20,,,,16.263,,,,,,,event_atomic,,screenshots\2026-10\02-10-2026\observer-cupo-853ffc.png,screenshots\2026-10\02-10-2026\observer-cupo-853ffc.png,Se seleccionaron una fecha y una hora disponibles.
observer-***-135228-4c7276f4,2026-10-02 13:52:44,,available,normal,LIMA-LA VICTORIA,30/12/2026,08:00,20,,,,15.626,,,,,,,event_atomic,,screenshots\2026-10\02-10-2026\observer-cupo-18ef77.png,screenshots\2026-10\02-10-2026\observer-cupo-18ef77.png,Se seleccionaron una fecha y una hora disponibles.
observer-***-135314-85fd12dd,2026-10-02 13:53:30,,available,normal,LIMA-LA VICTORIA,30/12/2026,08:00,20,,,,15.229,,,,,,,event_atomic,,screenshots\2026-10\02-10-2026\observer-cupo-b89bd8.png,screenshots\2026-10\02-10-2026\observer-cupo-b89bd8.png,Se seleccionaron una fecha y una hora disponibles.
observer-***-135400-b7583e61,2026-10-02 13:54:15,,available,normal,LIMA-LA VICTORIA,30/12/2026,08:00,20,,,,15.385,,,,,,,event_atomic,,screenshots\2026-10\02-10-2026\observer-cupo-1d7827.png,screenshots\2026-10\02-10-2026\observer-cupo-1d7827.png,Se seleccionaron una fecha y una hora disponibles.
observer-***-135446-522957a3,2026-10-02 13:55:01,,available,normal,LIMA-LA VICTORIA,30/12/2026,08:00,20,,,,15.787,,,,,,,event_atomic,,screenshots\2026-10\02-10-2026\observer-cupo-b0a93c.png,screenshots\2026-10\02-10-2026\observer-cupo-b0a93c.png,Se seleccionaron una fecha y una hora disponibles.
observer-***-135532-1040c5c5,2026-10-02 13:55:48,,available,normal,LIMA-LA VICTORIA,30/12/2026,08:00,20,,,,15.935,,,,,,,event_atomic,,screenshots\2026-10\02-10-2026\observer-cupo-106a3c.png,screenshots\2026-10\02-10-2026\observer-cupo-106a3c.png,Se seleccionaron una fecha y una hora disponibles.
observer-***-135618-a5853f3d,2026-10-02 13:56:34,,available,normal,LIMA-LA VICTORIA,30/12/2026,08:00,20,,,,15.809,,,,,,,event_atomic,,screenshots\2026-10\02-10-2026\observer-cupo-9eeaa5.png,screenshots\2026-10\02-10-2026\observer-cupo-9eeaa5.png,Se seleccionaron una fecha y una hora disponibles.
observer-***-135704-b7fa7266,2026-10-02 13:57:20,,available,normal,LIMA-LA VICTORIA,30/12/2026,08:00,20,,,,15.339,,,,,,,event_atomic,,screenshots\2026-10\02-10-2026\observer-cupo-4730b8.png,screenshots\2026-10\02-10-2026\observer-cupo-4730b8.png,Se seleccionaron una fecha y una hora disponibles.
observer-***-135750-2292b2c4,2026-10-02 13:58:06,,available,normal,LIMA-LA VICTORIA,30/12/2026,08:00,20,,,,15.678,,,,,,,event_atomic,,screenshots\2026-10\02-10-2026\observer-cupo-e1c669.png,screenshots\2026-10\02-10-2026\observer-cupo-e1c669.png,Se seleccionaron una fecha y una hora disponibles.
observer-***-135836-ccc46ae0,2026-10-02 13:58:52,,available,normal,LIMA-LA VICTORIA,30/12/2026,08:00,20,,,,15.466,,,,,,,event_atomic,,screenshots\2026-10\02-10-2026\observer-cupo-adfa59.png,screenshots\2026-10\02-10-2026\observer-cupo-adfa59.png,Se seleccionaron una fecha y una hora disponibles.
observer-***-135922-fa5f2052,2026-10-02 13:59:38,,available,normal,LIMA-LA VICTORIA,30/12/2026,08:00,20,,,,15.762,,,,,,,event_atomic,,screenshots\2026-10\02-10-2026\observer-cupo-fd6128.png,screenshots\2026-10\02-10-2026\observer-cupo-fd6128.png,Se seleccionaron una fecha y una hora disponibles.
observer-***-140008-dac0a55a,2026-10-02 14:00:23,,available,normal,LIMA-LA VICTORIA,30/12/2026,08:00,20,,,,14.816,,,,,,,event_atomic,,screenshots\2026-10\02-10-2026\observer-cupo-06535a.png,screenshots\2026-10\02-10-2026\observer-cupo-06535a.png,Se seleccionaron una fecha y una hora disponibles.
observer-***-140054-4dd23df2,2026-10-02 14:01:09,,available,normal,LIMA-LA VICTORIA,30/12/2026,08:00,20,,,,14.979,,,,,,,event_atomic,,screenshots\2026-10\02-10-2026\observer-cupo-990dcc.png,screenshots\2026-10\02-10-2026\observer-cupo-990dcc.png,Se seleccionaron una fecha y una hora disponibles.
observer-***-140139-744f3578,2026-10-02 14:01:55,,available,normal,LIMA-LA VICTORIA,30/12/2026,08:00,20,,,,15.985,,,,,,,event_atomic,,screenshots\2026-10\02-10-2026\observer-cupo-dd9ba6.png,screenshots\2026-10\02-10-2026\observer-cupo-dd9ba6.png,Se seleccionaron una fecha y una hora disponibles.
observer-***-140225-e52d47a1,2026-10-02 14:02:41,,available,normal,LIMA-LA VICTORIA,30/12/2026,08:00,20,,,,15.291,,,,,,,event_atomic,,screenshots\2026-10\02-10-2026\observer-cupo-fd9e64.png,screenshots\2026-10\02-10-2026\observer-cupo-fd9e64.png,Se seleccionaron una fecha y una hora disponibles.
observer-***-140311-85997b03,2026-10-02 14:03:27,,available,normal,LIMA-LA VICTORIA,30/12/2026,08:00,20,,,,15.787,,,,,,,event_atomic,,screenshots\2026-10\02-10-2026\observer-cupo-6b4d96.png,screenshots\2026-10\02-10-2026\observer-cupo-6b4d96.png,Se seleccionaron una fecha y una hora disponibles.
observer-***-140357-88f58986,2026-10-02 14:04:13,,available,normal,LIMA-LA VICTORIA,30/12/2026,08:00,20,,,,15.129,,,,,,,event_atomic,,screenshots\2026-10\02-10-2026\observer-cupo-8c361d.png,screenshots\2026-10\02-10-2026\observer-cupo-8c361d.png,Se seleccionaron una fecha y una hora disponibles.
observer-***-140443-3f9fee23,2026-10-02 14:04:58,,available,normal,LIMA-LA VICTORIA,30/12/2026,08:00,20,,,,15.446,,,,,,,event_atomic,,screenshots\2026-10\02-10-2026\observer-cupo-adbbc8.png,screenshots\2026-10\02-10-2026\observer-cupo-adbbc8.png,Se seleccionaron una fecha y una hora disponibles.
observer-***-140529-fae0dbe7,2026-10-02 14:05:44,,available,normal,LIMA-LA VICTORIA,30/12/2026,08:00,20,,,,15.185,,,,,,,event_atomic,,screenshots\2026-10\02-10-2026\observer-cupo-e66069.png,screenshots\2026-10\02-10-2026\observer-cupo-e66069.png,Se seleccionaron una fecha y una hora disponibles.
observer-***-140615-1e20f92f,2026-10-02 14:06:30,,available,normal,LIMA-LA VICTORIA,30/12/2026,08:00,20,,,,15.367,,,,,,,event_atomic,,screenshots\2026-10\02-10-2026\observer-cupo-6df471.png,screenshots\2026-10\02-10-2026\observer-cupo-6df471.png,Se seleccionaron una fecha y una hora disponibles.
observer-***-140700-cefd8e62,2026-10-02 14:07:16,,available,normal,LIMA-LA VICTORIA,30/12/2026,08:00,20,,,,15.609,,,,,,,event_atomic,,screenshots\2026-10\02-10-2026\observer-cupo-6b62f5.png,screenshots\2026-10\02-10-2026\observer-cupo-6b62f5.png,Se seleccionaron una fecha y una hora disponibles.
observer-***-140746-6b8e1012,2026-10-02 14:08:02,,available,normal,LIMA-LA VICTORIA,30/12/2026,08:00,20,,,,15.301,,,,,,,event_atomic,,screenshots\2026-10\02-10-2026\observer-cupo-f7f6f8.png,screenshots\2026-10\02-10-2026\observer-cupo-f7f6f8.png,Se seleccionaron una fecha y una hora disponibles.
observer-***-140832-94d9af7d,2026-10-02 14:08:47,,available,normal,LIMA-LA VICTORIA,30/12/2026,08:00,20,,,,14.889,,,,,,,event_atomic,,screenshots\2026-10\02-10-2026\observer-cupo-f6d5e2.png,screenshots\2026-10\02-10-2026\observer-cupo-f6d5e2.png,Se seleccionaron una fecha y una hora disponibles.
observer-***-140918-4cb55cdd,2026-10-02 14:09:33,,available,normal,LIMA-LA VICTORIA,30/12/2026,08:00,20,,,,15.233,,,,,,,event_atomic,,screenshots\2026-10\02-10-2026\observer-cupo-a2ed90.png,screenshots\2026-10\02-10-2026\observer-cupo-a2ed90.png,Se seleccionaron una fecha y una hora disponibles.
observer-***-141003-6427c904,2026-10-02 14:10:18,,available,normal,LIMA-LA VICTORIA,30/12/2026,08:00,20,,,,14.989,,,,,,,event_atomic,,screenshots\2026-10\02-10-2026\observer-cupo-92adda.png,screenshots\2026-10\02-10-2026\observer-cupo-92adda.png,Se seleccionaron una fecha y una hora disponibles.
observer-***-141049-43d71edd,2026-10-02 14:11:04,,available,normal,LIMA-LA VICTORIA,30/12/2026,08:00,20,,,,15.382,,,,,,,event_atomic,,screenshots\2026-10\02-10-2026\observer-cupo-42b0f1.png,screenshots\2026-10\02-10-2026\observer-cupo-42b0f1.png,Se seleccionaron una fecha y una hora disponibles.
observer-***-141134-73af4156,2026-10-02 14:11:50,,available,normal,LIMA-LA VICTORIA,30/12/2026,08:00,20,,,,15.476,,,,,,,event_atomic,,screenshots\2026-10\02-10-2026\observer-cupo-49fa5c.png,screenshots\2026-10\02-10-2026\observer-cupo-49fa5c.png,Se seleccionaron una fecha y una hora disponibles.
observer-***-141220-baa6b718,2026-10-02 14:12:36,,available,normal,LIMA-LA VICTORIA,30/12/2026,08:00,20,,,,16.140,,,,,,,event_atomic,,screenshots\2026-10\02-10-2026\observer-cupo-067152.png,screenshots\2026-10\02-10-2026\observer-cupo-067152.png,Se seleccionaron una fecha y una hora disponibles.
observer-***-141307-c5ee1daf,2026-10-02 14:13:22,,available,normal,LIMA-LA VICTORIA,30/12/2026,08:00,20,,,,15.269,,,,,,,event_atomic,,screenshots\2026-10\02-10-2026\observer-cupo-55fe90.png,screenshots\2026-10\02-10-2026\observer-cupo-55fe90.png,Se seleccionaron una fecha y una hora disponibles.
observer-***-141353-96f2981d,2026-10-02 14:14:08,,available,normal,LIMA-LA VICTORIA,30/12/2026,08:00,20,,,,15.286,,,,,,,event_atomic,,screenshots\2026-10\02-10-2026\observer-cupo-14cc71.png,screenshots\2026-10\02-10-2026\observer-cupo-14cc71.png,Se seleccionaron una fecha y una hora disponibles.
observer-***-141438-b129a365,2026-10-02 14:14:54,,available,normal,LIMA-LA VICTORIA,30/12/2026,08:00,20,,,,15.655,,,,,,,event_atomic,,screenshots\2026-10\02-10-2026\observer-cupo-194552.png,screenshots\2026-10\02-10-2026\observer-cupo-194552.png,Se seleccionaron una fecha y una hora disponibles.
observer-***-141525-f7406509,2026-10-02 14:15:40,,available,normal,LIMA-LA VICTORIA,30/12/2026,08:00,20,,,,15.862,,,,,,,event_atomic,,screenshots\2026-10\02-10-2026\observer-cupo-afe5a0.png,screenshots\2026-10\02-10-2026\observer-cupo-afe5a0.png,Se seleccionaron una fecha y una hora disponibles.
observer-***-141611-b8083617,2026-10-02 14:16:26,,available,normal,LIMA-LA VICTORIA,30/12/2026,08:00,20,,,,15.614,,,,,,,event_atomic,,screenshots\2026-10\02-10-2026\observer-cupo-380c40.png,screenshots\2026-10\02-10-2026\observer-cupo-380c40.png,Se seleccionaron una fecha y una hora disponibles.
observer-***-141657-318a566b,2026-10-02 14:17:12,,available,normal,LIMA-LA VICTORIA,30/12/2026,08:00,20,,,,15.027,,,,,,,event_atomic,,screenshots\2026-10\02-10-2026\observer-cupo-335841.png,screenshots\2026-10\02-10-2026\observer-cupo-335841.png,Se seleccionaron una fecha y una hora disponibles.
observer-***-141742-fcec3411,2026-10-02 14:17:58,,available,normal,LIMA-LA VICTORIA,30/12/2026,08:00,20,,,,15.716,,,,,,,event_atomic,,screenshots\2026-10\02-10-2026\observer-cupo-572d26.png,screenshots\2026-10\02-10-2026\observer-cupo-572d26.png,Se seleccionaron una fecha y una hora disponibles.
observer-***-141828-3a4785d0,2026-10-02 14:18:44,,available,normal,LIMA-LA VICTORIA,30/12/2026,08:00,20,,,,15.976,,,,,,,event_atomic,,screenshots\2026-10\02-10-2026\observer-cupo-b72dc6.png,screenshots\2026-10\02-10-2026\observer-cupo-b72dc6.png,Se seleccionaron una fecha y una hora disponibles.
observer-***-141915-9365afa1,2026-10-02 14:19:30,,available,normal,LIMA-LA VICTORIA,30/12/2026,08:00,20,,,,15.568,,,,,,,event_atomic,,screenshots\2026-10\02-10-2026\observer-cupo-46dec4.png,screenshots\2026-10\02-10-2026\observer-cupo-46dec4.png,Se seleccionaron una fecha y una hora disponibles.
observer-***-142001-78cba003,2026-10-02 14:20:16,,available,normal,LIMA-LA VICTORIA,30/12/2026,08:00,20,,,,15.572,,,,,,,event_atomic,,screenshots\2026-10\02-10-2026\observer-cupo-f2e2af.png,screenshots\2026-10\02-10-2026\observer-cupo-f2e2af.png,Se seleccionaron una fecha y una hora disponibles.
observer-***-142047-60add15c,2026-10-02 14:21:02,,available,normal,LIMA-LA VICTORIA,30/12/2026,08:00,20,,,,15.393,,,,,,,event_atomic,,screenshots\2026-10\02-10-2026\observer-cupo-85ae41.png,screenshots\2026-10\02-10-2026\observer-cupo-85ae41.png,Se seleccionaron una fecha y una hora disponibles.
observer-***-142133-263d1d06,2026-10-02 14:21:48,,available,normal,LIMA-LA VICTORIA,30/12/2026,08:00,20,,,,15.557,,,,,,,event_atomic,,screenshots\2026-10\02-10-2026\observer-cupo-f4d39b.png,screenshots\2026-10\02-10-2026\observer-cupo-f4d39b.png,Se seleccionaron una fecha y una hora disponibles.
observer-***-142219-20303d58,2026-10-02 14:22:34,,available,normal,LIMA-LA VICTORIA,30/12/2026,08:00,20,,,,15.554,,,,,,,event_atomic,,screenshots\2026-10\02-10-2026\observer-cupo-cbc69a.png,screenshots\2026-10\02-10-2026\observer-cupo-cbc69a.png,Se seleccionaron una fecha y una hora disponibles.
observer-***-142305-12f9ef25,2026-10-02 14:23:21,,available,normal,LIMA-LA VICTORIA,30/12/2026,08:00,20,,,,15.912,,,,,,,event_atomic,,screenshots\2026-10\02-10-2026\observer-cupo-282007.png,screenshots\2026-10\02-10-2026\observer-cupo-282007.png,Se seleccionaron una fecha y una hora disponibles.
observer-***-142351-ee74d19a,2026-10-02 14:24:06,,available,normal,LIMA-LA VICTORIA,30/12/2026,08:00,20,,,,15.388,,,,,,,event_atomic,,screenshots\2026-10\02-10-2026\observer-cupo-f7d00a.png,screenshots\2026-10\02-10-2026\observer-cupo-f7d00a.png,Se seleccionaron una fecha y una hora disponibles.
observer-***-142437-b03fccd0,2026-10-02 14:24:53,,available,normal,LIMA-LA VICTORIA,30/12/2026,08:00,20,,,,15.842,,,,,,,event_atomic,,screenshots\2026-10\02-10-2026\observer-cupo-18e5ae.png,screenshots\2026-10\02-10-2026\observer-cupo-18e5ae.png,Se seleccionaron una fecha y una hora disponibles.
observer-***-142523-3cbc41cc,2026-10-02 14:25:39,,available,normal,LIMA-LA VICTORIA,30/12/2026,08:00,20,,,,15.669,,,,,,,event_atomic,,screenshots\2026-10\02-10-2026\observer-cupo-bff837.png,screenshots\2026-10\02-10-2026\observer-cupo-bff837.png,Se seleccionaron una fecha y una hora disponibles.
observer-***-142609-e632e002,2026-10-02 14:26:25,,available,normal,LIMA-LA VICTORIA,30/12/2026,08:00,20,,,,15.644,,,,,,,event_atomic,,screenshots\2026-10\02-10-2026\observer-cupo-300b80.png,screenshots\2026-10\02-10-2026\observer-cupo-300b80.png,Se seleccionaron una fecha y una hora disponibles.
observer-***-142655-d0b16c2b,2026-10-02 14:27:11,,available,normal,LIMA-LA VICTORIA,30/12/2026,08:00,20,,,,15.387,,,,,,,event_atomic,,screenshots\2026-10\02-10-2026\observer-cupo-d232c2.png,screenshots\2026-10\02-10-2026\observer-cupo-d232c2.png,Se seleccionaron una fecha y una hora disponibles.
observer-***-142741-719e2205,2026-10-02 14:27:57,,available,normal,LIMA-LA VICTORIA,30/12/2026,08:00,20,,,,15.370,,,,,,,event_atomic,,screenshots\2026-10\02-10-2026\observer-cupo-01704f.png,screenshots\2026-10\02-10-2026\observer-cupo-01704f.png,Se seleccionaron una fecha y una hora disponibles.
observer-***-142827-2c33b21b,2026-10-02 14:28:42,,available,normal,LIMA-LA VICTORIA,30/12/2026,08:00,20,,,,15.272,,,,,,,event_atomic,,screenshots\2026-10\02-10-2026\observer-cupo-e1e6b1.png,screenshots\2026-10\02-10-2026\observer-cupo-e1e6b1.png,Se seleccionaron una fecha y una hora disponibles.
observer-***-142913-a1617052,2026-10-02 14:29:28,,available,normal,LIMA-LA VICTORIA,30/12/2026,08:00,20,,,,15.057,,,,,,,event_atomic,,screenshots\2026-10\02-10-2026\observer-cupo-3020c2.png,screenshots\2026-10\02-10-2026\observer-cupo-3020c2.png,Se seleccionaron una fecha y una hora disponibles.
observer-***-142958-a07bce2a,2026-10-02 14:30:14,,available,normal,LIMA-LA VICTORIA,30/12/2026,08:00,20,,,,15.472,,,,,,,event_atomic,,screenshots\2026-10\02-10-2026\observer-cupo-8eee1e.png,screenshots\2026-10\02-10-2026\observer-cupo-8eee1e.png,Se seleccionaron una fecha y una hora disponibles.
observer-***-143044-0eb7ba83,2026-10-02 14:31:00,,available,normal,LIMA-LA VICTORIA,30/12/2026,08:00,20,,,,15.598,,,,,,,event_atomic,,screenshots\2026-10\02-10-2026\observer-cupo-ed20f0.png,screenshots\2026-10\02-10-2026\observer-cupo-ed20f0.png,Se seleccionaron una fecha y una hora disponibles.
observer-***-143130-5a4a962d,2026-10-02 14:31:46,,available,normal,LIMA-LA VICTORIA,30/12/2026,08:00,20,,,,15.420,,,,,,,event_atomic,,screenshots\2026-10\02-10-2026\observer-cupo-26e6a8.png,screenshots\2026-10\02-10-2026\observer-cupo-26e6a8.png,Se seleccionaron una fecha y una hora disponibles.
observer-***-143216-94952f1f,2026-10-02 14:32:32,,available,normal,LIMA-LA VICTORIA,30/12/2026,08:00,20,,,,15.452,,,,,,,event_atomic,,screenshots\2026-10\02-10-2026\observer-cupo-784f98.png,screenshots\2026-10\02-10-2026\observer-cupo-784f98.png,Se seleccionaron una fecha y una hora disponibles.
observer-***-143302-***,2026-10-02 14:33:17,,available,normal,LIMA-LA VICTORIA,30/12/2026,08:00,20,,,,15.192,,,,,,,event_atomic,,screenshots\2026-10\02-10-2026\observer-cupo-ffd96a.png,screenshots\2026-10\02-10-2026\observer-cupo-ffd96a.png,Se seleccionaron una fecha y una hora disponibles.
observer-***-143348-3faa301d,2026-10-02 14:34:05,,available,normal,LIMA-LA VICTORIA,30/12/2026,08:00,20,,,,16.956,,,,,,,event_atomic,,screenshots\2026-10\02-10-2026\observer-cupo-877771.png,screenshots\2026-10\02-10-2026\observer-cupo-877771.png,Se seleccionaron una fecha y una hora disponibles.
observer-***-143435-***,2026-10-02 14:34:50,,available,normal,LIMA-LA VICTORIA,30/12/2026,08:00,20,,,,15.223,,,,,,,event_atomic,,screenshots\2026-10\02-10-2026\observer-cupo-47c6ca.png,screenshots\2026-10\02-10-2026\observer-cupo-47c6ca.png,Se seleccionaron una fecha y una hora disponibles.
observer-***-143521-f69c8ae7,2026-10-02 14:35:37,,available,normal,LIMA-LA VICTORIA,30/12/2026,08:00,20,,,,15.864,,,,,,,event_atomic,,screenshots\2026-10\02-10-2026\observer-cupo-a47254.png,screenshots\2026-10\02-10-2026\observer-cupo-a47254.png,Se seleccionaron una fecha y una hora disponibles.
observer-***-143607-eb755004,2026-10-02 14:36:22,,available,normal,LIMA-LA VICTORIA,30/12/2026,08:00,20,,,,15.251,,,,,,,event_atomic,,screenshots\2026-10\02-10-2026\observer-cupo-0330f6.png,screenshots\2026-10\02-10-2026\observer-cupo-0330f6.png,Se seleccionaron una fecha y una hora disponibles.
observer-***-143653-1bc69630,2026-10-02 14:37:09,,available,normal,LIMA-LA VICTORIA,30/12/2026,08:00,20,,,,15.915,,,,,,,event_atomic,,screenshots\2026-10\02-10-2026\observer-cupo-ca3137.png,screenshots\2026-10\02-10-2026\observer-cupo-ca3137.png,Se seleccionaron una fecha y una hora disponibles.
observer-***-143739-1fc26980,2026-10-02 14:37:55,,available,normal,LIMA-LA VICTORIA,30/12/2026,08:00,20,,,,15.492,,,,,,,event_atomic,,screenshots\2026-10\02-10-2026\observer-cupo-b45ac5.png,screenshots\2026-10\02-10-2026\observer-cupo-b45ac5.png,Se seleccionaron una fecha y una hora disponibles.
observer-***-143825-eece9af4,2026-10-02 14:38:40,,available,normal,LIMA-LA VICTORIA,30/12/2026,08:00,20,,,,15.286,,,,,,,event_atomic,,screenshots\2026-10\02-10-2026\observer-cupo-5541d6.png,screenshots\2026-10\02-10-2026\observer-cupo-5541d6.png,Se seleccionaron una fecha y una hora disponibles.
observer-***-143911-8d65b631,2026-10-02 14:39:26,,available,normal,LIMA-LA VICTORIA,30/12/2026,08:00,20,,,,15.204,,,,,,,event_atomic,,screenshots\2026-10\02-10-2026\observer-cupo-d13ae6.png,screenshots\2026-10\02-10-2026\observer-cupo-d13ae6.png,Se seleccionaron una fecha y una hora disponibles.
observer-***-143956-684a8bb3,2026-10-02 14:40:12,,available,normal,LIMA-LA VICTORIA,30/12/2026,08:00,20,,,,15.173,,,,,,,event_atomic,,screenshots\2026-10\02-10-2026\observer-cupo-289111.png,screenshots\2026-10\02-10-2026\observer-cupo-289111.png,Se seleccionaron una fecha y una hora disponibles.
observer-***-144042-f5e2baa1,2026-10-02 14:40:57,,available,normal,LIMA-LA VICTORIA,30/12/2026,08:00,20,,,,15.528,,,,,,,event_atomic,,screenshots\2026-10\02-10-2026\observer-cupo-b64274.png,screenshots\2026-10\02-10-2026\observer-cupo-b64274.png,Se seleccionaron una fecha y una hora disponibles.
observer-***-144128-3335c16c,2026-10-02 14:41:43,,available,normal,LIMA-LA VICTORIA,30/12/2026,08:00,20,,,,15.254,,,,,,,event_atomic,,screenshots\2026-10\02-10-2026\observer-cupo-0e36be.png,screenshots\2026-10\02-10-2026\observer-cupo-0e36be.png,Se seleccionaron una fecha y una hora disponibles.
observer-***-144214-2260d5fa,2026-10-02 14:42:29,,available,normal,LIMA-LA VICTORIA,30/12/2026,08:00,20,,,,15.644,,,,,,,event_atomic,,screenshots\2026-10\02-10-2026\observer-cupo-6dffda.png,screenshots\2026-10\02-10-2026\observer-cupo-6dffda.png,Se seleccionaron una fecha y una hora disponibles.
observer-***-144300-1c9fe8f6,2026-10-02 14:43:15,,available,normal,LIMA-LA VICTORIA,30/12/2026,09:00,20,,,,15.415,,,,,,,event_atomic,,screenshots\2026-10\02-10-2026\observer-cupo-745614.png,screenshots\2026-10\02-10-2026\observer-cupo-745614.png,Se seleccionaron una fecha y una hora disponibles.
observer-***-144347-19a39008,2026-10-02 14:44:03,,available,normal,LIMA-LA VICTORIA,30/12/2026,09:00,20,,,,15.688,,,,,,,event_atomic,,screenshots\2026-10\02-10-2026\observer-cupo-9b8364.png,screenshots\2026-10\02-10-2026\observer-cupo-9b8364.png,Se seleccionaron una fecha y una hora disponibles.
observer-***-144434-d7cef28a,2026-10-02 14:44:50,,available,normal,LIMA-LA VICTORIA,30/12/2026,09:00,20,,,,16.098,,,,,,,event_atomic,,screenshots\2026-10\02-10-2026\observer-cupo-deeed4.png,screenshots\2026-10\02-10-2026\observer-cupo-deeed4.png,Se seleccionaron una fecha y una hora disponibles.
observer-***-144520-ffd8aed8,2026-10-02 14:45:35,,available,normal,LIMA-LA VICTORIA,30/12/2026,09:00,20,,,,15.181,,,,,,,event_atomic,,screenshots\2026-10\02-10-2026\observer-cupo-d44268.png,screenshots\2026-10\02-10-2026\observer-cupo-d44268.png,Se seleccionaron una fecha y una hora disponibles.
observer-***-144606-387ad6ae,2026-10-02 14:46:21,,available,normal,LIMA-LA VICTORIA,30/12/2026,09:00,20,,,,15.643,,,,,,,event_atomic,,screenshots\2026-10\02-10-2026\observer-cupo-45db94.png,screenshots\2026-10\02-10-2026\observer-cupo-45db94.png,Se seleccionaron una fecha y una hora disponibles.
observer-***-144652-46abb235,2026-10-02 14:47:07,,available,normal,LIMA-LA VICTORIA,30/12/2026,09:00,20,,,,15.202,,,,,,,event_atomic,,screenshots\2026-10\02-10-2026\observer-cupo-8c238f.png,screenshots\2026-10\02-10-2026\observer-cupo-8c238f.png,Se seleccionaron una fecha y una hora disponibles.
observer-***-144738-ceb8295c,2026-10-02 14:47:53,,available,normal,LIMA-LA VICTORIA,30/12/2026,09:00,20,,,,15.594,,,,,,,event_atomic,,screenshots\2026-10\02-10-2026\observer-cupo-88c0d3.png,screenshots\2026-10\02-10-2026\observer-cupo-88c0d3.png,Se seleccionaron una fecha y una hora disponibles.
observer-***-144824-a6c965e3,2026-10-02 14:48:40,,available,normal,LIMA-LA VICTORIA,30/12/2026,09:00,20,,,,15.969,,,,,,,event_atomic,,screenshots\2026-10\02-10-2026\observer-cupo-64f6ec.png,screenshots\2026-10\02-10-2026\observer-cupo-64f6ec.png,Se seleccionaron una fecha y una hora disponibles.
observer-***-144910-e52a69d8,2026-10-02 14:49:25,,available,normal,LIMA-LA VICTORIA,30/12/2026,09:00,20,,,,15.254,,,,,,,event_atomic,,screenshots\2026-10\02-10-2026\observer-cupo-9ca290.png,screenshots\2026-10\02-10-2026\observer-cupo-9ca290.png,Se seleccionaron una fecha y una hora disponibles.
observer-***-144956-632c4ee7,2026-10-02 14:50:10,,available,normal,LIMA-LA VICTORIA,30/12/2026,09:00,20,,,,14.874,,,,,,,event_atomic,,screenshots\2026-10\02-10-2026\observer-cupo-4f80b3.png,screenshots\2026-10\02-10-2026\observer-cupo-4f80b3.png,Se seleccionaron una fecha y una hora disponibles.
observer-***-145041-8a660d7c,2026-10-02 14:50:56,,available,normal,LIMA-LA VICTORIA,30/12/2026,09:00,20,,,,14.645,,,,,,,event_atomic,,screenshots\2026-10\02-10-2026\observer-cupo-63b0a3.png,screenshots\2026-10\02-10-2026\observer-cupo-63b0a3.png,Se seleccionaron una fecha y una hora disponibles.
observer-***-145126-f57b46d9,2026-10-02 14:51:41,,available,normal,LIMA-LA VICTORIA,30/12/2026,09:00,20,,,,14.653,,,,,,,event_atomic,,screenshots\2026-10\02-10-2026\observer-cupo-4e6cfd.png,screenshots\2026-10\02-10-2026\observer-cupo-4e6cfd.png,Se seleccionaron una fecha y una hora disponibles.
observer-***-145211-59290a46,2026-10-02 14:52:27,,available,normal,LIMA-LA VICTORIA,30/12/2026,09:00,20,,,,15.679,,,,,,,event_atomic,,screenshots\2026-10\02-10-2026\observer-cupo-761205.png,screenshots\2026-10\02-10-2026\observer-cupo-761205.png,Se seleccionaron una fecha y una hora disponibles.
observer-***-145257-1187424e,2026-10-02 14:53:14,,available,normal,LIMA-LA VICTORIA,30/12/2026,09:00,20,,,,16.451,,,,,,,event_atomic,,screenshots\2026-10\02-10-2026\observer-cupo-94dc5a.png,screenshots\2026-10\02-10-2026\observer-cupo-94dc5a.png,Se seleccionaron una fecha y una hora disponibles.
observer-***-145344-b4f796a5,2026-10-02 14:53:59,,available,normal,LIMA-LA VICTORIA,30/12/2026,09:00,20,,,,14.724,,,,,,,event_atomic,,screenshots\2026-10\02-10-2026\observer-cupo-5df8ff.png,screenshots\2026-10\02-10-2026\observer-cupo-5df8ff.png,Se seleccionaron una fecha y una hora disponibles.
observer-***-145429-39e17a63,2026-10-02 14:54:44,,available,normal,LIMA-LA VICTORIA,30/12/2026,09:00,20,,,,14.463,,,,,,,event_atomic,,screenshots\2026-10\02-10-2026\observer-cupo-bfc010.png,screenshots\2026-10\02-10-2026\observer-cupo-bfc010.png,Se seleccionaron una fecha y una hora disponibles.
observer-***-145514-e6660779,2026-10-02 14:55:30,,available,normal,LIMA-LA VICTORIA,30/12/2026,09:00,20,,,,15.631,,,,,,,event_atomic,,screenshots\2026-10\02-10-2026\observer-cupo-00e7d6.png,screenshots\2026-10\02-10-2026\observer-cupo-00e7d6.png,Se seleccionaron una fecha y una hora disponibles.
observer-***-145600-8ea9b20b,2026-10-02 14:56:15,,available,normal,LIMA-LA VICTORIA,30/12/2026,09:00,20,,,,15.008,,,,,,,event_atomic,,screenshots\2026-10\02-10-2026\observer-cupo-8e7e41.png,screenshots\2026-10\02-10-2026\observer-cupo-8e7e41.png,Se seleccionaron una fecha y una hora disponibles.
observer-***-145646-5adf6b43,2026-10-02 14:57:01,,available,normal,LIMA-LA VICTORIA,30/12/2026,10:00,20,,,,15.024,,,,,,,event_atomic,,screenshots\2026-10\02-10-2026\observer-cupo-65b1e3.png,screenshots\2026-10\02-10-2026\observer-cupo-65b1e3.png,Se seleccionaron una fecha y una hora disponibles.
observer-***-145733-33114a90,2026-10-02 14:57:48,,available,normal,LIMA-LA VICTORIA,30/12/2026,10:00,20,,,,14.955,,,,,,,event_atomic,,screenshots\2026-10\02-10-2026\observer-cupo-88be2b.png,screenshots\2026-10\02-10-2026\observer-cupo-88be2b.png,Se seleccionaron una fecha y una hora disponibles.
observer-***-145818-c777d0e1,2026-10-02 14:58:34,,available,normal,LIMA-LA VICTORIA,30/12/2026,10:00,20,,,,15.111,,,,,,,event_atomic,,screenshots\2026-10\02-10-2026\observer-cupo-61076d.png,screenshots\2026-10\02-10-2026\observer-cupo-61076d.png,Se seleccionaron una fecha y una hora disponibles.
observer-***-145904-77088e65,2026-10-02 14:59:19,,available,normal,LIMA-LA VICTORIA,30/12/2026,10:00,20,,,,15.154,,,,,,,event_atomic,,screenshots\2026-10\02-10-2026\observer-cupo-05744d.png,screenshots\2026-10\02-10-2026\observer-cupo-05744d.png,Se seleccionaron una fecha y una hora disponibles.
observer-***-145950-0590a563,2026-10-02 15:00:05,,available,normal,LIMA-LA VICTORIA,30/12/2026,10:00,20,,,,15.034,,,,,,,event_atomic,,screenshots\2026-10\02-10-2026\observer-cupo-33c0fc.png,screenshots\2026-10\02-10-2026\observer-cupo-33c0fc.png,Se seleccionaron una fecha y una hora disponibles.
observer-***-150035-4a89d186,2026-10-02 15:00:50,,available,normal,LIMA-LA VICTORIA,30/12/2026,10:00,20,,,,14.842,,,,,,,event_atomic,,screenshots\2026-10\02-10-2026\observer-cupo-406e5c.png,screenshots\2026-10\02-10-2026\observer-cupo-406e5c.png,Se seleccionaron una fecha y una hora disponibles.
observer-***-150120-3c9630e1,2026-10-02 15:01:36,,available,normal,LIMA-LA VICTORIA,30/12/2026,10:00,20,,,,15.314,,,,,,,event_atomic,,screenshots\2026-10\02-10-2026\observer-cupo-5838c7.png,screenshots\2026-10\02-10-2026\observer-cupo-5838c7.png,Se seleccionaron una fecha y una hora disponibles.
observer-***-150206-1290fd74,2026-10-02 15:02:22,,available,normal,LIMA-LA VICTORIA,30/12/2026,10:00,20,,,,15.356,,,,,,,event_atomic,,screenshots\2026-10\02-10-2026\observer-cupo-5bc565.png,screenshots\2026-10\02-10-2026\observer-cupo-5bc565.png,Se seleccionaron una fecha y una hora disponibles.
observer-***-150252-499d91a4,2026-10-02 15:03:08,,available,normal,LIMA-LA VICTORIA,30/12/2026,10:00,20,,,,15.723,,,,,,,event_atomic,,screenshots\2026-10\02-10-2026\observer-cupo-38ca0a.png,screenshots\2026-10\02-10-2026\observer-cupo-38ca0a.png,Se seleccionaron una fecha y una hora disponibles.
observer-***-150338-5230122e,2026-10-02 15:03:54,,available,normal,LIMA-LA VICTORIA,30/12/2026,10:00,20,,,,15.332,,,,,,,event_atomic,,screenshots\2026-10\02-10-2026\observer-cupo-d94e6b.png,screenshots\2026-10\02-10-2026\observer-cupo-d94e6b.png,Se seleccionaron una fecha y una hora disponibles.
observer-***-150424-46eee948,2026-10-02 15:04:40,,available,normal,LIMA-LA VICTORIA,30/12/2026,10:00,20,,,,15.457,,,,,,,event_atomic,,screenshots\2026-10\02-10-2026\observer-cupo-1cde54.png,screenshots\2026-10\02-10-2026\observer-cupo-1cde54.png,Se seleccionaron una fecha y una hora disponibles.
observer-***-150510-ade9adfd,2026-10-02 15:05:25,,available,normal,LIMA-LA VICTORIA,30/12/2026,10:00,20,,,,15.082,,,,,,,event_atomic,,screenshots\2026-10\02-10-2026\observer-cupo-7f42f5.png,screenshots\2026-10\02-10-2026\observer-cupo-7f42f5.png,Se seleccionaron una fecha y una hora disponibles.
observer-***-150555-13f369e0,2026-10-02 15:06:11,,available,normal,LIMA-LA VICTORIA,30/12/2026,10:00,20,,,,15.573,,,,,,,event_atomic,,screenshots\2026-10\02-10-2026\observer-cupo-624723.png,screenshots\2026-10\02-10-2026\observer-cupo-624723.png,Se seleccionaron una fecha y una hora disponibles.
observer-***-150641-872d3935,2026-10-02 15:06:57,,available,normal,LIMA-LA VICTORIA,30/12/2026,10:00,20,,,,15.234,,,,,,,event_atomic,,screenshots\2026-10\02-10-2026\observer-cupo-0dcecb.png,screenshots\2026-10\02-10-2026\observer-cupo-0dcecb.png,Se seleccionaron una fecha y una hora disponibles.
observer-***-150727-8e3df251,2026-10-02 15:07:43,,available,normal,LIMA-LA VICTORIA,30/12/2026,10:00,20,,,,15.387,,,,,,,event_atomic,,screenshots\2026-10\02-10-2026\observer-cupo-91c09c.png,screenshots\2026-10\02-10-2026\observer-cupo-91c09c.png,Se seleccionaron una fecha y una hora disponibles.
observer-***-150813-a4fcdad6,2026-10-02 15:08:28,,available,normal,LIMA-LA VICTORIA,30/12/2026,10:00,20,,,,15.449,,,,,,,event_atomic,,screenshots\2026-10\02-10-2026\observer-cupo-21c433.png,screenshots\2026-10\02-10-2026\observer-cupo-21c433.png,Se seleccionaron una fecha y una hora disponibles.
observer-***-150859-37d26f65,2026-10-02 15:09:14,,available,normal,LIMA-LA VICTORIA,30/12/2026,10:00,20,,,,14.963,,,,,,,event_atomic,,screenshots\2026-10\02-10-2026\observer-cupo-627e02.png,screenshots\2026-10\02-10-2026\observer-cupo-627e02.png,Se seleccionaron una fecha y una hora disponibles.
observer-***-150944-c5b56779,2026-10-02 15:10:01,,available,normal,LIMA-LA VICTORIA,30/12/2026,10:00,20,,,,16.629,,,,,,,event_atomic,,screenshots\2026-10\02-10-2026\observer-cupo-34ae01.png,screenshots\2026-10\02-10-2026\observer-cupo-34ae01.png,Se seleccionaron una fecha y una hora disponibles.
observer-***-151031-f891a216,2026-10-02 15:10:46,,available,normal,LIMA-LA VICTORIA,30/12/2026,10:00,20,,,,15.243,,,,,,,event_atomic,,screenshots\2026-10\02-10-2026\observer-cupo-0076bf.png,screenshots\2026-10\02-10-2026\observer-cupo-0076bf.png,Se seleccionaron una fecha y una hora disponibles.
observer-***-151117-c45ca523,2026-10-02 15:11:32,,available,normal,LIMA-LA VICTORIA,30/12/2026,10:00,20,,,,15.257,,,,,,,event_atomic,,screenshots\2026-10\02-10-2026\observer-cupo-a19b16.png,screenshots\2026-10\02-10-2026\observer-cupo-a19b16.png,Se seleccionaron una fecha y una hora disponibles.
observer-***-151203-d1f4a2aa,2026-10-02 15:12:18,,available,normal,LIMA-LA VICTORIA,30/12/2026,10:00,20,,,,15.402,,,,,,,event_atomic,,screenshots\2026-10\02-10-2026\observer-cupo-f4fb79.png,screenshots\2026-10\02-10-2026\observer-cupo-f4fb79.png,Se seleccionaron una fecha y una hora disponibles.
observer-***-151249-f2c5cc47,2026-10-02 15:13:05,,available,normal,LIMA-LA VICTORIA,30/12/2026,10:00,20,,,,16.218,,,,,,,event_atomic,,screenshots\2026-10\02-10-2026\observer-cupo-19fb34.png,screenshots\2026-10\02-10-2026\observer-cupo-19fb34.png,Se seleccionaron una fecha y una hora disponibles.
observer-***-151335-78ddf4a8,2026-10-02 15:13:52,,available,normal,LIMA-LA VICTORIA,30/12/2026,10:00,20,,,,16.275,,,,,,,event_atomic,,screenshots\2026-10\02-10-2026\observer-cupo-242afd.png,screenshots\2026-10\02-10-2026\observer-cupo-242afd.png,Se seleccionaron una fecha y una hora disponibles.
observer-***-151422-b888b0c0,2026-10-02 15:14:38,,available,normal,LIMA-LA VICTORIA,30/12/2026,10:00,20,,,,15.762,,,,,,,event_atomic,,screenshots\2026-10\02-10-2026\observer-cupo-de747d.png,screenshots\2026-10\02-10-2026\observer-cupo-de747d.png,Se seleccionaron una fecha y una hora disponibles.
observer-***-151508-43bf76c8,2026-10-02 15:15:23,,available,normal,LIMA-LA VICTORIA,30/12/2026,10:00,20,,,,15.285,,,,,,,event_atomic,,screenshots\2026-10\02-10-2026\observer-cupo-1c9a1c.png,screenshots\2026-10\02-10-2026\observer-cupo-1c9a1c.png,Se seleccionaron una fecha y una hora disponibles.
observer-***-151554-0c161636,2026-10-02 15:16:09,,available,normal,LIMA-LA VICTORIA,30/12/2026,10:00,20,,,,15.389,,,,,,,event_atomic,,screenshots\2026-10\02-10-2026\observer-cupo-c22e07.png,screenshots\2026-10\02-10-2026\observer-cupo-c22e07.png,Se seleccionaron una fecha y una hora disponibles.
observer-***-151640-3751fe3e,2026-10-02 15:16:55,,available,normal,LIMA-LA VICTORIA,30/12/2026,10:00,20,,,,15.432,,,,,,,event_atomic,,screenshots\2026-10\02-10-2026\observer-cupo-206acd.png,screenshots\2026-10\02-10-2026\observer-cupo-206acd.png,Se seleccionaron una fecha y una hora disponibles.
observer-***-151726-a67d8a85,2026-10-02 15:17:40,,available,normal,LIMA-LA VICTORIA,30/12/2026,10:00,20,,,,14.982,,,,,,,event_atomic,,screenshots\2026-10\02-10-2026\observer-cupo-33ef04.png,screenshots\2026-10\02-10-2026\observer-cupo-33ef04.png,Se seleccionaron una fecha y una hora disponibles.
observer-***-151811-8861b207,2026-10-02 15:18:27,,available,normal,LIMA-LA VICTORIA,30/12/2026,10:00,20,,,,15.565,,,,,,,event_atomic,,screenshots\2026-10\02-10-2026\observer-cupo-b09ad3.png,screenshots\2026-10\02-10-2026\observer-cupo-b09ad3.png,Se seleccionaron una fecha y una hora disponibles.
observer-***-151857-7e0ce0bc,2026-10-02 15:19:13,,available,normal,LIMA-LA VICTORIA,30/12/2026,10:00,20,,,,15.991,,,,,,,event_atomic,,screenshots\2026-10\02-10-2026\observer-cupo-31063b.png,screenshots\2026-10\02-10-2026\observer-cupo-31063b.png,Se seleccionaron una fecha y una hora disponibles.
observer-***-151943-3a1ab4f1,2026-10-02 15:19:59,,available,normal,LIMA-LA VICTORIA,30/12/2026,10:00,20,,,,15.806,,,,,,,event_atomic,,screenshots\2026-10\02-10-2026\observer-cupo-0b761f.png,screenshots\2026-10\02-10-2026\observer-cupo-0b761f.png,Se seleccionaron una fecha y una hora disponibles.
observer-***-152030-3e8a6405,2026-10-02 15:20:45,,available,normal,LIMA-LA VICTORIA,30/12/2026,10:00,20,,,,15.673,,,,,,,event_atomic,,screenshots\2026-10\02-10-2026\observer-cupo-28efa7.png,screenshots\2026-10\02-10-2026\observer-cupo-28efa7.png,Se seleccionaron una fecha y una hora disponibles.
observer-***-152116-ed081d9b,2026-10-02 15:21:32,,available,normal,LIMA-LA VICTORIA,30/12/2026,10:00,20,,,,16.160,,,,,,,event_atomic,,screenshots\2026-10\02-10-2026\observer-cupo-b7b63e.png,screenshots\2026-10\02-10-2026\observer-cupo-b7b63e.png,Se seleccionaron una fecha y una hora disponibles.
observer-***-152202-118ebab0,2026-10-02 15:22:18,,available,normal,LIMA-LA VICTORIA,30/12/2026,10:00,20,,,,15.537,,,,,,,event_atomic,,screenshots\2026-10\02-10-2026\observer-cupo-fbb1da.png,screenshots\2026-10\02-10-2026\observer-cupo-fbb1da.png,Se seleccionaron una fecha y una hora disponibles.
observer-***-152248-02f092ef,2026-10-02 15:23:04,,available,normal,LIMA-LA VICTORIA,30/12/2026,10:00,20,,,,15.117,,,,,,,event_atomic,,screenshots\2026-10\02-10-2026\observer-cupo-b4954e.png,screenshots\2026-10\02-10-2026\observer-cupo-b4954e.png,Se seleccionaron una fecha y una hora disponibles.
observer-***-152334-5f38b542,2026-10-02 15:23:49,,available,normal,LIMA-LA VICTORIA,30/12/2026,10:00,20,,,,15.110,,,,,,,event_atomic,,screenshots\2026-10\02-10-2026\observer-cupo-be43a1.png,screenshots\2026-10\02-10-2026\observer-cupo-be43a1.png,Se seleccionaron una fecha y una hora disponibles.
observer-***-152420-0da77d3e,2026-10-02 15:24:37,,available,normal,LIMA-LA VICTORIA,30/12/2026,10:00,20,,,,17.280,,,,,,,event_atomic,,screenshots\2026-10\02-10-2026\observer-cupo-031814.png,screenshots\2026-10\02-10-2026\observer-cupo-031814.png,Se seleccionaron una fecha y una hora disponibles.
observer-***-152507-f854d3c7,2026-10-02 15:25:24,,available,normal,LIMA-LA VICTORIA,30/12/2026,10:00,20,,,,16.191,,,,,,,event_atomic,,screenshots\2026-10\02-10-2026\observer-cupo-1313be.png,screenshots\2026-10\02-10-2026\observer-cupo-1313be.png,Se seleccionaron una fecha y una hora disponibles.
observer-***-152554-12711d60,2026-10-02 15:26:10,,available,normal,LIMA-LA VICTORIA,30/12/2026,10:00,20,,,,15.782,,,,,,,event_atomic,,screenshots\2026-10\02-10-2026\observer-cupo-281bed.png,screenshots\2026-10\02-10-2026\observer-cupo-281bed.png,Se seleccionaron una fecha y una hora disponibles.
observer-***-152640-b274c904,2026-10-02 15:26:56,,available,normal,LIMA-LA VICTORIA,30/12/2026,10:00,20,,,,15.829,,,,,,,event_atomic,,screenshots\2026-10\02-10-2026\observer-cupo-cf1042.png,screenshots\2026-10\02-10-2026\observer-cupo-cf1042.png,Se seleccionaron una fecha y una hora disponibles.
observer-***-152727-00186bd3,2026-10-02 15:27:43,,available,normal,LIMA-LA VICTORIA,30/12/2026,10:00,20,,,,16.101,,,,,,,event_atomic,,screenshots\2026-10\02-10-2026\observer-cupo-ec0b88.png,screenshots\2026-10\02-10-2026\observer-cupo-ec0b88.png,Se seleccionaron una fecha y una hora disponibles.
observer-***-152813-77e4f7ed,2026-10-02 15:28:28,,available,normal,LIMA-LA VICTORIA,30/12/2026,10:00,20,,,,15.171,,,,,,,event_atomic,,screenshots\2026-10\02-10-2026\observer-cupo-de7671.png,screenshots\2026-10\02-10-2026\observer-cupo-de7671.png,Se seleccionaron una fecha y una hora disponibles.
observer-***-152859-26ac2232,2026-10-02 15:29:14,,available,normal,LIMA-LA VICTORIA,30/12/2026,10:00,20,,,,15.475,,,,,,,event_atomic,,screenshots\2026-10\02-10-2026\observer-cupo-00ebed.png,screenshots\2026-10\02-10-2026\observer-cupo-00ebed.png,Se seleccionaron una fecha y una hora disponibles.
observer-***-152945-a1714839,2026-10-02 15:30:01,,available,normal,LIMA-LA VICTORIA,30/12/2026,10:00,20,,,,15.908,,,,,,,event_atomic,,screenshots\2026-10\02-10-2026\observer-cupo-2827be.png,screenshots\2026-10\02-10-2026\observer-cupo-2827be.png,Se seleccionaron una fecha y una hora disponibles.
observer-***-153031-7b5245f3,2026-10-02 15:30:48,,available,normal,LIMA-LA VICTORIA,30/12/2026,10:00,20,,,,16.495,,,,,,,event_atomic,,screenshots\2026-10\02-10-2026\observer-cupo-448bdb.png,screenshots\2026-10\02-10-2026\observer-cupo-448bdb.png,Se seleccionaron una fecha y una hora disponibles.
observer-***-153118-46b67d2d,2026-10-02 15:31:34,,available,normal,LIMA-LA VICTORIA,30/12/2026,10:00,20,,,,16.079,,,,,,,event_atomic,,screenshots\2026-10\02-10-2026\observer-cupo-69f305.png,screenshots\2026-10\02-10-2026\observer-cupo-69f305.png,Se seleccionaron una fecha y una hora disponibles.
observer-***-153205-c5ac063f,2026-10-02 15:32:20,,available,normal,LIMA-LA VICTORIA,30/12/2026,10:00,20,,,,15.614,,,,,,,event_atomic,,screenshots\2026-10\02-10-2026\observer-cupo-5be995.png,screenshots\2026-10\02-10-2026\observer-cupo-5be995.png,Se seleccionaron una fecha y una hora disponibles.
observer-***-153251-88c5bc6d,2026-10-02 15:33:07,,available,normal,LIMA-LA VICTORIA,30/12/2026,10:00,20,,,,15.974,,,,,,,event_atomic,,screenshots\2026-10\02-10-2026\observer-cupo-beca0a.png,screenshots\2026-10\02-10-2026\observer-cupo-beca0a.png,Se seleccionaron una fecha y una hora disponibles.
observer-***-153337-ad1adb14,2026-10-02 15:33:53,,available,normal,LIMA-LA VICTORIA,30/12/2026,10:00,20,,,,15.303,,,,,,,event_atomic,,screenshots\2026-10\02-10-2026\observer-cupo-18c4f1.png,screenshots\2026-10\02-10-2026\observer-cupo-18c4f1.png,Se seleccionaron una fecha y una hora disponibles.
observer-***-153423-0abd4f92,2026-10-02 15:34:38,,available,normal,LIMA-LA VICTORIA,30/12/2026,10:00,20,,,,15.003,,,,,,,event_atomic,,screenshots\2026-10\02-10-2026\observer-cupo-a8a4b0.png,screenshots\2026-10\02-10-2026\observer-cupo-a8a4b0.png,Se seleccionaron una fecha y una hora disponibles.
observer-***-153508-f05faec5,2026-10-02 15:35:23,,available,normal,LIMA-LA VICTORIA,30/12/2026,10:00,20,,,,15.118,,,,,,,event_atomic,,screenshots\2026-10\02-10-2026\observer-cupo-f333e0.png,screenshots\2026-10\02-10-2026\observer-cupo-f333e0.png,Se seleccionaron una fecha y una hora disponibles.
observer-***-153554-ddacb2f8,2026-10-02 15:36:10,,available,normal,LIMA-LA VICTORIA,30/12/2026,10:00,20,,,,15.798,,,,,,,event_atomic,,screenshots\2026-10\02-10-2026\observer-cupo-7bef46.png,screenshots\2026-10\02-10-2026\observer-cupo-7bef46.png,Se seleccionaron una fecha y una hora disponibles.
observer-***-153640-b370b46a,2026-10-02 15:36:55,,available,normal,LIMA-LA VICTORIA,30/12/2026,10:00,20,,,,15.087,,,,,,,event_atomic,,screenshots\2026-10\02-10-2026\observer-cupo-7ceeee.png,screenshots\2026-10\02-10-2026\observer-cupo-7ceeee.png,Se seleccionaron una fecha y una hora disponibles.
observer-***-153726-bbd349b4,2026-10-02 15:37:41,,available,normal,LIMA-LA VICTORIA,30/12/2026,10:00,20,,,,15.261,,,,,,,event_atomic,,screenshots\2026-10\02-10-2026\observer-cupo-67cbbb.png,screenshots\2026-10\02-10-2026\observer-cupo-67cbbb.png,Se seleccionaron una fecha y una hora disponibles.
observer-***-153811-***,2026-10-02 15:38:28,,available,normal,LIMA-LA VICTORIA,30/12/2026,10:00,20,,,,16.179,,,,,,,event_atomic,,screenshots\2026-10\02-10-2026\observer-cupo-b7c824.png,screenshots\2026-10\02-10-2026\observer-cupo-b7c824.png,Se seleccionaron una fecha y una hora disponibles.
observer-***-153858-02349e92,2026-10-02 15:39:14,,available,normal,LIMA-LA VICTORIA,30/12/2026,10:00,20,,,,15.496,,,,,,,event_atomic,,screenshots\2026-10\02-10-2026\observer-cupo-5d3317.png,screenshots\2026-10\02-10-2026\observer-cupo-5d3317.png,Se seleccionaron una fecha y una hora disponibles.
observer-***-153944-3b22ab9a,2026-10-02 15:40:00,,available,normal,LIMA-LA VICTORIA,30/12/2026,10:00,20,,,,16.077,,,,,,,event_atomic,,screenshots\2026-10\02-10-2026\observer-cupo-183bf6.png,screenshots\2026-10\02-10-2026\observer-cupo-183bf6.png,Se seleccionaron una fecha y una hora disponibles.
observer-***-154031-9065332a,2026-10-02 15:40:47,,available,normal,LIMA-LA VICTORIA,30/12/2026,10:00,20,,,,15.955,,,,,,,event_atomic,,screenshots\2026-10\02-10-2026\observer-cupo-5bb4ba.png,screenshots\2026-10\02-10-2026\observer-cupo-5bb4ba.png,Se seleccionaron una fecha y una hora disponibles.
observer-***-154117-db15392d,2026-10-02 15:41:34,,available,normal,LIMA-LA VICTORIA,30/12/2026,10:00,20,,,,16.683,,,,,,,event_atomic,,screenshots\2026-10\02-10-2026\observer-cupo-c53399.png,screenshots\2026-10\02-10-2026\observer-cupo-c53399.png,Se seleccionaron una fecha y una hora disponibles.
observer-***-154204-196014eb,2026-10-02 15:42:20,,available,normal,LIMA-LA VICTORIA,30/12/2026,10:00,20,,,,16.042,,,,,,,event_atomic,,screenshots\2026-10\02-10-2026\observer-cupo-5ab494.png,screenshots\2026-10\02-10-2026\observer-cupo-5ab494.png,Se seleccionaron una fecha y una hora disponibles.
observer-***-154251-0fd7c2be,2026-10-02 15:43:07,,available,normal,LIMA-LA VICTORIA,30/12/2026,10:00,20,,,,16.259,,,,,,,event_atomic,,screenshots\2026-10\02-10-2026\observer-cupo-0ea02d.png,screenshots\2026-10\02-10-2026\observer-cupo-0ea02d.png,Se seleccionaron una fecha y una hora disponibles.
observer-***-154337-46a94f8b,2026-10-02 15:43:54,,available,normal,LIMA-LA VICTORIA,30/12/2026,10:00,20,,,,16.505,,,,,,,event_atomic,,screenshots\2026-10\02-10-2026\observer-cupo-faf8ca.png,screenshots\2026-10\02-10-2026\observer-cupo-faf8ca.png,Se seleccionaron una fecha y una hora disponibles.
observer-***-154424-83fc86eb,2026-10-02 15:44:40,,available,normal,LIMA-LA VICTORIA,30/12/2026,10:00,20,,,,15.412,,,,,,,event_atomic,,screenshots\2026-10\02-10-2026\observer-cupo-d6ddd0.png,screenshots\2026-10\02-10-2026\observer-cupo-d6ddd0.png,Se seleccionaron una fecha y una hora disponibles.
observer-***-154510-ddd896cd,2026-10-02 15:45:26,,available,normal,LIMA-LA VICTORIA,30/12/2026,10:00,20,,,,15.355,,,,,,,event_atomic,,screenshots\2026-10\02-10-2026\observer-cupo-6c33cf.png,screenshots\2026-10\02-10-2026\observer-cupo-6c33cf.png,Se seleccionaron una fecha y una hora disponibles.
observer-***-154556-3d0a0fb1,2026-10-02 15:46:13,,available,normal,LIMA-LA VICTORIA,30/12/2026,10:00,20,,,,16.903,,,,,,,event_atomic,,screenshots\2026-10\02-10-2026\observer-cupo-35c864.png,screenshots\2026-10\02-10-2026\observer-cupo-35c864.png,Se seleccionaron una fecha y una hora disponibles.
observer-***-154644-ca83712e,2026-10-02 15:46:59,,available,normal,LIMA-LA VICTORIA,30/12/2026,10:00,20,,,,15.412,,,,,,,event_atomic,,screenshots\2026-10\02-10-2026\observer-cupo-a6e06f.png,screenshots\2026-10\02-10-2026\observer-cupo-a6e06f.png,Se seleccionaron una fecha y una hora disponibles.
observer-***-154729-e5d38746,2026-10-02 15:47:45,,available,normal,LIMA-LA VICTORIA,30/12/2026,10:00,20,,,,15.933,,,,,,,event_atomic,,screenshots\2026-10\02-10-2026\observer-cupo-15ecaf.png,screenshots\2026-10\02-10-2026\observer-cupo-15ecaf.png,Se seleccionaron una fecha y una hora disponibles.
observer-***-154816-404d8d2a,2026-10-02 15:48:31,,available,normal,LIMA-LA VICTORIA,30/12/2026,10:00,20,,,,15.255,,,,,,,event_atomic,,screenshots\2026-10\02-10-2026\observer-cupo-eca48c.png,screenshots\2026-10\02-10-2026\observer-cupo-eca48c.png,Se seleccionaron una fecha y una hora disponibles.
observer-***-154902-1571c466,2026-10-02 15:49:17,,available,normal,LIMA-LA VICTORIA,30/12/2026,10:00,20,,,,15.390,,,,,,,event_atomic,,screenshots\2026-10\02-10-2026\observer-cupo-d3e01f.png,screenshots\2026-10\02-10-2026\observer-cupo-d3e01f.png,Se seleccionaron una fecha y una hora disponibles.
observer-***-154948-3a108146,2026-10-02 15:50:03,,available,normal,LIMA-LA VICTORIA,30/12/2026,10:00,20,,,,15.538,,,,,,,event_atomic,,screenshots\2026-10\02-10-2026\observer-cupo-779cd7.png,screenshots\2026-10\02-10-2026\observer-cupo-779cd7.png,Se seleccionaron una fecha y una hora disponibles.
observer-***-155034-b307a67c,2026-10-02 15:50:49,,available,normal,LIMA-LA VICTORIA,30/12/2026,10:00,20,,,,15.397,,,,,,,event_atomic,,screenshots\2026-10\02-10-2026\observer-cupo-1bf939.png,screenshots\2026-10\02-10-2026\observer-cupo-1bf939.png,Se seleccionaron una fecha y una hora disponibles.
observer-***-155119-f3ee368d,2026-10-02 15:51:35,,available,normal,LIMA-LA VICTORIA,30/12/2026,11:00,20,,,,15.105,,,,,,,event_atomic,,screenshots\2026-10\02-10-2026\observer-cupo-aee071.png,screenshots\2026-10\02-10-2026\observer-cupo-aee071.png,Se seleccionaron una fecha y una hora disponibles.
observer-***-155207-6364e3c8,2026-10-02 15:52:22,,available,normal,LIMA-LA VICTORIA,30/12/2026,11:00,20,,,,15.152,,,,,,,event_atomic,,screenshots\2026-10\02-10-2026\observer-cupo-55e384.png,screenshots\2026-10\02-10-2026\observer-cupo-55e384.png,Se seleccionaron una fecha y una hora disponibles.
observer-***-155252-983956d6,2026-10-02 15:53:08,,available,normal,LIMA-LA VICTORIA,30/12/2026,11:00,20,,,,15.206,,,,,,,event_atomic,,screenshots\2026-10\02-10-2026\observer-cupo-3c8801.png,screenshots\2026-10\02-10-2026\observer-cupo-3c8801.png,Se seleccionaron una fecha y una hora disponibles.
observer-***-155338-4c5f01e3,2026-10-02 15:53:53,,available,normal,LIMA-LA VICTORIA,30/12/2026,11:00,20,,,,15.215,,,,,,,event_atomic,,screenshots\2026-10\02-10-2026\observer-cupo-8f2816.png,screenshots\2026-10\02-10-2026\observer-cupo-8f2816.png,Se seleccionaron una fecha y una hora disponibles.
observer-***-155424-1f552314,2026-10-02 15:54:39,,available,normal,LIMA-LA VICTORIA,30/12/2026,11:00,20,,,,15.445,,,,,,,event_atomic,,screenshots\2026-10\02-10-2026\observer-cupo-57fbd4.png,screenshots\2026-10\02-10-2026\observer-cupo-57fbd4.png,Se seleccionaron una fecha y una hora disponibles.
observer-***-155510-8145121d,2026-10-02 15:55:25,,available,normal,LIMA-LA VICTORIA,30/12/2026,11:00,20,,,,15.445,,,,,,,event_atomic,,screenshots\2026-10\02-10-2026\observer-cupo-9b85a3.png,screenshots\2026-10\02-10-2026\observer-cupo-9b85a3.png,Se seleccionaron una fecha y una hora disponibles.
observer-***-155556-8d4cc01d,2026-10-02 15:56:11,,available,normal,LIMA-LA VICTORIA,30/12/2026,11:00,20,,,,15.583,,,,,,,event_atomic,,screenshots\2026-10\02-10-2026\observer-cupo-60eb84.png,screenshots\2026-10\02-10-2026\observer-cupo-60eb84.png,Se seleccionaron una fecha y una hora disponibles.
observer-***-155642-d89f3a7b,2026-10-02 15:56:57,,available,normal,LIMA-LA VICTORIA,30/12/2026,11:00,20,,,,15.344,,,,,,,event_atomic,,screenshots\2026-10\02-10-2026\observer-cupo-285795.png,screenshots\2026-10\02-10-2026\observer-cupo-285795.png,Se seleccionaron una fecha y una hora disponibles.
observer-***-155727-3e6b4fdd,2026-10-02 15:57:43,,available,normal,LIMA-LA VICTORIA,30/12/2026,11:00,20,,,,15.206,,,,,,,event_atomic,,screenshots\2026-10\02-10-2026\observer-cupo-8d04bc.png,screenshots\2026-10\02-10-2026\observer-cupo-8d04bc.png,Se seleccionaron una fecha y una hora disponibles.
observer-***-155813-abe0f4d4,2026-10-02 15:58:28,,available,normal,LIMA-LA VICTORIA,30/12/2026,11:00,20,,,,15.415,,,,,,,event_atomic,,screenshots\2026-10\02-10-2026\observer-cupo-7bc567.png,screenshots\2026-10\02-10-2026\observer-cupo-7bc567.png,Se seleccionaron una fecha y una hora disponibles.
observer-***-155859-f289cc7a,2026-10-02 15:59:14,,available,normal,LIMA-LA VICTORIA,30/12/2026,11:00,20,,,,15.527,,,,,,,event_atomic,,screenshots\2026-10\02-10-2026\observer-cupo-c0f89a.png,screenshots\2026-10\02-10-2026\observer-cupo-c0f89a.png,Se seleccionaron una fecha y una hora disponibles.
observer-***-155945-749f5ed9,2026-10-02 16:00:01,,available,normal,LIMA-LA VICTORIA,30/12/2026,11:00,20,,,,16.241,,,,,,,event_atomic,,screenshots\2026-10\02-10-2026\observer-cupo-b983ed.png,screenshots\2026-10\02-10-2026\observer-cupo-b983ed.png,Se seleccionaron una fecha y una hora disponibles.
observer-***-160032-623d0068,2026-10-02 16:00:47,,available,normal,LIMA-LA VICTORIA,30/12/2026,11:00,20,,,,15.505,,,,,,,event_atomic,,screenshots\2026-10\02-10-2026\observer-cupo-beff60.png,screenshots\2026-10\02-10-2026\observer-cupo-beff60.png,Se seleccionaron una fecha y una hora disponibles.
observer-***-160118-61b34af9,2026-10-02 16:01:33,,available,normal,LIMA-LA VICTORIA,30/12/2026,11:00,20,,,,15.071,,,,,,,event_atomic,,screenshots\2026-10\02-10-2026\observer-cupo-9d9041.png,screenshots\2026-10\02-10-2026\observer-cupo-9d9041.png,Se seleccionaron una fecha y una hora disponibles.
observer-***-160203-a72640b3,2026-10-02 16:02:19,,available,normal,LIMA-LA VICTORIA,30/12/2026,11:00,20,,,,15.933,,,,,,,event_atomic,,screenshots\2026-10\02-10-2026\observer-cupo-15f578.png,screenshots\2026-10\02-10-2026\observer-cupo-15f578.png,Se seleccionaron una fecha y una hora disponibles.
observer-***-160250-ed778df0,2026-10-02 16:03:05,,available,normal,LIMA-LA VICTORIA,30/12/2026,11:00,20,,,,15.758,,,,,,,event_atomic,,screenshots\2026-10\02-10-2026\observer-cupo-04fe1b.png,screenshots\2026-10\02-10-2026\observer-cupo-04fe1b.png,Se seleccionaron una fecha y una hora disponibles.
observer-***-160336-d01f059d,2026-10-02 16:03:51,,available,normal,LIMA-LA VICTORIA,30/12/2026,11:00,20,,,,15.214,,,,,,,event_atomic,,screenshots\2026-10\02-10-2026\observer-cupo-c53db0.png,screenshots\2026-10\02-10-2026\observer-cupo-c53db0.png,Se seleccionaron una fecha y una hora disponibles.
observer-***-160422-96c60a41,2026-10-02 16:04:37,,available,normal,LIMA-LA VICTORIA,30/12/2026,11:00,20,,,,15.297,,,,,,,event_atomic,,screenshots\2026-10\02-10-2026\observer-cupo-87487e.png,screenshots\2026-10\02-10-2026\observer-cupo-87487e.png,Se seleccionaron una fecha y una hora disponibles.
observer-***-160507-68d5b0fc,2026-10-02 16:05:23,,available,normal,LIMA-LA VICTORIA,30/12/2026,11:00,20,,,,15.533,,,,,,,event_atomic,,screenshots\2026-10\02-10-2026\observer-cupo-3d078c.png,screenshots\2026-10\02-10-2026\observer-cupo-3d078c.png,Se seleccionaron una fecha y una hora disponibles.
observer-***-160553-b2d9cd37,2026-10-02 16:06:08,,available,normal,LIMA-LA VICTORIA,30/12/2026,11:00,20,,,,14.969,,,,,,,event_atomic,,screenshots\2026-10\02-10-2026\observer-cupo-79155b.png,screenshots\2026-10\02-10-2026\observer-cupo-79155b.png,Se seleccionaron una fecha y una hora disponibles.
observer-***-160639-05e63a13,2026-10-02 16:06:54,,available,normal,LIMA-LA VICTORIA,30/12/2026,11:00,20,,,,15.170,,,,,,,event_atomic,,screenshots\2026-10\02-10-2026\observer-cupo-ba3721.png,screenshots\2026-10\02-10-2026\observer-cupo-ba3721.png,Se seleccionaron una fecha y una hora disponibles.
observer-***-160724-b8a1e31b,2026-10-02 16:07:40,,available,normal,LIMA-LA VICTORIA,30/12/2026,11:00,20,,,,15.196,,,,,,,event_atomic,,screenshots\2026-10\02-10-2026\observer-cupo-c36ec0.png,screenshots\2026-10\02-10-2026\observer-cupo-c36ec0.png,Se seleccionaron una fecha y una hora disponibles.
observer-***-160810-***,2026-10-02 16:08:25,,available,normal,LIMA-LA VICTORIA,30/12/2026,11:00,20,,,,15.272,,,,,,,event_atomic,,screenshots\2026-10\02-10-2026\observer-cupo-24d7dc.png,screenshots\2026-10\02-10-2026\observer-cupo-24d7dc.png,Se seleccionaron una fecha y una hora disponibles.
observer-***-160856-8feea531,2026-10-02 16:09:11,,available,normal,LIMA-LA VICTORIA,30/12/2026,11:00,20,,,,15.331,,,,,,,event_atomic,,screenshots\2026-10\02-10-2026\observer-cupo-f78dd4.png,screenshots\2026-10\02-10-2026\observer-cupo-f78dd4.png,Se seleccionaron una fecha y una hora disponibles.
observer-***-160942-7d379347,2026-10-02 16:09:57,,available,normal,LIMA-LA VICTORIA,30/12/2026,11:00,20,,,,15.359,,,,,,,event_atomic,,screenshots\2026-10\02-10-2026\observer-cupo-d1f5f9.png,screenshots\2026-10\02-10-2026\observer-cupo-d1f5f9.png,Se seleccionaron una fecha y una hora disponibles.
observer-***-161028-306ba399,2026-10-02 16:10:44,,available,normal,LIMA-LA VICTORIA,30/12/2026,11:00,20,,,,16.276,,,,,,,event_atomic,,screenshots\2026-10\02-10-2026\observer-cupo-66e135.png,screenshots\2026-10\02-10-2026\observer-cupo-66e135.png,Se seleccionaron una fecha y una hora disponibles.
observer-***-161114-***,2026-10-02 16:11:30,,available,normal,LIMA-LA VICTORIA,30/12/2026,11:00,20,,,,15.475,,,,,,,event_atomic,,screenshots\2026-10\02-10-2026\observer-cupo-76d824.png,screenshots\2026-10\02-10-2026\observer-cupo-76d824.png,Se seleccionaron una fecha y una hora disponibles.
observer-***-161200-ab78b90e,2026-10-02 16:12:16,,available,normal,LIMA-LA VICTORIA,30/12/2026,11:00,20,,,,15.292,,,,,,,event_atomic,,screenshots\2026-10\02-10-2026\observer-cupo-32635c.png,screenshots\2026-10\02-10-2026\observer-cupo-32635c.png,Se seleccionaron una fecha y una hora disponibles.
observer-***-161246-bf2d8eef,2026-10-02 16:13:01,,available,normal,LIMA-LA VICTORIA,30/12/2026,11:00,20,,,,15.405,,,,,,,event_atomic,,screenshots\2026-10\02-10-2026\observer-cupo-2e88a4.png,screenshots\2026-10\02-10-2026\observer-cupo-2e88a4.png,Se seleccionaron una fecha y una hora disponibles.
observer-***-161332-590db44a,2026-10-02 16:13:47,,available,normal,LIMA-LA VICTORIA,30/12/2026,11:00,20,,,,15.193,,,,,,,event_atomic,,screenshots\2026-10\02-10-2026\observer-cupo-42ca36.png,screenshots\2026-10\02-10-2026\observer-cupo-42ca36.png,Se seleccionaron una fecha y una hora disponibles.
observer-***-161417-11df0c6d,2026-10-02 16:14:33,,available,normal,LIMA-LA VICTORIA,30/12/2026,11:00,20,,,,15.957,,,,,,,event_atomic,,screenshots\2026-10\02-10-2026\observer-cupo-9f5d58.png,screenshots\2026-10\02-10-2026\observer-cupo-9f5d58.png,Se seleccionaron una fecha y una hora disponibles.
observer-***-161504-621a9d4e,2026-10-02 16:15:19,,available,normal,LIMA-LA VICTORIA,30/12/2026,11:00,20,,,,14.892,,,,,,,event_atomic,,screenshots\2026-10\02-10-2026\observer-cupo-20ddcf.png,screenshots\2026-10\02-10-2026\observer-cupo-20ddcf.png,Se seleccionaron una fecha y una hora disponibles.
observer-***-161549-bfc53015,2026-10-02 16:16:04,,available,normal,LIMA-LA VICTORIA,30/12/2026,11:00,20,,,,15.024,,,,,,,event_atomic,,screenshots\2026-10\02-10-2026\observer-cupo-df1365.png,screenshots\2026-10\02-10-2026\observer-cupo-df1365.png,Se seleccionaron una fecha y una hora disponibles.
observer-***-161635-57e09e80,2026-10-02 16:16:49,,available,normal,LIMA-LA VICTORIA,30/12/2026,11:00,20,,,,14.684,,,,,,,event_atomic,,screenshots\2026-10\02-10-2026\observer-cupo-3946ea.png,screenshots\2026-10\02-10-2026\observer-cupo-3946ea.png,Se seleccionaron una fecha y una hora disponibles.
observer-***-161720-17fb6bce,2026-10-02 16:17:34,,available,normal,LIMA-LA VICTORIA,30/12/2026,11:00,20,,,,14.693,,,,,,,event_atomic,,screenshots\2026-10\02-10-2026\observer-cupo-ab6100.png,screenshots\2026-10\02-10-2026\observer-cupo-ab6100.png,Se seleccionaron una fecha y una hora disponibles.
observer-***-161805-3e5f0c9d,2026-10-02 16:18:20,,available,normal,LIMA-LA VICTORIA,30/12/2026,11:00,20,,,,15.270,,,,,,,event_atomic,,screenshots\2026-10\02-10-2026\observer-cupo-6daa52.png,screenshots\2026-10\02-10-2026\observer-cupo-6daa52.png,Se seleccionaron una fecha y una hora disponibles.
observer-***-161851-ddfb1809,2026-10-02 16:19:05,,available,normal,LIMA-LA VICTORIA,30/12/2026,11:00,20,,,,14.770,,,,,,,event_atomic,,screenshots\2026-10\02-10-2026\observer-cupo-436caa.png,screenshots\2026-10\02-10-2026\observer-cupo-436caa.png,Se seleccionaron una fecha y una hora disponibles.
observer-***-161936-bc49ee4f,2026-10-02 16:19:51,,available,normal,LIMA-LA VICTORIA,30/12/2026,11:00,20,,,,15.108,,,,,,,event_atomic,,screenshots\2026-10\02-10-2026\observer-cupo-4ebd8c.png,screenshots\2026-10\02-10-2026\observer-cupo-4ebd8c.png,Se seleccionaron una fecha y una hora disponibles.
observer-***-162021-3e1067fa,2026-10-02 16:20:36,,available,normal,LIMA-LA VICTORIA,30/12/2026,11:00,20,,,,14.842,,,,,,,event_atomic,,screenshots\2026-10\02-10-2026\observer-cupo-17e3cd.png,screenshots\2026-10\02-10-2026\observer-cupo-17e3cd.png,Se seleccionaron una fecha y una hora disponibles.
observer-***-162107-b25af16c,2026-10-02 16:21:23,,available,normal,LIMA-LA VICTORIA,30/12/2026,11:00,20,,,,15.921,,,,,,,event_atomic,,screenshots\2026-10\02-10-2026\observer-cupo-1e7c8f.png,screenshots\2026-10\02-10-2026\observer-cupo-1e7c8f.png,Se seleccionaron una fecha y una hora disponibles.
observer-***-162153-3523cb27,2026-10-02 16:22:04,,available,normal,LIMA-LA VICTORIA,30/12/2026,11:00,20,,,,10.576,,,,,,,event_atomic,,screenshots\2026-10\02-10-2026\observer-cupo-10e2b5.png,screenshots\2026-10\02-10-2026\observer-cupo-10e2b5.png,Se seleccionaron una fecha y una hora disponibles.
observer-***-162234-91cb2e1e,2026-10-02 16:22:49,,available,normal,LIMA-LA VICTORIA,30/12/2026,11:00,20,,,,14.864,,,,,,,event_atomic,,screenshots\2026-10\02-10-2026\observer-cupo-a974b1.png,screenshots\2026-10\02-10-2026\observer-cupo-a974b1.png,Se seleccionaron una fecha y una hora disponibles.
observer-***-162319-61e077fe,2026-10-02 16:23:34,,available,normal,LIMA-LA VICTORIA,30/12/2026,11:00,20,,,,14.881,,,,,,,event_atomic,,screenshots\2026-10\02-10-2026\observer-cupo-add4a5.png,screenshots\2026-10\02-10-2026\observer-cupo-add4a5.png,Se seleccionaron una fecha y una hora disponibles.
observer-***-162405-fabdac95,2026-10-02 16:24:20,,available,normal,LIMA-LA VICTORIA,30/12/2026,11:00,20,,,,15.690,,,,,,,event_atomic,,screenshots\2026-10\02-10-2026\observer-cupo-6ee9cd.png,screenshots\2026-10\02-10-2026\observer-cupo-6ee9cd.png,Se seleccionaron una fecha y una hora disponibles.
observer-***-162451-e4e67f13,2026-10-02 16:25:06,,available,normal,LIMA-LA VICTORIA,30/12/2026,11:00,20,,,,14.955,,,,,,,event_atomic,,screenshots\2026-10\02-10-2026\observer-cupo-04b722.png,screenshots\2026-10\02-10-2026\observer-cupo-04b722.png,Se seleccionaron una fecha y una hora disponibles.
observer-***-162536-93fea9b5,2026-10-02 16:25:51,,available,normal,LIMA-LA VICTORIA,30/12/2026,11:00,20,,,,14.946,,,,,,,event_atomic,,screenshots\2026-10\02-10-2026\observer-cupo-9e942f.png,screenshots\2026-10\02-10-2026\observer-cupo-9e942f.png,Se seleccionaron una fecha y una hora disponibles.
observer-***-162621-070a8f19,2026-10-02 16:26:36,,available,normal,LIMA-LA VICTORIA,30/12/2026,11:00,20,,,,14.827,,,,,,,event_atomic,,screenshots\2026-10\02-10-2026\observer-cupo-7fa2c1.png,screenshots\2026-10\02-10-2026\observer-cupo-7fa2c1.png,Se seleccionaron una fecha y una hora disponibles.
observer-***-162707-53c80aa3,2026-10-02 16:27:23,,available,normal,LIMA-LA VICTORIA,30/12/2026,11:00,20,,,,15.803,,,,,,,event_atomic,,screenshots\2026-10\02-10-2026\observer-cupo-573c6f.png,screenshots\2026-10\02-10-2026\observer-cupo-573c6f.png,Se seleccionaron una fecha y una hora disponibles.
observer-***-162753-9279f16a,2026-10-02 16:28:08,,available,normal,LIMA-LA VICTORIA,30/12/2026,11:00,20,,,,14.696,,,,,,,event_atomic,,screenshots\2026-10\02-10-2026\observer-cupo-40e1e1.png,screenshots\2026-10\02-10-2026\observer-cupo-40e1e1.png,Se seleccionaron una fecha y una hora disponibles.
observer-***-162838-babd72db,2026-10-02 16:28:53,,available,normal,LIMA-LA VICTORIA,30/12/2026,11:00,20,,,,14.641,,,,,,,event_atomic,,screenshots\2026-10\02-10-2026\observer-cupo-e1939f.png,screenshots\2026-10\02-10-2026\observer-cupo-e1939f.png,Se seleccionaron una fecha y una hora disponibles.
observer-***-162923-1e1e10ea,2026-10-02 16:29:38,,available,normal,LIMA-LA VICTORIA,30/12/2026,11:00,20,,,,15.030,,,,,,,event_atomic,,screenshots\2026-10\02-10-2026\observer-cupo-005488.png,screenshots\2026-10\02-10-2026\observer-cupo-005488.png,Se seleccionaron una fecha y una hora disponibles.
observer-***-163009-b02df59b,2026-10-02 16:30:23,,available,normal,LIMA-LA VICTORIA,30/12/2026,11:00,20,,,,14.827,,,,,,,event_atomic,,screenshots\2026-10\02-10-2026\observer-cupo-49fb66.png,screenshots\2026-10\02-10-2026\observer-cupo-49fb66.png,Se seleccionaron una fecha y una hora disponibles.
observer-***-163054-20f8ae90,2026-10-02 16:31:09,,available,normal,LIMA-LA VICTORIA,30/12/2026,11:00,20,,,,14.679,,,,,,,event_atomic,,screenshots\2026-10\02-10-2026\observer-cupo-08d940.png,screenshots\2026-10\02-10-2026\observer-cupo-08d940.png,Se seleccionaron una fecha y una hora disponibles.
observer-***-163139-1c0dbac7,2026-10-02 16:31:54,,available,normal,LIMA-LA VICTORIA,30/12/2026,11:00,20,,,,14.684,,,,,,,event_atomic,,screenshots\2026-10\02-10-2026\observer-cupo-9e4904.png,screenshots\2026-10\02-10-2026\observer-cupo-9e4904.png,Se seleccionaron una fecha y una hora disponibles.
observer-***-163224-d8e1dc25,2026-10-02 16:32:39,,available,normal,LIMA-LA VICTORIA,30/12/2026,11:00,20,,,,15.092,,,,,,,event_atomic,,screenshots\2026-10\02-10-2026\observer-cupo-2f5146.png,screenshots\2026-10\02-10-2026\observer-cupo-2f5146.png,Se seleccionaron una fecha y una hora disponibles.
observer-***-163310-f523e8bb,2026-10-02 16:33:25,,available,normal,LIMA-LA VICTORIA,30/12/2026,11:00,20,,,,15.470,,,,,,,event_atomic,,screenshots\2026-10\02-10-2026\observer-cupo-42e77e.png,screenshots\2026-10\02-10-2026\observer-cupo-42e77e.png,Se seleccionaron una fecha y una hora disponibles.
observer-***-163356-3028d59e,2026-10-02 16:34:10,,available,normal,LIMA-LA VICTORIA,30/12/2026,11:00,20,,,,14.734,,,,,,,event_atomic,,screenshots\2026-10\02-10-2026\observer-cupo-0ed2ed.png,screenshots\2026-10\02-10-2026\observer-cupo-0ed2ed.png,Se seleccionaron una fecha y una hora disponibles.
observer-***-163441-cfa2a916,2026-10-02 16:34:55,,available,normal,LIMA-LA VICTORIA,30/12/2026,11:00,20,,,,14.638,,,,,,,event_atomic,,screenshots\2026-10\02-10-2026\observer-cupo-c8bc6c.png,screenshots\2026-10\02-10-2026\observer-cupo-c8bc6c.png,Se seleccionaron una fecha y una hora disponibles.
observer-***-163526-105f5666,2026-10-02 16:35:42,,available,normal,LIMA-LA VICTORIA,30/12/2026,11:00,20,,,,15.653,,,,,,,event_atomic,,screenshots\2026-10\02-10-2026\observer-cupo-dabf4b.png,screenshots\2026-10\02-10-2026\observer-cupo-dabf4b.png,Se seleccionaron una fecha y una hora disponibles.
observer-***-163612-1f058933,2026-10-02 16:36:27,,available,normal,LIMA-LA VICTORIA,30/12/2026,11:00,20,,,,14.964,,,,,,,event_atomic,,screenshots\2026-10\02-10-2026\observer-cupo-1d9542.png,screenshots\2026-10\02-10-2026\observer-cupo-1d9542.png,Se seleccionaron una fecha y una hora disponibles.
observer-***-163657-bb1ed9aa,2026-10-02 16:37:12,,available,normal,LIMA-LA VICTORIA,30/12/2026,11:00,20,,,,14.449,,,,,,,event_atomic,,screenshots\2026-10\02-10-2026\observer-cupo-1087ef.png,screenshots\2026-10\02-10-2026\observer-cupo-1087ef.png,Se seleccionaron una fecha y una hora disponibles.
observer-***-163742-247ea941,2026-10-02 16:37:57,,available,normal,LIMA-LA VICTORIA,30/12/2026,11:00,20,,,,14.831,,,,,,,event_atomic,,screenshots\2026-10\02-10-2026\observer-cupo-b3af10.png,screenshots\2026-10\02-10-2026\observer-cupo-b3af10.png,Se seleccionaron una fecha y una hora disponibles.
observer-***-163828-***,2026-10-02 16:38:42,,available,normal,LIMA-LA VICTORIA,30/12/2026,11:00,20,,,,14.752,,,,,,,event_atomic,,screenshots\2026-10\02-10-2026\observer-cupo-e30692.png,screenshots\2026-10\02-10-2026\observer-cupo-e30692.png,Se seleccionaron una fecha y una hora disponibles.
observer-***-163913-f7e88917,2026-10-02 16:39:27,,available,normal,LIMA-LA VICTORIA,30/12/2026,11:00,20,,,,14.721,,,,,,,event_atomic,,screenshots\2026-10\02-10-2026\observer-cupo-794090.png,screenshots\2026-10\02-10-2026\observer-cupo-794090.png,Se seleccionaron una fecha y una hora disponibles.
observer-***-163958-6f5957c4,2026-10-02 16:40:13,,available,normal,LIMA-LA VICTORIA,30/12/2026,11:00,20,,,,15.127,,,,,,,event_atomic,,screenshots\2026-10\02-10-2026\observer-cupo-6bad5f.png,screenshots\2026-10\02-10-2026\observer-cupo-6bad5f.png,Se seleccionaron una fecha y una hora disponibles.
observer-***-164043-4177a14a,2026-10-02 16:40:58,,available,normal,LIMA-LA VICTORIA,30/12/2026,11:00,20,,,,14.699,,,,,,,event_atomic,,screenshots\2026-10\02-10-2026\observer-cupo-55ba3e.png,screenshots\2026-10\02-10-2026\observer-cupo-55ba3e.png,Se seleccionaron una fecha y una hora disponibles.
observer-***-164129-c5ce3329,2026-10-02 16:41:44,,available,normal,LIMA-LA VICTORIA,30/12/2026,11:00,20,,,,15.206,,,,,,,event_atomic,,screenshots\2026-10\02-10-2026\observer-cupo-2b788e.png,screenshots\2026-10\02-10-2026\observer-cupo-2b788e.png,Se seleccionaron una fecha y una hora disponibles.
observer-***-164214-d16a81be,2026-10-02 16:42:29,,available,normal,LIMA-LA VICTORIA,30/12/2026,11:00,20,,,,14.810,,,,,,,event_atomic,,screenshots\2026-10\02-10-2026\observer-cupo-0519a4.png,screenshots\2026-10\02-10-2026\observer-cupo-0519a4.png,Se seleccionaron una fecha y una hora disponibles.
observer-***-164300-4e9e473a,2026-10-02 16:43:14,,available,normal,LIMA-LA VICTORIA,30/12/2026,11:00,20,,,,14.869,,,,,,,event_atomic,,screenshots\2026-10\02-10-2026\observer-cupo-ed41b5.png,screenshots\2026-10\02-10-2026\observer-cupo-ed41b5.png,Se seleccionaron una fecha y una hora disponibles.
observer-***-164345-721bb9cb,2026-10-02 16:44:00,,available,normal,LIMA-LA VICTORIA,30/12/2026,11:00,20,,,,15.088,,,,,,,event_atomic,,screenshots\2026-10\02-10-2026\observer-cupo-cc0d57.png,screenshots\2026-10\02-10-2026\observer-cupo-cc0d57.png,Se seleccionaron una fecha y una hora disponibles.
observer-***-164430-a5d27366,2026-10-02 16:44:46,,available,normal,LIMA-LA VICTORIA,30/12/2026,11:00,20,,,,15.137,,,,,,,event_atomic,,screenshots\2026-10\02-10-2026\observer-cupo-51c8c6.png,screenshots\2026-10\02-10-2026\observer-cupo-51c8c6.png,Se seleccionaron una fecha y una hora disponibles.
observer-***-164516-c6b586fc,2026-10-02 16:45:31,,available,normal,LIMA-LA VICTORIA,30/12/2026,11:00,20,,,,15.198,,,,,,,event_atomic,,screenshots\2026-10\02-10-2026\observer-cupo-40889d.png,screenshots\2026-10\02-10-2026\observer-cupo-40889d.png,Se seleccionaron una fecha y una hora disponibles.
observer-***-164602-20007b56,2026-10-02 16:46:17,,available,normal,LIMA-LA VICTORIA,30/12/2026,11:00,20,,,,15.561,,,,,,,event_atomic,,screenshots\2026-10\02-10-2026\observer-cupo-82a3ed.png,screenshots\2026-10\02-10-2026\observer-cupo-82a3ed.png,Se seleccionaron una fecha y una hora disponibles.
observer-***-164648-fff9f8a7,2026-10-02 16:47:02,,available,normal,LIMA-LA VICTORIA,30/12/2026,11:00,20,,,,14.623,,,,,,,event_atomic,,screenshots\2026-10\02-10-2026\observer-cupo-b6aaa7.png,screenshots\2026-10\02-10-2026\observer-cupo-b6aaa7.png,Se seleccionaron una fecha y una hora disponibles.
observer-***-164733-82ace675,2026-10-02 16:47:47,,available,normal,LIMA-LA VICTORIA,30/12/2026,11:00,20,,,,14.727,,,,,,,event_atomic,,screenshots\2026-10\02-10-2026\observer-cupo-b83eaa.png,screenshots\2026-10\02-10-2026\observer-cupo-b83eaa.png,Se seleccionaron una fecha y una hora disponibles.
observer-***-164818-e2b2e964,2026-10-02 16:48:34,,available,normal,LIMA-LA VICTORIA,30/12/2026,11:00,20,,,,16.162,,,,,,,legacy_fallback,,screenshots\2026-10\02-10-2026\observer-cupo-fb131c.png,screenshots\2026-10\02-10-2026\observer-cupo-fb131c.png,Se seleccionaron una fecha y una hora disponibles.
observer-***-164905-e0b21fd7,2026-10-02 16:49:19,,available,normal,LIMA-LA VICTORIA,30/12/2026,11:00,20,,,,14.736,,,,,,,event_atomic,,screenshots\2026-10\02-10-2026\observer-cupo-4f2375.png,screenshots\2026-10\02-10-2026\observer-cupo-4f2375.png,Se seleccionaron una fecha y una hora disponibles.
observer-***-164950-3fa6df5a,2026-10-02 16:50:05,,available,normal,LIMA-LA VICTORIA,30/12/2026,11:00,20,,,,14.928,,,,,,,event_atomic,,screenshots\2026-10\02-10-2026\observer-cupo-74637a.png,screenshots\2026-10\02-10-2026\observer-cupo-74637a.png,Se seleccionaron una fecha y una hora disponibles.
observer-***-165035-c9833592,2026-10-02 16:50:50,,available,normal,LIMA-LA VICTORIA,30/12/2026,11:00,20,,,,14.975,,,,,,,event_atomic,,screenshots\2026-10\02-10-2026\observer-cupo-96264a.png,screenshots\2026-10\02-10-2026\observer-cupo-96264a.png,Se seleccionaron una fecha y una hora disponibles.
observer-***-165121-6e750444,2026-10-02 16:51:35,,available,normal,LIMA-LA VICTORIA,30/12/2026,11:00,20,,,,14.531,,,,,,,event_atomic,,screenshots\2026-10\02-10-2026\observer-cupo-79e8a4.png,screenshots\2026-10\02-10-2026\observer-cupo-79e8a4.png,Se seleccionaron una fecha y una hora disponibles.
observer-***-165206-706a0e86,2026-10-02 16:52:20,,available,normal,LIMA-LA VICTORIA,30/12/2026,11:00,20,,,,14.604,,,,,,,event_atomic,,screenshots\2026-10\02-10-2026\observer-cupo-1df3df.png,screenshots\2026-10\02-10-2026\observer-cupo-1df3df.png,Se seleccionaron una fecha y una hora disponibles.
observer-***-165251-0b302277,2026-10-02 16:53:05,,available,normal,LIMA-LA VICTORIA,30/12/2026,11:00,20,,,,14.664,,,,,,,event_atomic,,screenshots\2026-10\02-10-2026\observer-cupo-5033c2.png,screenshots\2026-10\02-10-2026\observer-cupo-5033c2.png,Se seleccionaron una fecha y una hora disponibles.
observer-***-165336-b2240b84,2026-10-02 16:53:51,,available,normal,LIMA-LA VICTORIA,30/12/2026,11:00,20,,,,14.831,,,,,,,event_atomic,,screenshots\2026-10\02-10-2026\observer-cupo-1710e1.png,screenshots\2026-10\02-10-2026\observer-cupo-1710e1.png,Se seleccionaron una fecha y una hora disponibles.
observer-***-165421-7d5f4d52,2026-10-02 16:54:35,,available,normal,LIMA-LA VICTORIA,30/12/2026,11:00,20,,,,14.301,,,,,,,event_atomic,,screenshots\2026-10\02-10-2026\observer-cupo-a92ce0.png,screenshots\2026-10\02-10-2026\observer-cupo-a92ce0.png,Se seleccionaron una fecha y una hora disponibles.
observer-***-165506-42f9d720,2026-10-02 16:55:21,,available,normal,LIMA-LA VICTORIA,30/12/2026,11:00,20,,,,14.892,,,,,,,event_atomic,,screenshots\2026-10\02-10-2026\observer-cupo-1bf63b.png,screenshots\2026-10\02-10-2026\observer-cupo-1bf63b.png,Se seleccionaron una fecha y una hora disponibles.
observer-***-165551-c0b5f7cc,2026-10-02 16:56:06,,available,normal,LIMA-LA VICTORIA,30/12/2026,11:00,20,,,,14.906,,,,,,,event_atomic,,screenshots\2026-10\02-10-2026\observer-cupo-3ac8b2.png,screenshots\2026-10\02-10-2026\observer-cupo-3ac8b2.png,Se seleccionaron una fecha y una hora disponibles.
observer-***-165637-80fcc604,2026-10-02 16:56:51,,available,normal,LIMA-LA VICTORIA,30/12/2026,11:00,20,,,,14.644,,,,,,,event_atomic,,screenshots\2026-10\02-10-2026\observer-cupo-28be5f.png,screenshots\2026-10\02-10-2026\observer-cupo-28be5f.png,Se seleccionaron una fecha y una hora disponibles.
observer-***-165722-4102bc2c,2026-10-02 16:57:36,,available,normal,LIMA-LA VICTORIA,30/12/2026,11:00,20,,,,14.757,,,,,,,event_atomic,,screenshots\2026-10\02-10-2026\observer-cupo-a261ef.png,screenshots\2026-10\02-10-2026\observer-cupo-a261ef.png,Se seleccionaron una fecha y una hora disponibles.
observer-***-165807-974e435d,2026-10-02 16:58:22,,available,normal,LIMA-LA VICTORIA,30/12/2026,11:00,20,,,,15.027,,,,,,,event_atomic,,screenshots\2026-10\02-10-2026\observer-cupo-226eea.png,screenshots\2026-10\02-10-2026\observer-cupo-226eea.png,Se seleccionaron una fecha y una hora disponibles.
observer-***-165852-e1a470dc,2026-10-02 16:59:07,,available,normal,LIMA-LA VICTORIA,30/12/2026,11:00,20,,,,14.699,,,,,,,event_atomic,,screenshots\2026-10\02-10-2026\observer-cupo-2023e0.png,screenshots\2026-10\02-10-2026\observer-cupo-2023e0.png,Se seleccionaron una fecha y una hora disponibles.
observer-***-165937-f96ccaf1,2026-10-02 16:59:52,,available,normal,LIMA-LA VICTORIA,30/12/2026,11:00,20,,,,14.801,,,,,,,event_atomic,,screenshots\2026-10\02-10-2026\observer-cupo-51765f.png,screenshots\2026-10\02-10-2026\observer-cupo-51765f.png,Se seleccionaron una fecha y una hora disponibles.
observer-***-170023-5adb1109,2026-10-02 17:00:37,,available,normal,LIMA-LA VICTORIA,30/12/2026,11:00,20,,,,14.585,,,,,,,event_atomic,,screenshots\2026-10\02-10-2026\observer-cupo-5a2945.png,screenshots\2026-10\02-10-2026\observer-cupo-5a2945.png,Se seleccionaron una fecha y una hora disponibles.
observer-***-170108-484af4bf,2026-10-02 17:01:23,,available,normal,LIMA-LA VICTORIA,30/12/2026,11:00,20,,,,14.825,,,,,,,event_atomic,,screenshots\2026-10\02-10-2026\observer-cupo-5c762f.png,screenshots\2026-10\02-10-2026\observer-cupo-5c762f.png,Se seleccionaron una fecha y una hora disponibles.
observer-***-170153-bc15ba9e,2026-10-02 17:02:08,,available,normal,LIMA-LA VICTORIA,30/12/2026,11:00,20,,,,14.541,,,,,,,event_atomic,,screenshots\2026-10\02-10-2026\observer-cupo-152c0e.png,screenshots\2026-10\02-10-2026\observer-cupo-152c0e.png,Se seleccionaron una fecha y una hora disponibles.
observer-***-170238-47586c26,2026-10-02 17:02:52,,available,normal,LIMA-LA VICTORIA,30/12/2026,11:00,20,,,,14.437,,,,,,,event_atomic,,screenshots\2026-10\02-10-2026\observer-cupo-f29069.png,screenshots\2026-10\02-10-2026\observer-cupo-f29069.png,Se seleccionaron una fecha y una hora disponibles.
observer-***-170323-29dfb116,2026-10-02 17:03:38,,available,normal,LIMA-LA VICTORIA,30/12/2026,11:00,20,,,,14.644,,,,,,,event_atomic,,screenshots\2026-10\02-10-2026\observer-cupo-56b710.png,screenshots\2026-10\02-10-2026\observer-cupo-56b710.png,Se seleccionaron una fecha y una hora disponibles.
observer-***-170408-5b1cc2f1,2026-10-02 17:04:23,,available,normal,LIMA-LA VICTORIA,30/12/2026,11:00,20,,,,14.688,,,,,,,event_atomic,,screenshots\2026-10\02-10-2026\observer-cupo-787418.png,screenshots\2026-10\02-10-2026\observer-cupo-787418.png,Se seleccionaron una fecha y una hora disponibles.
observer-***-170453-8b0f6b6d,2026-10-02 17:05:08,,available,normal,LIMA-LA VICTORIA,30/12/2026,11:00,20,,,,14.847,,,,,,,event_atomic,,screenshots\2026-10\02-10-2026\observer-cupo-465fcb.png,screenshots\2026-10\02-10-2026\observer-cupo-465fcb.png,Se seleccionaron una fecha y una hora disponibles.
observer-***-170539-d6b7fce6,2026-10-02 17:05:54,,available,normal,LIMA-LA VICTORIA,30/12/2026,12:00,20,,,,15.080,,,,,,,event_atomic,,screenshots\2026-10\02-10-2026\observer-cupo-1db327.png,screenshots\2026-10\02-10-2026\observer-cupo-1db327.png,Se seleccionaron una fecha y una hora disponibles.
observer-***-170627-a70863e9,2026-10-02 17:06:43,,available,normal,LIMA-LA VICTORIA,30/12/2026,12:00,20,,,,16.166,,,,,,,event_atomic,,screenshots\2026-10\02-10-2026\observer-cupo-fe47d7.png,screenshots\2026-10\02-10-2026\observer-cupo-fe47d7.png,Se seleccionaron una fecha y una hora disponibles.
observer-***-170713-985da4a9,2026-10-02 17:07:28,,available,normal,LIMA-LA VICTORIA,30/12/2026,12:00,20,,,,15.080,,,,,,,event_atomic,,screenshots\2026-10\02-10-2026\observer-cupo-fed752.png,screenshots\2026-10\02-10-2026\observer-cupo-fed752.png,Se seleccionaron una fecha y una hora disponibles.
observer-***-170759-bb32fa3b,2026-10-02 17:08:15,,available,normal,LIMA-LA VICTORIA,30/12/2026,12:00,20,,,,16.065,,,,,,,event_atomic,,screenshots\2026-10\02-10-2026\observer-cupo-58e1d8.png,screenshots\2026-10\02-10-2026\observer-cupo-58e1d8.png,Se seleccionaron una fecha y una hora disponibles.
observer-***-170845-2495b8cb,2026-10-02 17:09:01,,available,normal,LIMA-LA VICTORIA,30/12/2026,12:00,20,,,,15.477,,,,,,,event_atomic,,screenshots\2026-10\02-10-2026\observer-cupo-c3bf2f.png,screenshots\2026-10\02-10-2026\observer-cupo-c3bf2f.png,Se seleccionaron una fecha y una hora disponibles.
observer-***-170931-f2801275,2026-10-02 17:09:46,,available,normal,LIMA-LA VICTORIA,30/12/2026,12:00,20,,,,14.729,,,,,,,event_atomic,,screenshots\2026-10\02-10-2026\observer-cupo-b914a8.png,screenshots\2026-10\02-10-2026\observer-cupo-b914a8.png,Se seleccionaron una fecha y una hora disponibles.
observer-***-171016-233876c5,2026-10-02 17:10:31,,available,normal,LIMA-LA VICTORIA,30/12/2026,12:00,20,,,,14.640,,,,,,,event_atomic,,screenshots\2026-10\02-10-2026\observer-cupo-c27ae0.png,screenshots\2026-10\02-10-2026\observer-cupo-c27ae0.png,Se seleccionaron una fecha y una hora disponibles.
observer-***-171101-c36c24c7,2026-10-02 17:11:16,,available,normal,LIMA-LA VICTORIA,30/12/2026,12:00,20,,,,15.091,,,,,,,event_atomic,,screenshots\2026-10\02-10-2026\observer-cupo-ce9dfc.png,screenshots\2026-10\02-10-2026\observer-cupo-ce9dfc.png,Se seleccionaron una fecha y una hora disponibles.
observer-***-171147-236cdd54,2026-10-02 17:12:02,,available,normal,LIMA-LA VICTORIA,30/12/2026,12:00,20,,,,14.905,,,,,,,event_atomic,,screenshots\2026-10\02-10-2026\observer-cupo-0fdecf.png,screenshots\2026-10\02-10-2026\observer-cupo-0fdecf.png,Se seleccionaron una fecha y una hora disponibles.
observer-***-171232-***,2026-10-02 17:12:47,,available,normal,LIMA-LA VICTORIA,30/12/2026,12:00,20,,,,14.623,,,,,,,event_atomic,,screenshots\2026-10\02-10-2026\observer-cupo-cbe7f3.png,screenshots\2026-10\02-10-2026\observer-cupo-cbe7f3.png,Se seleccionaron una fecha y una hora disponibles.
observer-***-171317-ff67cdcb,2026-10-02 17:13:32,,available,normal,LIMA-LA VICTORIA,30/12/2026,12:00,20,,,,14.610,,,,,,,event_atomic,,screenshots\2026-10\02-10-2026\observer-cupo-a1d674.png,screenshots\2026-10\02-10-2026\observer-cupo-a1d674.png,Se seleccionaron una fecha y una hora disponibles.
observer-***-171402-ec02c3ab,2026-10-02 17:14:17,,available,normal,LIMA-LA VICTORIA,30/12/2026,12:00,20,,,,14.796,,,,,,,event_atomic,,screenshots\2026-10\02-10-2026\observer-cupo-c9d729.png,screenshots\2026-10\02-10-2026\observer-cupo-c9d729.png,Se seleccionaron una fecha y una hora disponibles.
observer-***-171448-0bccb523,2026-10-02 17:15:02,,available,normal,LIMA-LA VICTORIA,30/12/2026,12:00,20,,,,14.594,,,,,,,event_atomic,,screenshots\2026-10\02-10-2026\observer-cupo-39b616.png,screenshots\2026-10\02-10-2026\observer-cupo-39b616.png,Se seleccionaron una fecha y una hora disponibles.
observer-***-171533-3bd188e8,2026-10-02 17:15:47,,available,normal,LIMA-LA VICTORIA,30/12/2026,12:00,20,,,,14.362,,,,,,,event_atomic,,screenshots\2026-10\02-10-2026\observer-cupo-ae7860.png,screenshots\2026-10\02-10-2026\observer-cupo-ae7860.png,Se seleccionaron una fecha y una hora disponibles.
observer-***-171617-3603eb2f,2026-10-02 17:16:32,,available,normal,LIMA-LA VICTORIA,30/12/2026,12:00,20,,,,14.347,,,,,,,event_atomic,,screenshots\2026-10\02-10-2026\observer-cupo-2f70dc.png,screenshots\2026-10\02-10-2026\observer-cupo-2f70dc.png,Se seleccionaron una fecha y una hora disponibles.
observer-***-171702-6fc20bbb,2026-10-02 17:17:17,,available,normal,LIMA-LA VICTORIA,30/12/2026,12:00,20,,,,14.379,,,,,,,event_atomic,,screenshots\2026-10\02-10-2026\observer-cupo-29e6f9.png,screenshots\2026-10\02-10-2026\observer-cupo-29e6f9.png,Se seleccionaron una fecha y una hora disponibles.
observer-***-171747-d268adff,2026-10-02 17:18:02,,available,normal,LIMA-LA VICTORIA,30/12/2026,12:00,20,,,,15.111,,,,,,,event_atomic,,screenshots\2026-10\02-10-2026\observer-cupo-f4ad8d.png,screenshots\2026-10\02-10-2026\observer-cupo-f4ad8d.png,Se seleccionaron una fecha y una hora disponibles.
observer-***-171833-1ea10b58,2026-10-02 17:18:47,,available,normal,LIMA-LA VICTORIA,30/12/2026,12:00,20,,,,14.645,,,,,,,event_atomic,,screenshots\2026-10\02-10-2026\observer-cupo-2716e3.png,screenshots\2026-10\02-10-2026\observer-cupo-2716e3.png,Se seleccionaron una fecha y una hora disponibles.
observer-***-171918-f77031c2,2026-10-02 17:19:33,,available,normal,LIMA-LA VICTORIA,30/12/2026,12:00,20,,,,15.276,,,,,,,event_atomic,,screenshots\2026-10\02-10-2026\observer-cupo-9a35ad.png,screenshots\2026-10\02-10-2026\observer-cupo-9a35ad.png,Se seleccionaron una fecha y una hora disponibles.
observer-***-172003-28b94967,2026-10-02 17:20:18,,available,normal,LIMA-LA VICTORIA,30/12/2026,12:00,20,,,,14.722,,,,,,,event_atomic,,screenshots\2026-10\02-10-2026\observer-cupo-ad0843.png,screenshots\2026-10\02-10-2026\observer-cupo-ad0843.png,Se seleccionaron una fecha y una hora disponibles.
observer-***-172049-a819a687,2026-10-02 17:21:03,,available,normal,LIMA-LA VICTORIA,30/12/2026,12:00,20,,,,14.546,,,,,,,event_atomic,,screenshots\2026-10\02-10-2026\observer-cupo-1d9047.png,screenshots\2026-10\02-10-2026\observer-cupo-1d9047.png,Se seleccionaron una fecha y una hora disponibles.
observer-***-172134-97a69473,2026-10-02 17:21:48,,available,normal,LIMA-LA VICTORIA,30/12/2026,12:00,20,,,,14.851,,,,,,,event_atomic,,screenshots\2026-10\02-10-2026\observer-cupo-6ac92d.png,screenshots\2026-10\02-10-2026\observer-cupo-6ac92d.png,Se seleccionaron una fecha y una hora disponibles.
observer-***-172219-8923886d,2026-10-02 17:22:34,,available,normal,LIMA-LA VICTORIA,30/12/2026,12:00,20,,,,14.870,,,,,,,event_atomic,,screenshots\2026-10\02-10-2026\observer-cupo-7d8d9e.png,screenshots\2026-10\02-10-2026\observer-cupo-7d8d9e.png,Se seleccionaron una fecha y una hora disponibles.
observer-***-172304-13fc9d77,2026-10-02 17:23:19,,available,normal,LIMA-LA VICTORIA,30/12/2026,12:00,20,,,,14.804,,,,,,,event_atomic,,screenshots\2026-10\02-10-2026\observer-cupo-b73428.png,screenshots\2026-10\02-10-2026\observer-cupo-b73428.png,Se seleccionaron una fecha y una hora disponibles.
observer-***-172349-a0dd2afc,2026-10-02 17:24:07,,available,normal,LIMA-LA VICTORIA,30/12/2026,12:00,20,,,,17.812,,,,,,,event_atomic,,screenshots\2026-10\02-10-2026\observer-cupo-dee5ec.png,screenshots\2026-10\02-10-2026\observer-cupo-dee5ec.png,Se seleccionaron una fecha y una hora disponibles.
observer-***-172438-e64a3578,2026-10-02 17:24:53,,available,normal,LIMA-LA VICTORIA,30/12/2026,12:00,20,,,,15.176,,,,,,,event_atomic,,screenshots\2026-10\02-10-2026\observer-cupo-7467ab.png,screenshots\2026-10\02-10-2026\observer-cupo-7467ab.png,Se seleccionaron una fecha y una hora disponibles.
observer-***-172523-0fa4744a,2026-10-02 17:25:38,,available,normal,LIMA-LA VICTORIA,30/12/2026,12:00,20,,,,14.918,,,,,,,event_atomic,,screenshots\2026-10\02-10-2026\observer-cupo-a745f1.png,screenshots\2026-10\02-10-2026\observer-cupo-a745f1.png,Se seleccionaron una fecha y una hora disponibles.
observer-***-172609-***,2026-10-02 17:26:24,,available,normal,LIMA-LA VICTORIA,30/12/2026,12:00,20,,,,15.044,,,,,,,event_atomic,,screenshots\2026-10\02-10-2026\observer-cupo-53551a.png,screenshots\2026-10\02-10-2026\observer-cupo-53551a.png,Se seleccionaron una fecha y una hora disponibles.
observer-***-172654-a36350d4,2026-10-02 17:27:09,,available,normal,LIMA-LA VICTORIA,30/12/2026,12:00,20,,,,15.233,,,,,,,event_atomic,,screenshots\2026-10\02-10-2026\observer-cupo-094b5f.png,screenshots\2026-10\02-10-2026\observer-cupo-094b5f.png,Se seleccionaron una fecha y una hora disponibles.
observer-***-172740-93630dec,2026-10-02 17:27:55,,available,normal,LIMA-LA VICTORIA,30/12/2026,12:00,20,,,,15.340,,,,,,,event_atomic,,screenshots\2026-10\02-10-2026\observer-cupo-203a9c.png,screenshots\2026-10\02-10-2026\observer-cupo-203a9c.png,Se seleccionaron una fecha y una hora disponibles.
observer-***-172826-1c76f8c3,2026-10-02 17:28:41,,available,normal,LIMA-LA VICTORIA,30/12/2026,12:00,20,,,,14.896,,,,,,,event_atomic,,screenshots\2026-10\02-10-2026\observer-cupo-44bed8.png,screenshots\2026-10\02-10-2026\observer-cupo-44bed8.png,Se seleccionaron una fecha y una hora disponibles.
observer-***-172911-bdd5304a,2026-10-02 17:29:26,,available,normal,LIMA-LA VICTORIA,30/12/2026,12:00,20,,,,14.780,,,,,,,event_atomic,,screenshots\2026-10\02-10-2026\observer-cupo-63a6df.png,screenshots\2026-10\02-10-2026\observer-cupo-63a6df.png,Se seleccionaron una fecha y una hora disponibles.
observer-***-172956-c22a6c28,2026-10-02 17:30:11,,available,normal,LIMA-LA VICTORIA,30/12/2026,12:00,20,,,,14.657,,,,,,,event_atomic,,screenshots\2026-10\02-10-2026\observer-cupo-f70186.png,screenshots\2026-10\02-10-2026\observer-cupo-f70186.png,Se seleccionaron una fecha y una hora disponibles.
