run_id,finished_at_lima,order_id,status,detection_origin,site,appointment_date,appointment_hour,slots,submission_outcome,confirmation_source,defense_signal,duration_seconds,total_from_available_seconds,selection_seconds,captcha_solver_seconds,captcha_field_fill_seconds,pre_click_validation_seconds,submission_intent_seconds,selection_stabilization_mode,click_to_portal_response_seconds,screenshot_path,evidence_paths,message
***-090418-6ed4ba95,2026-09-01 09:04:52,order-***,partial,normal,LIMA-LA VICTORIA,26/09/2026,09:00,10,blocked_by_order_rule,,,34.375,2.016,0.985,,,,,event_atomic,,screenshots\2026-09\01-09-2026\cupo-090418-order-***,screenshots\2026-09\01-09-2026\cupo-090418-order-*** | screenshots\2026-09\01-09-2026\captchas\captcha-090418-order-***,"Se encontro un horario disponible, pero no cumple la regla de reserva de la orden."
***-090452-5d885974,2026-09-01 09:05:22,order-***,registered,slot_lost_reobservation,LIMA-LA VICTORIA,26/09/2026,10:00,10,confirmed,portal_success_text,,29.466,5.625,0.687,0.031,0.032,0.015,0.016,event_atomic,0.344,screenshots\2026-09\01-09-2026\portal-1-090452-order-***,screenshots\2026-09\01-09-2026\portal-1-090452-order-*** | screenshots\2026-09\01-09-2026\portal-1-090452-order-*** | screenshots\2026-09\01-09-2026\cupo-090452-order-*** | screenshots\2026-09\01-09-2026\cupo-090452-order-*** | screenshots\2026-09\01-09-2026\captchas\captcha-090452-order-*** | screenshots\2026-09\01-09-2026\diagnostics\portal-html-1-090452-order-***,La reserva fue confirmada por mensaje de exito del portal.
***-090451-ee360858,2026-09-01 09:05:22,order-***,registered,slot_lost_reobservation,LIMA-LA VICTORIA,26/09/2026,10:00,10,confirmed,portal_success_text,,30.600,5.000,0.734,0.031,0.031,0.000,0.016,event_atomic,0.375,screenshots\2026-09\01-09-2026\portal-1-090451-order-***,screenshots\2026-09\01-09-2026\portal-1-090451-order-*** | screenshots\2026-09\01-09-2026\portal-1-090451-order-*** | screenshots\2026-09\01-09-2026\cupo-090451-order-*** | screenshots\2026-09\01-09-2026\cupo-090451-order-*** | screenshots\2026-09\01-09-2026\captchas\captcha-090451-order-*** | screenshots\2026-09\01-09-2026\diagnostics\portal-html-1-090451-order-***,La reserva fue confirmada por mensaje de exito del portal.
***-090451-4e8e8f5d,2026-09-01 09:05:22,order-***,registered,slot_lost_reobservation,LIMA-LA VICTORIA,26/09/2026,10:00,10,confirmed,portal_success_text,,30.627,5.656,0.672,0.032,0.031,0.031,0.016,event_atomic,0.375,screenshots\2026-09\01-09-2026\portal-1-090451-order-***,screenshots\2026-09\01-09-2026\portal-1-090451-order-*** | screenshots\2026-09\01-09-2026\portal-1-090451-order-*** | screenshots\2026-09\01-09-2026\cupo-090451-order-*** | screenshots\2026-09\01-09-2026\cupo-090451-order-*** | screenshots\2026-09\01-09-2026\captchas\captcha-090451-order-*** | screenshots\2026-09\01-09-2026\diagnostics\portal-html-1-090451-order-***,La reserva fue confirmada por mensaje de exito del portal.
***-090607-a589ec6f,2026-09-01 09:06:14,order-***,partial,normal,LIMA-LA VICTORIA,26/09/2026,11:00,10,blocked_by_order_rule,,,7.581,2.031,1.000,,,,,event_atomic,,screenshots\2026-09\01-09-2026\cupo-090607-order-***,screenshots\2026-09\01-09-2026\cupo-090607-order-*** | screenshots\2026-09\01-09-2026\captchas\captcha-090607-order-***,"Se encontro un horario disponible, pero no cumple la regla de reserva de la orden."
***-090622-35f95ae3,2026-09-01 09:07:26,order-***,registered,normal,LIMA-LA VICTORIA,28/09/2026,08:00,10,confirmed,portal_success_text,,63.303,5.125,0.656,0.031,0.031,0.015,0.015,event_atomic,0.328,screenshots\2026-09\01-09-2026\portal-1-090622-order-***,screenshots\2026-09\01-09-2026\portal-1-090622-order-*** | screenshots\2026-09\01-09-2026\cupo-090622-order-*** | screenshots\2026-09\01-09-2026\captchas\captcha-090622-order-*** | screenshots\2026-09\01-09-2026\diagnostics\portal-html-1-090622-order-***,La reserva fue confirmada por mensaje de exito del portal.
***-090704-db55b52c,2026-09-01 09:07:30,order-***,unavailable,normal,LIMA-LA VICTORIA,28/09/2026,08:00,10,slot_lost,,,26.211,7.500,1.047,0.062,0.031,0.015,0.047,event_atomic,0.282,screenshots\2026-09\01-09-2026\portal-1-090704-order-***,screenshots\2026-09\01-09-2026\portal-1-090704-order-*** | screenshots\2026-09\01-09-2026\cupo-090704-order-*** | screenshots\2026-09\01-09-2026\captchas\captcha-090704-order-*** | screenshots\2026-09\01-09-2026\diagnostics\portal-html-1-090704-order-***,El cupo dejo de estar disponible antes de completar la reserva.
***-090704-752be603,2026-09-01 09:07:31,order-***,unavailable,normal,LIMA-LA VICTORIA,28/09/2026,08:00,10,slot_lost,,,27.187,8.406,1.188,0.047,0.031,0.016,0.078,event_atomic,0.266,screenshots\2026-09\01-09-2026\portal-1-090704-order-***,screenshots\2026-09\01-09-2026\portal-1-090704-order-*** | screenshots\2026-09\01-09-2026\cupo-090704-order-*** | screenshots\2026-09\01-09-2026\captchas\captcha-090704-order-*** | screenshots\2026-09\01-09-2026\diagnostics\portal-html-1-090704-order-***,El cupo dejo de estar disponible antes de completar la reserva.
***-091620-08bc4d2d,2026-09-01 09:17:24,order-***,unavailable,normal,LIMA-LA VICTORIA,17/09/2026,11:00,30,slot_lost,,,63.832,5.890,0.656,0.031,0.015,0.015,0.078,event_atomic,0.156,screenshots\2026-09\01-09-2026\portal-1-091620-order-***,screenshots\2026-09\01-09-2026\portal-1-091620-order-*** | screenshots\2026-09\01-09-2026\cupo-091620-order-*** | screenshots\2026-09\01-09-2026\captchas\captcha-091620-order-*** | screenshots\2026-09\01-09-2026\diagnostics\portal-html-1-091620-order-***,El cupo dejo de estar disponible antes de completar la reserva.
***-091824-97d5a48d,2026-09-01 09:18:57,order-***,unavailable,normal,LIMA-LA VICTORIA,17/09/2026,12:00,25,slot_lost,,,33.290,6.094,0.641,0.032,0.015,0.016,0.047,event_atomic,0.172,screenshots\2026-09\01-09-2026\portal-1-091824-order-***,screenshots\2026-09\01-09-2026\portal-1-091824-order-*** | screenshots\2026-09\01-09-2026\cupo-091824-order-*** | screenshots\2026-09\01-09-2026\captchas\captcha-091824-order-*** | screenshots\2026-09\01-09-2026\diagnostics\portal-html-1-091824-order-***,El cupo dejo de estar disponible antes de completar la reserva.
***-095737-98df90bb,2026-09-01 09:57:53,order-***,partial,normal,LIMA-LA VICTORIA,03/09/2026,12:00,30,blocked_by_order_rule,,,16.053,1.907,0.954,,,,,event_atomic,,screenshots\2026-09\01-09-2026\cupo-095737-order-***,screenshots\2026-09\01-09-2026\cupo-095737-order-*** | screenshots\2026-09\01-09-2026\captchas\captcha-095737-order-***,"Se encontro un horario disponible, pero no cumple la regla de reserva de la orden."
***-095908-3988ab8b,2026-09-01 09:59:40,order-***,registered,normal,LIMA-LA VICTORIA,21/09/2026,09:00,30,confirmed,portal_success_text,http_429,32.219,5.421,0.640,0.031,0.016,0.000,0.015,event_atomic,0.578,screenshots\2026-09\01-09-2026\portal-1-095908-order-***,screenshots\2026-09\01-09-2026\portal-1-095908-order-*** | screenshots\2026-09\01-09-2026\cupo-095908-order-*** | screenshots\2026-09\01-09-2026\captchas\captcha-095908-order-*** | screenshots\2026-09\01-09-2026\diagnostics\portal-html-1-095908-order-***,La reserva fue confirmada por mensaje de exito del portal.
***-095928-bcec4402,2026-09-01 09:59:52,order-***,unavailable,normal,LIMA-LA VICTORIA,21/09/2026,09:00,30,slot_lost,,,24.168,7.000,0.735,0.046,0.031,0.016,0.031,event_atomic,0.250,screenshots\2026-09\01-09-2026\portal-1-095928-order-***,screenshots\2026-09\01-09-2026\portal-1-095928-order-*** | screenshots\2026-09\01-09-2026\cupo-095928-order-*** | screenshots\2026-09\01-09-2026\captchas\captcha-095928-order-*** | screenshots\2026-09\01-09-2026\diagnostics\portal-html-1-095928-order-***,El cupo dejo de estar disponible antes de completar la reserva.
***-095928-815e13a5,2026-09-01 09:59:53,order-***,unavailable,normal,LIMA-LA VICTORIA,21/09/2026,09:00,30,slot_lost,,,24.959,7.094,0.704,0.047,0.015,0.016,0.062,event_atomic,0.156,screenshots\2026-09\01-09-2026\portal-1-095928-order-***,screenshots\2026-09\01-09-2026\portal-1-095928-order-*** | screenshots\2026-09\01-09-2026\cupo-095928-order-*** | screenshots\2026-09\01-09-2026\captchas\captcha-095928-order-*** | screenshots\2026-09\01-09-2026\diagnostics\portal-html-1-095928-order-***,El cupo dejo de estar disponible antes de completar la reserva.
***-100153-76da3511,2026-09-01 10:02:34,order-***,registered,normal,LIMA-LA VICTORIA,19/09/2026,12:00,30,confirmed,portal_success_text,,41.399,4.875,0.641,0.032,0.016,0.000,0.046,event_atomic,0.328,screenshots\2026-09\01-09-2026\portal-1-100153-order-***,screenshots\2026-09\01-09-2026\portal-1-100153-order-*** | screenshots\2026-09\01-09-2026\cupo-100153-order-*** | screenshots\2026-09\01-09-2026\captchas\captcha-100153-order-*** | screenshots\2026-09\01-09-2026\diagnostics\portal-html-1-100153-order-***,La reserva fue confirmada por mensaje de exito del portal.
***-100218-8e917d43,2026-09-01 10:02:37,order-***,registered,normal,LIMA-LA VICTORIA,19/09/2026,12:00,30,confirmed,portal_success_text,,18.218,6.875,0.953,0.047,0.079,0.016,0.063,event_atomic,0.360,screenshots\2026-09\01-09-2026\portal-1-100218-order-***,screenshots\2026-09\01-09-2026\portal-1-100218-order-*** | screenshots\2026-09\01-09-2026\cupo-100218-order-*** | screenshots\2026-09\01-09-2026\captchas\captcha-100218-order-*** | screenshots\2026-09\01-09-2026\diagnostics\portal-html-1-100218-order-***,La reserva fue confirmada por mensaje de exito del portal.
***-100218-3ef8d900,2026-09-01 10:02:37,order-***,registered,normal,LIMA-LA VICTORIA,19/09/2026,12:00,30,confirmed,portal_success_text,,18.248,6.531,0.844,0.047,0.047,0.015,0.031,event_atomic,0.328,screenshots\2026-09\01-09-2026\portal-1-100218-order-***,screenshots\2026-09\01-09-2026\portal-1-100218-order-*** | screenshots\2026-09\01-09-2026\cupo-100218-order-*** | screenshots\2026-09\01-09-2026\captchas\captcha-100218-order-*** | screenshots\2026-09\01-09-2026\diagnostics\portal-html-1-100218-order-***,La reserva fue confirmada por mensaje de exito del portal.
***-120124-2bba0ce6,2026-09-01 12:01:39,order-***,registered,normal,LIMA-LA VICTORIA,28/09/2026,09:00,10,confirmed,portal_success_text,,15.329,5.422,0.734,0.031,0.031,0.015,0.016,event_atomic,0.297,screenshots\2026-09\01-09-2026\portal-1-120124-order-***,screenshots\2026-09\01-09-2026\portal-1-120124-order-*** | screenshots\2026-09\01-09-2026\cupo-120124-order-*** | screenshots\2026-09\01-09-2026\captchas\captcha-120124-order-*** | screenshots\2026-09\01-09-2026\diagnostics\portal-html-1-120124-order-***,La reserva fue confirmada por mensaje de exito del portal.
***-120056-e8ec009b,2026-09-01 12:01:39,order-***,registered,normal,LIMA-LA VICTORIA,28/09/2026,09:00,10,confirmed,portal_success_text,,43.129,4.485,0.672,0.016,0.016,0.015,0.047,event_atomic,0.328,screenshots\2026-09\01-09-2026\portal-1-120056-order-***,screenshots\2026-09\01-09-2026\portal-1-120056-order-*** | screenshots\2026-09\01-09-2026\cupo-120056-order-*** | screenshots\2026-09\01-09-2026\captchas\captcha-120056-order-*** | screenshots\2026-09\01-09-2026\diagnostics\portal-html-1-120056-order-***,La reserva fue confirmada por mensaje de exito del portal.
***-120124-***,2026-09-01 12:01:51,order-***,registered,slot_lost_reobservation,LIMA-LA VICTORIA,28/09/2026,10:00,10,confirmed,portal_success_text,,27.534,5.579,0.750,0.250,0.031,0.031,0.000,event_atomic,0.282,screenshots\2026-09\01-09-2026\portal-1-120124-order-***,screenshots\2026-09\01-09-2026\portal-1-120124-order-*** | screenshots\2026-09\01-09-2026\portal-1-120124-order-*** | screenshots\2026-09\01-09-2026\cupo-120124-order-*** | screenshots\2026-09\01-09-2026\cupo-120124-order-*** | screenshots\2026-09\01-09-2026\captchas\captcha-120124-order-*** | screenshots\2026-09\01-09-2026\diagnostics\portal-html-1-120124-order-***,La reserva fue confirmada por mensaje de exito del portal.
***-120139-f7d5139a,2026-09-01 12:02:04,order-***,unavailable,normal,LIMA-LA VICTORIA,28/09/2026,10:00,10,slot_lost,,,24.702,7.547,0.750,0.047,0.032,0.016,0.015,event_atomic,0.094,screenshots\2026-09\01-09-2026\portal-1-120139-order-***,screenshots\2026-09\01-09-2026\portal-1-120139-order-*** | screenshots\2026-09\01-09-2026\cupo-120139-order-*** | screenshots\2026-09\01-09-2026\captchas\captcha-120139-order-*** | screenshots\2026-09\01-09-2026\diagnostics\portal-html-1-120139-order-***,El cupo dejo de estar disponible antes de completar la reserva.
***-120139-ad788dd1,2026-09-01 12:02:04,order-***,unavailable,normal,LIMA-LA VICTORIA,28/09/2026,10:00,10,slot_lost,,,24.960,7.000,0.703,0.047,0.031,0.015,0.015,event_atomic,0.125,screenshots\2026-09\01-09-2026\portal-1-120139-order-***,screenshots\2026-09\01-09-2026\portal-1-120139-order-*** | screenshots\2026-09\01-09-2026\cupo-120139-order-*** | screenshots\2026-09\01-09-2026\captchas\captcha-120139-order-*** | screenshots\2026-09\01-09-2026\diagnostics\portal-html-1-120139-order-***,El cupo dejo de estar disponible antes de completar la reserva.
***-120244-0a101fcc,2026-09-01 12:03:05,order-***,registered,normal,LIMA-LA VICTORIA,28/09/2026,11:00,10,confirmed,portal_success_text,,21.877,5.937,0.672,0.047,0.031,0.015,0.078,event_atomic,0.562,screenshots\2026-09\01-09-2026\portal-1-120244-order-***,screenshots\2026-09\01-09-2026\portal-1-120244-order-*** | screenshots\2026-09\01-09-2026\cupo-120244-order-*** | screenshots\2026-09\01-09-2026\captchas\captcha-120244-order-*** | screenshots\2026-09\01-09-2026\diagnostics\portal-html-1-120244-order-***,La reserva fue confirmada por mensaje de exito del portal.
***-120306-***,2026-09-01 12:03:18,order-***,completed,normal,,26/09/2026 11:00,,,,,,12.571,,,,,,,,,screenshots\2026-09\01-09-2026\etapas-120306-order-***,screenshots\2026-09\01-09-2026\etapas-120306-order-***,La etapa Separa Cita Peritaje ya esta en estado Programado. No hay una cita pendiente por reservar.
***-120253-650d29c1,2026-09-01 12:03:21,order-***,unavailable,normal,LIMA-LA VICTORIA,28/09/2026,11:00,10,slot_lost,,,27.794,7.532,0.875,0.047,0.016,0.016,0.078,event_atomic,0.235,screenshots\2026-09\01-09-2026\portal-1-120253-order-***,screenshots\2026-09\01-09-2026\portal-1-120253-order-*** | screenshots\2026-09\01-09-2026\cupo-120253-order-*** | screenshots\2026-09\01-09-2026\captchas\captcha-120253-order-*** | screenshots\2026-09\01-09-2026\diagnostics\portal-html-1-120253-order-***,El cupo dejo de estar disponible antes de completar la reserva.
***-120253-ede7ee1f,2026-09-01 12:03:21,order-***,unavailable,normal,LIMA-LA VICTORIA,28/09/2026,11:00,10,slot_lost,,,27.811,8.046,0.828,0.047,0.047,0.047,0.047,event_atomic,0.265,screenshots\2026-09\01-09-2026\portal-1-120253-order-***,screenshots\2026-09\01-09-2026\portal-1-120253-order-*** | screenshots\2026-09\01-09-2026\cupo-120253-order-*** | screenshots\2026-09\01-09-2026\captchas\captcha-120253-order-*** | screenshots\2026-09\01-09-2026\diagnostics\portal-html-1-120253-order-***,El cupo dejo de estar disponible antes de completar la reserva.
***-120339-512a83ba,2026-09-01 12:04:24,order-***,registered,normal,LIMA-LA VICTORIA,29/09/2026,08:00,10,confirmed,portal_success_text,,44.463,5.937,0.703,0.031,0.016,0.016,0.109,event_atomic,0.313,screenshots\2026-09\01-09-2026\portal-1-120339-order-***,screenshots\2026-09\01-09-2026\portal-1-120339-order-*** | screenshots\2026-09\01-09-2026\cupo-120339-order-*** | screenshots\2026-09\01-09-2026\captchas\captcha-120339-order-*** | screenshots\2026-09\01-09-2026\diagnostics\portal-html-1-120339-order-***,La reserva fue confirmada por mensaje de exito del portal.
***-120406-86690f76,2026-09-01 12:04:32,order-***,unavailable,normal,LIMA-LA VICTORIA,29/09/2026,08:00,10,slot_lost,,,26.184,7.734,0.796,0.031,0.047,0.016,0.047,event_atomic,0.281,screenshots\2026-09\01-09-2026\portal-1-120406-order-***,screenshots\2026-09\01-09-2026\portal-1-120406-order-*** | screenshots\2026-09\01-09-2026\cupo-120406-order-*** | screenshots\2026-09\01-09-2026\captchas\captcha-120406-order-*** | screenshots\2026-09\01-09-2026\diagnostics\portal-html-1-120406-order-***,El cupo dejo de estar disponible antes de completar la reserva.
***-120406-17813eaf,2026-09-01 12:04:33,order-***,unavailable,normal,LIMA-LA VICTORIA,29/09/2026,08:00,10,slot_lost,,,26.934,8.343,0.796,0.047,0.031,0.015,0.078,event_atomic,0.156,screenshots\2026-09\01-09-2026\portal-1-120406-order-***,screenshots\2026-09\01-09-2026\portal-1-120406-order-*** | screenshots\2026-09\01-09-2026\cupo-120406-order-*** | screenshots\2026-09\01-09-2026\captchas\captcha-120406-order-*** | screenshots\2026-09\01-09-2026\diagnostics\portal-html-1-120406-order-***,El cupo dejo de estar disponible antes de completar la reserva.
***-120458-4965fea0,2026-09-01 12:05:27,order-***,registered,normal,LIMA-LA VICTORIA,29/09/2026,09:00,10,confirmed,portal_success_text,,29.334,6.188,0.672,0.015,0.015,0.031,0.172,event_atomic,0.390,screenshots\2026-09\01-09-2026\portal-1-120458-order-***,screenshots\2026-09\01-09-2026\portal-1-120458-order-*** | screenshots\2026-09\01-09-2026\cupo-120458-order-*** | screenshots\2026-09\01-09-2026\captchas\captcha-120458-order-*** | screenshots\2026-09\01-09-2026\diagnostics\portal-html-1-120458-order-***,La reserva fue confirmada por mensaje de exito del portal.
***-120515-71fcdaff,2026-09-01 12:05:40,order-***,unavailable,normal,LIMA-LA VICTORIA,29/09/2026,09:00,10,slot_lost,,,25.006,7.219,0.750,0.032,0.031,0.016,0.031,event_atomic,0.109,screenshots\2026-09\01-09-2026\portal-1-120515-order-***,screenshots\2026-09\01-09-2026\portal-1-120515-order-*** | screenshots\2026-09\01-09-2026\cupo-120515-order-*** | screenshots\2026-09\01-09-2026\captchas\captcha-120515-order-*** | screenshots\2026-09\01-09-2026\diagnostics\portal-html-1-120515-order-***,El cupo dejo de estar disponible antes de completar la reserva.
***-120515-f157d41c,2026-09-01 12:05:40,order-***,unavailable,normal,LIMA-LA VICTORIA,29/09/2026,09:00,10,slot_lost,,,25.141,7.547,0.797,0.047,0.031,0.015,0.047,event_atomic,0.125,screenshots\2026-09\01-09-2026\portal-1-120515-order-***,screenshots\2026-09\01-09-2026\portal-1-120515-order-*** | screenshots\2026-09\01-09-2026\cupo-120515-order-*** | screenshots\2026-09\01-09-2026\captchas\captcha-120515-order-*** | screenshots\2026-09\01-09-2026\diagnostics\portal-html-1-120515-order-***,El cupo dejo de estar disponible antes de completar la reserva.
***-121406-f30544a6,2026-09-01 12:14:52,order-***,registered,normal,LIMA-LA VICTORIA,28/09/2026,12:00,10,confirmed,portal_success_text,,46.074,5.250,0.953,0.047,0.031,0.031,0.016,event_atomic,0.422,screenshots\2026-09\01-09-2026\portal-1-121406-order-***,screenshots\2026-09\01-09-2026\portal-1-121406-order-*** | screenshots\2026-09\01-09-2026\cupo-121406-order-*** | screenshots\2026-09\01-09-2026\captchas\captcha-121406-order-*** | screenshots\2026-09\01-09-2026\diagnostics\portal-html-1-121406-order-***,La reserva fue confirmada por mensaje de exito del portal.
***-121439-8cbcca77,2026-09-01 12:15:02,order-***,unavailable,normal,LIMA-LA VICTORIA,28/09/2026,12:00,10,slot_lost,,,23.717,6.609,0.734,0.047,0.015,0.016,0.032,event_atomic,0.203,screenshots\2026-09\01-09-2026\portal-1-121439-order-***,screenshots\2026-09\01-09-2026\portal-1-121439-order-*** | screenshots\2026-09\01-09-2026\cupo-121439-order-*** | screenshots\2026-09\01-09-2026\captchas\captcha-121439-order-*** | screenshots\2026-09\01-09-2026\diagnostics\portal-html-1-121439-order-***,El cupo dejo de estar disponible antes de completar la reserva.
***-121439-835cf630,2026-09-01 12:15:03,order-***,unavailable,normal,LIMA-LA VICTORIA,28/09/2026,12:00,10,slot_lost,,,24.601,6.750,0.734,0.047,0.031,0.016,0.032,event_atomic,0.141,screenshots\2026-09\01-09-2026\portal-1-121439-order-***,screenshots\2026-09\01-09-2026\portal-1-121439-order-*** | screenshots\2026-09\01-09-2026\cupo-121439-order-*** | screenshots\2026-09\01-09-2026\captchas\captcha-121439-order-*** | screenshots\2026-09\01-09-2026\diagnostics\portal-html-1-121439-order-***,El cupo dejo de estar disponible antes de completar la reserva.
***-121521-6d3fa760,2026-09-01 12:16:16,order-***,registered,normal,LIMA-LA VICTORIA,29/09/2026,10:00,10,confirmed,portal_success_text,,54.914,4.688,0.656,0.031,0.032,0.031,0.016,event_atomic,0.328,screenshots\2026-09\01-09-2026\portal-1-121521-order-***,screenshots\2026-09\01-09-2026\portal-1-121521-order-*** | screenshots\2026-09\01-09-2026\cupo-121521-order-*** | screenshots\2026-09\01-09-2026\captchas\captcha-121521-order-*** | screenshots\2026-09\01-09-2026\diagnostics\portal-html-1-121521-order-***,La reserva fue confirmada por mensaje de exito del portal.
***-121603-eb6fcc4f,2026-09-01 12:16:26,order-***,unavailable,normal,LIMA-LA VICTORIA,29/09/2026,10:00,10,slot_lost,,,23.613,6.797,0.688,0.046,0.015,0.015,0.031,event_atomic,0.188,screenshots\2026-09\01-09-2026\portal-1-121603-order-***,screenshots\2026-09\01-09-2026\portal-1-121603-order-*** | screenshots\2026-09\01-09-2026\cupo-121603-order-*** | screenshots\2026-09\01-09-2026\captchas\captcha-121603-order-*** | screenshots\2026-09\01-09-2026\diagnostics\portal-html-1-121603-order-***,El cupo dejo de estar disponible antes de completar la reserva.
***-122229-b1571051,2026-09-01 12:23:33,order-***,registered,normal,LIMA-LA VICTORIA,28/09/2026,08:00,20,confirmed,portal_success_text,,63.544,4.422,0.656,0.015,0.000,0.016,0.016,event_atomic,0.250,screenshots\2026-09\01-09-2026\portal-1-122229-order-***,screenshots\2026-09\01-09-2026\portal-1-122229-order-*** | screenshots\2026-09\01-09-2026\cupo-122229-order-*** | screenshots\2026-09\01-09-2026\captchas\captcha-122229-order-*** | screenshots\2026-09\01-09-2026\diagnostics\portal-html-1-122229-order-***,La reserva fue confirmada por mensaje de exito del portal.
observer-***-124622-a5497125,2026-09-01 12:47:22,,available,normal,LIMA-LA VICTORIA,29/09/2026,11:00,10,,,,59.222,,,,,,,event_atomic,,screenshots\2026-09\01-09-2026\observer-cupo-b560a0.png,screenshots\2026-09\01-09-2026\observer-cupo-b560a0.png,Se seleccionaron una fecha y una hora disponibles.
observer-***-124722-867b914e,2026-09-01 12:47:30,,available,normal,LIMA-LA VICTORIA,29/09/2026,11:00,10,,,,8.236,,,,,,,event_atomic,,,,Se seleccionaron una fecha y una hora disponibles.
run-1,2026-09-02 05:00:01,,available,normal,Lima,01/09/2026,10:30,,,,,1.000,,,,,,,,,,,Cupo seleccionado.
***-150112-e3645536,2026-09-02 15:02:23,order-***,error,normal,,,,,,,network,71.223,,,,,,,,,screenshots\2026-09\02-09-2026\error-150112-order-***,,"Locator.wait_for: Timeout 30000ms exceeded.
Call log:
  - waiting for locator(""#MainContent_idUcitas_cbosede"") to be visible"
***-091041-03e27286,2026-09-03 09:10:53,order-***,registered,normal,LIMA-LA VICTORIA,29/09/2026,09:00,20,confirmed,portal_success_text,,11.892,4.859,0.656,0.031,0.016,0.015,0.032,event_atomic,0.313,screenshots\2026-09\03-09-2026\portal-1-091041-order-***,screenshots\2026-09\03-09-2026\portal-1-091041-order-*** | screenshots\2026-09\03-09-2026\cupo-091041-order-*** | screenshots\2026-09\03-09-2026\captchas\captcha-091041-order-*** | screenshots\2026-09\03-09-2026\diagnostics\portal-html-1-091041-order-***,La reserva fue confirmada por mensaje de exito del portal.
***-091053-b7813b25,2026-09-03 09:11:20,order-***,registered,normal,LIMA-LA VICTORIA,29/09/2026,10:00,20,confirmed,portal_success_text,,26.684,4.891,0.688,0.031,0.016,0.016,0.016,event_atomic,0.266,screenshots\2026-09\03-09-2026\portal-1-091053-order-***,screenshots\2026-09\03-09-2026\portal-1-091053-order-*** | screenshots\2026-09\03-09-2026\cupo-091053-order-*** | screenshots\2026-09\03-09-2026\captchas\captcha-091053-order-*** | screenshots\2026-09\03-09-2026\diagnostics\portal-html-1-091053-order-***,La reserva fue confirmada por mensaje de exito del portal.
***-091046-bef43c7d,2026-09-03 09:11:22,order-***,registered,reload_probe,LIMA-LA VICTORIA,29/09/2026,10:00,20,confirmed,portal_success_text,,36.139,5.250,0.656,0.031,0.031,0.000,0.015,event_atomic,0.281,screenshots\2026-09\03-09-2026\portal-1-091046-order-***,screenshots\2026-09\03-09-2026\portal-1-091046-order-*** | screenshots\2026-09\03-09-2026\portal-1-091046-order-*** | screenshots\2026-09\03-09-2026\cupo-091046-order-*** | screenshots\2026-09\03-09-2026\cupo-091046-order-*** | screenshots\2026-09\03-09-2026\captchas\captcha-091046-order-*** | screenshots\2026-09\03-09-2026\diagnostics\portal-html-1-091046-order-***,La reserva fue confirmada por mensaje de exito del portal.
***-091046-07c0d9a0,2026-09-03 09:11:26,order-***,registered,slot_lost_reobservation,LIMA-LA VICTORIA,29/09/2026,10:00,20,confirmed,portal_success_text,,40.186,6.610,0.719,0.031,0.032,0.016,0.125,event_atomic,0.641,screenshots\2026-09\03-09-2026\portal-1-091046-order-***,screenshots\2026-09\03-09-2026\portal-1-091046-order-*** | screenshots\2026-09\03-09-2026\portal-1-091046-order-*** | screenshots\2026-09\03-09-2026\cupo-091046-order-*** | screenshots\2026-09\03-09-2026\cupo-091046-order-*** | screenshots\2026-09\03-09-2026\captchas\captcha-091046-order-*** | screenshots\2026-09\03-09-2026\diagnostics\portal-html-1-091046-order-***,La reserva fue confirmada por mensaje de exito del portal.
***-091908-9377202e,2026-09-03 09:19:19,order-***,partial,normal,LIMA-LA VICTORIA,30/09/2026,08:00,10,blocked_by_order_rule,,,10.827,1.781,0.968,,,,,event_atomic,,screenshots\2026-09\03-09-2026\cupo-091908-order-***,screenshots\2026-09\03-09-2026\cupo-091908-order-*** | screenshots\2026-09\03-09-2026\captchas\captcha-091908-order-***,"Se encontro un horario disponible, pero no cumple la regla de reserva de la orden."
***-091919-3f876860,2026-09-03 09:19:34,order-***,registered,normal,LIMA-LA VICTORIA,30/09/2026,09:00,10,confirmed,portal_success_text,,14.590,5.454,0.719,0.032,0.016,0.000,0.000,event_atomic,0.328,screenshots\2026-09\03-09-2026\portal-1-091919-order-***,screenshots\2026-09\03-09-2026\portal-1-091919-order-*** | screenshots\2026-09\03-09-2026\cupo-091919-order-*** | screenshots\2026-09\03-09-2026\captchas\captcha-091919-order-*** | screenshots\2026-09\03-09-2026\diagnostics\portal-html-1-091919-order-***,La reserva fue confirmada por mensaje de exito del portal.
***-091918-35874c81,2026-09-03 09:19:46,order-***,registered,slot_lost_reobservation,LIMA-LA VICTORIA,30/09/2026,09:00,10,confirmed,portal_success_text,,27.857,6.079,0.860,0.047,0.031,0.000,0.016,event_atomic,0.313,screenshots\2026-09\03-09-2026\portal-1-091918-order-***,screenshots\2026-09\03-09-2026\portal-1-091918-order-*** | screenshots\2026-09\03-09-2026\portal-1-091918-order-*** | screenshots\2026-09\03-09-2026\cupo-091918-order-*** | screenshots\2026-09\03-09-2026\cupo-091918-order-*** | screenshots\2026-09\03-09-2026\captchas\captcha-091918-order-*** | screenshots\2026-09\03-09-2026\diagnostics\portal-html-1-091918-order-***,La reserva fue confirmada por mensaje de exito del portal.
***-091918-e7032035,2026-09-03 09:19:47,order-***,registered,slot_lost_reobservation,LIMA-LA VICTORIA,30/09/2026,09:00,10,confirmed,portal_success_text,,28.680,5.719,0.844,0.047,0.031,0.016,0.031,event_atomic,0.328,screenshots\2026-09\03-09-2026\portal-1-091918-order-***,screenshots\2026-09\03-09-2026\portal-1-091918-order-*** | screenshots\2026-09\03-09-2026\portal-1-091918-order-*** | screenshots\2026-09\03-09-2026\cupo-091918-order-*** | screenshots\2026-09\03-09-2026\cupo-091918-order-*** | screenshots\2026-09\03-09-2026\captchas\captcha-091918-order-*** | screenshots\2026-09\03-09-2026\diagnostics\portal-html-1-091918-order-***,La reserva fue confirmada por mensaje de exito del portal.
***-091934-76c9e628,2026-09-03 09:19:55,order-***,unavailable,slot_lost_reobservation,LIMA-LA VICTORIA,30/09/2026,10:00,10,slot_lost,,,21.133,6.110,0.735,0.031,0.000,0.000,0.016,event_atomic,0.110,screenshots\2026-09\03-09-2026\portal-1-091934-order-***,screenshots\2026-09\03-09-2026\portal-1-091934-order-*** | screenshots\2026-09\03-09-2026\portal-1-091934-order-*** | screenshots\2026-09\03-09-2026\cupo-091934-order-*** | screenshots\2026-09\03-09-2026\cupo-091934-order-*** | screenshots\2026-09\03-09-2026\captchas\captcha-091934-order-*** | screenshots\2026-09\03-09-2026\diagnostics\portal-html-1-091934-order-***,El cupo dejo de estar disponible antes de completar la reserva.
***-091946-ddfc9aa3,2026-09-03 09:19:58,order-***,completed,normal,,30/09/2026 09:00,,,,,,11.577,,,,,,,,,screenshots\2026-09\03-09-2026\etapas-091946-order-***,screenshots\2026-09\03-09-2026\etapas-091946-order-***,La etapa Separa Cita Peritaje ya esta en estado Programado. No hay una cita pendiente por reservar.
***-091947-4dfa3cf1,2026-09-03 09:20:09,order-***,unavailable,normal,LIMA-LA VICTORIA,30/09/2026,10:00,10,slot_lost,,,22.290,5.063,0.672,0.032,0.031,0.016,0.000,event_atomic,0.094,screenshots\2026-09\03-09-2026\portal-1-091947-order-***,screenshots\2026-09\03-09-2026\portal-1-091947-order-*** | screenshots\2026-09\03-09-2026\cupo-091947-order-*** | screenshots\2026-09\03-09-2026\captchas\captcha-091947-order-*** | screenshots\2026-09\03-09-2026\diagnostics\portal-html-1-091947-order-***,El cupo dejo de estar disponible antes de completar la reserva.
***-092029-05c353d8,2026-09-03 09:20:34,order-***,partial,normal,LIMA-LA VICTORIA,30/09/2026,11:00,10,blocked_by_order_rule,,,5.415,2.016,0.985,,,,,event_atomic,,screenshots\2026-09\03-09-2026\cupo-092029-order-***,screenshots\2026-09\03-09-2026\cupo-092029-order-*** | screenshots\2026-09\03-09-2026\captchas\captcha-092029-order-***,"Se encontro un horario disponible, pero no cumple la regla de reserva de la orden."
***-092914-d1151ff3,2026-09-03 09:29:30,order-***,registered,normal,LIMA-LA VICTORIA,30/09/2026,08:00,20,confirmed,portal_success_text,,15.969,4.906,0.672,0.047,0.016,0.000,0.016,event_atomic,0.313,screenshots\2026-09\03-09-2026\portal-1-092914-order-***,screenshots\2026-09\03-09-2026\portal-1-092914-order-*** | screenshots\2026-09\03-09-2026\cupo-092914-order-*** | screenshots\2026-09\03-09-2026\captchas\captcha-092914-order-*** | screenshots\2026-09\03-09-2026\diagnostics\portal-html-1-092914-order-***,La reserva fue confirmada por mensaje de exito del portal.
***-092921-749086b5,2026-09-03 09:29:45,order-***,unavailable,normal,LIMA-LA VICTORIA,30/09/2026,08:00,20,slot_lost,,,23.909,7.469,0.672,0.031,0.046,0.031,0.000,event_atomic,0.140,screenshots\2026-09\03-09-2026\portal-1-092921-order-***,screenshots\2026-09\03-09-2026\portal-1-092921-order-*** | screenshots\2026-09\03-09-2026\cupo-092921-order-*** | screenshots\2026-09\03-09-2026\captchas\captcha-092921-order-*** | screenshots\2026-09\03-09-2026\diagnostics\portal-html-1-092921-order-***,El cupo dejo de estar disponible antes de completar la reserva.
***-092921-0a986c63,2026-09-03 09:29:46,order-***,unavailable,normal,LIMA-LA VICTORIA,30/09/2026,08:00,20,slot_lost,,,24.325,7.218,0.703,0.047,0.031,0.015,0.016,event_atomic,0.109,screenshots\2026-09\03-09-2026\portal-1-092921-order-***,screenshots\2026-09\03-09-2026\portal-1-092921-order-*** | screenshots\2026-09\03-09-2026\cupo-092921-order-*** | screenshots\2026-09\03-09-2026\captchas\captcha-092921-order-*** | screenshots\2026-09\03-09-2026\diagnostics\portal-html-1-092921-order-***,El cupo dejo de estar disponible antes de completar la reserva.
***-093148-cca7d7ac,2026-09-03 09:31:53,order-***,partial,normal,LIMA-LA VICTORIA,30/09/2026,09:00,20,blocked_by_order_rule,,,5.529,1.859,0.968,,,,,event_atomic,,screenshots\2026-09\03-09-2026\cupo-093148-order-***,screenshots\2026-09\03-09-2026\cupo-093148-order-*** | screenshots\2026-09\03-09-2026\captchas\captcha-093148-order-***,"Se encontro un horario disponible, pero no cumple la regla de reserva de la orden."
***-093154-e90a962c,2026-09-03 09:32:30,order-***,registered,reload_probe,LIMA-LA VICTORIA,30/09/2026,10:00,20,confirmed,portal_success_text,,36.569,4.594,0.719,0.031,0.032,0.015,0.016,event_atomic,0.281,screenshots\2026-09\03-09-2026\portal-1-093154-order-***,screenshots\2026-09\03-09-2026\portal-1-093154-order-*** | screenshots\2026-09\03-09-2026\portal-1-093154-order-*** | screenshots\2026-09\03-09-2026\cupo-093154-order-*** | screenshots\2026-09\03-09-2026\cupo-093154-order-*** | screenshots\2026-09\03-09-2026\captchas\captcha-093154-order-*** | screenshots\2026-09\03-09-2026\diagnostics\portal-html-1-093154-order-***,La reserva fue confirmada por mensaje de exito del portal.
***-093152-fd4545ae,2026-09-03 09:32:32,order-***,registered,reload_probe,LIMA-LA VICTORIA,30/09/2026,10:00,20,confirmed,portal_success_text,,39.994,5.578,0.734,0.047,0.015,0.016,0.016,event_atomic,0.312,screenshots\2026-09\03-09-2026\portal-1-093152-order-***,screenshots\2026-09\03-09-2026\portal-1-093152-order-*** | screenshots\2026-09\03-09-2026\portal-1-093152-order-*** | screenshots\2026-09\03-09-2026\cupo-093152-order-*** | screenshots\2026-09\03-09-2026\cupo-093152-order-*** | screenshots\2026-09\03-09-2026\captchas\captcha-093152-order-*** | screenshots\2026-09\03-09-2026\diagnostics\portal-html-1-093152-order-***,La reserva fue confirmada por mensaje de exito del portal.
***-093152-78c63200,2026-09-03 09:32:33,order-***,registered,reload_probe,LIMA-LA VICTORIA,30/09/2026,10:00,20,confirmed,portal_success_text,,40.401,4.922,0.703,0.016,0.016,0.016,0.016,event_atomic,0.343,screenshots\2026-09\03-09-2026\portal-1-093152-order-***,screenshots\2026-09\03-09-2026\portal-1-093152-order-*** | screenshots\2026-09\03-09-2026\portal-1-093152-order-*** | screenshots\2026-09\03-09-2026\cupo-093152-order-*** | screenshots\2026-09\03-09-2026\cupo-093152-order-*** | screenshots\2026-09\03-09-2026\captchas\captcha-093152-order-*** | screenshots\2026-09\03-09-2026\diagnostics\portal-html-1-093152-order-***,La reserva fue confirmada por mensaje de exito del portal.
***-093231-4c624668,2026-09-03 09:33:09,order-***,registered,normal,LIMA-LA VICTORIA,30/09/2026,11:00,20,confirmed,portal_success_text,,38.054,4.469,0.672,0.031,0.031,0.000,0.016,event_atomic,0.312,screenshots\2026-09\03-09-2026\portal-1-093231-order-***,screenshots\2026-09\03-09-2026\portal-1-093231-order-*** | screenshots\2026-09\03-09-2026\cupo-093231-order-*** | screenshots\2026-09\03-09-2026\captchas\captcha-093231-order-*** | screenshots\2026-09\03-09-2026\diagnostics\portal-html-1-093231-order-***,La reserva fue confirmada por mensaje de exito del portal.
***-093233-926cbec2,2026-09-03 09:33:10,order-***,registered,normal,LIMA-LA VICTORIA,30/09/2026,11:00,20,confirmed,portal_success_text,,37.553,5.219,0.735,0.031,0.031,0.015,0.000,event_atomic,0.422,screenshots\2026-09\03-09-2026\portal-1-093233-order-***,screenshots\2026-09\03-09-2026\portal-1-093233-order-*** | screenshots\2026-09\03-09-2026\cupo-093233-order-*** | screenshots\2026-09\03-09-2026\captchas\captcha-093233-order-*** | screenshots\2026-09\03-09-2026\diagnostics\portal-html-1-093233-order-***,La reserva fue confirmada por mensaje de exito del portal.
***-093233-42c108f5,2026-09-03 09:33:11,order-***,registered,normal,LIMA-LA VICTORIA,30/09/2026,11:00,20,confirmed,portal_success_text,,37.874,4.907,0.766,0.031,0.032,0.016,0.000,event_atomic,0.343,screenshots\2026-09\03-09-2026\portal-1-093233-order-***,screenshots\2026-09\03-09-2026\portal-1-093233-order-*** | screenshots\2026-09\03-09-2026\cupo-093233-order-*** | screenshots\2026-09\03-09-2026\captchas\captcha-093233-order-*** | screenshots\2026-09\03-09-2026\diagnostics\portal-html-1-093233-order-***,La reserva fue confirmada por mensaje de exito del portal.
***-093310-365a1417,2026-09-03 09:33:30,order-***,registered,normal,LIMA-LA VICTORIA,30/09/2026,12:00,10,confirmed,portal_success_text,,20.354,4.593,0.671,0.031,0.015,0.000,0.000,event_atomic,0.266,screenshots\2026-09\03-09-2026\portal-1-093310-order-***,screenshots\2026-09\03-09-2026\portal-1-093310-order-*** | screenshots\2026-09\03-09-2026\cupo-093310-order-*** | screenshots\2026-09\03-09-2026\captchas\captcha-093310-order-*** | screenshots\2026-09\03-09-2026\diagnostics\portal-html-1-093310-order-***,La reserva fue confirmada por mensaje de exito del portal.
***-123009-e0629406,2026-09-03 12:30:44,order-***,unavailable,normal,LIMA-LA VICTORIA,23/09/2026,12:00,25,slot_lost,,,34.969,6.906,0.703,0.031,0.031,0.016,0.125,event_atomic,0.282,screenshots\2026-09\03-09-2026\portal-1-123009-order-***,screenshots\2026-09\03-09-2026\portal-1-123009-order-*** | screenshots\2026-09\03-09-2026\cupo-123009-order-*** | screenshots\2026-09\03-09-2026\captchas\captcha-123009-order-*** | screenshots\2026-09\03-09-2026\diagnostics\portal-html-1-123009-order-***,El cupo dejo de estar disponible antes de completar la reserva.
***-125408-ef1ff0fb,2026-09-03 12:54:30,order-***,partial,normal,LIMA-LA VICTORIA,28/09/2026,10:00,20,blocked_by_order_rule,,,21.831,1.860,0.985,,,,,event_atomic,,screenshots\2026-09\03-09-2026\cupo-125408-order-***,screenshots\2026-09\03-09-2026\cupo-125408-order-*** | screenshots\2026-09\03-09-2026\captchas\captcha-125408-order-***,"Se encontro un horario disponible, pero no cumple la regla de reserva de la orden."
***-125456-c0b56978,2026-09-03 12:55:20,order-***,unavailable,normal,LIMA-LA VICTORIA,28/09/2026,11:00,20,slot_lost,,,24.379,6.047,0.672,0.031,0.032,0.015,0.016,event_atomic,0.141,screenshots\2026-09\03-09-2026\portal-1-125456-order-***,screenshots\2026-09\03-09-2026\portal-1-125456-order-*** | screenshots\2026-09\03-09-2026\cupo-125456-order-*** | screenshots\2026-09\03-09-2026\captchas\captcha-125456-order-*** | screenshots\2026-09\03-09-2026\diagnostics\portal-html-1-125456-order-***,El cupo dejo de estar disponible antes de completar la reserva.
***-125615-***,2026-09-03 12:56:50,order-***,registered,normal,LIMA-LA VICTORIA,28/09/2026,12:00,20,confirmed,portal_success_text,,34.031,5.391,0.672,0.031,0.031,0.016,0.032,event_atomic,0.328,screenshots\2026-09\03-09-2026\portal-1-125615-order-***,screenshots\2026-09\03-09-2026\portal-1-125615-order-*** | screenshots\2026-09\03-09-2026\cupo-125615-order-*** | screenshots\2026-09\03-09-2026\captchas\captcha-125615-order-*** | screenshots\2026-09\03-09-2026\diagnostics\portal-html-1-125615-order-***,La reserva fue confirmada por mensaje de exito del portal.
***-125636-8a5e6fb5,2026-09-03 12:57:01,order-***,unavailable,normal,LIMA-LA VICTORIA,28/09/2026,12:00,20,slot_lost,,,25.609,7.641,0.672,0.032,0.031,0.016,0.031,event_atomic,0.234,screenshots\2026-09\03-09-2026\portal-1-125636-order-***,screenshots\2026-09\03-09-2026\portal-1-125636-order-*** | screenshots\2026-09\03-09-2026\cupo-125636-order-*** | screenshots\2026-09\03-09-2026\captchas\captcha-125636-order-*** | screenshots\2026-09\03-09-2026\diagnostics\portal-html-1-125636-order-***,El cupo dejo de estar disponible antes de completar la reserva.
***-125636-c7ba34e5,2026-09-03 12:57:02,order-***,unavailable,normal,LIMA-LA VICTORIA,28/09/2026,12:00,20,slot_lost,,,26.408,7.203,0.719,0.047,0.015,0.016,0.016,event_atomic,0.140,screenshots\2026-09\03-09-2026\portal-1-125636-order-***,screenshots\2026-09\03-09-2026\portal-1-125636-order-*** | screenshots\2026-09\03-09-2026\cupo-125636-order-*** | screenshots\2026-09\03-09-2026\captchas\captcha-125636-order-*** | screenshots\2026-09\03-09-2026\diagnostics\portal-html-1-125636-order-***,El cupo dejo de estar disponible antes de completar la reserva.
***-125725-d80250ef,2026-09-03 12:57:32,order-***,partial,normal,LIMA-LA VICTORIA,28/09/2026,08:00,30,blocked_by_order_rule,,,7.170,2.531,1.016,,,,,event_atomic,,screenshots\2026-09\03-09-2026\cupo-125725-order-***,screenshots\2026-09\03-09-2026\cupo-125725-order-*** | screenshots\2026-09\03-09-2026\captchas\captcha-125725-order-***,"Se encontro un horario disponible, pero no cumple la regla de reserva de la orden."
***-125730-f0a622ac,2026-09-03 12:57:57,order-***,unavailable,normal,LIMA-LA VICTORIA,28/09/2026,08:00,30,slot_lost,,,26.553,6.844,0.875,0.031,0.015,0.016,0.015,event_atomic,0.141,screenshots\2026-09\03-09-2026\portal-1-125730-order-***,screenshots\2026-09\03-09-2026\portal-1-125730-order-*** | screenshots\2026-09\03-09-2026\cupo-125730-order-*** | screenshots\2026-09\03-09-2026\captchas\captcha-125730-order-*** | screenshots\2026-09\03-09-2026\diagnostics\portal-html-1-125730-order-***,El cupo dejo de estar disponible antes de completar la reserva.
***-125730-a60f8d70,2026-09-03 12:57:58,order-***,unavailable,normal,LIMA-LA VICTORIA,28/09/2026,08:00,30,slot_lost,,,27.154,6.765,0.890,0.047,0.031,0.000,0.015,event_atomic,0.110,screenshots\2026-09\03-09-2026\portal-1-125730-order-***,screenshots\2026-09\03-09-2026\portal-1-125730-order-*** | screenshots\2026-09\03-09-2026\cupo-125730-order-*** | screenshots\2026-09\03-09-2026\captchas\captcha-125730-order-*** | screenshots\2026-09\03-09-2026\diagnostics\portal-html-1-125730-order-***,El cupo dejo de estar disponible antes de completar la reserva.
***-125810-5aafe4a1,2026-09-03 12:59:19,order-***,registered,normal,LIMA-LA VICTORIA,28/09/2026,09:00,30,confirmed,portal_success_text,,68.716,5.734,0.687,0.032,0.032,0.016,0.031,event_atomic,0.297,screenshots\2026-09\03-09-2026\portal-1-125810-order-***,screenshots\2026-09\03-09-2026\portal-1-125810-order-*** | screenshots\2026-09\03-09-2026\cupo-125810-order-*** | screenshots\2026-09\03-09-2026\captchas\captcha-125810-order-*** | screenshots\2026-09\03-09-2026\diagnostics\portal-html-1-125810-order-***,La reserva fue confirmada por mensaje de exito del portal.
***-125858-58baf152,2026-09-03 12:59:24,order-***,unavailable,normal,LIMA-LA VICTORIA,28/09/2026,09:00,30,slot_lost,,,25.460,7.000,0.703,0.047,0.094,0.016,0.016,event_atomic,0.141,screenshots\2026-09\03-09-2026\portal-1-125858-order-***,screenshots\2026-09\03-09-2026\portal-1-125858-order-*** | screenshots\2026-09\03-09-2026\cupo-125858-order-*** | screenshots\2026-09\03-09-2026\captchas\captcha-125858-order-*** | screenshots\2026-09\03-09-2026\diagnostics\portal-html-1-125858-order-***,El cupo dejo de estar disponible antes de completar la reserva.
***-125858-88e0411e,2026-09-03 12:59:25,order-***,unavailable,normal,LIMA-LA VICTORIA,28/09/2026,09:00,30,slot_lost,,,26.848,8.344,0.735,0.078,0.047,0.016,0.047,event_atomic,0.203,screenshots\2026-09\03-09-2026\portal-1-125858-order-***,screenshots\2026-09\03-09-2026\portal-1-125858-order-*** | screenshots\2026-09\03-09-2026\cupo-125858-order-*** | screenshots\2026-09\03-09-2026\captchas\captcha-125858-order-*** | screenshots\2026-09\03-09-2026\diagnostics\portal-html-1-125858-order-***,El cupo dejo de estar disponible antes de completar la reserva.
***-130214-40d61c78,2026-09-03 13:02:31,order-***,registered,normal,LIMA-LA VICTORIA,29/09/2026,11:00,20,confirmed,portal_success_text,,16.543,5.141,0.656,0.031,0.016,0.015,0.015,event_atomic,0.265,screenshots\2026-09\03-09-2026\portal-1-130214-order-***,screenshots\2026-09\03-09-2026\portal-1-130214-order-*** | screenshots\2026-09\03-09-2026\cupo-130214-order-*** | screenshots\2026-09\03-09-2026\captchas\captcha-130214-order-*** | screenshots\2026-09\03-09-2026\diagnostics\portal-html-1-130214-order-***,La reserva fue confirmada por mensaje de exito del portal.
***-130223-159d24a9,2026-09-03 13:02:34,order-***,registered,normal,LIMA-LA VICTORIA,29/09/2026,11:00,20,confirmed,portal_success_text,http_429,11.560,5.312,0.766,0.031,0.032,0.016,0.015,event_atomic,0.281,screenshots\2026-09\03-09-2026\portal-1-130223-order-***,screenshots\2026-09\03-09-2026\portal-1-130223-order-*** | screenshots\2026-09\03-09-2026\cupo-130223-order-*** | screenshots\2026-09\03-09-2026\captchas\captcha-130223-order-*** | screenshots\2026-09\03-09-2026\diagnostics\portal-html-1-130223-order-***,La reserva fue confirmada por mensaje de exito del portal.
***-130252-a0854479,2026-09-03 13:03:34,order-***,partial,normal,LIMA-LA VICTORIA,10/09/2026,09:00,35,blocked_by_order_rule,,,41.977,2.281,1.000,,,,,event_atomic,,screenshots\2026-09\03-09-2026\cupo-130252-order-***,screenshots\2026-09\03-09-2026\cupo-130252-order-*** | screenshots\2026-09\03-09-2026\captchas\captcha-130252-order-***,"Se encontro un horario disponible, pero no cumple la regla de reserva de la orden."
***-130513-796f8139,2026-09-03 13:05:31,order-***,partial,normal,LIMA-LA VICTORIA,21/09/2026,10:00,30,blocked_by_order_rule,,,18.529,1.969,1.078,,,,,event_atomic,,screenshots\2026-09\03-09-2026\cupo-130513-order-***,screenshots\2026-09\03-09-2026\cupo-130513-order-*** | screenshots\2026-09\03-09-2026\captchas\captcha-130513-order-***,"Se encontro un horario disponible, pero no cumple la regla de reserva de la orden."
***-130531-7ce03198,2026-09-03 13:05:37,order-***,partial,normal,LIMA-LA VICTORIA,21/09/2026,10:00,30,blocked_by_order_rule,,,5.885,2.047,1.000,,,,,event_atomic,,screenshots\2026-09\03-09-2026\cupo-130531-order-***,screenshots\2026-09\03-09-2026\cupo-130531-order-*** | screenshots\2026-09\03-09-2026\captchas\captcha-130531-order-***,"Se encontro un horario disponible, pero no cumple la regla de reserva de la orden."
***-142310-f0984b63,2026-09-03 14:23:52,order-***,registered,normal,LIMA-LA VICTORIA,30/09/2026,08:00,30,confirmed,portal_success_text,,42.228,4.859,0.656,0.032,0.015,0.016,0.015,event_atomic,0.266,screenshots\2026-09\03-09-2026\portal-1-142310-order-***,screenshots\2026-09\03-09-2026\portal-1-142310-order-*** | screenshots\2026-09\03-09-2026\cupo-142310-order-*** | screenshots\2026-09\03-09-2026\captchas\captcha-142310-order-*** | screenshots\2026-09\03-09-2026\diagnostics\portal-html-1-142310-order-***,La reserva fue confirmada por mensaje de exito del portal.
***-142339-87cbeb6d,2026-09-03 14:24:04,order-***,unavailable,normal,LIMA-LA VICTORIA,30/09/2026,08:00,30,slot_lost,,,24.437,7.406,0.734,0.032,0.031,0.016,0.016,event_atomic,0.343,screenshots\2026-09\03-09-2026\portal-1-142339-order-***,screenshots\2026-09\03-09-2026\portal-1-142339-order-*** | screenshots\2026-09\03-09-2026\cupo-142339-order-*** | screenshots\2026-09\03-09-2026\captchas\captcha-142339-order-*** | screenshots\2026-09\03-09-2026\diagnostics\portal-html-1-142339-order-***,El cupo dejo de estar disponible antes de completar la reserva.
***-142339-ff3530d1,2026-09-03 14:24:04,order-***,unavailable,normal,LIMA-LA VICTORIA,30/09/2026,08:00,30,slot_lost,,,24.972,8.015,0.734,0.031,0.015,0.016,0.156,event_atomic,0.110,screenshots\2026-09\03-09-2026\portal-1-142339-order-***,screenshots\2026-09\03-09-2026\portal-1-142339-order-*** | screenshots\2026-09\03-09-2026\cupo-142339-order-*** | screenshots\2026-09\03-09-2026\captchas\captcha-142339-order-*** | screenshots\2026-09\03-09-2026\diagnostics\portal-html-1-142339-order-***,El cupo dejo de estar disponible antes de completar la reserva.
***-142429-c1cf7477,2026-09-03 14:24:40,order-***,partial,normal,LIMA-LA VICTORIA,30/09/2026,09:00,30,blocked_by_order_rule,,,10.542,2.094,1.047,,,,,event_atomic,,screenshots\2026-09\03-09-2026\cupo-142429-order-***,screenshots\2026-09\03-09-2026\cupo-142429-order-*** | screenshots\2026-09\03-09-2026\captchas\captcha-142429-order-***,"Se encontro un horario disponible, pero no cumple la regla de reserva de la orden."
***-142439-8eb9b0d7,2026-09-03 14:25:03,order-***,unavailable,normal,LIMA-LA VICTORIA,30/09/2026,09:00,30,slot_lost,,,24.404,6.547,0.734,0.031,0.016,0.016,0.047,event_atomic,0.171,screenshots\2026-09\03-09-2026\portal-1-142439-order-***,screenshots\2026-09\03-09-2026\portal-1-142439-order-*** | screenshots\2026-09\03-09-2026\cupo-142439-order-*** | screenshots\2026-09\03-09-2026\captchas\captcha-142439-order-*** | screenshots\2026-09\03-09-2026\diagnostics\portal-html-1-142439-order-***,El cupo dejo de estar disponible antes de completar la reserva.
***-142439-0b030dda,2026-09-03 14:25:04,order-***,unavailable,normal,LIMA-LA VICTORIA,30/09/2026,09:00,30,slot_lost,,,25.078,6.890,0.703,0.032,0.016,0.016,0.062,event_atomic,0.141,screenshots\2026-09\03-09-2026\portal-1-142439-order-***,screenshots\2026-09\03-09-2026\portal-1-142439-order-*** | screenshots\2026-09\03-09-2026\cupo-142439-order-*** | screenshots\2026-09\03-09-2026\captchas\captcha-142439-order-*** | screenshots\2026-09\03-09-2026\diagnostics\portal-html-1-142439-order-***,El cupo dejo de estar disponible antes de completar la reserva.
***-142741-e81e3a16,2026-09-03 14:28:14,order-***,registered,normal,LIMA-LA VICTORIA,30/09/2026,10:00,30,confirmed,portal_success_text,,32.194,4.656,0.656,0.031,0.016,0.016,0.015,event_atomic,0.422,screenshots\2026-09\03-09-2026\portal-1-142741-order-***,screenshots\2026-09\03-09-2026\portal-1-142741-order-*** | screenshots\2026-09\03-09-2026\cupo-142741-order-*** | screenshots\2026-09\03-09-2026\captchas\captcha-142741-order-*** | screenshots\2026-09\03-09-2026\diagnostics\portal-html-1-142741-order-***,La reserva fue confirmada por mensaje de exito del portal.
***-142801-9f247980,2026-09-03 14:28:16,order-***,registered,normal,LIMA-LA VICTORIA,30/09/2026,10:00,30,confirmed,portal_success_text,,14.413,5.906,0.703,0.047,0.031,0.016,0.032,event_atomic,0.297,screenshots\2026-09\03-09-2026\portal-1-142801-order-***,screenshots\2026-09\03-09-2026\portal-1-142801-order-*** | screenshots\2026-09\03-09-2026\cupo-142801-order-*** | screenshots\2026-09\03-09-2026\captchas\captcha-142801-order-*** | screenshots\2026-09\03-09-2026\diagnostics\portal-html-1-142801-order-***,La reserva fue confirmada por mensaje de exito del portal.
***-142801-c108048d,2026-09-03 14:28:27,order-***,unavailable,normal,LIMA-LA VICTORIA,30/09/2026,10:00,30,slot_lost,,,25.947,8.109,0.703,0.047,0.047,0.016,0.062,event_atomic,0.156,screenshots\2026-09\03-09-2026\portal-1-142801-order-***,screenshots\2026-09\03-09-2026\portal-1-142801-order-*** | screenshots\2026-09\03-09-2026\cupo-142801-order-*** | screenshots\2026-09\03-09-2026\captchas\captcha-142801-order-*** | screenshots\2026-09\03-09-2026\diagnostics\portal-html-1-142801-order-***,El cupo dejo de estar disponible antes de completar la reserva.
***-142814-9b358f9c,2026-09-03 14:28:48,order-***,registered,normal,LIMA-LA VICTORIA,30/09/2026,11:00,30,confirmed,portal_success_text,,33.283,5.015,0.672,0.031,0.016,0.015,0.016,event_atomic,0.281,screenshots\2026-09\03-09-2026\portal-1-142814-order-***,screenshots\2026-09\03-09-2026\portal-1-142814-order-*** | screenshots\2026-09\03-09-2026\cupo-142814-order-*** | screenshots\2026-09\03-09-2026\captchas\captcha-142814-order-*** | screenshots\2026-09\03-09-2026\diagnostics\portal-html-1-142814-order-***,La reserva fue confirmada por mensaje de exito del portal.
***-142816-c3b1ef1d,2026-09-03 14:28:50,order-***,registered,normal,LIMA-LA VICTORIA,30/09/2026,11:00,30,confirmed,portal_success_text,,33.560,5.625,0.688,0.047,0.032,0.015,0.016,event_atomic,0.328,screenshots\2026-09\03-09-2026\portal-1-142816-order-***,screenshots\2026-09\03-09-2026\portal-1-142816-order-*** | screenshots\2026-09\03-09-2026\cupo-142816-order-*** | screenshots\2026-09\03-09-2026\captchas\captcha-142816-order-*** | screenshots\2026-09\03-09-2026\diagnostics\portal-html-1-142816-order-***,La reserva fue confirmada por mensaje de exito del portal.
***-142928-48cd2f8f,2026-09-03 14:29:34,order-***,partial,normal,LIMA-LA VICTORIA,01/10/2026,09:00,10,blocked_by_order_rule,,,6.538,2.500,1.109,,,,,event_atomic,,screenshots\2026-09\03-09-2026\cupo-142928-order-***,screenshots\2026-09\03-09-2026\cupo-142928-order-*** | screenshots\2026-09\03-09-2026\captchas\captcha-142928-order-***,"Se encontro un horario disponible, pero no cumple la regla de reserva de la orden."
***-142933-addc3bfd,2026-09-03 14:29:45,order-***,registered,normal,LIMA-LA VICTORIA,01/10/2026,09:00,10,confirmed,portal_success_text,,11.881,4.734,0.656,0.031,0.016,0.015,0.016,event_atomic,0.281,screenshots\2026-09\03-09-2026\portal-1-142933-order-***,screenshots\2026-09\03-09-2026\portal-1-142933-order-*** | screenshots\2026-09\03-09-2026\cupo-142933-order-*** | screenshots\2026-09\03-09-2026\captchas\captcha-142933-order-*** | screenshots\2026-09\03-09-2026\diagnostics\portal-html-1-142933-order-***,La reserva fue confirmada por mensaje de exito del portal.
***-142952-d7c62254,2026-09-03 14:29:58,order-***,partial,normal,LIMA-LA VICTORIA,01/10/2026,10:00,10,blocked_by_order_rule,,,6.124,2.015,1.047,,,,,event_atomic,,screenshots\2026-09\03-09-2026\cupo-142952-order-***,screenshots\2026-09\03-09-2026\cupo-142952-order-*** | screenshots\2026-09\03-09-2026\captchas\captcha-142952-order-***,"Se encontro un horario disponible, pero no cumple la regla de reserva de la orden."
***-143000-2106ea50,2026-09-03 14:30:07,order-***,partial,normal,LIMA-LA VICTORIA,01/10/2026,10:00,10,blocked_by_order_rule,,,6.417,2.328,0.985,,,,,event_atomic,,screenshots\2026-09\03-09-2026\cupo-143000-order-***,screenshots\2026-09\03-09-2026\cupo-143000-order-*** | screenshots\2026-09\03-09-2026\captchas\captcha-143000-order-***,"Se encontro un horario disponible, pero no cumple la regla de reserva de la orden."
***-143007-6f0c64f5,2026-09-03 14:30:13,order-***,partial,normal,LIMA-LA VICTORIA,01/10/2026,10:00,10,blocked_by_order_rule,,,6.142,2.031,1.000,,,,,event_atomic,,screenshots\2026-09\03-09-2026\cupo-143007-order-***,screenshots\2026-09\03-09-2026\cupo-143007-order-*** | screenshots\2026-09\03-09-2026\captchas\captcha-143007-order-***,"Se encontro un horario disponible, pero no cumple la regla de reserva de la orden."
***-143013-1881d368,2026-09-03 14:30:19,order-***,partial,normal,LIMA-LA VICTORIA,01/10/2026,10:00,10,blocked_by_order_rule,,,5.885,2.015,1.015,,,,,event_atomic,,screenshots\2026-09\03-09-2026\cupo-143013-order-***,screenshots\2026-09\03-09-2026\cupo-143013-order-*** | screenshots\2026-09\03-09-2026\captchas\captcha-143013-order-***,"Se encontro un horario disponible, pero no cumple la regla de reserva de la orden."
***-143115-ddc0adf6,2026-09-03 14:31:35,order-***,partial,normal,LIMA-LA VICTORIA,01/10/2026,11:00,10,blocked_by_order_rule,,,20.619,2.328,1.016,,,,,event_atomic,,screenshots\2026-09\03-09-2026\cupo-143115-order-***,screenshots\2026-09\03-09-2026\cupo-143115-order-*** | screenshots\2026-09\03-09-2026\captchas\captcha-143115-order-***,"Se encontro un horario disponible, pero no cumple la regla de reserva de la orden."
***-143135-9eee3f01,2026-09-03 14:31:41,order-***,partial,normal,LIMA-LA VICTORIA,01/10/2026,11:00,10,blocked_by_order_rule,,,6.106,2.047,1.031,,,,,event_atomic,,screenshots\2026-09\03-09-2026\cupo-143135-order-***,screenshots\2026-09\03-09-2026\cupo-143135-order-*** | screenshots\2026-09\03-09-2026\captchas\captcha-143135-order-***,"Se encontro un horario disponible, pero no cumple la regla de reserva de la orden."
***-143231-43afbc4d,2026-09-03 14:32:50,order-***,partial,normal,LIMA-LA VICTORIA,01/10/2026,11:00,20,blocked_by_order_rule,,,19.393,1.828,0.953,,,,,event_atomic,,screenshots\2026-09\03-09-2026\cupo-143231-order-***,screenshots\2026-09\03-09-2026\cupo-143231-order-*** | screenshots\2026-09\03-09-2026\captchas\captcha-143231-order-***,"Se encontro un horario disponible, pero no cumple la regla de reserva de la orden."
***-143250-02a6af2f,2026-09-03 14:32:57,order-***,partial,normal,LIMA-LA VICTORIA,01/10/2026,11:00,20,blocked_by_order_rule,,,6.261,1.765,0.937,,,,,event_atomic,,screenshots\2026-09\03-09-2026\cupo-143250-order-***,screenshots\2026-09\03-09-2026\cupo-143250-order-*** | screenshots\2026-09\03-09-2026\captchas\captcha-143250-order-***,"Se encontro un horario disponible, pero no cumple la regla de reserva de la orden."
***-143344-adc3ffb6,2026-09-03 14:33:58,order-***,partial,normal,LIMA-LA VICTORIA,01/10/2026,12:00,10,blocked_by_order_rule,,,14.266,1.828,0.969,,,,,event_atomic,,screenshots\2026-09\03-09-2026\cupo-143344-order-***,screenshots\2026-09\03-09-2026\cupo-143344-order-*** | screenshots\2026-09\03-09-2026\captchas\captcha-143344-order-***,"Se encontro un horario disponible, pero no cumple la regla de reserva de la orden."
***-143359-82fb523f,2026-09-03 14:34:04,order-***,partial,normal,LIMA-LA VICTORIA,01/10/2026,12:00,10,blocked_by_order_rule,,,5.512,2.125,0.953,,,,,event_atomic,,screenshots\2026-09\03-09-2026\cupo-143359-order-***,screenshots\2026-09\03-09-2026\cupo-143359-order-*** | screenshots\2026-09\03-09-2026\captchas\captcha-143359-order-***,"Se encontro un horario disponible, pero no cumple la regla de reserva de la orden."
***-143404-469e3ef5,2026-09-03 14:34:33,order-***,partial,normal,LIMA-LA VICTORIA,28/09/2026,10:00,30,blocked_by_order_rule,,,28.454,1.828,0.969,,,,,event_atomic,,screenshots\2026-09\03-09-2026\cupo-143404-order-***,screenshots\2026-09\03-09-2026\cupo-143404-order-*** | screenshots\2026-09\03-09-2026\captchas\captcha-143404-order-***,"Se encontro un horario disponible, pero no cumple la regla de reserva de la orden."
***-143433-e208172a,2026-09-03 14:34:38,order-***,partial,normal,LIMA-LA VICTORIA,28/09/2026,10:00,30,blocked_by_order_rule,,,5.277,1.828,1.016,,,,,event_atomic,,screenshots\2026-09\03-09-2026\cupo-143433-order-***,screenshots\2026-09\03-09-2026\cupo-143433-order-*** | screenshots\2026-09\03-09-2026\captchas\captcha-143433-order-***,"Se encontro un horario disponible, pero no cumple la regla de reserva de la orden."
***-143438-1bb1371c,2026-09-03 14:34:43,order-***,partial,normal,LIMA-LA VICTORIA,28/09/2026,10:00,30,blocked_by_order_rule,,,5.275,1.875,1.015,,,,,event_atomic,,screenshots\2026-09\03-09-2026\cupo-143438-order-***,screenshots\2026-09\03-09-2026\cupo-143438-order-*** | screenshots\2026-09\03-09-2026\captchas\captcha-143438-order-***,"Se encontro un horario disponible, pero no cumple la regla de reserva de la orden."
***-143444-14e70112,2026-09-03 14:34:49,order-***,partial,normal,LIMA-LA VICTORIA,28/09/2026,10:00,30,blocked_by_order_rule,,,5.259,1.860,0.969,,,,,event_atomic,,screenshots\2026-09\03-09-2026\cupo-143444-order-***,screenshots\2026-09\03-09-2026\cupo-143444-order-*** | screenshots\2026-09\03-09-2026\captchas\captcha-143444-order-***,"Se encontro un horario disponible, pero no cumple la regla de reserva de la orden."
***-083618-171f50bc,2026-09-04 08:36:59,order-***,partial,normal,LIMA-LA VICTORIA,18/09/2026,08:00,30,blocked_by_order_rule,,,40.923,2.016,0.969,,,,,event_atomic,,screenshots\2026-09\04-09-2026\cupo-083618-order-***,screenshots\2026-09\04-09-2026\cupo-083618-order-*** | screenshots\2026-09\04-09-2026\captchas\captcha-083618-order-***,"Se encontro un horario disponible, pero no cumple la regla de reserva de la orden."
***-083951-f07773db,2026-09-04 08:39:56,order-***,partial,normal,LIMA-LA VICTORIA,29/09/2026,12:00,10,blocked_by_order_rule,,,5.642,2.047,0.969,,,,,event_atomic,,screenshots\2026-09\04-09-2026\cupo-083951-order-***,screenshots\2026-09\04-09-2026\cupo-083951-order-*** | screenshots\2026-09\04-09-2026\captchas\captcha-083951-order-***,"Se encontro un horario disponible, pero no cumple la regla de reserva de la orden."
***-083955-8c052661,2026-09-04 08:40:10,order-***,registered,normal,LIMA-LA VICTORIA,29/09/2026,12:00,10,confirmed,portal_success_text,,14.183,5.562,0.828,0.047,0.031,0.016,0.015,event_atomic,0.344,screenshots\2026-09\04-09-2026\portal-1-083955-order-***,screenshots\2026-09\04-09-2026\portal-1-083955-order-*** | screenshots\2026-09\04-09-2026\cupo-083955-order-*** | screenshots\2026-09\04-09-2026\captchas\captcha-083955-order-*** | screenshots\2026-09\04-09-2026\diagnostics\portal-html-1-083955-order-***,La reserva fue confirmada por mensaje de exito del portal.
***-083955-44237f69,2026-09-04 08:40:20,order-***,unavailable,normal,LIMA-LA VICTORIA,29/09/2026,12:00,10,slot_lost,,,24.906,6.797,0.828,0.062,0.032,0.015,0.015,event_atomic,0.125,screenshots\2026-09\04-09-2026\portal-1-083955-order-***,screenshots\2026-09\04-09-2026\portal-1-083955-order-*** | screenshots\2026-09\04-09-2026\cupo-083955-order-*** | screenshots\2026-09\04-09-2026\captchas\captcha-083955-order-*** | screenshots\2026-09\04-09-2026\diagnostics\portal-html-1-083955-order-***,El cupo dejo de estar disponible antes de completar la reserva.
***-083957-283335a5,2026-09-04 08:40:21,order-***,unavailable,normal,LIMA-LA VICTORIA,29/09/2026,12:00,10,slot_lost,,,23.813,6.203,0.734,0.031,0.016,0.016,0.016,event_atomic,0.140,screenshots\2026-09\04-09-2026\portal-1-083957-order-***,screenshots\2026-09\04-09-2026\portal-1-083957-order-*** | screenshots\2026-09\04-09-2026\cupo-083957-order-*** | screenshots\2026-09\04-09-2026\captchas\captcha-083957-order-*** | screenshots\2026-09\04-09-2026\diagnostics\portal-html-1-083957-order-***,El cupo dejo de estar disponible antes de completar la reserva.
***-084042-d9aa4241,2026-09-04 08:41:04,order-***,unavailable,normal,LIMA-LA VICTORIA,29/09/2026,08:00,30,slot_lost,,,22.284,5.391,0.688,0.032,0.016,0.016,0.015,event_atomic,0.188,screenshots\2026-09\04-09-2026\portal-1-084042-order-***,screenshots\2026-09\04-09-2026\portal-1-084042-order-*** | screenshots\2026-09\04-09-2026\cupo-084042-order-*** | screenshots\2026-09\04-09-2026\captchas\captcha-084042-order-*** | screenshots\2026-09\04-09-2026\diagnostics\portal-html-1-084042-order-***,El cupo dejo de estar disponible antes de completar la reserva.
***-084242-b98bcac5,2026-09-04 08:43:01,order-***,partial,normal,LIMA-LA VICTORIA,29/09/2026,09:00,30,blocked_by_order_rule,,,18.760,1.953,0.953,,,,,event_atomic,,screenshots\2026-09\04-09-2026\cupo-084242-order-***,screenshots\2026-09\04-09-2026\cupo-084242-order-*** | screenshots\2026-09\04-09-2026\captchas\captcha-084242-order-***,"Se encontro un horario disponible, pero no cumple la regla de reserva de la orden."
***-084300-15fd7801,2026-09-04 08:43:12,order-***,registered,normal,LIMA-LA VICTORIA,29/09/2026,09:00,30,confirmed,portal_success_text,,11.763,4.515,0.687,0.031,0.016,0.000,0.000,event_atomic,0.344,screenshots\2026-09\04-09-2026\portal-1-084300-order-***,screenshots\2026-09\04-09-2026\portal-1-084300-order-*** | screenshots\2026-09\04-09-2026\cupo-084300-order-*** | screenshots\2026-09\04-09-2026\captchas\captcha-084300-order-*** | screenshots\2026-09\04-09-2026\diagnostics\portal-html-1-084300-order-***,La reserva fue confirmada por mensaje de exito del portal.
***-084300-2ae819bd,2026-09-04 08:43:12,order-***,registered,normal,LIMA-LA VICTORIA,29/09/2026,09:00,30,confirmed,portal_success_text,,11.824,4.485,0.688,0.016,0.015,0.016,0.000,event_atomic,0.265,screenshots\2026-09\04-09-2026\portal-1-084300-order-***,screenshots\2026-09\04-09-2026\portal-1-084300-order-*** | screenshots\2026-09\04-09-2026\cupo-084300-order-*** | screenshots\2026-09\04-09-2026\captchas\captcha-084300-order-*** | screenshots\2026-09\04-09-2026\diagnostics\portal-html-1-084300-order-***,La reserva fue confirmada por mensaje de exito del portal.
***-084334-efc6c08f,2026-09-04 08:43:50,order-***,partial,normal,LIMA-LA VICTORIA,29/09/2026,12:00,20,blocked_by_order_rule,,,15.361,1.922,0.984,,,,,event_atomic,,screenshots\2026-09\04-09-2026\cupo-084334-order-***,screenshots\2026-09\04-09-2026\cupo-084334-order-*** | screenshots\2026-09\04-09-2026\captchas\captcha-084334-order-***,"Se encontro un horario disponible, pero no cumple la regla de reserva de la orden."
***-084350-***,2026-09-04 08:43:56,order-***,partial,normal,LIMA-LA VICTORIA,29/09/2026,12:00,20,blocked_by_order_rule,,,5.977,2.110,1.031,,,,,event_atomic,,screenshots\2026-09\04-09-2026\cupo-084350-order-***,screenshots\2026-09\04-09-2026\cupo-084350-order-*** | screenshots\2026-09\04-09-2026\captchas\captcha-084350-order-***,"Se encontro un horario disponible, pero no cumple la regla de reserva de la orden."
***-084356-5a0e26f2,2026-09-04 08:44:02,order-***,partial,normal,LIMA-LA VICTORIA,29/09/2026,12:00,20,blocked_by_order_rule,,,6.118,2.391,1.063,,,,,event_atomic,,screenshots\2026-09\04-09-2026\cupo-084356-order-***,screenshots\2026-09\04-09-2026\cupo-084356-order-*** | screenshots\2026-09\04-09-2026\captchas\captcha-084356-order-***,"Se encontro un horario disponible, pero no cumple la regla de reserva de la orden."
***-101852-3d7d00e5,2026-09-04 10:18:57,order-***,unknown,normal,LIMA-LA VICTORIA,Seleccione la Fecha,Seleccione la Hora,,,,,4.848,,,,,,,,,screenshots\2026-09\04-09-2026\resultado-101852-order-***,screenshots\2026-09\04-09-2026\resultado-101852-order-***,No se pudo determinar la disponibilidad con los textos actuales. Ajusta AVAILABLE_TEXTS o UNAVAILABLE_TEXTS en flows/appointments.py.
***-164732-04d24eb4,2026-09-04 16:47:41,order-***,available,fetch_probe,LIMA-LA VICTORIA,02/10/2026,10:00,,,,,9.480,,,,,,,,,,,Se detectaron opciones seleccionables de fecha y hora. La disponibilidad fue detectada por consulta directa al formulario.
***-103522-4e68c043,2026-09-05 10:36:11,order-***,unknown,fetch_probe,LIMA-LA VICTORIA,05/10/2026,09:00,10,,,,48.935,,,,,,,event_atomic,,screenshots\2026-09\05-09-2026\cupo-103522-order-***,screenshots\2026-09\05-09-2026\cupo-103522-order-***,"La fecha y hora se reprodujeron en el formulario visible, pero el CAPTCHA final no aparecio. Se conservo la captura y se detuvo el flujo antes de resolver o reservar."
***-113932-4b733315,2026-09-05 11:39:48,order-***,partial,fetch_probe,LIMA-LA VICTORIA,05/10/2026,10:00,15,blocked_by_order_rule,,,16.068,1.937,1.344,,,,,event_atomic,,screenshots\2026-09\05-09-2026\cupo-113932-order-***,screenshots\2026-09\05-09-2026\cupo-113932-order-***,"Se encontro un horario disponible, pero no cumple la regla de reserva de la orden."
***-113948-6b8c0464,2026-09-05 11:40:01,order-***,registered,fetch_probe,LIMA-LA VICTORIA,05/10/2026,10:00,15,confirmed,portal_success_text,,13.128,3.843,0.922,,,,,event_atomic,0.734,screenshots\2026-09\05-09-2026\portal-1-113948-order-***,screenshots\2026-09\05-09-2026\portal-1-113948-order-*** | screenshots\2026-09\05-09-2026\cupo-113948-order-*** | screenshots\2026-09\05-09-2026\reserva-respuesta-primer-boton-113948-order-*** | screenshots\2026-09\05-09-2026\diagnostics\portal-html-1-113948-order-*** | screenshots\2026-09\05-09-2026\diagnostics\reserva-respuesta-primer-boton-113948-order-***,La reserva fue confirmada por mensaje de exito del portal.
***-114001-ef2ddcbe,2026-09-05 11:40:15,order-***,registered,fetch_probe,LIMA-LA VICTORIA,05/10/2026,10:00,15,confirmed,portal_success_text,,13.382,4.375,0.906,,,,,event_atomic,0.843,screenshots\2026-09\05-09-2026\portal-1-114001-order-***,screenshots\2026-09\05-09-2026\portal-1-114001-order-*** | screenshots\2026-09\05-09-2026\cupo-114001-order-*** | screenshots\2026-09\05-09-2026\reserva-respuesta-primer-boton-114001-order-*** | screenshots\2026-09\05-09-2026\diagnostics\portal-html-1-114001-order-*** | screenshots\2026-09\05-09-2026\diagnostics\reserva-respuesta-primer-boton-114001-order-***,La reserva fue confirmada por mensaje de exito del portal.
***-114015-30249be4,2026-09-05 11:40:28,order-***,registered,fetch_probe,LIMA-LA VICTORIA,05/10/2026,10:00,15,confirmed,portal_success_text,,12.959,3.609,0.922,,,,,event_atomic,0.781,screenshots\2026-09\05-09-2026\portal-1-114015-order-***,screenshots\2026-09\05-09-2026\portal-1-114015-order-*** | screenshots\2026-09\05-09-2026\cupo-114015-order-*** | screenshots\2026-09\05-09-2026\reserva-respuesta-primer-boton-114015-order-*** | screenshots\2026-09\05-09-2026\diagnostics\portal-html-1-114015-order-*** | screenshots\2026-09\05-09-2026\diagnostics\reserva-respuesta-primer-boton-114015-order-***,La reserva fue confirmada por mensaje de exito del portal.
***-120003-4a1ccc05,2026-09-05 12:00:25,order-***,registered,fetch_probe,LIMA-LA VICTORIA,24/09/2026,12:00,30,confirmed,portal_success_text,,21.791,4.141,0.938,,,,,event_atomic,0.766,screenshots\2026-09\05-09-2026\portal-1-120003-order-***,screenshots\2026-09\05-09-2026\portal-1-120003-order-*** | screenshots\2026-09\05-09-2026\cupo-120003-order-*** | screenshots\2026-09\05-09-2026\reserva-respuesta-primer-boton-120003-order-*** | screenshots\2026-09\05-09-2026\diagnostics\portal-html-1-120003-order-*** | screenshots\2026-09\05-09-2026\diagnostics\reserva-respuesta-primer-boton-120003-order-***,La reserva fue confirmada por mensaje de exito del portal.
***-120040-3913abf6,2026-09-05 12:01:08,order-***,partial,fetch_probe,LIMA-LA VICTORIA,24/09/2026,08:00,30,blocked_by_order_rule,,,27.663,2.484,1.406,,,,,event_atomic,,screenshots\2026-09\05-09-2026\cupo-120040-order-***,screenshots\2026-09\05-09-2026\cupo-120040-order-***,"Se encontro un horario disponible, pero no cumple la regla de reserva de la orden."
***-120108-59e1b89e,2026-09-05 12:01:25,order-***,registered,fetch_probe,LIMA-LA VICTORIA,24/09/2026,08:00,30,confirmed,portal_success_text,,16.691,4.313,0.985,,,,,event_atomic,0.766,screenshots\2026-09\05-09-2026\portal-1-120108-order-***,screenshots\2026-09\05-09-2026\portal-1-120108-order-*** | screenshots\2026-09\05-09-2026\cupo-120108-order-*** | screenshots\2026-09\05-09-2026\reserva-respuesta-primer-boton-120108-order-*** | screenshots\2026-09\05-09-2026\diagnostics\portal-html-1-120108-order-*** | screenshots\2026-09\05-09-2026\diagnostics\reserva-respuesta-primer-boton-120108-order-***,La reserva fue confirmada por mensaje de exito del portal.
***-132306-6795bf01,2026-09-05 13:23:52,order-***,registered,fetch_probe,LIMA-LA VICTORIA,03/10/2026,09:00,15,confirmed,portal_success_text,,46.260,4.250,0.938,,,,,event_atomic,0.750,screenshots\2026-09\05-09-2026\portal-1-132306-order-***,screenshots\2026-09\05-09-2026\portal-1-132306-order-*** | screenshots\2026-09\05-09-2026\cupo-132306-order-*** | screenshots\2026-09\05-09-2026\reserva-respuesta-primer-boton-132306-order-*** | screenshots\2026-09\05-09-2026\diagnostics\portal-html-1-132306-order-*** | screenshots\2026-09\05-09-2026\diagnostics\reserva-respuesta-primer-boton-132306-order-***,La reserva fue confirmada por mensaje de exito del portal.
observer-***-132401-8a2b9d5b,2026-09-05 13:24:33,,available,normal,LIMA-LA VICTORIA,03/10/2026,09:00,15,,,,31.322,,,,,,,event_atomic,,screenshots\2026-09\05-09-2026\observer-cupo-4f81c1.png,screenshots\2026-09\05-09-2026\observer-cupo-4f81c1.png,Se seleccionaron una fecha y una hora disponibles.
observer-***-132433-767372cd,2026-09-05 13:24:45,,available,normal,LIMA-LA VICTORIA,03/10/2026,09:00,15,,,,11.892,,,,,,,event_atomic,,,,Se seleccionaron una fecha y una hora disponibles.
observer-***-132445-1ee100d6,2026-09-05 13:25:16,,available,normal,LIMA-LA VICTORIA,03/10/2026,09:00,15,,,,31.036,,,,,,,event_atomic,,screenshots\2026-09\05-09-2026\observer-cupo-d7dee7.png,screenshots\2026-09\05-09-2026\observer-cupo-d7dee7.png,Se seleccionaron una fecha y una hora disponibles.
observer-***-132516-aeb136f4,2026-09-05 13:25:29,,available,normal,LIMA-LA VICTORIA,03/10/2026,09:00,15,,,,12.824,,,,,,,event_atomic,,,,Se seleccionaron una fecha y una hora disponibles.
observer-***-132530-3cb695e8,2026-09-05 13:26:01,,available,normal,LIMA-LA VICTORIA,03/10/2026,09:00,15,,,,31.325,,,,,,,event_atomic,,screenshots\2026-09\05-09-2026\observer-cupo-b04e07.png,screenshots\2026-09\05-09-2026\observer-cupo-b04e07.png,Se seleccionaron una fecha y una hora disponibles.
observer-***-132602-7a035f21,2026-09-05 13:26:14,,available,normal,LIMA-LA VICTORIA,03/10/2026,09:00,15,,,,12.306,,,,,,,event_atomic,,,,Se seleccionaron una fecha y una hora disponibles.
observer-***-132615-db498f13,2026-09-05 13:26:46,,available,normal,LIMA-LA VICTORIA,03/10/2026,09:00,15,,,,31.324,,,,,,,event_atomic,,screenshots\2026-09\05-09-2026\observer-cupo-490822.png,screenshots\2026-09\05-09-2026\observer-cupo-490822.png,Se seleccionaron una fecha y una hora disponibles.
observer-***-132646-3e548130,2026-09-05 13:26:58,,available,normal,LIMA-LA VICTORIA,03/10/2026,09:00,15,,,,12.219,,,,,,,event_atomic,,,,Se seleccionaron una fecha y una hora disponibles.
observer-***-132659-698e0b62,2026-09-05 13:27:30,,available,normal,LIMA-LA VICTORIA,03/10/2026,09:00,15,,,,31.418,,,,,,,event_atomic,,screenshots\2026-09\05-09-2026\observer-cupo-372c05.png,screenshots\2026-09\05-09-2026\observer-cupo-372c05.png,Se seleccionaron una fecha y una hora disponibles.
observer-***-132731-17bc86c2,2026-09-05 13:27:43,,available,normal,LIMA-LA VICTORIA,03/10/2026,09:00,15,,,,12.741,,,,,,,event_atomic,,,,Se seleccionaron una fecha y una hora disponibles.
observer-***-132744-8383e656,2026-09-05 13:28:15,,available,normal,LIMA-LA VICTORIA,03/10/2026,09:00,15,,,,31.152,,,,,,,event_atomic,,screenshots\2026-09\05-09-2026\observer-cupo-c24fde.png,screenshots\2026-09\05-09-2026\observer-cupo-c24fde.png,Se seleccionaron una fecha y una hora disponibles.
observer-***-132815-f1cb336e,2026-09-05 13:28:28,,available,normal,LIMA-LA VICTORIA,03/10/2026,09:00,15,,,,12.283,,,,,,,event_atomic,,,,Se seleccionaron una fecha y una hora disponibles.
observer-***-132828-d9ded246,2026-09-05 13:28:59,,available,normal,LIMA-LA VICTORIA,03/10/2026,09:00,15,,,,30.990,,,,,,,event_atomic,,screenshots\2026-09\05-09-2026\observer-cupo-7e9e2c.png,screenshots\2026-09\05-09-2026\observer-cupo-7e9e2c.png,Se seleccionaron una fecha y una hora disponibles.
observer-***-132900-50e501ef,2026-09-05 13:29:12,,available,normal,LIMA-LA VICTORIA,03/10/2026,09:00,15,,,,12.140,,,,,,,event_atomic,,,,Se seleccionaron una fecha y una hora disponibles.
observer-***-132912-0bd7111a,2026-09-05 13:29:44,,available,normal,LIMA-LA VICTORIA,03/10/2026,09:00,15,,,,31.270,,,,,,,event_atomic,,screenshots\2026-09\05-09-2026\observer-cupo-012161.png,screenshots\2026-09\05-09-2026\observer-cupo-012161.png,Se seleccionaron una fecha y una hora disponibles.
observer-***-132944-f4ec6251,2026-09-05 13:29:56,,available,normal,LIMA-LA VICTORIA,03/10/2026,09:00,15,,,,12.202,,,,,,,event_atomic,,,,Se seleccionaron una fecha y una hora disponibles.
observer-***-132957-67060dfc,2026-09-05 13:30:28,,available,normal,LIMA-LA VICTORIA,03/10/2026,09:00,15,,,,31.249,,,,,,,event_atomic,,screenshots\2026-09\05-09-2026\observer-cupo-26ee2d.png,screenshots\2026-09\05-09-2026\observer-cupo-26ee2d.png,Se seleccionaron una fecha y una hora disponibles.
observer-***-133028-ab26e58f,2026-09-05 13:30:40,,available,normal,LIMA-LA VICTORIA,03/10/2026,09:00,15,,,,12.202,,,,,,,event_atomic,,,,Se seleccionaron una fecha y una hora disponibles.
observer-***-133040-2c6e97c9,2026-09-05 13:31:12,,available,normal,LIMA-LA VICTORIA,03/10/2026,09:00,15,,,,31.109,,,,,,,event_atomic,,screenshots\2026-09\05-09-2026\observer-cupo-0e69f2.png,screenshots\2026-09\05-09-2026\observer-cupo-0e69f2.png,Se seleccionaron una fecha y una hora disponibles.
observer-***-133112-e52ba6c7,2026-09-05 13:31:24,,available,normal,LIMA-LA VICTORIA,03/10/2026,09:00,15,,,,12.398,,,,,,,event_atomic,,,,Se seleccionaron una fecha y una hora disponibles.
observer-***-133124-4faddf4f,2026-09-05 13:31:56,,available,normal,LIMA-LA VICTORIA,03/10/2026,09:00,15,,,,31.438,,,,,,,event_atomic,,screenshots\2026-09\05-09-2026\observer-cupo-10b67e.png,screenshots\2026-09\05-09-2026\observer-cupo-10b67e.png,Se seleccionaron una fecha y una hora disponibles.
observer-***-162033-8da6a8da,2026-09-05 16:21:06,,available,normal,LIMA-LA VICTORIA,19/10/2026,08:00,15,,,,32.507,,,,,,,event_atomic,,screenshots\2026-09\05-09-2026\observer-cupo-c99ac5.png,screenshots\2026-09\05-09-2026\observer-cupo-c99ac5.png,Se seleccionaron una fecha y una hora disponibles.
observer-***-162106-99a8eb58,2026-09-05 16:21:19,,available,normal,LIMA-LA VICTORIA,19/10/2026,08:00,15,,,,12.704,,,,,,,event_atomic,,,,Se seleccionaron una fecha y una hora disponibles.
observer-***-162119-2679d066,2026-09-05 16:21:52,,available,normal,LIMA-LA VICTORIA,19/10/2026,08:00,15,,,,32.315,,,,,,,event_atomic,,screenshots\2026-09\05-09-2026\observer-cupo-848d2f.png,screenshots\2026-09\05-09-2026\observer-cupo-848d2f.png,Se seleccionaron una fecha y una hora disponibles.
observer-***-162152-8fa089ef,2026-09-05 16:22:04,,available,normal,LIMA-LA VICTORIA,19/10/2026,08:00,15,,,,12.342,,,,,,,event_atomic,,,,Se seleccionaron una fecha y una hora disponibles.
observer-***-162204-07d7a5a3,2026-09-05 16:22:36,,available,normal,LIMA-LA VICTORIA,19/10/2026,08:00,15,,,,31.587,,,,,,,event_atomic,,screenshots\2026-09\05-09-2026\observer-cupo-9a0cad.png,screenshots\2026-09\05-09-2026\observer-cupo-9a0cad.png,Se seleccionaron una fecha y una hora disponibles.
observer-***-162236-e6449f56,2026-09-05 16:22:49,,available,normal,LIMA-LA VICTORIA,19/10/2026,08:00,15,,,,12.749,,,,,,,event_atomic,,,,Se seleccionaron una fecha y una hora disponibles.
observer-***-162249-8718eb1e,2026-09-05 16:23:20,,available,normal,LIMA-LA VICTORIA,19/10/2026,08:00,15,,,,31.374,,,,,,,event_atomic,,screenshots\2026-09\05-09-2026\observer-cupo-ec34a2.png,screenshots\2026-09\05-09-2026\observer-cupo-ec34a2.png,Se seleccionaron una fecha y una hora disponibles.
observer-***-162320-7d18371e,2026-09-05 16:23:33,,available,normal,LIMA-LA VICTORIA,19/10/2026,08:00,15,,,,12.359,,,,,,,event_atomic,,,,Se seleccionaron una fecha y una hora disponibles.
observer-***-162333-8efb4b95,2026-09-05 16:24:04,,available,normal,LIMA-LA VICTORIA,19/10/2026,08:00,15,,,,31.337,,,,,,,event_atomic,,screenshots\2026-09\05-09-2026\observer-cupo-3b2464.png,screenshots\2026-09\05-09-2026\observer-cupo-3b2464.png,Se seleccionaron una fecha y una hora disponibles.
observer-***-162404-0c5565cf,2026-09-05 16:24:17,,available,normal,LIMA-LA VICTORIA,19/10/2026,08:00,15,,,,13.122,,,,,,,event_atomic,,,,Se seleccionaron una fecha y una hora disponibles.
observer-***-162417-25265c7f,2026-09-05 16:24:49,,available,normal,LIMA-LA VICTORIA,19/10/2026,08:00,15,,,,31.149,,,,,,,event_atomic,,screenshots\2026-09\05-09-2026\observer-cupo-36ac0d.png,screenshots\2026-09\05-09-2026\observer-cupo-36ac0d.png,Se seleccionaron una fecha y una hora disponibles.
observer-***-162449-b7ba08fa,2026-09-05 16:25:02,,available,normal,LIMA-LA VICTORIA,19/10/2026,08:00,15,,,,13.017,,,,,,,event_atomic,,,,Se seleccionaron una fecha y una hora disponibles.
observer-***-162502-45e56399,2026-09-05 16:25:34,,available,normal,LIMA-LA VICTORIA,19/10/2026,08:00,15,,,,31.808,,,,,,,event_atomic,,screenshots\2026-09\05-09-2026\observer-cupo-df7daf.png,screenshots\2026-09\05-09-2026\observer-cupo-df7daf.png,Se seleccionaron una fecha y una hora disponibles.
observer-***-162534-f1f13f0d,2026-09-05 16:25:46,,available,normal,LIMA-LA VICTORIA,19/10/2026,08:00,15,,,,12.657,,,,,,,event_atomic,,,,Se seleccionaron una fecha y una hora disponibles.
observer-***-162547-f6d07c91,2026-09-05 16:26:19,,available,normal,LIMA-LA VICTORIA,19/10/2026,08:00,15,,,,32.359,,,,,,,event_atomic,,screenshots\2026-09\05-09-2026\observer-cupo-948a16.png,screenshots\2026-09\05-09-2026\observer-cupo-948a16.png,Se seleccionaron una fecha y una hora disponibles.
observer-***-162619-dd702503,2026-09-05 16:27:10,,available,normal,LIMA-LA VICTORIA,20/10/2026,08:00,15,,,,51.311,,,,,,,event_atomic,,,,Se seleccionaron una fecha y una hora disponibles.
observer-***-162711-6687736f,2026-09-05 16:27:43,,available,normal,LIMA-LA VICTORIA,20/10/2026,08:00,15,,,,31.693,,,,,,,event_atomic,,screenshots\2026-09\05-09-2026\observer-cupo-4f878d.png,screenshots\2026-09\05-09-2026\observer-cupo-4f878d.png,Se seleccionaron una fecha y una hora disponibles.
observer-***-162743-9538d04b,2026-09-05 16:27:56,,available,normal,LIMA-LA VICTORIA,20/10/2026,08:00,15,,,,12.551,,,,,,,event_atomic,,,,Se seleccionaron una fecha y una hora disponibles.
observer-***-162803-b1427203,2026-09-05 16:28:34,,available,normal,LIMA-LA VICTORIA,20/10/2026,08:00,15,,,,31.604,,,,,,,event_atomic,,screenshots\2026-09\05-09-2026\observer-cupo-415540.png,screenshots\2026-09\05-09-2026\observer-cupo-415540.png,Se seleccionaron una fecha y una hora disponibles.
observer-***-162834-ed18afb3,2026-09-05 16:28:47,,available,normal,LIMA-LA VICTORIA,20/10/2026,08:00,15,,,,12.540,,,,,,,event_atomic,,,,Se seleccionaron una fecha y una hora disponibles.
observer-***-162847-***,2026-09-05 16:29:18,,available,normal,LIMA-LA VICTORIA,20/10/2026,08:00,15,,,,31.348,,,,,,,event_atomic,,screenshots\2026-09\05-09-2026\observer-cupo-92dff5.png,screenshots\2026-09\05-09-2026\observer-cupo-92dff5.png,Se seleccionaron una fecha y una hora disponibles.
observer-***-162919-c386849a,2026-09-05 16:29:31,,available,normal,LIMA-LA VICTORIA,20/10/2026,08:00,15,,,,12.445,,,,,,,event_atomic,,,,Se seleccionaron una fecha y una hora disponibles.
observer-***-162931-78d024d2,2026-09-05 16:30:02,,available,normal,LIMA-LA VICTORIA,20/10/2026,08:00,15,,,,31.121,,,,,,,event_atomic,,screenshots\2026-09\05-09-2026\observer-cupo-c9497a.png,screenshots\2026-09\05-09-2026\observer-cupo-c9497a.png,Se seleccionaron una fecha y una hora disponibles.
observer-***-163002-3c482ffc,2026-09-05 16:30:15,,available,normal,LIMA-LA VICTORIA,20/10/2026,08:00,15,,,,12.248,,,,,,,event_atomic,,,,Se seleccionaron una fecha y una hora disponibles.
observer-***-163015-6bf8586e,2026-09-05 16:30:46,,available,normal,LIMA-LA VICTORIA,20/10/2026,08:00,15,,,,31.291,,,,,,,event_atomic,,screenshots\2026-09\05-09-2026\observer-cupo-09152f.png,screenshots\2026-09\05-09-2026\observer-cupo-09152f.png,Se seleccionaron una fecha y una hora disponibles.
observer-***-163046-5d70dc80,2026-09-05 16:30:59,,available,normal,LIMA-LA VICTORIA,20/10/2026,08:00,15,,,,12.599,,,,,,,event_atomic,,,,Se seleccionaron una fecha y una hora disponibles.
observer-***-163059-c96230fc,2026-09-05 16:31:30,,available,normal,LIMA-LA VICTORIA,20/10/2026,08:00,15,,,,31.428,,,,,,,event_atomic,,screenshots\2026-09\05-09-2026\observer-cupo-e70c94.png,screenshots\2026-09\05-09-2026\observer-cupo-e70c94.png,Se seleccionaron una fecha y una hora disponibles.
observer-***-163130-c4a0fb3d,2026-09-05 16:31:43,,available,normal,LIMA-LA VICTORIA,20/10/2026,08:00,15,,,,12.277,,,,,,,event_atomic,,,,Se seleccionaron una fecha y una hora disponibles.
observer-***-163143-890d4696,2026-09-05 16:32:14,,available,normal,LIMA-LA VICTORIA,20/10/2026,08:00,15,,,,31.224,,,,,,,event_atomic,,screenshots\2026-09\05-09-2026\observer-cupo-b3263e.png,screenshots\2026-09\05-09-2026\observer-cupo-b3263e.png,Se seleccionaron una fecha y una hora disponibles.
observer-***-163214-a8d188c9,2026-09-05 16:32:26,,available,normal,LIMA-LA VICTORIA,20/10/2026,08:00,15,,,,12.246,,,,,,,event_atomic,,,,Se seleccionaron una fecha y una hora disponibles.
observer-***-163226-f3375cdb,2026-09-05 16:32:58,,available,normal,LIMA-LA VICTORIA,20/10/2026,08:00,15,,,,31.203,,,,,,,event_atomic,,screenshots\2026-09\05-09-2026\observer-cupo-a3d4fa.png,screenshots\2026-09\05-09-2026\observer-cupo-a3d4fa.png,Se seleccionaron una fecha y una hora disponibles.
observer-***-163258-1cee935f,2026-09-05 16:33:10,,available,normal,LIMA-LA VICTORIA,20/10/2026,08:00,15,,,,12.321,,,,,,,event_atomic,,,,Se seleccionaron una fecha y una hora disponibles.
observer-***-163310-ad4784d3,2026-09-05 16:33:41,,available,normal,LIMA-LA VICTORIA,20/10/2026,08:00,15,,,,31.011,,,,,,,event_atomic,,screenshots\2026-09\05-09-2026\observer-cupo-ba3464.png,screenshots\2026-09\05-09-2026\observer-cupo-ba3464.png,Se seleccionaron una fecha y una hora disponibles.
observer-***-163341-b0b82cd2,2026-09-05 16:33:53,,available,normal,LIMA-LA VICTORIA,20/10/2026,08:00,15,,,,12.299,,,,,,,event_atomic,,,,Se seleccionaron una fecha y una hora disponibles.
observer-***-163354-b2ae0545,2026-09-05 16:34:25,,available,normal,LIMA-LA VICTORIA,20/10/2026,08:00,15,,,,30.994,,,,,,,event_atomic,,screenshots\2026-09\05-09-2026\observer-cupo-175312.png,screenshots\2026-09\05-09-2026\observer-cupo-175312.png,Se seleccionaron una fecha y una hora disponibles.
observer-***-163425-ca6991e0,2026-09-05 16:34:37,,available,normal,LIMA-LA VICTORIA,20/10/2026,08:00,15,,,,12.181,,,,,,,event_atomic,,,,Se seleccionaron una fecha y una hora disponibles.
observer-***-163437-7610338a,2026-09-05 16:35:08,,available,normal,LIMA-LA VICTORIA,20/10/2026,08:00,15,,,,30.941,,,,,,,event_atomic,,screenshots\2026-09\05-09-2026\observer-cupo-eb1025.png,screenshots\2026-09\05-09-2026\observer-cupo-eb1025.png,Se seleccionaron una fecha y una hora disponibles.
observer-***-163508-3dcd074a,2026-09-05 16:35:20,,available,normal,LIMA-LA VICTORIA,20/10/2026,08:00,15,,,,12.260,,,,,,,event_atomic,,,,Se seleccionaron una fecha y una hora disponibles.
observer-***-163520-4d48c904,2026-09-05 16:35:51,,available,normal,LIMA-LA VICTORIA,20/10/2026,08:00,15,,,,30.754,,,,,,,event_atomic,,screenshots\2026-09\05-09-2026\observer-cupo-4d30b4.png,screenshots\2026-09\05-09-2026\observer-cupo-4d30b4.png,Se seleccionaron una fecha y una hora disponibles.
observer-***-163551-23ec1dc2,2026-09-05 16:36:03,,available,normal,LIMA-LA VICTORIA,20/10/2026,08:00,15,,,,12.266,,,,,,,event_atomic,,,,Se seleccionaron una fecha y una hora disponibles.
observer-***-163604-03a15a86,2026-09-05 16:36:35,,available,normal,LIMA-LA VICTORIA,20/10/2026,08:00,15,,,,31.157,,,,,,,event_atomic,,screenshots\2026-09\05-09-2026\observer-cupo-fc05d8.png,screenshots\2026-09\05-09-2026\observer-cupo-fc05d8.png,Se seleccionaron una fecha y una hora disponibles.
observer-***-163635-dd332a46,2026-09-05 16:36:47,,available,normal,LIMA-LA VICTORIA,20/10/2026,08:00,15,,,,12.224,,,,,,,event_atomic,,,,Se seleccionaron una fecha y una hora disponibles.
observer-***-163647-36f4e982,2026-09-05 16:37:18,,available,normal,LIMA-LA VICTORIA,20/10/2026,08:00,15,,,,30.905,,,,,,,event_atomic,,screenshots\2026-09\05-09-2026\observer-cupo-3f0e7d.png,screenshots\2026-09\05-09-2026\observer-cupo-3f0e7d.png,Se seleccionaron una fecha y una hora disponibles.
observer-***-163718-9da5db25,2026-09-05 16:37:31,,available,normal,LIMA-LA VICTORIA,20/10/2026,08:00,15,,,,12.501,,,,,,,event_atomic,,,,Se seleccionaron una fecha y una hora disponibles.
observer-***-163731-ba033721,2026-09-05 16:38:02,,available,normal,LIMA-LA VICTORIA,20/10/2026,08:00,15,,,,31.384,,,,,,,event_atomic,,screenshots\2026-09\05-09-2026\observer-cupo-814af8.png,screenshots\2026-09\05-09-2026\observer-cupo-814af8.png,Se seleccionaron una fecha y una hora disponibles.
observer-***-163802-61d21388,2026-09-05 16:38:15,,available,normal,LIMA-LA VICTORIA,20/10/2026,08:00,15,,,,12.331,,,,,,,event_atomic,,,,Se seleccionaron una fecha y una hora disponibles.
observer-***-163815-906e39c5,2026-09-05 16:38:45,,available,normal,LIMA-LA VICTORIA,20/10/2026,08:00,15,,,,30.679,,,,,,,event_atomic,,screenshots\2026-09\05-09-2026\observer-cupo-51a9cf.png,screenshots\2026-09\05-09-2026\observer-cupo-51a9cf.png,Se seleccionaron una fecha y una hora disponibles.
observer-***-163846-1d3aeeb7,2026-09-05 16:38:58,,available,normal,LIMA-LA VICTORIA,20/10/2026,08:00,15,,,,12.734,,,,,,,event_atomic,,,,Se seleccionaron una fecha y una hora disponibles.
observer-***-163858-9a66efe7,2026-09-05 16:39:30,,available,normal,LIMA-LA VICTORIA,20/10/2026,08:00,15,,,,31.924,,,,,,,event_atomic,,screenshots\2026-09\05-09-2026\observer-cupo-751060.png,screenshots\2026-09\05-09-2026\observer-cupo-751060.png,Se seleccionaron una fecha y una hora disponibles.
observer-***-163930-0732404a,2026-09-05 16:39:44,,available,normal,LIMA-LA VICTORIA,20/10/2026,08:00,15,,,,13.269,,,,,,,event_atomic,,,,Se seleccionaron una fecha y una hora disponibles.
observer-***-163944-dcaada9e,2026-09-05 16:40:16,,available,normal,LIMA-LA VICTORIA,20/10/2026,08:00,15,,,,31.799,,,,,,,event_atomic,,screenshots\2026-09\05-09-2026\observer-cupo-577d10.png,screenshots\2026-09\05-09-2026\observer-cupo-577d10.png,Se seleccionaron una fecha y una hora disponibles.
observer-***-164016-c6da5242,2026-09-05 16:40:29,,available,normal,LIMA-LA VICTORIA,20/10/2026,08:00,15,,,,12.950,,,,,,,event_atomic,,,,Se seleccionaron una fecha y una hora disponibles.
observer-***-164029-f544d711,2026-09-05 16:41:00,,available,normal,LIMA-LA VICTORIA,20/10/2026,08:00,15,,,,31.652,,,,,,,event_atomic,,screenshots\2026-09\05-09-2026\observer-cupo-384dd3.png,screenshots\2026-09\05-09-2026\observer-cupo-384dd3.png,Se seleccionaron una fecha y una hora disponibles.
observer-***-164101-9c9699b2,2026-09-05 16:41:13,,available,normal,LIMA-LA VICTORIA,20/10/2026,08:00,15,,,,12.457,,,,,,,event_atomic,,,,Se seleccionaron una fecha y una hora disponibles.
observer-***-164118-35ab7a3a,2026-09-05 16:42:08,,available,normal,LIMA-LA VICTORIA,20/10/2026,08:00,15,,,,49.881,,,,,,,event_atomic,,screenshots\2026-09\05-09-2026\observer-cupo-710c0a.png,screenshots\2026-09\05-09-2026\observer-cupo-710c0a.png,Se seleccionaron una fecha y una hora disponibles.
observer-***-164208-153fd5e7,2026-09-05 16:42:21,,available,normal,LIMA-LA VICTORIA,20/10/2026,08:00,15,,,,12.392,,,,,,,event_atomic,,,,Se seleccionaron una fecha y una hora disponibles.
observer-***-164221-a97b691e,2026-09-05 16:43:10,,available,normal,LIMA-LA VICTORIA,20/10/2026,08:00,15,,,,49.417,,,,,,,event_atomic,,screenshots\2026-09\05-09-2026\observer-cupo-c592dc.png,screenshots\2026-09\05-09-2026\observer-cupo-c592dc.png,Se seleccionaron una fecha y una hora disponibles.
observer-***-164310-***,2026-09-05 16:43:23,,available,normal,LIMA-LA VICTORIA,20/10/2026,08:00,15,,,,12.367,,,,,,,event_atomic,,,,Se seleccionaron una fecha y una hora disponibles.
observer-***-164323-6cb629f8,2026-09-05 16:44:13,,available,normal,LIMA-LA VICTORIA,20/10/2026,08:00,15,,,,49.772,,,,,,,event_atomic,,screenshots\2026-09\05-09-2026\observer-cupo-518ba7.png,screenshots\2026-09\05-09-2026\observer-cupo-518ba7.png,Se seleccionaron una fecha y una hora disponibles.
observer-***-164413-d0e3a305,2026-09-05 16:44:25,,available,normal,LIMA-LA VICTORIA,20/10/2026,08:00,15,,,,12.099,,,,,,,event_atomic,,,,Se seleccionaron una fecha y una hora disponibles.
observer-***-164425-c8a814d8,2026-09-05 16:45:14,,available,normal,LIMA-LA VICTORIA,20/10/2026,08:00,15,,,,49.622,,,,,,,event_atomic,,screenshots\2026-09\05-09-2026\observer-cupo-f441df.png,screenshots\2026-09\05-09-2026\observer-cupo-f441df.png,Se seleccionaron una fecha y una hora disponibles.
observer-***-164515-5c757fe2,2026-09-05 16:45:27,,available,normal,LIMA-LA VICTORIA,20/10/2026,08:00,15,,,,12.108,,,,,,,event_atomic,,,,Se seleccionaron una fecha y una hora disponibles.
observer-***-164527-ae70e036,2026-09-05 16:46:16,,available,normal,LIMA-LA VICTORIA,20/10/2026,08:00,15,,,,49.567,,,,,,,event_atomic,,screenshots\2026-09\05-09-2026\observer-cupo-c58aa3.png,screenshots\2026-09\05-09-2026\observer-cupo-c58aa3.png,Se seleccionaron una fecha y una hora disponibles.
observer-***-164616-26ad8c00,2026-09-05 16:46:29,,available,normal,LIMA-LA VICTORIA,20/10/2026,08:00,15,,,,12.398,,,,,,,event_atomic,,,,Se seleccionaron una fecha y una hora disponibles.
observer-***-164629-a0f755e6,2026-09-05 16:47:19,,available,normal,LIMA-LA VICTORIA,20/10/2026,08:00,15,,,,50.233,,,,,,,event_atomic,,screenshots\2026-09\05-09-2026\observer-cupo-6b2d01.png,screenshots\2026-09\05-09-2026\observer-cupo-6b2d01.png,Se seleccionaron una fecha y una hora disponibles.
observer-***-164719-caaf33e1,2026-09-05 16:47:32,,available,normal,LIMA-LA VICTORIA,20/10/2026,08:00,15,,,,12.212,,,,,,,event_atomic,,,,Se seleccionaron una fecha y una hora disponibles.
observer-***-164732-c3f47365,2026-09-05 16:48:21,,available,normal,LIMA-LA VICTORIA,20/10/2026,08:00,15,,,,49.264,,,,,,,event_atomic,,screenshots\2026-09\05-09-2026\observer-cupo-9336c7.png,screenshots\2026-09\05-09-2026\observer-cupo-9336c7.png,Se seleccionaron una fecha y una hora disponibles.
observer-***-164821-cd41ccd6,2026-09-05 16:48:33,,available,normal,LIMA-LA VICTORIA,20/10/2026,08:00,15,,,,12.225,,,,,,,event_atomic,,,,Se seleccionaron una fecha y una hora disponibles.
observer-***-164833-61b3aee2,2026-09-05 16:49:23,,available,normal,LIMA-LA VICTORIA,20/10/2026,08:00,15,,,,50.115,,,,,,,event_atomic,,screenshots\2026-09\05-09-2026\observer-cupo-9d1a0d.png,screenshots\2026-09\05-09-2026\observer-cupo-9d1a0d.png,Se seleccionaron una fecha y una hora disponibles.
observer-***-164924-d8def45d,2026-09-05 16:49:36,,available,normal,LIMA-LA VICTORIA,20/10/2026,08:00,15,,,,12.084,,,,,,,event_atomic,,,,Se seleccionaron una fecha y una hora disponibles.
observer-***-164936-acb6ff27,2026-09-05 16:50:26,,available,normal,LIMA-LA VICTORIA,20/10/2026,08:00,15,,,,49.876,,,,,,,event_atomic,,screenshots\2026-09\05-09-2026\observer-cupo-57f503.png,screenshots\2026-09\05-09-2026\observer-cupo-57f503.png,Se seleccionaron una fecha y una hora disponibles.
observer-***-165026-26ef63c3,2026-09-05 16:50:38,,available,normal,LIMA-LA VICTORIA,20/10/2026,08:00,15,,,,12.081,,,,,,,event_atomic,,,,Se seleccionaron una fecha y una hora disponibles.
observer-***-165038-6bc63d64,2026-09-05 16:51:28,,available,normal,LIMA-LA VICTORIA,20/10/2026,08:00,15,,,,50.132,,,,,,,event_atomic,,screenshots\2026-09\05-09-2026\observer-cupo-1bb956.png,screenshots\2026-09\05-09-2026\observer-cupo-1bb956.png,Se seleccionaron una fecha y una hora disponibles.
observer-***-165128-765e0610,2026-09-05 16:51:40,,available,normal,LIMA-LA VICTORIA,21/10/2026,08:00,15,,,,12.133,,,,,,,event_atomic,,,,Se seleccionaron una fecha y una hora disponibles.
observer-***-165141-cca8223b,2026-09-05 16:52:31,,available,normal,LIMA-LA VICTORIA,21/10/2026,08:00,15,,,,49.982,,,,,,,event_atomic,,screenshots\2026-09\05-09-2026\observer-cupo-a64e0d.png,screenshots\2026-09\05-09-2026\observer-cupo-a64e0d.png,Se seleccionaron una fecha y una hora disponibles.
observer-***-165231-e3501273,2026-09-05 16:52:44,,available,normal,LIMA-LA VICTORIA,21/10/2026,08:00,15,,,,12.356,,,,,,,event_atomic,,,,Se seleccionaron una fecha y una hora disponibles.
observer-***-165244-320c24ff,2026-09-05 16:53:33,,available,normal,LIMA-LA VICTORIA,21/10/2026,08:00,15,,,,49.775,,,,,,,event_atomic,,screenshots\2026-09\05-09-2026\observer-cupo-93e9fe.png,screenshots\2026-09\05-09-2026\observer-cupo-93e9fe.png,Se seleccionaron una fecha y una hora disponibles.
observer-***-165334-572900fe,2026-09-05 16:53:46,,available,normal,LIMA-LA VICTORIA,21/10/2026,08:00,15,,,,12.570,,,,,,,event_atomic,,,,Se seleccionaron una fecha y una hora disponibles.
observer-***-165346-7956d2d5,2026-09-05 16:54:36,,available,normal,LIMA-LA VICTORIA,21/10/2026,08:00,15,,,,50.012,,,,,,,event_atomic,,screenshots\2026-09\05-09-2026\observer-cupo-7c3bc7.png,screenshots\2026-09\05-09-2026\observer-cupo-7c3bc7.png,Se seleccionaron una fecha y una hora disponibles.
observer-***-165436-c0521f66,2026-09-05 16:54:49,,available,normal,LIMA-LA VICTORIA,21/10/2026,08:00,15,,,,12.554,,,,,,,event_atomic,,,,Se seleccionaron una fecha y una hora disponibles.
observer-***-165449-3b197e99,2026-09-05 16:55:39,,available,normal,LIMA-LA VICTORIA,21/10/2026,08:00,15,,,,50.320,,,,,,,event_atomic,,screenshots\2026-09\05-09-2026\observer-cupo-af8550.png,screenshots\2026-09\05-09-2026\observer-cupo-af8550.png,Se seleccionaron una fecha y una hora disponibles.
observer-***-165540-fe97621d,2026-09-05 16:55:53,,available,normal,LIMA-LA VICTORIA,21/10/2026,08:00,15,,,,13.324,,,,,,,event_atomic,,,,Se seleccionaron una fecha y una hora disponibles.
observer-***-165553-dacd0ba0,2026-09-05 16:56:43,,available,normal,LIMA-LA VICTORIA,21/10/2026,08:00,15,,,,49.928,,,,,,,event_atomic,,screenshots\2026-09\05-09-2026\observer-cupo-b32368.png,screenshots\2026-09\05-09-2026\observer-cupo-b32368.png,Se seleccionaron una fecha y una hora disponibles.
observer-***-165643-aba96b03,2026-09-05 16:56:55,,available,normal,LIMA-LA VICTORIA,21/10/2026,08:00,15,,,,12.357,,,,,,,event_atomic,,,,Se seleccionaron una fecha y una hora disponibles.
observer-***-165655-1a4fbf14,2026-09-05 16:57:46,,available,normal,LIMA-LA VICTORIA,21/10/2026,08:00,15,,,,50.955,,,,,,,event_atomic,,screenshots\2026-09\05-09-2026\observer-cupo-aa3b92.png,screenshots\2026-09\05-09-2026\observer-cupo-aa3b92.png,Se seleccionaron una fecha y una hora disponibles.
observer-***-165747-d1a4eff5,2026-09-05 16:57:59,,available,normal,LIMA-LA VICTORIA,21/10/2026,08:00,15,,,,12.932,,,,,,,event_atomic,,,,Se seleccionaron una fecha y una hora disponibles.
observer-***-165800-af619201,2026-09-05 16:58:50,,available,normal,LIMA-LA VICTORIA,21/10/2026,08:00,15,,,,50.078,,,,,,,event_atomic,,screenshots\2026-09\05-09-2026\observer-cupo-7ce212.png,screenshots\2026-09\05-09-2026\observer-cupo-7ce212.png,Se seleccionaron una fecha y una hora disponibles.
observer-***-165850-35af21aa,2026-09-05 16:59:02,,available,normal,LIMA-LA VICTORIA,21/10/2026,08:00,15,,,,12.692,,,,,,,event_atomic,,,,Se seleccionaron una fecha y una hora disponibles.
observer-***-165903-53cbf3d5,2026-09-05 17:00:24,,available,normal,LIMA-LA VICTORIA,22/10/2026,09:00,15,,,,80.920,,,,,,,event_atomic,,screenshots\2026-09\05-09-2026\observer-cupo-ba7687.png,screenshots\2026-09\05-09-2026\observer-cupo-ba7687.png,Se seleccionaron una fecha y una hora disponibles.
observer-***-170024-36d1dbe8,2026-09-05 17:00:37,,available,normal,LIMA-LA VICTORIA,22/10/2026,09:00,15,,,,13.141,,,,,,,event_atomic,,,,Se seleccionaron una fecha y una hora disponibles.
observer-***-170038-f79b477d,2026-09-05 17:01:29,,available,normal,LIMA-LA VICTORIA,22/10/2026,09:00,15,,,,50.913,,,,,,,event_atomic,,screenshots\2026-09\05-09-2026\observer-cupo-bce16a.png,screenshots\2026-09\05-09-2026\observer-cupo-bce16a.png,Se seleccionaron una fecha y una hora disponibles.
observer-***-170129-a3156272,2026-09-05 17:01:42,,available,normal,LIMA-LA VICTORIA,22/10/2026,09:00,15,,,,12.865,,,,,,,event_atomic,,,,Se seleccionaron una fecha y una hora disponibles.
observer-***-170147-0e181ff0,2026-09-05 17:02:37,,available,normal,LIMA-LA VICTORIA,22/10/2026,09:00,15,,,,50.051,,,,,,,event_atomic,,screenshots\2026-09\05-09-2026\observer-cupo-303ba0.png,screenshots\2026-09\05-09-2026\observer-cupo-303ba0.png,Se seleccionaron una fecha y una hora disponibles.
observer-***-170237-a6cec235,2026-09-05 17:02:49,,available,normal,LIMA-LA VICTORIA,22/10/2026,09:00,15,,,,12.262,,,,,,,event_atomic,,,,Se seleccionaron una fecha y una hora disponibles.
observer-***-170249-bd618a0e,2026-09-05 17:03:41,,available,normal,LIMA-LA VICTORIA,22/10/2026,09:00,15,,,,52.119,,,,,,,event_atomic,,screenshots\2026-09\05-09-2026\observer-cupo-231544.png,screenshots\2026-09\05-09-2026\observer-cupo-231544.png,Se seleccionaron una fecha y una hora disponibles.
observer-***-170342-96b23969,2026-09-05 17:03:54,,available,normal,LIMA-LA VICTORIA,22/10/2026,09:00,15,,,,12.316,,,,,,,event_atomic,,,,Se seleccionaron una fecha y una hora disponibles.
observer-***-170354-482eb768,2026-09-05 17:04:45,,available,normal,LIMA-LA VICTORIA,22/10/2026,09:00,15,,,,51.007,,,,,,,event_atomic,,screenshots\2026-09\05-09-2026\observer-cupo-96abf1.png,screenshots\2026-09\05-09-2026\observer-cupo-96abf1.png,Se seleccionaron una fecha y una hora disponibles.
observer-***-170445-bc6ae36b,2026-09-05 17:04:58,,available,normal,LIMA-LA VICTORIA,22/10/2026,09:00,15,,,,13.208,,,,,,,event_atomic,,,,Se seleccionaron una fecha y una hora disponibles.
observer-***-170458-7d3bd41a,2026-09-05 17:05:49,,available,normal,LIMA-LA VICTORIA,22/10/2026,09:00,15,,,,50.342,,,,,,,event_atomic,,screenshots\2026-09\05-09-2026\observer-cupo-1271f5.png,screenshots\2026-09\05-09-2026\observer-cupo-1271f5.png,Se seleccionaron una fecha y una hora disponibles.
observer-***-170549-58a8ae7a,2026-09-05 17:06:01,,available,normal,LIMA-LA VICTORIA,22/10/2026,09:00,15,,,,12.569,,,,,,,event_atomic,,,,Se seleccionaron una fecha y una hora disponibles.
observer-***-170602-009d7852,2026-09-05 17:06:52,,available,normal,LIMA-LA VICTORIA,22/10/2026,09:00,15,,,,50.154,,,,,,,event_atomic,,screenshots\2026-09\05-09-2026\observer-cupo-65e038.png,screenshots\2026-09\05-09-2026\observer-cupo-65e038.png,Se seleccionaron una fecha y una hora disponibles.
observer-***-170652-9979505d,2026-09-05 17:07:04,,available,normal,LIMA-LA VICTORIA,22/10/2026,09:00,15,,,,12.401,,,,,,,event_atomic,,,,Se seleccionaron una fecha y una hora disponibles.
observer-***-170704-832df890,2026-09-05 17:07:54,,available,normal,LIMA-LA VICTORIA,22/10/2026,09:00,15,,,,49.916,,,,,,,event_atomic,,screenshots\2026-09\05-09-2026\observer-cupo-ce13f3.png,screenshots\2026-09\05-09-2026\observer-cupo-ce13f3.png,Se seleccionaron una fecha y una hora disponibles.
observer-***-170754-2e541149,2026-09-05 17:08:08,,available,normal,LIMA-LA VICTORIA,22/10/2026,09:00,15,,,,13.353,,,,,,,event_atomic,,,,Se seleccionaron una fecha y una hora disponibles.
observer-***-170808-f34c4725,2026-09-05 17:08:58,,available,normal,LIMA-LA VICTORIA,22/10/2026,09:00,15,,,,50.272,,,,,,,event_atomic,,screenshots\2026-09\05-09-2026\observer-cupo-fb26b2.png,screenshots\2026-09\05-09-2026\observer-cupo-fb26b2.png,Se seleccionaron una fecha y una hora disponibles.
observer-***-170858-6f0673e2,2026-09-05 17:09:11,,available,normal,LIMA-LA VICTORIA,22/10/2026,09:00,15,,,,12.392,,,,,,,event_atomic,,,,Se seleccionaron una fecha y una hora disponibles.
observer-***-170911-187febeb,2026-09-05 17:10:01,,available,normal,LIMA-LA VICTORIA,22/10/2026,09:00,15,,,,50.082,,,,,,,event_atomic,,screenshots\2026-09\05-09-2026\observer-cupo-126322.png,screenshots\2026-09\05-09-2026\observer-cupo-126322.png,Se seleccionaron una fecha y una hora disponibles.
observer-***-171001-bdf8b8f8,2026-09-05 17:10:14,,available,normal,LIMA-LA VICTORIA,22/10/2026,09:00,15,,,,12.611,,,,,,,event_atomic,,,,Se seleccionaron una fecha y una hora disponibles.
observer-***-171014-fa687e18,2026-09-05 17:11:04,,available,normal,LIMA-LA VICTORIA,22/10/2026,09:00,15,,,,50.381,,,,,,,event_atomic,,screenshots\2026-09\05-09-2026\observer-cupo-f2b558.png,screenshots\2026-09\05-09-2026\observer-cupo-f2b558.png,Se seleccionaron una fecha y una hora disponibles.
observer-***-171104-4861cebf,2026-09-05 17:11:17,,available,normal,LIMA-LA VICTORIA,22/10/2026,09:00,15,,,,12.442,,,,,,,event_atomic,,,,Se seleccionaron una fecha y una hora disponibles.
observer-***-171117-eb41c39c,2026-09-05 17:12:07,,available,normal,LIMA-LA VICTORIA,22/10/2026,09:00,15,,,,50.360,,,,,,,event_atomic,,screenshots\2026-09\05-09-2026\observer-cupo-988019.png,screenshots\2026-09\05-09-2026\observer-cupo-988019.png,Se seleccionaron una fecha y una hora disponibles.
observer-***-171207-a3083f5a,2026-09-05 17:12:20,,available,normal,LIMA-LA VICTORIA,22/10/2026,09:00,15,,,,12.289,,,,,,,event_atomic,,,,Se seleccionaron una fecha y una hora disponibles.
observer-***-171220-d2f7df1b,2026-09-05 17:13:10,,available,normal,LIMA-LA VICTORIA,22/10/2026,09:00,15,,,,50.108,,,,,,,event_atomic,,screenshots\2026-09\05-09-2026\observer-cupo-50a1aa.png,screenshots\2026-09\05-09-2026\observer-cupo-50a1aa.png,Se seleccionaron una fecha y una hora disponibles.
observer-***-171310-2d41be09,2026-09-05 17:13:22,,available,normal,LIMA-LA VICTORIA,22/10/2026,09:00,15,,,,12.462,,,,,,,event_atomic,,,,Se seleccionaron una fecha y una hora disponibles.
observer-***-171323-328e57bb,2026-09-05 17:14:12,,available,normal,LIMA-LA VICTORIA,22/10/2026,09:00,15,,,,49.620,,,,,,,event_atomic,,screenshots\2026-09\05-09-2026\observer-cupo-971fab.png,screenshots\2026-09\05-09-2026\observer-cupo-971fab.png,Se seleccionaron una fecha y una hora disponibles.
observer-***-171412-c3d5c147,2026-09-05 17:14:25,,available,normal,LIMA-LA VICTORIA,22/10/2026,09:00,15,,,,12.364,,,,,,,event_atomic,,,,Se seleccionaron una fecha y una hora disponibles.
observer-***-171425-5da75716,2026-09-05 17:15:15,,available,normal,LIMA-LA VICTORIA,22/10/2026,09:00,15,,,,50.304,,,,,,,event_atomic,,screenshots\2026-09\05-09-2026\observer-cupo-54be50.png,screenshots\2026-09\05-09-2026\observer-cupo-54be50.png,Se seleccionaron una fecha y una hora disponibles.
observer-***-171515-d0b6b488,2026-09-05 17:15:27,,available,normal,LIMA-LA VICTORIA,22/10/2026,09:00,15,,,,12.325,,,,,,,event_atomic,,,,Se seleccionaron una fecha y una hora disponibles.
observer-***-171528-564c7aa2,2026-09-05 17:16:18,,available,normal,LIMA-LA VICTORIA,22/10/2026,09:00,15,,,,50.505,,,,,,,event_atomic,,screenshots\2026-09\05-09-2026\observer-cupo-aa5931.png,screenshots\2026-09\05-09-2026\observer-cupo-aa5931.png,Se seleccionaron una fecha y una hora disponibles.
observer-***-171618-defa6314,2026-09-05 17:16:31,,available,normal,LIMA-LA VICTORIA,22/10/2026,09:00,15,,,,12.585,,,,,,,event_atomic,,,,Se seleccionaron una fecha y una hora disponibles.
observer-***-171631-445d7c56,2026-09-05 17:17:21,,available,normal,LIMA-LA VICTORIA,22/10/2026,09:00,15,,,,49.995,,,,,,,event_atomic,,screenshots\2026-09\05-09-2026\observer-cupo-a89c83.png,screenshots\2026-09\05-09-2026\observer-cupo-a89c83.png,Se seleccionaron una fecha y una hora disponibles.
observer-***-171721-b6c4b08b,2026-09-05 17:17:34,,available,normal,LIMA-LA VICTORIA,22/10/2026,09:00,15,,,,12.618,,,,,,,event_atomic,,,,Se seleccionaron una fecha y una hora disponibles.
observer-***-171734-9716cf16,2026-09-05 17:18:24,,available,normal,LIMA-LA VICTORIA,22/10/2026,09:00,15,,,,50.397,,,,,,,event_atomic,,screenshots\2026-09\05-09-2026\observer-cupo-515a76.png,screenshots\2026-09\05-09-2026\observer-cupo-515a76.png,Se seleccionaron una fecha y una hora disponibles.
observer-***-171824-072e8ab3,2026-09-05 17:18:37,,available,normal,LIMA-LA VICTORIA,23/10/2026,08:00,15,,,,12.713,,,,,,,event_atomic,,,,Se seleccionaron una fecha y una hora disponibles.
observer-***-171838-6806efba,2026-09-05 17:19:28,,available,normal,LIMA-LA VICTORIA,23/10/2026,08:00,15,,,,50.421,,,,,,,event_atomic,,screenshots\2026-09\05-09-2026\observer-cupo-69bfe4.png,screenshots\2026-09\05-09-2026\observer-cupo-69bfe4.png,Se seleccionaron una fecha y una hora disponibles.
observer-***-171928-d4c31e8c,2026-09-05 17:19:41,,available,normal,LIMA-LA VICTORIA,23/10/2026,08:00,15,,,,12.278,,,,,,,event_atomic,,,,Se seleccionaron una fecha y una hora disponibles.
observer-***-171941-1733ae46,2026-09-05 17:20:31,,available,normal,LIMA-LA VICTORIA,23/10/2026,08:00,15,,,,49.991,,,,,,,event_atomic,,screenshots\2026-09\05-09-2026\observer-cupo-5a6e41.png,screenshots\2026-09\05-09-2026\observer-cupo-5a6e41.png,Se seleccionaron una fecha y una hora disponibles.
observer-***-172031-b8194f08,2026-09-05 17:20:44,,available,normal,LIMA-LA VICTORIA,23/10/2026,08:00,15,,,,12.674,,,,,,,event_atomic,,,,Se seleccionaron una fecha y una hora disponibles.
observer-***-172044-6ebd6f22,2026-09-05 17:21:34,,available,normal,LIMA-LA VICTORIA,23/10/2026,08:00,15,,,,50.117,,,,,,,event_atomic,,screenshots\2026-09\05-09-2026\observer-cupo-9f5228.png,screenshots\2026-09\05-09-2026\observer-cupo-9f5228.png,Se seleccionaron una fecha y una hora disponibles.
observer-***-172134-e581037a,2026-09-05 17:21:47,,available,normal,LIMA-LA VICTORIA,23/10/2026,08:00,15,,,,12.475,,,,,,,event_atomic,,,,Se seleccionaron una fecha y una hora disponibles.
observer-***-172147-e4bfbaaf,2026-09-05 17:22:37,,available,normal,LIMA-LA VICTORIA,23/10/2026,08:00,15,,,,50.460,,,,,,,event_atomic,,screenshots\2026-09\05-09-2026\observer-cupo-caab62.png,screenshots\2026-09\05-09-2026\observer-cupo-caab62.png,Se seleccionaron una fecha y una hora disponibles.
observer-***-172237-2b84c50e,2026-09-05 17:22:50,,available,normal,LIMA-LA VICTORIA,23/10/2026,08:00,15,,,,12.534,,,,,,,event_atomic,,,,Se seleccionaron una fecha y una hora disponibles.
observer-***-172250-064d765f,2026-09-05 17:23:40,,available,normal,LIMA-LA VICTORIA,23/10/2026,08:00,15,,,,50.308,,,,,,,event_atomic,,screenshots\2026-09\05-09-2026\observer-cupo-958f87.png,screenshots\2026-09\05-09-2026\observer-cupo-958f87.png,Se seleccionaron una fecha y una hora disponibles.
observer-***-172340-68e5c1fb,2026-09-05 17:23:53,,available,normal,LIMA-LA VICTORIA,23/10/2026,08:00,15,,,,12.731,,,,,,,event_atomic,,,,Se seleccionaron una fecha y una hora disponibles.
observer-***-172353-0fd0ac3a,2026-09-05 17:24:43,,available,normal,LIMA-LA VICTORIA,23/10/2026,08:00,15,,,,50.076,,,,,,,event_atomic,,screenshots\2026-09\05-09-2026\observer-cupo-c7adff.png,screenshots\2026-09\05-09-2026\observer-cupo-c7adff.png,Se seleccionaron una fecha y una hora disponibles.
observer-***-172443-f741a25d,2026-09-05 17:24:56,,available,normal,LIMA-LA VICTORIA,23/10/2026,08:00,15,,,,12.485,,,,,,,event_atomic,,,,Se seleccionaron una fecha y una hora disponibles.
observer-***-172456-f4dffdf7,2026-09-05 17:25:46,,available,normal,LIMA-LA VICTORIA,23/10/2026,08:00,15,,,,50.005,,,,,,,event_atomic,,screenshots\2026-09\05-09-2026\observer-cupo-71e7f3.png,screenshots\2026-09\05-09-2026\observer-cupo-71e7f3.png,Se seleccionaron una fecha y una hora disponibles.
observer-***-172546-809504b2,2026-09-05 17:25:58,,available,normal,LIMA-LA VICTORIA,23/10/2026,08:00,15,,,,12.203,,,,,,,event_atomic,,,,Se seleccionaron una fecha y una hora disponibles.
observer-***-172558-0b1e9ddd,2026-09-05 17:26:49,,available,normal,LIMA-LA VICTORIA,23/10/2026,08:00,15,,,,50.281,,,,,,,event_atomic,,screenshots\2026-09\05-09-2026\observer-cupo-850fc5.png,screenshots\2026-09\05-09-2026\observer-cupo-850fc5.png,Se seleccionaron una fecha y una hora disponibles.
observer-***-172649-dd0db5bf,2026-09-05 17:27:01,,available,normal,LIMA-LA VICTORIA,23/10/2026,08:00,15,,,,12.385,,,,,,,event_atomic,,,,Se seleccionaron una fecha y una hora disponibles.
observer-***-172701-e79a040c,2026-09-05 17:27:51,,available,normal,LIMA-LA VICTORIA,23/10/2026,08:00,15,,,,49.942,,,,,,,event_atomic,,screenshots\2026-09\05-09-2026\observer-cupo-9f5049.png,screenshots\2026-09\05-09-2026\observer-cupo-9f5049.png,Se seleccionaron una fecha y una hora disponibles.
observer-***-172751-60a61e77,2026-09-05 17:28:04,,available,normal,LIMA-LA VICTORIA,23/10/2026,08:00,15,,,,12.645,,,,,,,event_atomic,,,,Se seleccionaron una fecha y una hora disponibles.
observer-***-172804-d6d6f1f3,2026-09-05 17:28:55,,available,normal,LIMA-LA VICTORIA,23/10/2026,08:00,15,,,,50.327,,,,,,,event_atomic,,screenshots\2026-09\05-09-2026\observer-cupo-abc521.png,screenshots\2026-09\05-09-2026\observer-cupo-abc521.png,Se seleccionaron una fecha y una hora disponibles.
observer-***-172855-f634c41c,2026-09-05 17:29:07,,available,normal,LIMA-LA VICTORIA,23/10/2026,08:00,15,,,,12.477,,,,,,,event_atomic,,,,Se seleccionaron una fecha y una hora disponibles.
observer-***-172907-de89e1f4,2026-09-05 17:29:57,,available,normal,LIMA-LA VICTORIA,23/10/2026,08:00,15,,,,49.639,,,,,,,event_atomic,,screenshots\2026-09\05-09-2026\observer-cupo-0e1434.png,screenshots\2026-09\05-09-2026\observer-cupo-0e1434.png,Se seleccionaron una fecha y una hora disponibles.
observer-***-172957-2647a422,2026-09-05 17:30:10,,available,normal,LIMA-LA VICTORIA,23/10/2026,08:00,15,,,,13.233,,,,,,,event_atomic,,,,Se seleccionaron una fecha y una hora disponibles.
observer-***-173010-8d017372,2026-09-05 17:31:00,,available,normal,LIMA-LA VICTORIA,23/10/2026,08:00,15,,,,49.856,,,,,,,event_atomic,,screenshots\2026-09\05-09-2026\observer-cupo-4026e3.png,screenshots\2026-09\05-09-2026\observer-cupo-4026e3.png,Se seleccionaron una fecha y una hora disponibles.
observer-***-173100-356b20ed,2026-09-05 17:31:13,,available,normal,LIMA-LA VICTORIA,23/10/2026,08:00,15,,,,12.431,,,,,,,event_atomic,,,,Se seleccionaron una fecha y una hora disponibles.
observer-***-173113-4483616d,2026-09-05 17:32:03,,available,normal,LIMA-LA VICTORIA,23/10/2026,08:00,15,,,,50.032,,,,,,,event_atomic,,screenshots\2026-09\05-09-2026\observer-cupo-c8e0d7.png,screenshots\2026-09\05-09-2026\observer-cupo-c8e0d7.png,Se seleccionaron una fecha y una hora disponibles.
observer-***-173203-d09d761e,2026-09-05 17:32:15,,available,normal,LIMA-LA VICTORIA,23/10/2026,08:00,15,,,,12.449,,,,,,,event_atomic,,,,Se seleccionaron una fecha y una hora disponibles.
observer-***-173216-94accbc3,2026-09-05 17:33:06,,available,normal,LIMA-LA VICTORIA,23/10/2026,08:00,15,,,,50.105,,,,,,,event_atomic,,screenshots\2026-09\05-09-2026\observer-cupo-5d6426.png,screenshots\2026-09\05-09-2026\observer-cupo-5d6426.png,Se seleccionaron una fecha y una hora disponibles.
observer-***-173306-fd0af70f,2026-09-05 17:33:18,,available,normal,LIMA-LA VICTORIA,23/10/2026,08:00,15,,,,12.514,,,,,,,event_atomic,,,,Se seleccionaron una fecha y una hora disponibles.
observer-***-173319-8d283e98,2026-09-05 17:34:09,,available,normal,LIMA-LA VICTORIA,23/10/2026,08:00,15,,,,50.042,,,,,,,event_atomic,,screenshots\2026-09\05-09-2026\observer-cupo-b7b300.png,screenshots\2026-09\05-09-2026\observer-cupo-b7b300.png,Se seleccionaron una fecha y una hora disponibles.
observer-***-173409-ea761d26,2026-09-05 17:34:21,,available,normal,LIMA-LA VICTORIA,23/10/2026,08:00,15,,,,12.425,,,,,,,event_atomic,,,,Se seleccionaron una fecha y una hora disponibles.
observer-***-173421-75ba7bc5,2026-09-05 17:35:11,,available,normal,LIMA-LA VICTORIA,23/10/2026,08:00,15,,,,50.123,,,,,,,event_atomic,,screenshots\2026-09\05-09-2026\observer-cupo-d459e8.png,screenshots\2026-09\05-09-2026\observer-cupo-d459e8.png,Se seleccionaron una fecha y una hora disponibles.
observer-***-173511-61be3e94,2026-09-05 17:35:24,,available,normal,LIMA-LA VICTORIA,23/10/2026,08:00,15,,,,12.481,,,,,,,event_atomic,,,,Se seleccionaron una fecha y una hora disponibles.
observer-***-173524-796321a6,2026-09-05 17:36:14,,available,normal,LIMA-LA VICTORIA,23/10/2026,08:00,15,,,,50.064,,,,,,,event_atomic,,screenshots\2026-09\05-09-2026\observer-cupo-2b2c9a.png,screenshots\2026-09\05-09-2026\observer-cupo-2b2c9a.png,Se seleccionaron una fecha y una hora disponibles.
observer-***-173614-84e2b915,2026-09-05 17:37:04,,available,normal,LIMA-LA VICTORIA,24/10/2026,08:00,15,,,,49.356,,,,,,,event_atomic,,,,Se seleccionaron una fecha y una hora disponibles.
observer-***-173704-9df6d311,2026-09-05 17:37:56,,available,normal,LIMA-LA VICTORIA,24/10/2026,08:00,15,,,,51.817,,,,,,,event_atomic,,screenshots\2026-09\05-09-2026\observer-cupo-c0be5c.png,screenshots\2026-09\05-09-2026\observer-cupo-c0be5c.png,Se seleccionaron una fecha y una hora disponibles.
observer-***-173756-a05013aa,2026-09-05 17:38:09,,available,normal,LIMA-LA VICTORIA,24/10/2026,08:00,15,,,,12.426,,,,,,,event_atomic,,,,Se seleccionaron una fecha y una hora disponibles.
observer-***-173810-26a223a0,2026-09-05 17:39:00,,available,normal,LIMA-LA VICTORIA,24/10/2026,08:00,15,,,,50.398,,,,,,,event_atomic,,screenshots\2026-09\05-09-2026\observer-cupo-7f0849.png,screenshots\2026-09\05-09-2026\observer-cupo-7f0849.png,Se seleccionaron una fecha y una hora disponibles.
observer-***-173900-13293c6f,2026-09-05 17:39:13,,available,normal,LIMA-LA VICTORIA,24/10/2026,08:00,15,,,,12.755,,,,,,,event_atomic,,,,Se seleccionaron una fecha y una hora disponibles.
observer-***-173913-9915bf61,2026-09-05 17:40:04,,available,normal,LIMA-LA VICTORIA,24/10/2026,08:00,15,,,,50.448,,,,,,,event_atomic,,screenshots\2026-09\05-09-2026\observer-cupo-423553.png,screenshots\2026-09\05-09-2026\observer-cupo-423553.png,Se seleccionaron una fecha y una hora disponibles.
observer-***-174004-86b73f47,2026-09-05 17:40:16,,available,normal,LIMA-LA VICTORIA,26/10/2026,08:00,15,,,,12.255,,,,,,,event_atomic,,,,Se seleccionaron una fecha y una hora disponibles.
observer-***-174017-a6575146,2026-09-05 17:41:07,,available,normal,LIMA-LA VICTORIA,26/10/2026,08:00,15,,,,50.280,,,,,,,event_atomic,,screenshots\2026-09\05-09-2026\observer-cupo-747828.png,screenshots\2026-09\05-09-2026\observer-cupo-747828.png,Se seleccionaron una fecha y una hora disponibles.
observer-***-174107-2a185252,2026-09-05 17:41:19,,available,normal,LIMA-LA VICTORIA,26/10/2026,08:00,15,,,,12.198,,,,,,,event_atomic,,,,Se seleccionaron una fecha y una hora disponibles.
observer-***-174120-94f82775,2026-09-05 17:42:09,,available,normal,LIMA-LA VICTORIA,26/10/2026,08:00,15,,,,49.650,,,,,,,event_atomic,,screenshots\2026-09\05-09-2026\observer-cupo-03ce68.png,screenshots\2026-09\05-09-2026\observer-cupo-03ce68.png,Se seleccionaron una fecha y una hora disponibles.
observer-***-174209-dca3d25c,2026-09-05 17:42:22,,available,normal,LIMA-LA VICTORIA,26/10/2026,08:00,15,,,,12.234,,,,,,,event_atomic,,,,Se seleccionaron una fecha y una hora disponibles.
observer-***-174222-fbcc3699,2026-09-05 17:43:12,,available,normal,LIMA-LA VICTORIA,26/10/2026,08:00,15,,,,49.806,,,,,,,event_atomic,,screenshots\2026-09\05-09-2026\observer-cupo-8c3b32.png,screenshots\2026-09\05-09-2026\observer-cupo-8c3b32.png,Se seleccionaron una fecha y una hora disponibles.
observer-***-174312-428792c5,2026-09-05 17:43:24,,available,normal,LIMA-LA VICTORIA,26/10/2026,08:00,15,,,,12.271,,,,,,,event_atomic,,,,Se seleccionaron una fecha y una hora disponibles.
observer-***-174324-59c6c1b8,2026-09-05 17:44:17,,available,normal,LIMA-LA VICTORIA,26/10/2026,08:00,15,,,,52.993,,,,,,,legacy_fallback,,screenshots\2026-09\05-09-2026\observer-cupo-5024dc.png,screenshots\2026-09\05-09-2026\observer-cupo-5024dc.png,Se seleccionaron una fecha y una hora disponibles.
observer-***-174417-c3c5ad44,2026-09-05 17:44:30,,available,normal,LIMA-LA VICTORIA,26/10/2026,08:00,15,,,,12.646,,,,,,,event_atomic,,,,Se seleccionaron una fecha y una hora disponibles.
observer-***-174430-ae151503,2026-09-05 17:45:20,,available,normal,LIMA-LA VICTORIA,26/10/2026,08:00,15,,,,50.171,,,,,,,event_atomic,,screenshots\2026-09\05-09-2026\observer-cupo-3ed359.png,screenshots\2026-09\05-09-2026\observer-cupo-3ed359.png,Se seleccionaron una fecha y una hora disponibles.
observer-***-174520-ada0cc88,2026-09-05 17:45:33,,available,normal,LIMA-LA VICTORIA,26/10/2026,08:00,15,,,,12.703,,,,,,,event_atomic,,,,Se seleccionaron una fecha y una hora disponibles.
observer-***-174533-e440d995,2026-09-05 17:46:23,,available,normal,LIMA-LA VICTORIA,26/10/2026,08:00,15,,,,49.524,,,,,,,event_atomic,,screenshots\2026-09\05-09-2026\observer-cupo-0b865b.png,screenshots\2026-09\05-09-2026\observer-cupo-0b865b.png,Se seleccionaron una fecha y una hora disponibles.
observer-***-174623-1e3b637c,2026-09-05 17:46:35,,available,normal,LIMA-LA VICTORIA,26/10/2026,08:00,15,,,,12.336,,,,,,,event_atomic,,,,Se seleccionaron una fecha y una hora disponibles.
observer-***-174635-a5e6a3d5,2026-09-05 17:47:25,,available,normal,LIMA-LA VICTORIA,26/10/2026,08:00,15,,,,49.917,,,,,,,event_atomic,,screenshots\2026-09\05-09-2026\observer-cupo-bd8e0b.png,screenshots\2026-09\05-09-2026\observer-cupo-bd8e0b.png,Se seleccionaron una fecha y una hora disponibles.
observer-***-174725-33c738d9,2026-09-05 17:47:38,,available,normal,LIMA-LA VICTORIA,26/10/2026,08:00,15,,,,12.284,,,,,,,event_atomic,,,,Se seleccionaron una fecha y una hora disponibles.
observer-***-174738-3b783841,2026-09-05 17:48:28,,available,normal,LIMA-LA VICTORIA,26/10/2026,08:00,15,,,,49.849,,,,,,,event_atomic,,screenshots\2026-09\05-09-2026\observer-cupo-f7da4a.png,screenshots\2026-09\05-09-2026\observer-cupo-f7da4a.png,Se seleccionaron una fecha y una hora disponibles.
observer-***-174828-0d02a449,2026-09-05 17:48:40,,available,normal,LIMA-LA VICTORIA,26/10/2026,08:00,15,,,,12.326,,,,,,,event_atomic,,,,Se seleccionaron una fecha y una hora disponibles.
observer-***-174840-8508b953,2026-09-05 17:49:30,,available,normal,LIMA-LA VICTORIA,26/10/2026,08:00,15,,,,49.951,,,,,,,event_atomic,,screenshots\2026-09\05-09-2026\observer-cupo-c82df5.png,screenshots\2026-09\05-09-2026\observer-cupo-c82df5.png,Se seleccionaron una fecha y una hora disponibles.
observer-***-174930-09a41d7f,2026-09-05 17:49:43,,available,normal,LIMA-LA VICTORIA,26/10/2026,08:00,15,,,,12.609,,,,,,,event_atomic,,,,Se seleccionaron una fecha y una hora disponibles.
observer-***-174943-e230137c,2026-09-05 17:50:33,,available,normal,LIMA-LA VICTORIA,26/10/2026,08:00,15,,,,49.820,,,,,,,event_atomic,,screenshots\2026-09\05-09-2026\observer-cupo-eefc53.png,screenshots\2026-09\05-09-2026\observer-cupo-eefc53.png,Se seleccionaron una fecha y una hora disponibles.
observer-***-175033-2ea5175d,2026-09-05 17:50:45,,available,normal,LIMA-LA VICTORIA,26/10/2026,08:00,15,,,,12.542,,,,,,,event_atomic,,,,Se seleccionaron una fecha y una hora disponibles.
observer-***-175046-***,2026-09-05 17:51:36,,available,normal,LIMA-LA VICTORIA,26/10/2026,08:00,15,,,,49.986,,,,,,,event_atomic,,screenshots\2026-09\05-09-2026\observer-cupo-84a6f4.png,screenshots\2026-09\05-09-2026\observer-cupo-84a6f4.png,Se seleccionaron una fecha y una hora disponibles.
observer-***-175136-e52785eb,2026-09-05 17:51:48,,available,normal,LIMA-LA VICTORIA,26/10/2026,08:00,15,,,,12.451,,,,,,,event_atomic,,,,Se seleccionaron una fecha y una hora disponibles.
observer-***-175148-c03d9113,2026-09-05 17:52:38,,available,normal,LIMA-LA VICTORIA,26/10/2026,08:00,15,,,,49.895,,,,,,,event_atomic,,screenshots\2026-09\05-09-2026\observer-cupo-56a526.png,screenshots\2026-09\05-09-2026\observer-cupo-56a526.png,Se seleccionaron una fecha y una hora disponibles.
observer-***-175238-16efdd59,2026-09-05 17:52:51,,available,normal,LIMA-LA VICTORIA,26/10/2026,08:00,15,,,,12.304,,,,,,,event_atomic,,,,Se seleccionaron una fecha y una hora disponibles.
observer-***-175251-ed721a55,2026-09-05 17:53:41,,available,normal,LIMA-LA VICTORIA,26/10/2026,08:00,15,,,,49.902,,,,,,,event_atomic,,screenshots\2026-09\05-09-2026\observer-cupo-5b1ac9.png,screenshots\2026-09\05-09-2026\observer-cupo-5b1ac9.png,Se seleccionaron una fecha y una hora disponibles.
observer-***-175341-7369ccf5,2026-09-05 17:53:53,,available,normal,LIMA-LA VICTORIA,26/10/2026,08:00,15,,,,12.657,,,,,,,event_atomic,,,,Se seleccionaron una fecha y una hora disponibles.
observer-***-175354-866ca82a,2026-09-05 17:54:44,,available,normal,LIMA-LA VICTORIA,26/10/2026,08:00,15,,,,50.161,,,,,,,event_atomic,,screenshots\2026-09\05-09-2026\observer-cupo-f329ff.png,screenshots\2026-09\05-09-2026\observer-cupo-f329ff.png,Se seleccionaron una fecha y una hora disponibles.
observer-***-175444-***,2026-09-05 17:54:56,,available,normal,LIMA-LA VICTORIA,26/10/2026,08:00,15,,,,12.439,,,,,,,event_atomic,,,,Se seleccionaron una fecha y una hora disponibles.
observer-***-175457-5c3f6fba,2026-09-05 17:55:47,,available,normal,LIMA-LA VICTORIA,26/10/2026,08:00,15,,,,50.122,,,,,,,event_atomic,,screenshots\2026-09\05-09-2026\observer-cupo-aba486.png,screenshots\2026-09\05-09-2026\observer-cupo-aba486.png,Se seleccionaron una fecha y una hora disponibles.
observer-***-175547-3400497c,2026-09-05 17:55:59,,available,normal,LIMA-LA VICTORIA,26/10/2026,08:00,15,,,,12.385,,,,,,,event_atomic,,,,Se seleccionaron una fecha y una hora disponibles.
observer-***-175559-7e4a79a2,2026-09-05 17:56:49,,available,normal,LIMA-LA VICTORIA,26/10/2026,08:00,15,,,,50.073,,,,,,,event_atomic,,screenshots\2026-09\05-09-2026\observer-cupo-3b49d5.png,screenshots\2026-09\05-09-2026\observer-cupo-3b49d5.png,Se seleccionaron una fecha y una hora disponibles.
observer-***-175649-e51e33de,2026-09-05 17:57:02,,available,normal,LIMA-LA VICTORIA,26/10/2026,08:00,15,,,,12.344,,,,,,,event_atomic,,,,Se seleccionaron una fecha y una hora disponibles.
observer-***-175702-f8ee7a9b,2026-09-05 17:57:52,,available,normal,LIMA-LA VICTORIA,26/10/2026,08:00,15,,,,49.913,,,,,,,event_atomic,,screenshots\2026-09\05-09-2026\observer-cupo-730981.png,screenshots\2026-09\05-09-2026\observer-cupo-730981.png,Se seleccionaron una fecha y una hora disponibles.
observer-***-175752-1e38616d,2026-09-05 17:58:05,,available,normal,LIMA-LA VICTORIA,26/10/2026,08:00,15,,,,12.715,,,,,,,event_atomic,,,,Se seleccionaron una fecha y una hora disponibles.
observer-***-175805-289710c9,2026-09-05 17:58:54,,available,normal,LIMA-LA VICTORIA,26/10/2026,08:00,15,,,,49.632,,,,,,,event_atomic,,screenshots\2026-09\05-09-2026\observer-cupo-b85308.png,screenshots\2026-09\05-09-2026\observer-cupo-b85308.png,Se seleccionaron una fecha y una hora disponibles.
observer-***-175855-1f10422c,2026-09-05 17:59:07,,available,normal,LIMA-LA VICTORIA,26/10/2026,08:00,15,,,,12.389,,,,,,,event_atomic,,,,Se seleccionaron una fecha y una hora disponibles.
observer-***-175907-d8ea7471,2026-09-05 17:59:57,,available,normal,LIMA-LA VICTORIA,26/10/2026,08:00,15,,,,50.020,,,,,,,event_atomic,,screenshots\2026-09\05-09-2026\observer-cupo-891108.png,screenshots\2026-09\05-09-2026\observer-cupo-891108.png,Se seleccionaron una fecha y una hora disponibles.
observer-***-175957-2889f2c8,2026-09-05 18:00:09,,available,normal,LIMA-LA VICTORIA,26/10/2026,08:00,15,,,,12.043,,,,,,,event_atomic,,,,Se seleccionaron una fecha y una hora disponibles.
***-095809-1368ee4d,2026-09-07 09:59:30,order-***,registered,fetch_probe,LIMA-LA VICTORIA,21/09/2026,12:00,30,confirmed,portal_success_text,,80.770,5.922,3.109,,,,,legacy_fallback,0.843,screenshots\2026-09\07-09-2026\portal-1-095809-order-***,screenshots\2026-09\07-09-2026\portal-1-095809-order-*** | screenshots\2026-09\07-09-2026\cupo-095809-order-*** | screenshots\2026-09\07-09-2026\reserva-respuesta-primer-boton-095809-order-*** | screenshots\2026-09\07-09-2026\diagnostics\portal-html-1-095809-order-*** | screenshots\2026-09\07-09-2026\diagnostics\reserva-respuesta-primer-boton-095809-order-***,La reserva fue confirmada por mensaje de exito del portal.
***-100035-75b48750,2026-09-07 10:01:02,order-***,registered,fetch_probe,LIMA-LA VICTORIA,03/10/2026,10:00,15,confirmed,portal_success_text,,26.564,3.985,0.969,,,,,event_atomic,0.890,screenshots\2026-09\07-09-2026\portal-1-100035-order-***,screenshots\2026-09\07-09-2026\portal-1-100035-order-*** | screenshots\2026-09\07-09-2026\cupo-100035-order-*** | screenshots\2026-09\07-09-2026\reserva-respuesta-primer-boton-100035-order-*** | screenshots\2026-09\07-09-2026\diagnostics\portal-html-1-100035-order-*** | screenshots\2026-09\07-09-2026\diagnostics\reserva-respuesta-primer-boton-100035-order-***,La reserva fue confirmada por mensaje de exito del portal.
***-100111-28a81192,2026-09-07 10:01:39,order-***,unavailable,fetch_probe,LIMA-LA VICTORIA,03/10/2026,10:00,15,slot_lost,,,27.747,4.922,1.063,,,,,event_atomic,0.094,screenshots\2026-09\07-09-2026\portal-1-100111-order-***,screenshots\2026-09\07-09-2026\portal-1-100111-order-*** | screenshots\2026-09\07-09-2026\cupo-100111-order-*** | screenshots\2026-09\07-09-2026\reserva-respuesta-primer-boton-100111-order-*** | screenshots\2026-09\07-09-2026\diagnostics\portal-html-1-100111-order-*** | screenshots\2026-09\07-09-2026\diagnostics\reserva-respuesta-primer-boton-100111-order-***,El cupo dejo de estar disponible antes de completar la reserva.
***-100142-5c0a9713,2026-09-07 10:01:57,order-***,registered,fetch_probe,LIMA-LA VICTORIA,06/10/2026,10:00,15,confirmed,portal_success_text,,15.052,4.125,1.000,,,,,event_atomic,0.954,screenshots\2026-09\07-09-2026\portal-1-100142-order-***,screenshots\2026-09\07-09-2026\portal-1-100142-order-*** | screenshots\2026-09\07-09-2026\cupo-100142-order-*** | screenshots\2026-09\07-09-2026\reserva-respuesta-primer-boton-100142-order-*** | screenshots\2026-09\07-09-2026\diagnostics\portal-html-1-100142-order-*** | screenshots\2026-09\07-09-2026\diagnostics\reserva-respuesta-primer-boton-100142-order-***,La reserva fue confirmada por mensaje de exito del portal.
observer-***-100207-82ad1454,2026-09-07 10:02:58,,available,normal,LIMA-LA VICTORIA,06/10/2026,10:00,15,,,,51.130,,,,,,,event_atomic,,screenshots\2026-09\07-09-2026\observer-cupo-bd7b6e.png,screenshots\2026-09\07-09-2026\observer-cupo-bd7b6e.png,Se seleccionaron una fecha y una hora disponibles.
***-113527-eb4a3dee,2026-09-07 11:35:35,order-***,partial,fetch_probe,LIMA-LA VICTORIA,06/10/2026,11:00,15,blocked_by_order_rule,,,8.517,1.890,1.375,,,,,event_atomic,,screenshots\2026-09\07-09-2026\cupo-113527-order-***,screenshots\2026-09\07-09-2026\cupo-113527-order-***,"Se encontro un horario disponible, pero no cumple la regla de reserva de la orden."
***-113536-c7516f7c,2026-09-07 11:35:50,order-***,registered,fetch_probe,LIMA-LA VICTORIA,06/10/2026,11:00,15,confirmed,portal_success_text,,14.141,3.734,0.937,,,,,event_atomic,0.891,screenshots\2026-09\07-09-2026\portal-1-113536-order-***,screenshots\2026-09\07-09-2026\portal-1-113536-order-*** | screenshots\2026-09\07-09-2026\cupo-113536-order-*** | screenshots\2026-09\07-09-2026\reserva-respuesta-primer-boton-113536-order-*** | screenshots\2026-09\07-09-2026\diagnostics\portal-html-1-113536-order-*** | screenshots\2026-09\07-09-2026\diagnostics\reserva-respuesta-primer-boton-113536-order-***,La reserva fue confirmada por mensaje de exito del portal.
***-125102-4a596dc3,2026-09-07 12:51:27,order-***,registered,fetch_probe,LIMA-LA VICTORIA,07/10/2026,10:00,15,confirmed,portal_success_text,,24.319,3.531,0.953,,,,,event_atomic,0.937,screenshots\2026-09\07-09-2026\portal-1-125102-order-***,screenshots\2026-09\07-09-2026\portal-1-125102-order-*** | screenshots\2026-09\07-09-2026\cupo-125102-order-*** | screenshots\2026-09\07-09-2026\reserva-respuesta-primer-boton-125102-order-*** | screenshots\2026-09\07-09-2026\diagnostics\portal-html-1-125102-order-*** | screenshots\2026-09\07-09-2026\diagnostics\reserva-respuesta-primer-boton-125102-order-***,La reserva fue confirmada por mensaje de exito del portal.
observer-***-125238-0fc228a4,2026-09-07 12:54:23,,available,normal,LIMA-LA VICTORIA,08/10/2026,10:00,15,,,,105.418,,,,,,,event_atomic,,screenshots\2026-09\07-09-2026\observer-cupo-c1bbd3.png,screenshots\2026-09\07-09-2026\observer-cupo-c1bbd3.png,Se seleccionaron una fecha y una hora disponibles.
observer-***-132804-8eeffdc1,2026-09-07 13:29:46,,available,normal,LIMA-LA VICTORIA,09/10/2026,09:00,15,,,,102.166,,,,,,,event_atomic,,screenshots\2026-09\07-09-2026\observer-cupo-ccaa93.png,screenshots\2026-09\07-09-2026\observer-cupo-ccaa93.png,Se seleccionaron una fecha y una hora disponibles.
observer-***-135307-351324e8,2026-09-07 13:54:20,,available,normal,LIMA-LA VICTORIA,07/10/2026,08:00,15,,,,73.761,,,,,,,event_atomic,,screenshots\2026-09\07-09-2026\observer-cupo-8319f6.png,screenshots\2026-09\07-09-2026\observer-cupo-8319f6.png,Se seleccionaron una fecha y una hora disponibles.
